transaction_id,customer_id,product_category,quantity,unit_price,transaction_amount,payment_method,transaction_ts
6b683f7a-08a6-422c-92a3-aebb3a22cf9b,CUST000398,Sports & Outdoors,1,17.46,17.46,credit_card,2026-05-02T08:35:35
55de37d2-c073-4857-98e3-ecc302a844b5,CUST000378,Groceries,2,760.11,1520.22,cash_on_delivery,2026-05-30T17:46:03
58b90781-540d-43b3-8ccc-ac6298faa27b,CUST000491,Beauty & Personal Care,4,327.8,1311.2,wallet,2026-04-28T07:55:00
f8706dee-8d75-4ece-9579-48927678c706,CUST000040,Books,1,1710.35,1710.35,credit_card,2026-07-23T06:58:02
17533dbb-bb76-4b5f-b35e-093975f3ab45,CUST000171,Beauty & Personal Care,2,1800.03,3600.06,upi,2026-04-04T11:35:49
d477b807-c34c-4975-ad32-29b2f481ee59,CUST000610,Sports & Outdoors,5,260.77,1303.85,cash_on_delivery,2026-04-28T18:53:04
8116ec81-f93a-4842-9d24-56b350e7bb22,CUST000459,Toys,5,1166.58,5832.9,wallet,2026-03-21T06:37:42
73693a20-194d-47d3-b6ed-021e1bb6a2c6,CUST000783,Electronics,5,282.88,1414.4,upi,2026-03-27T06:28:38
abf3328f-03b4-4ada-b1c3-b2bd6d2bf7ee,CUST000757,Beauty & Personal Care,2,798.81,1597.62,wallet,2026-02-28T01:28:40
5ae179de-b5c7-4294-84b1-ee35c2007ef0,CUST000258,Fashion,4,1431.9,5727.6,credit_card,2026-04-01T16:10:25
695a5dd2-781f-444a-b6f4-d3335fa0cb46,CUST000532,Home & Kitchen,3,1328.71,3986.13,wallet,2026-08-08T09:02:52
d7709e8b-d619-4d61-8552-089d9352bda8,CUST000324,Home & Kitchen,5,902.7,4513.5,upi,2026-04-03T21:40:19
e647a9e3-1644-47b6-a0fd-c2ee3e5112e7,CUST000047,Toys,2,731.13,1462.26,debit_card,2026-05-06T23:22:36
4f85bc56-e6b1-47ff-bf7f-77b7c47cecbe,CUST000473,Home & Kitchen,3,1640.9,4922.7,wallet,2026-06-10T06:57:31
9c5cf502-9fdf-4810-8df8-2ffddf9eee19,CUST000746,Sports & Outdoors,2,440.23,880.46,wallet,2026-04-09T21:42:50
e8dc205d-9905-4ea4-b988-f62a638ad156,CUST000346,Fashion,4,1661.62,6646.48,cash_on_delivery,2026-03-24T06:42:35
668d3f69-f74b-4b0c-9f6e-9073be09dfe5,CUST000411,Home & Kitchen,4,1236.52,4946.08,debit_card,2026-05-14T16:22:21
b5666d21-3a87-4870-a6d0-aa40ccc493c6,CUST000701,Toys,2,876.69,1753.38,debit_card,2026-03-17T10:08:24
a3b70d12-a3f4-4d33-9620-65a9b1cee3ad,CUST000632,Electronics,3,895.75,2687.25,wallet,2026-08-08T01:50:59
2f1fb361-6ebe-4a70-b5e7-124510e44c3b,CUST000497,Sports & Outdoors,5,462.08,2310.4,upi,2026-03-31T09:59:04
e2cfc755-e27e-4ee3-9c57-feef72bc9d05,CUST000043,Groceries,4,1039.81,4159.24,credit_card,2026-08-03T01:10:55
9d3ced46-ec9d-47bc-9679-3d6d39205a01,CUST000769,Books,1,1832.42,1832.42,upi,2026-03-05T09:35:10
04169057-e616-4db4-9746-f642c53b0771,CUST000587,Electronics,1,838.45,838.45,credit_card,2026-07-31T16:03:53
f548352b-360c-4988-bd9b-20d64aee72d4,CUST000516,Beauty & Personal Care,5,868.66,4343.3,upi,2026-05-23T18:22:30
3ee3ff05-f382-43b4-8f77-306c1ba1d306,CUST000548,Sports & Outdoors,4,1839.06,7356.24,wallet,2026-06-05T00:35:16
50f7ec57-ab90-47d3-83ec-617a631a9fba,CUST000708,Beauty & Personal Care,2,820.14,1640.28,upi,2026-04-12T19:53:27
71e0d1a5-e650-42c9-b293-3c3587f9faf0,CUST000464,Toys,4,65.38,261.52,credit_card,2026-04-11T00:35:54
b854c891-3901-417e-b14d-772713dd8a97,CUST000118,Home & Kitchen,4,1790.68,7162.72,wallet,2026-07-28T23:54:01
5407a7b1-d2f1-4259-98f5-2d32522f3297,CUST000036,Electronics,5,1511.47,7557.35,credit_card,2026-04-12T23:28:31
433c07e8-6c41-4be1-b069-11db254fc617,CUST000780,Beauty & Personal Care,5,1213.18,6065.9,debit_card,2026-07-18T08:32:26
d9b2a9ac-d854-432b-bb50-86243a92551e,CUST000306,Sports & Outdoors,5,1175.98,5879.9,credit_card,2026-06-19T22:10:46
08419406-3c86-4ae1-8e87-b5fcc94f76ad,CUST000316,Fashion,4,1603.97,6415.88,cash_on_delivery,2026-07-15T13:58:51
488f188d-0343-41ae-a7d2-ebc8ad4b614d,CUST000546,Beauty & Personal Care,2,1560.45,3120.9,cash_on_delivery,2026-05-02T19:10:18
1d48d340-51af-444a-b569-ab6e21a00393,CUST000343,Books,3,1360.15,4080.45,debit_card,2026-07-07T18:18:26
a1e7c38d-5cb3-4e33-b371-846b80e03a00,CUST000385,Sports & Outdoors,4,1393.38,5573.52,wallet,2026-03-07T19:32:18
b4490c52-3a1d-43d3-bd1b-8848cd009ae2,CUST000789,Electronics,4,1624.76,6499.04,upi,2026-02-23T16:23:46
2a4d3b6a-d230-430c-95c5-18d7b3dbadbd,CUST000634,Beauty & Personal Care,3,1631.35,4894.05,cash_on_delivery,2026-08-08T13:42:46
2fc54aa9-399f-49af-a89b-79d74d017ca6,CUST000582,Fashion,1,507.62,507.62,wallet,2026-05-02T15:17:38
4b4a68c8-f183-429a-ba00-17e77edb11b2,CUST000565,Sports & Outdoors,5,1713.97,8569.85,cash_on_delivery,2026-07-23T03:12:56
aaf53a83-aeb6-4a77-8a97-c451d20d5115,CUST000010,Beauty & Personal Care,2,233.79,467.58,upi,2026-03-12T01:38:16
dec83111-804b-4ec0-9801-5d3682a234f2,CUST000142,Home & Kitchen,4,1987.11,7948.44,debit_card,2026-05-24T04:44:16
b720740c-b1f7-48fb-a035-8ce30a0215b1,CUST000044,Sports & Outdoors,2,702.59,1405.18,upi,2026-03-30T19:48:52
9d0ab2ad-8be3-4b77-9bc1-570e253bfd76,CUST000225,,2,163.02,326.04,wallet,2026-05-27T21:22:12
2ebbe073-2419-422b-9e5b-5ae636cf41eb,CUST000725,Sports & Outdoors,1,1271.49,1271.49,cash_on_delivery,2026-05-18T23:29:56
8f29c219-a94b-4731-92c7-411d0e1501a6,CUST000790,Sports & Outdoors,4,59.46,237.84,credit_card,2026-05-26T07:38:39
4fbfe6ac-0115-4f13-b378-6ace57e44b03,CUST000147,Toys,2,1926.38,3852.76,cash_on_delivery,2026-04-13T17:16:59
4b1865b8-82e4-45c8-b126-ec2750682f7d,CUST000707,Electronics,1,1213.34,1213.34,wallet,2026-03-26T03:12:48
f3523366-1bc3-492e-a7ca-4f32404d3800,CUST000071,Fashion,3,1573.67,4721.01,upi,2026-05-28T09:47:14
fd78dcb0-7690-44ec-a340-49b8f6015aaf,CUST000330,Sports & Outdoors,5,1129.72,5648.6,credit_card,2026-04-20T21:44:10
318c6b30-4370-4ab8-9703-97ad993dde21,CUST000043,Fashion,3,1604.23,4812.69,debit_card,2026-04-20T20:47:05
7be43461-f888-427f-8779-151a8531304f,CUST000070,Sports & Outdoors,4,382.76,1531.04,cash_on_delivery,2026-06-04T01:44:20
a2e92487-470f-4a8b-a010-35d95aa99ffc,CUST000374,,3,385.03,1155.09,wallet,2026-02-16T00:02:24
b4cb2c50-05f4-4fbb-adc2-c9e64cf65354,CUST000280,Home & Kitchen,3,1310.9,3932.7,credit_card,2026-06-10T09:25:19
06d78ce5-2ae2-4067-b2c9-f2c8dd467d90,CUST000309,Beauty & Personal Care,4,990.73,3962.92,debit_card,2026-03-07T22:53:24
766849f7-6bba-4b6b-8b38-94b355e78431,CUST000751,Electronics,2,1181.44,2362.88,credit_card,2026-05-03T06:22:34
3e8f9aa4-21ab-4b17-9076-7047365ad9df,CUST000727,Books,2,336.13,672.26,debit_card,2026-02-21T21:03:22
6df53338-1288-4650-817a-a5201ae152ae,CUST000515,Home & Kitchen,2,1016.98,2033.96,wallet,2026-08-05T00:01:42
07eabca4-5293-4ac4-aec0-84af33e3552d,CUST000031,Electronics,1,1037.57,1037.57,cash_on_delivery,2026-06-21T11:40:59
ad2be346-ac8b-4669-a313-4e1f4db0b588,CUST000634,Home & Kitchen,4,1201.14,4804.56,credit_card,2026-03-30T07:59:31
aacbf834-4556-49d2-ae0d-78ae122d3496,CUST000750,Toys,3,86.08,258.24,upi,2026-07-22T09:29:48
6107ddf2-99c9-4e02-823f-baa3f9249d36,CUST000217,Electronics,4,1342.65,5370.6,cash_on_delivery,2026-05-31T16:22:34
49714c04-9984-403f-9f08-23be18bd71d5,CUST000473,,4,1664.24,6656.96,cash_on_delivery,2026-04-29T02:08:25
32878538-1672-46db-a025-4e16dff588bd,CUST000078,Sports & Outdoors,2,507.14,1014.28,cash_on_delivery,2026-08-05T21:10:52
bcde4d1d-46ef-4f9b-83c5-e4b20d34b725,CUST000399,Beauty & Personal Care,2,325.11,650.22,cash_on_delivery,2026-04-17T00:34:10
6dcaa76b-5eb8-4f3d-adee-b1dc58aa0487,CUST000219,Electronics,3,396.56,1189.68,cash_on_delivery,2026-06-05T21:42:35
e1271476-0b06-4b79-8ce8-96e85977f03e,CUST000535,Fashion,5,150.14,750.7,debit_card,2026-07-15T18:29:14
58fef6a9-981d-4d85-8532-cd885d8b3d56,CUST000308,Toys,1,1966.29,1966.29,wallet,2026-05-21T15:11:00
c1089392-83d1-4d08-9207-0acaeae24edf,CUST000586,Home & Kitchen,4,385.61,1542.44,upi,2026-03-13T04:19:48
7a5f7a21-29fd-4f87-8ccf-93d6ada6ab12,CUST000723,Toys,5,1120.25,5601.25,cash_on_delivery,2026-07-14T15:49:45
b3b6740a-e31f-4121-972a-4623067e056b,CUST000367,,1,39.99,39.99,cash_on_delivery,2026-04-09T23:44:35
85d22eb7-d006-4cae-874a-93f0857f3aa4,CUST000690,Toys,1,28.94,28.94,upi,2026-03-31T14:10:26
f861edab-9b27-4638-8fdf-2f477be5d87f,CUST000692,Toys,5,1229.58,6147.9,credit_card,2026-04-29T07:08:01
4574dc9a-0af3-4381-b1dd-5ed4da06b6a2,CUST000525,Electronics,1,1545.21,1545.21,upi,2026-03-13T13:48:59
0ad2f6a8-9f6b-4fe1-a7d1-ab85bb2a4c7d,CUST000084,Groceries,1,1449.94,1449.94,cash_on_delivery,2026-05-20T21:49:22
54f340d5-6b53-4d92-8382-57fa90507797,CUST000253,Home & Kitchen,2,671.46,1342.92,wallet,2026-05-12T01:19:50
a68e1f54-03ac-4b02-8cca-0f1e2f9b9cc2,CUST000269,Groceries,5,1674.97,8374.85,credit_card,2026-03-09T16:22:34
f0c6c936-2e5e-4d41-9021-2c1507f3c7cb,CUST000147,Sports & Outdoors,3,1723.66,5170.98,upi,2026-05-31T22:31:22
f7b5f407-593b-4afe-9593-f9d1bc489b3f,CUST000664,Electronics,2,77.55,155.1,cash_on_delivery,2026-03-24T00:25:36
7a459fc7-37b3-4296-8683-69628a1e98ac,CUST000385,Fashion,2,909.96,1819.92,debit_card,2026-04-29T23:25:33
4291baa6-8285-40dd-b9cb-c54766dcda9b,CUST000797,Fashion,2,728.01,1456.02,upi,2026-07-27T07:16:14
416be653-86f5-4ab1-89ac-7ae366b47561,CUST000207,Home & Kitchen,4,1207.22,4828.88,upi,2026-06-06T07:43:09
a6d0bb89-81cb-4cc5-8bd9-059555ae1821,CUST000194,Home & Kitchen,5,256.96,1284.8,debit_card,2026-08-07T10:43:51
181d127b-58b7-4659-8a2e-44694bb94acd,CUST000008,Groceries,2,648.16,1296.32,upi,2026-03-09T17:47:00
42284ff3-572e-46dc-9a70-3da2134aae1c,CUST000397,Electronics,3,1085.85,3257.55,upi,2026-05-21T07:26:00
dffa1e61-5a54-4546-9a1e-eb33158da4e9,CUST000459,Fashion,1,1966.99,1966.99,debit_card,2026-05-13T01:29:12
b7a48583-325c-48fe-9157-8f0cb3889038,CUST000061,Electronics,5,1021.47,5107.35,upi,2026-06-30T22:17:10
497d35a9-7dd8-4e7c-bed1-b711f0900781,CUST000665,Electronics,4,1234.44,4937.76,credit_card,2026-02-22T08:59:11
23f141b5-6888-4644-ac04-c9551ba91110,CUST000591,Sports & Outdoors,2,383.72,767.44,cash_on_delivery,2026-07-04T20:26:28
c4ae4f23-f825-4ee9-8194-4d365cbbd843,CUST000261,Toys,5,1114.23,5571.15,cash_on_delivery,2026-06-27T06:13:06
a8e5e842-9164-4af9-89ce-8f61cea79223,CUST000268,Fashion,5,104.32,521.6,cash_on_delivery,2026-05-24T00:10:34
e54edd22-91b4-4ac9-a6d9-951d35ff0f6d,CUST000209,Groceries,4,1017.31,4069.24,cash_on_delivery,2026-03-25T06:46:08
ff2802f9-d104-43fc-8efc-b9aaa520789a,CUST000559,Books,5,1234.85,6174.25,wallet,2026-06-03T05:12:33
a236d3fb-5b06-4e84-b51d-e8aca23f2281,CUST000519,Electronics,4,783.96,3135.84,credit_card,2026-04-20T06:03:55
0c249fdc-b826-4d75-95f4-1e5a868858b0,CUST000571,Electronics,4,1387.85,5551.4,debit_card,2026-02-15T11:17:04
4ea38c53-a6e7-4189-8632-d78f75c73ed9,CUST000351,Beauty & Personal Care,1,740.82,740.82,wallet,2026-04-03T19:33:32
994857ba-5523-4fca-b236-bd28e3463054,CUST000040,Beauty & Personal Care,3,723.63,2170.89,cash_on_delivery,2026-06-29T02:38:38
12994c67-53a3-470c-90c0-cb157af72d5f,CUST000694,Home & Kitchen,5,690.76,3453.8,wallet,2026-07-07T23:50:50
bca3e435-1518-47c4-8e1e-965a2a1b928e,CUST000060,Electronics,4,320.03,1280.12,credit_card,2026-05-09T03:57:08
e229d8ed-33e1-4c15-9db1-c9371c789edd,CUST000558,Electronics,4,1051.74,4206.96,debit_card,2026-08-01T00:58:54
4aaa7b8c-78c1-4885-a46a-0976a36294a1,CUST000747,Fashion,3,699.92,2099.76,cash_on_delivery,2026-03-17T08:50:09
3fbc3c38-befe-4798-9971-2fa6726e0314,CUST000106,Toys,5,1123.54,5617.7,cash_on_delivery,2026-06-30T13:57:57
98b8dcce-3327-4ee3-907f-2bd448f26061,CUST000671,Beauty & Personal Care,5,1424.65,7123.25,credit_card,2026-07-12T06:20:34
c25f753f-46ba-4fc2-bd2a-0568118e082f,CUST000586,Home & Kitchen,1,1617.61,1617.61,debit_card,2026-06-03T07:09:39
ecd67df7-58a9-43c3-95ac-035f2d36ab2a,CUST000618,Books,3,676.42,2029.26,upi,2026-03-08T19:03:09
1eab1fd0-cfbe-4006-ad0c-e79d342f0faf,CUST000048,Beauty & Personal Care,5,1837.19,9185.95,cash_on_delivery,2026-06-14T23:57:11
5f7de0a3-f628-4b30-98e7-63b36d1370f1,CUST000622,Books,1,1365.47,1365.47,wallet,2026-06-04T17:39:04
c99cfd10-6eec-4ccf-8c66-5c7b05aee3f9,CUST000477,Electronics,4,1931.94,7727.76,wallet,2026-05-05T15:47:07
6ea37f32-e650-4e16-badb-065a9fd98d7e,CUST000053,Sports & Outdoors,1,1006.59,1006.59,credit_card,2026-03-17T12:46:44
5812fa6b-e9be-4e3a-a711-4b9e2cdd0bc0,CUST000078,Sports & Outdoors,1,241.11,241.11,credit_card,2026-03-24T02:22:15
4fd9be83-02c4-49ca-b34f-ca1496331939,CUST000017,Home & Kitchen,4,461.58,1846.32,credit_card,2026-06-04T18:18:40
7fc02a25-42a7-4a64-8d08-2420fbbef549,CUST000198,Toys,1,1774.75,1774.75,upi,2026-07-29T13:59:50
b2ef5a37-e201-4a21-9353-17272f09dc83,CUST000249,Toys,2,1603.44,3206.88,cash_on_delivery,2026-07-28T02:57:34
85246728-fb10-4ce6-9660-849ef6033dff,CUST000764,Beauty & Personal Care,4,1689.02,6756.08,upi,2026-04-25T19:05:26
02ec787a-4abe-4404-a4a3-ef7ccdf74946,CUST000308,Home & Kitchen,4,100.26,401.04,wallet,2026-08-07T19:24:58
17e8f5bd-57d6-4271-9986-aeb88d1c488e,CUST000380,Books,4,1647.39,6589.56,debit_card,2026-02-21T09:07:18
9615c385-7da4-4837-8b3d-98b5a49dc0ba,CUST000278,Beauty & Personal Care,4,1485.11,5940.44,cash_on_delivery,2026-02-20T08:04:01
010f32e8-a610-4816-a47d-96c02b33dbb4,,Books,5,579.25,2896.25,debit_card,2026-02-19T06:09:34
89430c50-cac9-4ea3-9c61-cd00e123a04a,CUST000012,Home & Kitchen,3,617.26,1851.78,upi,2026-02-27T22:06:35
bca7273e-ee12-4e34-897b-458ab8b91449,CUST000395,Books,3,1907.93,5723.79,debit_card,2026-03-03T21:30:01
3ca47433-c48e-4177-bfd7-e89da488b7f0,CUST000152,Beauty & Personal Care,5,473.58,2367.9,cash_on_delivery,2026-07-23T03:44:22
45eafb87-d7a4-4e41-9796-a86f6ac710cd,CUST000058,Books,2,1322.76,2645.52,credit_card,2026-05-08T05:23:28
ecdad359-ca74-4eb1-8f4e-06750d9989ee,CUST000564,Groceries,1,1278.59,-1278.59,debit_card,2026-07-24T00:42:22
d23c97f1-7dff-4fa7-958e-e1d66abcf2e5,CUST000741,Fashion,5,475.9,2379.5,wallet,2026-02-14T15:31:47
b4946a3e-ae26-49b0-834d-4ab67c77c385,CUST000586,Toys,1,1919.74,1919.74,cash_on_delivery,2026-02-22T19:27:31
3f12567d-9a10-4f13-b5fe-71d1efee5b79,CUST000085,Fashion,5,1791.72,8958.6,wallet,2026-05-17T17:23:57
485ca2d6-0de5-461d-b4a6-6661395b0a5c,CUST000310,Toys,3,1492.49,4477.47,debit_card,2026-05-08T09:38:37
c584f527-dca2-43a2-a9c1-40fe22171f77,CUST000606,Sports & Outdoors,2,1681.81,3363.62,credit_card,2026-05-22T00:39:25
13a73aa0-7935-42de-b4e0-d431017f5a59,CUST000069,Electronics,1,404.25,404.25,debit_card,2026-07-30T18:43:42
5bf98cc4-e80d-4279-ae9e-c099c3188bae,CUST000335,Toys,1,1291.75,1291.75,credit_card,2026-03-31T15:10:50
5dda6320-c888-4374-bf50-3ae982d48178,CUST000607,Sports & Outdoors,1,1362.57,1362.57,cash_on_delivery,2026-07-24T05:40:27
812cdd63-9e98-439d-9a42-faec0319fcd3,CUST000563,Beauty & Personal Care,5,1783.72,8918.6,upi,2026-03-30T03:04:40
61134a35-82ca-4e1c-944a-515a1f4382a7,CUST000342,Groceries,3,657.48,1972.44,cash_on_delivery,2026-02-24T06:05:48
454d4ec7-617e-40c4-b8f4-7b6786dc815c,CUST000129,Electronics,1,1702.49,1702.49,wallet,2026-07-16T17:38:59
0742ec20-bfa8-4412-8d96-3b31aabba049,CUST000214,Sports & Outdoors,5,1505.21,7526.05,credit_card,2026-05-14T16:07:19
4312fa21-7cc8-478a-97cf-21b700179738,CUST000605,Fashion,4,1253.86,5015.44,wallet,2026-04-20T17:48:50
a983da5f-7cb9-44b6-b3f0-ae1682a6df80,CUST000468,Fashion,5,1035.1,5175.5,upi,2026-08-03T03:09:07
f4ff245d-f9f0-429f-8513-8ba33428678d,CUST000626,Groceries,1,872.7,872.7,cash_on_delivery,2026-02-17T20:04:54
00cc3fd6-064a-4dbc-87cf-3f9529902cca,CUST000249,Sports & Outdoors,3,489.93,1469.79,debit_card,2026-04-27T06:33:07
f1bbe650-8496-46ff-aa37-6f817f778ace,CUST000009,Books,5,1596.94,7984.7,debit_card,2026-06-07T22:54:40
4ff867ac-c8d8-48ca-8e7e-834abb64d818,CUST000615,Books,1,1376.01,1376.01,upi,2026-05-05T14:05:32
a0a0f22e-df74-4c69-b0fa-bfb5cb1838fe,CUST000711,Fashion,2,1802.16,3604.32,wallet,2026-02-23T01:32:05
f04ea17d-2095-43f4-b86d-bb63988406b5,CUST000273,Beauty & Personal Care,4,160.15,640.6,debit_card,2026-03-26T06:08:57
a62a2ba4-f4b5-436e-8c6e-223e566827aa,CUST000657,Books,4,373.84,1495.36,upi,2026-03-20T06:05:04
17e8f5bd-57d6-4271-9986-aeb88d1c488e,CUST000380,Books,4,1647.39,6589.56,debit_card,2026-02-21T09:07:18
4c30a362-d2a2-4a29-9d8a-ac272f305c85,CUST000453,Beauty & Personal Care,4,331.76,1327.04,cash_on_delivery,2026-04-06T06:52:05
486982a1-76bf-4a4d-9e90-b79cd675921a,CUST000660,Books,4,546.14,2184.56,upi,2026-04-17T19:18:01
9b9b6c25-5776-441b-9df3-33601081beec,CUST000513,Books,1,1583.73,1583.73,debit_card,2026-03-17T11:07:29
c89e0bd1-3471-4a92-a7e2-9696d7c253fa,CUST000141,Sports & Outdoors,3,370.06,1110.18,upi,2026-06-06T20:50:01
4e685feb-3766-4dff-90f8-98b78acb634f,CUST000393,Toys,4,28.12,112.48,cash_on_delivery,2026-07-10T22:39:03
466495be-efaf-4ba5-bfe4-66add1dc98d4,CUST000541,Fashion,2,1457.08,2914.16,credit_card,2026-03-17T02:04:20
b83b2330-7482-46cb-a58e-c8cb6eedcc9e,CUST000123,Toys,1,634.72,634.72,credit_card,2026-07-07T05:51:55
2353d060-957d-4cf0-881a-ecbd9450e877,CUST000743,Toys,3,1569.27,4707.81,debit_card,2026-04-24T13:49:24
28424dc6-481d-479f-b14c-37b34a4c38bf,CUST000593,Books,2,895.1,1790.2,credit_card,2026-08-08T19:05:47
3ddcedc8-166f-4267-8700-93bdb93e4320,CUST000042,Electronics,5,1626.22,8131.1,upi,2026-08-02T15:31:37
70c11277-452b-4af0-bcdc-e991e1cfefed,CUST000240,Electronics,1,30.44,30.44,credit_card,2026-07-30T16:57:19
decf5e9e-e88d-4ff1-b2e5-e96787e37508,CUST000208,Home & Kitchen,4,191.06,764.24,credit_card,2026-03-27T21:49:59
6eaf4dc1-9bdb-4a05-929f-857712cf1bcb,CUST000275,Sports & Outdoors,3,564.71,1694.13,cash_on_delivery,2026-06-28T08:49:19
b5d14a26-d584-4462-a327-ea3bcab30fed,CUST000534,Beauty & Personal Care,3,56.75,170.25,wallet,2026-06-10T05:13:15
b935fc31-9c7d-4973-83aa-2e58662fa435,CUST000096,Fashion,4,1454.94,5819.76,cash_on_delivery,2026-02-27T15:23:15
bb7748bd-0a0d-4b9c-8eaa-3fd1c1604485,CUST000255,,5,253.77,1268.85,upi,2026-05-16T13:47:31
c044256b-6f05-4c65-93c1-3811feee1902,CUST000470,Beauty & Personal Care,2,1297.35,2594.7,wallet,2026-05-12T03:43:57
cba88c16-bcb5-4eea-ba8e-c6a1d438e8a8,CUST000033,Fashion,1,765.27,765.27,credit_card,2026-04-26T18:36:50
d3455c77-fa9f-492b-a9a7-8b455a8784a2,CUST000583,Toys,2,290.73,581.46,credit_card,2026-08-05T12:06:03
d6125f01-11e1-48e9-9ee7-cd2cc139d664,CUST000576,Toys,3,1781.66,5344.98,wallet,2026-03-26T21:24:03
a6f90c27-d6a6-4b0e-b345-3b8b313984da,CUST000015,Groceries,1,1874.63,1874.63,cash_on_delivery,2026-07-28T08:59:56
569ec27f-36c8-4428-b575-40791f9060ca,CUST000271,Beauty & Personal Care,1,1783.57,1783.57,debit_card,2026-07-04T19:01:42
68611e26-afd9-4a2b-879d-c7fb6828c660,CUST000761,Electronics,1,1041.08,1041.08,credit_card,2026-05-29T22:12:28
9be4d005-00ba-479a-9469-bf219cec011b,CUST000462,Groceries,3,909.12,2727.36,wallet,2026-02-27T00:32:53
0dc48b84-c01b-4dd3-907d-837a15c2a47a,CUST000610,Books,1,1076.62,1076.62,upi,2026-07-23T10:31:21
214e2033-942f-4ce6-b87f-f78fb56822e8,CUST000203,Toys,5,557.98,2789.9,debit_card,2026-07-24T21:55:28
4b2a3cac-9278-40ed-b2e4-b4a128bdc533,CUST000335,Groceries,3,111.25,333.75,debit_card,2026-08-03T18:49:45
a9465308-4212-4d19-bc87-19b95c62ca32,CUST000497,Toys,3,754.38,2263.14,credit_card,2026-06-16T12:28:08
2aaf2d62-91da-4051-a201-f7b83d340fa7,CUST000380,Fashion,3,108.32,324.96,debit_card,2026-06-06T07:53:16
a1db9ebe-3174-45e2-97ef-b9f43c8eb666,CUST000780,Fashion,2,1932.17,3864.34,upi,2026-07-28T02:27:48
34f49179-a2e0-476a-bd4e-a2452fa9e2c4,CUST000742,Books,5,1833.76,9168.8,debit_card,2026-04-28T21:54:30
7aa7788a-bab0-4fa5-8f24-492378ff7f0f,CUST000499,Books,5,1516.05,7580.25,wallet,2026-02-24T02:00:00
d22ea8cf-6d27-4343-b271-7da4c9bf8d50,CUST000227,Home & Kitchen,5,793.65,3968.25,cash_on_delivery,2026-03-31T00:45:53
f5e210c1-639c-4577-ae90-5355d7a026f2,CUST000702,Sports & Outdoors,1,1862.04,-1862.04,credit_card,2026-04-20T10:19:14
399a4064-7422-4536-9cf0-e15f4edb80ad,CUST000467,Sports & Outdoors,1,1865.97,1865.97,cash_on_delivery,2026-04-19T16:22:41
c589f06c-74be-4e6a-971f-859fec5ca079,CUST000292,Sports & Outdoors,3,1756.4,5269.2,cash_on_delivery,2026-05-24T05:05:25
57f7b489-3d1b-4afc-a615-5b48c52cb390,CUST000575,Books,3,804.69,2414.07,debit_card,2026-08-09T01:09:37
c9cee985-2fae-43f3-98c3-45b39fe8a36e,CUST000172,Books,3,418.23,1254.69,upi,2026-06-04T20:16:14
1e455d72-bdb5-43b9-ab77-099eddee7fac,CUST000429,Home & Kitchen,4,229.26,917.04,cash_on_delivery,2026-04-26T12:35:05
84e13e34-6ccc-4f8f-8212-257cd392b83f,CUST000223,Toys,1,525.39,525.39,wallet,2026-06-18T15:55:15
5fd7e556-f240-413b-bca7-64ee75e8ba33,CUST000015,Electronics,4,1144.78,4579.12,credit_card,2026-05-29T04:02:04
4bdf6bb8-ed36-4a1a-a3f4-b4390960ba5a,CUST000491,Books,N/A,1350.12,6750.6,upi,2026-03-09T16:32:09
979f6a7f-c6f5-43de-9681-7ee0d330fdc5,CUST000790,Toys,4,468.2,1872.8,upi,2026-04-03T23:43:41
7fe5f47a-4598-4383-b128-4cabb47639dc,CUST000028,Books,1,807.12,807.12,cash_on_delivery,2026-05-27T23:55:54
50750ddc-2e23-48a5-bd6c-589fa1431a4e,CUST000296,Sports & Outdoors,1,1301.5,1301.5,wallet,2026-06-14T21:27:34
a6e83f6a-7eaf-45e0-971b-af2aa58ad5eb,CUST000773,,5,764.97,3824.85,upi,2026-04-14T10:03:38
b6175863-5f38-48b1-9ac9-45524c08ed53,CUST000189,Home & Kitchen,5,1495.32,7476.6,upi,2026-04-07T19:43:47
854e185f-df9a-4d52-b659-97ead555441f,CUST000694,Fashion,2,1483.4,2966.8,credit_card,2026-04-13T23:23:51
e7f5a981-0fb0-4a05-be46-13498a8737ac,CUST000102,Toys,4,1558.92,6235.68,credit_card,2026-07-16T09:38:40
c940f030-3b21-40f2-868a-48da0d1a2bac,CUST000452,Groceries,4,1827.3,7309.2,cash_on_delivery,2026-06-06T22:38:43
2ad170d0-f159-4877-98cc-b12eff84299c,CUST000196,Books,5,376.19,1880.95,wallet,2026-07-04T04:48:03
fd3a3ada-d987-4946-b6da-0fac0ee03f08,CUST000756,Fashion,1,948.61,948.61,debit_card,2026-07-29T02:11:15
bc6234a2-788f-4d2f-8a64-b6ac9ca69fa2,CUST000627,Beauty & Personal Care,4,1036.36,4145.44,debit_card,2026-05-15T23:43:05
65c3ea09-d3b0-42ec-b144-2a565f9c4c5a,CUST000288,Toys,4,1197.05,4788.2,upi,2026-07-05T20:24:29
5910b7b7-08b4-4ad5-9913-3ff12f86d508,CUST000314,Home & Kitchen,5,1881.9,9409.5,debit_card,2026-06-14T08:29:59
433066b2-7c1e-41b3-b3cf-66b38227248d,CUST000608,Groceries,2,918.43,1836.86,upi,2026-07-11T16:45:39
879502f0-55ed-4e42-b097-885a5dbcb530,CUST000454,Beauty & Personal Care,4,1506.02,6024.08,debit_card,2026-05-30T00:09:03
c116b2b0-fd20-4cfd-ae78-5fda72df3ab5,CUST000106,Electronics,5,742.22,3711.1,debit_card,2026-06-04T00:43:44
92e0f6fa-8594-4fef-b73d-9278bf96985c,CUST000142,Home & Kitchen,3,291.56,874.68,cash_on_delivery,2026-07-21T05:30:17
1a5d3a86-5f59-435c-98f3-f0afe4d1579e,CUST000403,Groceries,3,88.57,265.71,credit_card,2026-04-04T03:48:31
e49e5803-a980-47e1-b02b-d8be7912f805,CUST000055,Sports & Outdoors,5,1055.49,5277.45,credit_card,2026-07-29T12:36:48
eadf2e49-eae3-4b15-849b-2fa806c677ca,CUST000491,Groceries,5,1517.97,7589.85,debit_card,2026-04-24T18:42:24
aa4f219f-6ed0-45d5-b26d-a41dabf77e45,CUST000346,Toys,1,1832.75,1832.75,debit_card,2026-05-01T17:43:09
439efd8b-b9a6-4f93-8440-d0d6bc063882,CUST000696,Home & Kitchen,5,1053.39,5266.95,upi,2026-04-10T11:59:28
6ba4af76-5f00-471a-990e-e11722b15ea1,CUST000241,Home & Kitchen,5,1641.99,8209.95,upi,2026-07-10T15:36:19
ad04679e-9cd4-441a-9a1d-cb7a895777f8,CUST000361,Beauty & Personal Care,2,914.57,1829.14,wallet,2026-07-02T05:42:30
13713543-15e4-48a5-a496-99d739b46450,CUST000591,Toys,5,921.09,4605.45,cash_on_delivery,2026-05-30T16:21:37
2d1f31f8-efa7-44f1-81bf-919e024d8f65,CUST000631,Fashion,2,690.14,1380.28,wallet,2026-07-01T18:53:24
c836630b-1c44-4c39-98b2-cde08f27851a,CUST000736,Sports & Outdoors,3,1932.89,5798.67,debit_card,2026-07-20T09:29:38
e9d09d8d-fa1b-49a8-822e-bf8df8cac254,CUST000416,Electronics,4,289.86,1159.44,wallet,2026-08-06T20:46:50
e1de9430-5670-4b36-b158-5d3fd6eaef34,CUST000003,Groceries,1,1158.73,1158.73,cash_on_delivery,2026-04-15T16:26:10
a7445577-af70-46fe-b141-18b6e26f8bfc,CUST000006,Toys,2,517.39,1034.78,cash_on_delivery,2026-06-19T12:16:44
0d3b8e4e-1bea-402b-8e58-7d7eb911f401,CUST000151,Groceries,1,1135.31,1135.31,debit_card,2026-02-14T20:43:34
ffb1e983-95c6-4dab-a01a-08b3a8453837,CUST000296,Fashion,4,1600.15,6400.6,upi,2026-05-31T01:31:53
52dd91c7-e604-473f-8a6d-55cad204470f,CUST000652,Groceries,4,395.46,1581.84,cash_on_delivery,2026-07-23T19:46:56
51b52e84-e803-4d13-bf3f-653034c372ba,CUST000342,Beauty & Personal Care,3,822.14,2466.42,credit_card,2026-02-23T15:32:06
8a6f58eb-2799-4466-a155-5318bf937f13,CUST000575,Sports & Outdoors,3,526.9,1580.7,cash_on_delivery,2026-07-20T21:13:39
fd79344b-cda3-41e9-94bd-60cf61cb55ef,CUST000230,Fashion,3,1256.29,3768.87,cash_on_delivery,2026-05-22T02:12:29
2d4f76d2-03ab-425a-81d2-41a48bae9f86,CUST000441,Fashion,4,57.48,229.92,credit_card,2026-03-03T04:27:51
25d17afc-0d90-40cf-846e-8d246efa4802,CUST000432,Books,3,1637.91,4913.73,debit_card,2026-06-11T11:44:09
17035aa2-83a2-409e-8647-63a0339b6731,CUST000547,Home & Kitchen,4,1855.73,7422.92,cash_on_delivery,2026-03-30T16:42:56
c074acde-eec6-4702-a903-647dd1b44f59,CUST000046,Fashion,2,1695.59,3391.18,wallet,2026-07-24T11:12:38
b095b53b-5d38-4690-a5e0-48c761f7d8ab,CUST000046,Electronics,2,1704.8,3409.6,debit_card,2026-05-19T05:08:20
b2071d97-5e16-40e7-885e-7d80671e3797,CUST000331,Electronics,1,1767.1,1767.1,debit_card,2026-07-17T11:18:23
20f8e9f7-af44-4329-9285-0eaafb18645e,CUST000509,Fashion,1,323.72,323.72,credit_card,2026-07-28T18:34:14
e6993810-12ad-4959-b9c4-795cb223b5fa,CUST000138,Beauty & Personal Care,1,174.2,174.2,cash_on_delivery,2026-07-22T03:16:44
541ac982-df1c-4eb9-892a-695cc8d075b8,CUST000215,Fashion,3,1832.2,5496.6,cash_on_delivery,2026-05-13T13:06:57
5cc91b04-509e-4a3e-9aa7-2800bc6c6c49,CUST000120,Sports & Outdoors,1,935.17,935.17,wallet,2026-02-18T02:36:48
8780f5dd-59c9-437a-a793-e64c40723eb0,CUST000050,Beauty & Personal Care,5,626.42,3132.1,wallet,2026-04-08T14:12:25
afbc14ea-3aea-46f9-8330-c179aab642c1,CUST000427,Books,1,923.71,923.71,cash_on_delivery,2026-04-05T10:47:54
d6a7807c-272c-469a-a593-f68591e369e7,CUST000673,Beauty & Personal Care,4,1345.26,5381.04,debit_card,2026-04-04T15:25:45
3576823f-1205-492e-bf35-e1a1642a87bc,CUST000012,Electronics,3,657.09,1971.27,credit_card,2026-04-08T03:39:57
2ddfc833-a529-4990-8c49-7bb0ca58edd2,CUST000326,Fashion,2,108.76,217.52,upi,2026-02-20T08:52:43
201b84b5-5284-4695-b28d-7ff5e7d799fc,CUST000023,Toys,5,1446.96,7234.8,wallet,2026-06-11T00:28:41
c1aa522b-6fe9-487b-b5dd-57caac99b5af,CUST000130,Books,1,141.94,141.94,debit_card,2026-04-16T04:00:00
6ae84373-9149-465e-9101-47d2f8e289fe,CUST000244,Groceries,2,1833.39,3666.78,upi,2026-07-21T10:30:59
64c8f89c-6a51-484c-8ad5-0d1d7441618d,CUST000635,Home & Kitchen,1,682.53,682.53,cash_on_delivery,2026-03-31T03:15:30
5cac414f-b022-49a0-8cc3-8c8527ca119f,CUST000344,Toys,3,1418.94,4256.82,cash_on_delivery,2026-07-11T19:35:29
eb5cb3a3-803e-4f1c-84eb-10ba1b7af9cb,CUST000721,Fashion,1,1546.97,1546.97,upi,2026-02-25T03:26:31
a1d3cec7-1639-461e-a722-3aa6a1188957,CUST000224,Beauty & Personal Care,1,768.72,768.72,credit_card,2026-02-28T06:03:31
dff92411-565b-455b-a3f9-10fe606615f4,CUST000410,,2,332.23,664.46,upi,2026-04-29T13:37:44
6fc2d874-6422-4758-b09c-6b6e5b90e1ba,CUST000054,Books,5,977.33,4886.65,wallet,2026-05-31T03:41:28
7c4fcda8-ab73-4a5d-9c57-a55856e52edb,CUST000713,Home & Kitchen,1,570.54,570.54,credit_card,2026-03-29T19:07:44
aa853697-ebcc-46bd-bb47-289a17b62b22,CUST000587,Sports & Outdoors,3,844.93,2534.79,upi,2026-08-09T09:05:59
b9ef9d8c-2322-4597-8374-a0043a2939c3,CUST000328,Home & Kitchen,3,659.87,1979.61,upi,2026-02-21T10:00:43
a7c3c88b-6615-481f-a680-02804bec3548,CUST000464,Fashion,5,1762.39,8811.95,debit_card,2026-07-01T00:13:51
9fa112ab-3399-447e-bde8-9c8c290e6605,CUST000272,Books,4,147.41,589.64,debit_card,2026-06-07T23:41:44
69bed520-8c4f-4cd8-8ba7-c701f77420fb,CUST000047,Books,4,1377.16,5508.64,debit_card,2026-06-28T01:25:10
f767b633-ae7d-4ce9-beda-1ce263fdc589,CUST000353,Electronics,3,1856.12,5568.36,upi,2026-06-25T12:07:18
87f8624d-5f2c-4a8d-82b7-f81b38ece9c6,CUST000346,Groceries,4,1454.63,5818.52,cash_on_delivery,2026-03-18T04:00:39
c7b142a2-14f6-42c5-8bd6-8dc623e31856,CUST000353,Toys,2,960.86,1921.72,cash_on_delivery,2026-07-29T16:40:44
bea2cae2-d5e9-4b41-bf1d-98cfb3b7448c,CUST000441,Books,5,677.94,3389.7,credit_card,2026-03-04T12:12:10
255036cd-925f-4fab-bce2-c5ba8546f4b9,CUST000571,Toys,N/A,1915.44,1915.44,credit_card,2026-08-07T16:04:25
2d3fb6ae-417d-4e35-80ee-b82ca4434934,CUST000404,Toys,1,1279.57,1279.57,debit_card,2026-06-07T22:36:36
50c7a774-b998-4946-8541-82e072090b5e,CUST000635,Home & Kitchen,2,947.08,1894.16,wallet,2026-07-17T23:44:08
144824cf-f1cc-4078-b940-ad16ca290196,CUST000420,Sports & Outdoors,2,552.27,1104.54,debit_card,2026-03-02T13:52:32
d447cf82-c3fd-4c5a-bd84-6bbe8a53bdc0,CUST000755,Fashion,3,1365.58,4096.74,upi,2026-03-28T21:41:01
cabd97c2-03c2-461d-b8a3-65b79e15fdb6,CUST000631,Sports & Outdoors,3,1701.93,5105.79,wallet,2026-02-16T16:05:08
7a4b10c6-76f0-4a83-9ef8-c817891a9121,CUST000216,Beauty & Personal Care,3,1773.2,5319.6,upi,2026-07-13T06:38:45
916b0f9a-708a-4777-8932-ed864b399d6a,CUST000679,Books,2,447.45,894.9,credit_card,2026-06-02T04:19:03
ddec03b5-f70d-46f3-9307-9db82e544368,CUST000560,Home & Kitchen,2,1636.57,3273.14,upi,2026-03-23T03:44:46
ff0fb7e3-1958-40e2-8d97-1b8b49c0e21f,CUST000387,Electronics,1,346.89,346.89,wallet,2026-03-01T12:41:48
7acb4929-a493-4587-8346-b98e0ba9052e,CUST000283,Electronics,3,1963.6,5890.8,wallet,2026-04-26T12:07:41
cc781223-234d-4670-bc5c-4cb2e8f75dba,CUST000103,Fashion,5,282.71,1413.55,wallet,2026-03-04T20:41:56
6a30a46c-38ec-4821-90b1-ab227f7ea9c6,CUST000421,Beauty & Personal Care,5,542.37,2711.85,credit_card,2026-07-03T04:48:07
1edfa58c-8c31-412e-8caa-765c99d95357,CUST000633,Toys,4,996.78,3987.12,credit_card,2026-05-05T02:40:42
d2e07e4f-5dd2-4b10-a979-0713336743a4,CUST000500,Home & Kitchen,3,1939.05,5817.15,upi,2026-05-24T20:30:07
81ca6ca3-1b55-4b3d-ab4e-569164e21b2c,CUST000162,Books,2,1708.39,3416.78,cash_on_delivery,2026-04-25T17:27:24
79fe3a34-4362-44fe-8ab9-36fc0cc8b61c,CUST000143,Sports & Outdoors,1,1495.45,1495.45,upi,2026-06-21T07:57:29
30d7b2ef-e0d9-49df-92f1-0263b5551ba7,CUST000509,Sports & Outdoors,1,549.67,549.67,debit_card,2026-03-25T20:30:26
4f75e5ba-d2f1-4d17-a6ec-4683ee6a05f1,CUST000248,Books,3,1655.0,4965.0,wallet,2026-08-08T20:12:11
441edf55-4586-4aaa-a71f-287c08ae0e12,CUST000337,Toys,5,672.8,3364.0,debit_card,2026-04-20T03:31:07
f553e0ea-2709-4774-bfe7-f48644a257fe,CUST000557,Toys,5,691.35,-3456.75,wallet,2026-03-10T10:22:45
38ee6a6c-6363-4f5a-9f2e-defa1a534f4e,CUST000037,Fashion,1,980.34,980.34,cash_on_delivery,2026-07-03T12:53:38
59107216-9f30-49cf-ba63-669e95321356,CUST000572,Fashion,3,763.38,2290.14,credit_card,2026-05-08T12:44:20
a989e924-d351-4be5-8aff-b4563891e7ea,CUST000754,Electronics,5,625.04,3125.2,wallet,2026-04-25T14:49:54
f4a0b45d-6ce4-4f9b-9615-73e41831dad8,CUST000330,Sports & Outdoors,2,1129.8,2259.6,debit_card,2026-07-02T04:20:06
2d71d1d0-3a39-4ed2-8800-a9e05000b904,CUST000652,Sports & Outdoors,4,358.81,1435.24,debit_card,2026-04-21T10:16:44
6922d24b-1d46-402e-af73-ce87a23a5e35,CUST000302,Beauty & Personal Care,3,873.09,2619.27,upi,2026-06-26T03:39:44
01916fbd-756a-45ec-b2a8-6369b1fba46e,CUST000269,Home & Kitchen,4,1565.0,6260.0,credit_card,2026-07-08T18:03:22
5dbbf3ef-f3e1-43aa-ba49-c08d5e1112e5,CUST000663,Beauty & Personal Care,1,1187.1,1187.1,upi,2026-05-14T03:01:33
f27c2ae2-fade-4e04-a3e8-70142d59011f,CUST000181,Home & Kitchen,5,1347.44,6737.2,wallet,2026-03-03T17:45:08
c366b836-5735-4e91-8874-75df872cee8d,CUST000329,Books,3,1743.5,5230.5,debit_card,2026-05-31T11:00:32
c6a2211f-d843-4a7a-9820-04726bf231a6,CUST000394,Beauty & Personal Care,5,1205.59,6027.95,debit_card,2026-06-26T11:32:03
b2f711dd-26ca-4a18-9290-996853837f83,CUST000080,,3,1889.04,5667.12,upi,2026-02-12T16:44:35
c281b6f4-99f6-4b1b-af42-4d2d43558176,CUST000077,Home & Kitchen,3,1517.54,4552.62,wallet,2026-06-15T12:31:19
56752dd0-6063-4a63-b8a9-27e6499166e8,CUST000110,Books,3,854.66,2563.98,wallet,2026-06-16T13:19:08
b79fe77e-c129-42ad-86f0-914904244a99,CUST000249,Sports & Outdoors,1,1437.12,1437.12,debit_card,2026-07-31T21:00:20
abfecc7f-ebcb-4459-9392-02650c564966,CUST000346,Beauty & Personal Care,4,1369.69,5478.76,wallet,2026-06-27T14:44:45
70c68b59-128b-44de-807f-423cca6703d3,CUST000517,Home & Kitchen,3,1465.31,4395.93,upi,2026-04-07T17:56:03
b094cc4d-e597-4c89-9e4d-13b364071849,CUST000422,Sports & Outdoors,1,1035.43,1035.43,upi,2026-07-14T14:06:41
d861036a-6c45-4c99-8de7-3b74bcc1a17d,CUST000266,Home & Kitchen,2,629.97,1259.94,cash_on_delivery,2026-04-03T07:17:32
59db506b-d322-475b-91bd-29f74213972d,CUST000111,Beauty & Personal Care,4,1443.16,5772.64,upi,2026-03-03T03:42:47
6b8107a7-d398-4c21-93ad-86b3160be1e2,CUST000107,Toys,5,1103.76,5518.8,wallet,2026-07-16T14:59:02
50de55ea-1d86-48d6-b2aa-d76ae63c1a12,CUST000081,Toys,1,1603.03,1603.03,upi,2026-03-10T16:40:32
0564a090-07ab-4ec2-96d4-6d1054ae6172,CUST000175,Electronics,1,335.98,335.98,upi,2026-07-02T01:43:09
5c1ba04a-ad76-419e-bad1-39bf40591cbb,CUST000117,Fashion,5,1343.6,6718.0,credit_card,2026-06-06T20:16:50
cae7c065-41d6-49be-b883-541ab3865e5b,CUST000225,Fashion,5,1043.61,5218.05,debit_card,2026-02-14T15:50:23
96db0c23-31ee-4384-8727-efaba06d9bf9,CUST000001,Home & Kitchen,2,814.06,1628.12,upi,2026-05-28T02:25:34
dedfa2da-e9e7-428a-ad3f-55fe06771d32,CUST000761,Toys,2,1374.21,2748.42,credit_card,2026-05-23T00:05:32
808fb4b0-7640-4497-961a-9099a5b5d204,CUST000741,Home & Kitchen,3,1913.39,5740.17,debit_card,2026-06-25T10:37:54
af986ea2-5058-4acf-bd47-8c0854c35be0,CUST000525,Books,1,916.31,916.31,wallet,2026-04-01T14:04:56
f0e8e9a0-90eb-42fa-9082-da21cc9430bf,CUST000489,Beauty & Personal Care,2,301.47,602.94,upi,2026-08-03T21:49:17
4326aa97-d9ee-4a21-8b93-6af8355e14d0,CUST000711,Books,2,324.73,649.46,credit_card,2026-05-28T04:41:45
e660d620-e0c9-4d8f-a224-d4c202409ae4,CUST000102,Sports & Outdoors,1,661.89,661.89,upi,2026-04-14T06:57:01
287566a0-1134-40d2-b51f-626fcab93aa4,CUST000652,Home & Kitchen,4,234.98,939.92,credit_card,2026-06-13T18:28:55
737dfffb-d27f-42d2-b838-1d079a6b619d,CUST000275,Home & Kitchen,5,1953.44,9767.2,credit_card,2026-04-14T03:40:13
db00c0f9-867c-4d24-9bfd-cec78b267bb7,CUST000698,Books,2,112.7,225.4,debit_card,2026-06-22T12:49:01
83990694-f9c9-450c-b82a-2253d437bc48,CUST000141,Beauty & Personal Care,4,109.1,436.4,upi,2026-05-31T00:54:34
980b3bba-59a0-4982-adbb-ff5122bceb8c,CUST000763,Home & Kitchen,1,375.22,375.22,credit_card,2026-06-24T16:20:45
40122ba7-2930-4709-91fe-4a826904f8cb,CUST000327,Groceries,1,990.34,990.34,wallet,2026-08-07T04:39:31
86e4af1d-dea9-492a-8972-2f3e62632ebe,CUST000021,Home & Kitchen,4,621.15,2484.6,debit_card,2026-05-11T18:06:51
ec85ec74-4d62-4334-a904-5a6d2faa2c90,CUST000723,Home & Kitchen,2,1378.99,2757.98,debit_card,2026-07-22T10:20:27
d176bb3a-0ca4-438e-a54f-36808fcc0caa,CUST000734,Toys,2,998.56,1997.12,credit_card,2026-05-25T23:30:30
382b96bd-8d44-437c-a4f6-72e68dfedfaa,CUST000019,Beauty & Personal Care,4,1735.48,6941.92,debit_card,2026-06-27T16:19:45
f07d5573-2f5e-49fb-99ce-a63faa0ef134,CUST000772,Fashion,3,1918.82,5756.46,credit_card,2026-04-19T15:45:42
3ab4fb02-9e2f-4b6e-91a3-e7d4e8412dcd,CUST000134,Home & Kitchen,4,1626.64,6506.56,credit_card,2026-07-22T09:50:14
98817ec3-a2c2-49e8-8b41-c2f36149c53f,CUST000704,Sports & Outdoors,1,820.65,820.65,debit_card,2026-07-07T21:39:16
abba30e3-5ab6-4f16-bf1e-2bb6e74c0a70,CUST000264,Sports & Outdoors,3,95.58,286.74,wallet,2026-05-14T04:07:03
4e562fbf-6db2-4575-9adb-3a2ab5010f2a,CUST000047,Books,2,944.1,1888.2,wallet,2026-08-04T03:01:33
656c7007-9070-4176-98bc-69447e3080dc,CUST000400,Electronics,3,368.25,1104.75,wallet,2026-06-21T02:14:38
1e183368-c265-43d5-9913-89a34be1d962,CUST000681,Groceries,3,176.47,529.41,cash_on_delivery,2026-06-25T15:20:06
56757fb3-4daf-4b66-bbed-d14d2078de14,CUST000719,Books,3,697.11,2091.33,debit_card,2026-07-10T06:51:39
4a4ce64c-f1c7-4261-9da4-9e259b48036f,CUST000232,Fashion,5,298.07,1490.35,credit_card,2026-05-21T11:25:21
65e25f83-bc93-478c-b449-90448dd988df,CUST000690,Electronics,5,1404.64,7023.2,debit_card,2026-07-20T07:58:16
a2464c96-da4d-4c24-8911-c5a76d5c929a,CUST000103,Books,4,1886.39,7545.56,upi,2026-03-30T01:12:41
be8ffd73-040a-44f3-965e-4bc2cdeadb29,CUST000423,Toys,5,1338.13,6690.65,wallet,2026-04-29T00:56:48
e5ea8ffc-477a-4d06-8358-c3aca2db6d1c,CUST000221,Toys,3,1674.79,5024.37,credit_card,2026-05-21T22:04:00
51276be9-2cc7-4ea6-8547-395d5bd41c89,CUST000625,Fashion,4,1431.14,5724.56,debit_card,2026-08-06T01:47:23
2b38a5ba-bed7-4c00-ba97-d33a4ce8247f,CUST000614,Sports & Outdoors,5,1704.76,8523.8,upi,2026-07-01T08:09:07
08508e3e-6ebf-46c5-9832-6c15536b2181,CUST000282,Groceries,2,19.85,39.7,cash_on_delivery,2026-06-27T15:03:47
c84f4e1a-09a0-45f9-a6cc-beacbf6cb25a,CUST000026,Fashion,1,1865.49,1865.49,credit_card,2026-04-27T09:27:20
5c67da68-c905-43f4-890f-4a6e355ddcac,CUST000581,Fashion,2,1641.7,3283.4,cash_on_delivery,2026-07-22T06:23:52
3b5f8d30-3faf-45ac-bcb1-52550fe0a253,CUST000246,Electronics,N/A,1788.73,3577.46,upi,2026-02-26T14:58:38
25220c27-9092-4fba-95fb-e59c98c4c5ba,CUST000235,Toys,2,1573.68,3147.36,wallet,2026-08-04T22:52:25
62bd65c3-1ffa-4f79-bab0-4ee705a58f7f,CUST000741,Fashion,5,92.8,464.0,credit_card,2026-08-04T12:24:11
8627a283-d5b4-44ef-bd68-2f52c0775cb9,CUST000430,Home & Kitchen,3,1326.65,3979.95,wallet,2026-03-09T20:15:33
5a4b96d2-0a0b-42f3-b1ea-fbf28d42f51f,CUST000296,Electronics,2,533.7,1067.4,debit_card,2026-05-19T23:02:18
ea828cea-46d7-4184-8f3f-11622ecca2ae,CUST000181,Books,5,580.37,2901.85,upi,2026-06-22T10:58:23
1b207eea-4ac4-4bf8-8678-1592182fc229,CUST000609,Beauty & Personal Care,N/A,79.56,397.8,cash_on_delivery,2026-05-08T04:10:56
c396043e-d167-4d10-833f-bc6abc48a7b8,CUST000166,Toys,2,1298.33,2596.66,credit_card,2026-06-06T03:28:52
3d988d62-1757-48d3-baba-c55633bb04fe,CUST000410,Home & Kitchen,5,1812.02,9060.1,cash_on_delivery,2026-06-22T09:09:01
91934608-504d-4edf-bd3f-359ed3e35d3d,CUST000380,Fashion,1,1560.13,1560.13,credit_card,2026-02-14T07:09:56
1e30fffd-8d50-4eb3-a09d-d41cc9bd4d55,CUST000336,Toys,5,923.11,4615.55,credit_card,2026-02-26T03:15:37
02464af0-56ac-441d-978b-e5d1c5a5d432,CUST000324,Beauty & Personal Care,5,394.07,1970.35,upi,2026-05-02T07:46:11
356c39ac-b261-4bfa-9f45-7a92608a1f7c,CUST000062,Fashion,5,1324.68,6623.4,debit_card,2026-05-30T00:07:14
a5581058-f604-4321-b6e8-fbe77473efa6,CUST000594,Groceries,4,862.22,3448.88,credit_card,2026-05-30T22:59:09
bacba346-fc73-4eea-993a-1982308a8ac6,CUST000112,Home & Kitchen,N/A,1586.46,3172.92,debit_card,2026-05-02T19:29:19
0e6fcc59-fa95-4072-8751-7a43b9e0aed9,CUST000412,Beauty & Personal Care,3,1390.93,4172.79,cash_on_delivery,2026-02-22T00:24:07
d4fbc3df-7e90-4888-94fe-56d700e2df6b,CUST000294,Electronics,1,689.83,689.83,upi,2026-04-27T02:46:01
29ddb821-c456-451d-b544-43b7846e7be7,CUST000038,Beauty & Personal Care,1,1375.22,1375.22,upi,2026-04-11T01:01:12
b0e7794c-9aea-46e6-be13-3451af1d3a27,CUST000309,Groceries,1,1683.74,1683.74,debit_card,2026-04-11T06:49:15
dca2017b-b9ce-4e5b-a3ac-250388083b02,CUST000103,Home & Kitchen,1,999.93,999.93,wallet,2026-04-15T08:18:02
dd04f273-5f7e-4bb1-b993-e616159a584c,CUST000284,Books,3,565.26,1695.78,upi,2026-02-14T05:03:13
46ff3f82-7bfe-4092-94e8-1c65cd8a9681,CUST000533,Groceries,1,613.85,613.85,upi,2026-03-10T18:55:02
dfca3b8e-1e5b-45d3-8379-774ea97336a1,CUST000097,Toys,4,1921.68,7686.72,wallet,2026-04-15T14:54:17
f9ce249e-d781-433e-8dee-aeed3f54543d,CUST000359,Toys,4,1989.3,7957.2,credit_card,2026-05-22T12:09:40
263b1f18-71ff-4b9c-a4a0-6ed5981c6b04,CUST000202,Beauty & Personal Care,5,292.07,1460.35,wallet,2026-04-10T14:04:13
626a2585-043b-4781-9d6c-3354cfdb2efe,CUST000129,Groceries,1,929.9,929.9,credit_card,2026-03-12T16:53:58
b6651e9f-709c-43b5-baeb-9b3b5e693ce3,CUST000384,Fashion,1,759.97,759.97,credit_card,2026-06-28T23:44:43
2d7cf70d-b4fc-47a9-81fc-ad6155ad6b35,CUST000321,Beauty & Personal Care,1,1582.55,1582.55,upi,2026-04-21T22:44:42
da5a62c0-3530-41ae-bf04-a2d41eebe527,CUST000227,Sports & Outdoors,3,450.54,1351.62,cash_on_delivery,2026-05-25T15:56:51
76307f41-4f09-4183-b1e2-91d514b9c13c,CUST000538,Books,5,959.25,4796.25,credit_card,2026-04-01T03:48:10
f645bb98-7aed-4887-8330-657084c30cca,CUST000628,Home & Kitchen,1,837.61,837.61,credit_card,2026-02-19T18:24:15
41efe64f-d8dd-4c43-991b-55921741b242,CUST000581,Beauty & Personal Care,3,110.46,331.38,debit_card,2026-03-28T23:19:41
924c6905-d795-4cfa-9136-04a334b9acef,CUST000583,Beauty & Personal Care,4,1837.41,7349.64,upi,2026-04-05T06:18:35
918a15ab-be48-493c-8405-3998cb5aafde,CUST000546,Fashion,2,92.4,184.8,cash_on_delivery,2026-04-27T09:26:21
06621c19-f319-434d-ad49-992410ce2723,CUST000260,Groceries,4,379.15,1516.6,debit_card,2026-03-28T18:04:50
006e3fc3-992a-4bfb-88c7-7e9d6e2674e8,CUST000171,Electronics,3,1916.4,5749.2,wallet,2026-07-01T04:56:14
2bc5e549-6ffe-4f87-ab7f-490d3c1fc8b8,CUST000029,Electronics,5,228.77,1143.85,wallet,2026-03-15T17:02:07
f6f0ed8a-b10a-4ddd-8601-47a4e5e6a35e,CUST000006,Sports & Outdoors,5,1787.27,8936.35,cash_on_delivery,2026-07-28T11:27:10
26b0b543-a08e-46ff-b1e6-a8431e7763aa,CUST000171,Groceries,2,1617.88,3235.76,credit_card,2026-03-02T14:37:31
df2629c7-0498-4764-8d0a-ad461c8fb4a1,CUST000775,Fashion,1,1907.26,1907.26,debit_card,2026-04-05T13:21:02
976f273c-aecd-4a01-863e-0721f986f4d4,CUST000242,Home & Kitchen,1,1728.06,1728.06,credit_card,2026-05-10T14:48:14
e19bf540-aa9e-4e63-bf2f-1284cd8bea85,CUST000551,Toys,3,568.88,1706.64,credit_card,2026-03-18T12:19:28
c3c98a49-0a77-4733-8977-9c11ec706ab4,CUST000745,Fashion,4,538.84,-2155.36,debit_card,2026-02-14T00:35:26
32268eca-fa7e-49a9-ad67-0fce6bd738f1,CUST000688,Fashion,2,650.91,1301.82,cash_on_delivery,2026-04-27T10:27:55
f3796ad1-514a-4bae-978d-33032fd661cd,CUST000443,Toys,3,850.36,2551.08,upi,2026-02-13T06:30:17
e9731180-6e7c-4429-bd81-e0c92e06c705,CUST000214,Home & Kitchen,3,1943.86,5831.58,credit_card,2026-03-04T23:38:12
1b1c86c5-a3e3-4782-ad35-68eeabb2f60a,CUST000649,Fashion,3,599.62,1798.86,credit_card,2026-02-23T03:58:40
c76a50c6-2a0c-4f9f-836b-01b191de692b,CUST000244,Electronics,1,1951.41,1951.41,upi,2026-05-14T21:23:31
48d4d0d4-6117-47a7-9a96-f39e686f2217,CUST000535,Sports & Outdoors,2,231.19,462.38,cash_on_delivery,2026-08-08T00:20:10
7566d008-2ec8-4d67-bdbc-073b36041193,CUST000092,Fashion,2,34.38,68.76,upi,2026-04-09T09:03:26
289e7074-ad47-4c5d-b89e-d6ae711f04ad,CUST000432,Electronics,3,407.97,1223.91,debit_card,2026-02-17T02:24:16
b18ffb07-40cb-4cb7-93ac-0df695d797d9,CUST000492,Books,3,1205.48,3616.44,debit_card,2026-06-26T01:07:43
96fb1a53-9f19-46ad-8dc7-7ef34f5a5ca9,CUST000014,Fashion,2,1271.09,2542.18,debit_card,2026-05-08T03:46:27
9210ead0-4360-4349-8019-bd6596f435cd,CUST000055,Books,2,690.91,1381.82,debit_card,2026-04-10T14:26:41
9d439b88-a50e-44b9-8016-fda5550bf56d,CUST000130,Home & Kitchen,4,1851.87,7407.48,debit_card,2026-06-15T08:23:44
6e3ef2a8-7bec-4d73-a0b7-98d47a5422ed,CUST000287,Books,1,1507.76,1507.76,debit_card,2026-03-31T23:30:00
f775e036-4607-4a78-a6f5-82767ebcbcb7,CUST000007,Beauty & Personal Care,3,534.97,1604.91,wallet,2026-06-22T10:57:47
79202c97-75f4-4e1e-b324-8ed1f860a177,CUST000589,Groceries,1,1576.45,1576.45,wallet,2026-04-20T11:53:08
16bfea61-7a9a-4a4c-b508-99e2b0d5ff2c,CUST000499,Sports & Outdoors,2,1263.91,2527.82,upi,2026-07-23T03:11:08
74c96f2b-6965-4dcf-873f-e4f074681a99,CUST000558,Books,2,952.33,1904.66,upi,2026-03-22T13:28:45
ef6fb3de-6085-4f37-8eb8-886ffdfb58f8,CUST000375,Electronics,3,753.51,2260.53,wallet,2026-03-14T10:31:15
a92fb0d2-bc4b-482b-9f45-6d65ace9d93d,CUST000215,Fashion,5,1036.58,5182.9,credit_card,2026-06-12T08:24:37
ec979efa-725b-453c-bf4e-0c6abba5773c,CUST000691,Electronics,1,216.32,216.32,credit_card,2026-05-19T14:47:25
18e33628-2591-4a46-8593-63909bd55c9e,CUST000067,Electronics,5,770.94,3854.7,upi,2026-07-25T19:10:57
b39a1a9b-08a1-43a1-90a3-0f9495902249,CUST000530,Electronics,2,1239.08,2478.16,upi,2026-07-31T07:52:13
5826cb3c-7d44-47f9-9ee0-8c6563a72006,CUST000223,Books,4,1650.57,6602.28,upi,2026-04-07T17:09:04
533b3bd6-da73-42b7-a633-b19fecfa11a0,CUST000063,Electronics,2,698.93,1397.86,debit_card,2026-03-19T20:20:39
4591e159-7c56-49dc-8515-aca7f807cabd,CUST000404,Books,3,442.05,1326.15,cash_on_delivery,2026-06-07T16:08:03
8061f17c-809b-4c43-8488-046c6a2848f8,CUST000693,Fashion,2,1860.2,3720.4,wallet,2026-05-12T01:27:11
b284d4c1-ae6a-43e7-90f5-65b8c500c87d,CUST000483,Groceries,3,1105.86,3317.58,credit_card,2026-06-16T23:07:09
3bb9303a-1557-488c-8cc3-a6a80d8b32ba,CUST000736,Toys,5,992.32,4961.6,cash_on_delivery,2026-07-12T17:01:37
e60fd66e-1f63-4f93-b22b-e882e9d9cea2,CUST000298,Beauty & Personal Care,4,1702.57,6810.28,upi,2026-07-14T05:20:21
6a4d4a4f-399e-4e62-b786-add2d8e3807e,CUST000429,Home & Kitchen,1,116.82,116.82,upi,2026-05-25T17:36:28
57b0e069-2a6e-4305-bc46-5b393dbebb7c,CUST000594,Sports & Outdoors,1,1724.47,1724.47,credit_card,2026-07-02T03:49:16
9db2f35b-d054-4d75-8617-a1b854243794,CUST000089,Toys,3,192.76,578.28,debit_card,2026-05-29T09:53:38
63c42634-811e-4933-aca2-65c3ad348021,CUST000651,Books,4,1993.04,7972.16,cash_on_delivery,2026-03-28T01:29:59
1a72e42d-a290-4802-9b7b-76be1d6f6dc7,CUST000270,Sports & Outdoors,3,1528.89,4586.67,credit_card,2026-03-24T17:52:01
c018282c-c25f-40e4-8421-504ced6c4e5a,CUST000511,Toys,3,299.11,897.33,debit_card,2026-04-19T04:29:47
976fcfaa-2820-42b6-a435-f70857bac432,CUST000458,Home & Kitchen,5,1783.34,8916.7,upi,2026-08-01T12:19:43
c5a50561-df9f-41fc-b77f-5438e1685741,CUST000660,Home & Kitchen,1,907.23,907.23,cash_on_delivery,2026-07-23T00:27:02
3c43afb3-e057-4807-b87f-455e5ad05628,CUST000478,Books,1,1072.29,1072.29,credit_card,2026-03-10T14:47:02
b8b7e11a-9900-410f-8f16-6edaa3621809,CUST000735,Fashion,1,586.09,586.09,wallet,2026-04-07T19:43:31
c61cf547-d18c-4486-b95a-5bcc12f69f6a,CUST000297,Sports & Outdoors,4,1248.82,4995.28,credit_card,2026-07-04T21:45:42
730b4426-931d-4cc2-88f1-511223ada365,CUST000038,Toys,4,1317.25,5269.0,wallet,2026-06-18T06:33:02
ef08dcd2-c4ac-4657-b4cf-b464436748ac,,Toys,5,273.14,1365.7,credit_card,2026-05-31T00:26:14
32db1adf-f6df-40bc-9be7-80f3ed93ea4a,CUST000601,Beauty & Personal Care,2,319.68,639.36,wallet,2026-03-06T09:59:30
77ad033e-9baa-4e70-8f12-ad8f782e6bc4,CUST000563,Electronics,5,1870.96,9354.8,debit_card,2026-03-26T03:33:47
1b952c77-6e14-48a2-80a2-5780bc53827f,CUST000216,Groceries,3,1095.12,3285.36,wallet,2026-05-31T00:51:35
efc49549-1489-495d-b74e-dc0174065e3f,CUST000371,Groceries,2,651.26,1302.52,upi,2026-03-21T13:02:09
185038f2-0a28-4bc9-9ac9-d420f59259a0,CUST000532,Fashion,3,326.03,978.09,cash_on_delivery,2026-07-17T21:40:05
954173c4-1aa2-450b-8952-7ba13792f580,CUST000083,Groceries,4,1878.08,7512.32,cash_on_delivery,2026-02-18T05:52:41
99c85be9-e918-490a-8941-d0f59701ea59,CUST000130,Beauty & Personal Care,5,1171.12,5855.6,upi,2026-05-08T17:12:49
f41fbf2a-17c7-46a6-b8e9-c037b26d1807,CUST000332,Electronics,1,1253.78,1253.78,upi,2026-04-04T02:23:49
270855a0-370b-495e-a7bc-179f917f7e92,CUST000052,Sports & Outdoors,4,20.71,82.84,cash_on_delivery,2026-07-21T17:48:35
2fb63bd6-d727-40cb-be12-49269c256f97,CUST000634,Groceries,4,1635.99,6543.96,wallet,2026-03-02T09:56:07
3816cdf4-eb8e-4cc2-94dd-d0c21c4df2a2,CUST000237,Books,2,1261.37,2522.74,cash_on_delivery,2026-05-31T10:28:22
07d921a0-3964-4eba-a528-66f070384226,CUST000597,Electronics,5,1054.4,5272.0,debit_card,2026-04-08T02:07:55
312c6664-9ad3-49a8-9bf0-2fd44a9c270a,CUST000764,Fashion,1,855.9,855.9,credit_card,2026-07-06T05:34:25
f0d3fd51-894c-4854-a07d-732ff8efb2be,,Beauty & Personal Care,1,110.91,110.91,credit_card,2026-07-11T10:52:17
37dcfc61-6316-4df2-8117-8221cdbc4fa5,CUST000616,Books,4,1105.21,4420.84,upi,2026-07-03T07:37:11
f67735f3-b97f-4ed4-bc81-314187370e97,CUST000476,Beauty & Personal Care,1,1150.65,1150.65,cash_on_delivery,2026-06-13T20:12:00
958de169-2244-45b1-8f69-ed4866e37cdc,CUST000200,Beauty & Personal Care,2,169.11,338.22,debit_card,2026-07-30T17:03:55
31c790df-945a-481f-b52b-bc6ba5fe7a8a,,Books,2,1960.44,3920.88,cash_on_delivery,2026-03-25T09:08:49
7579ebd6-689d-447c-9aac-590b38f7b8b1,CUST000151,Toys,2,1267.1,2534.2,debit_card,2026-06-02T00:48:14
f7d7d489-9d57-43b9-9922-2aafa8c9d295,CUST000274,Books,4,184.99,739.96,upi,2026-06-02T07:52:15
1cb43faa-52fa-4e0d-9bdd-f61ab0b7d076,CUST000695,Fashion,2,1837.48,3674.96,credit_card,2026-04-07T11:47:47
ca165c77-9cb8-4b5d-83db-00891cbe8109,CUST000374,Fashion,1,1526.64,1526.64,credit_card,2026-05-14T07:52:01
cb070001-3c34-4315-9065-0a4234f43981,CUST000651,Toys,2,367.66,735.32,upi,2026-04-03T21:11:03
517bed30-80f5-4184-beee-1069c027b9fc,CUST000099,Groceries,4,1598.61,6394.44,upi,2026-03-31T02:22:23
0464522b-bfb0-495f-bcd7-e4c6df82530a,CUST000250,Electronics,4,242.01,968.04,cash_on_delivery,2026-03-22T23:41:06
0dba61ab-456a-4952-b110-24efcc3efd48,CUST000799,Toys,3,1660.82,4982.46,wallet,2026-07-08T07:43:52
25742dc4-4efa-41ab-8f18-c2f4df50e3b8,CUST000585,Books,2,55.45,110.9,cash_on_delivery,2026-06-28T06:55:27
0e5f144d-807d-401a-9bac-4a0843064545,CUST000702,Toys,1,1140.54,1140.54,credit_card,2026-04-27T09:15:48
1ba16322-1af1-4635-83fa-e44cde6458a1,CUST000531,Beauty & Personal Care,3,1692.64,5077.92,debit_card,2026-06-27T10:05:20
cbfd4bc0-8756-4259-962d-c2d48e6275e1,CUST000670,Fashion,4,1788.2,7152.8,cash_on_delivery,2026-06-21T09:18:46
21a23659-eb6f-404d-ada8-1891d2b496e0,CUST000697,Groceries,4,1179.19,4716.76,debit_card,2026-05-19T19:35:21
2f503adc-493d-4bca-9353-bcc0cfa1cf5f,CUST000702,Sports & Outdoors,3,297.28,891.84,cash_on_delivery,2026-06-12T18:21:41
afb365e6-c0b7-401c-bc0a-2618b5e93e34,CUST000304,Home & Kitchen,1,680.82,680.82,debit_card,2026-05-06T22:59:39
20aa9659-41dd-48bb-af88-1b84fd9cf854,CUST000320,Groceries,2,460.08,920.16,credit_card,2026-08-05T11:17:23
a34f5703-073a-49c4-b78b-ab1fc32ef15b,CUST000739,Books,3,431.68,1295.04,upi,2026-04-11T20:05:37
efea69bb-df04-4224-ac1d-6eb6a49aea88,CUST000415,Home & Kitchen,5,1198.53,5992.65,cash_on_delivery,2026-02-26T06:47:20
7de92eef-5a66-4f4a-8597-e873f34e6000,CUST000265,Electronics,1,697.9,697.9,credit_card,2026-07-18T20:57:41
241c263a-9125-4147-bfec-15e771c3bb7c,CUST000443,Beauty & Personal Care,5,119.37,596.85,upi,2026-05-08T05:20:44
a8a80123-10d0-4d25-9f2a-163432ca5f56,CUST000450,Home & Kitchen,3,328.37,985.11,debit_card,2026-05-24T04:42:12
ee4b91e1-6649-4e43-adb5-f7736899d51a,CUST000659,Electronics,1,1827.34,1827.34,credit_card,2026-03-07T11:20:41
164d630a-f21d-42f1-b08f-8603c3cae926,CUST000523,Toys,5,1350.31,6751.55,upi,2026-06-15T01:42:35
b97655eb-a0f7-4ecf-99e6-d7ce5abe8da5,CUST000421,Groceries,5,1876.49,9382.45,credit_card,2026-05-09T06:32:40
b2652aba-25d7-4966-a651-636959577886,CUST000076,Groceries,5,314.33,1571.65,debit_card,2026-05-20T11:32:02
f1c2d0f6-b77a-497c-82a5-93a70965e73e,CUST000792,Home & Kitchen,3,1693.73,5081.19,credit_card,2026-04-25T02:43:41
be9e58cf-0bb3-4350-be35-7ed6ade1ca05,CUST000116,Books,4,803.5,3214.0,upi,2026-03-07T04:18:56
f83d951a-de07-45c6-9793-0779bea812c5,CUST000207,Beauty & Personal Care,4,102.58,410.32,upi,2026-05-10T18:32:50
dbf36ea7-a46a-493e-a727-0d16f50d775c,CUST000360,Books,5,1161.21,5806.05,debit_card,2026-04-09T00:24:30
3996f6f1-46bc-41fa-b4c9-67600ca10ef2,CUST000092,Toys,2,1653.19,3306.38,debit_card,2026-04-11T02:48:17
6e906dc0-5932-4a68-aabc-550aa678f6dc,CUST000583,Toys,5,887.28,4436.4,cash_on_delivery,2026-06-18T05:39:48
41990b9c-f723-4da0-a790-b2a0deeedc53,CUST000699,Electronics,5,199.24,996.2,upi,2026-06-10T23:52:09
75838d39-647f-44be-add9-b2ea66f97153,CUST000648,Sports & Outdoors,3,1747.5,5242.5,cash_on_delivery,2026-04-28T07:03:40
a0b3b21a-83c3-4944-b100-a9677414cdd3,CUST000437,Home & Kitchen,5,592.63,2963.15,cash_on_delivery,2026-03-24T13:29:07
9d8529f2-77ff-4899-80d1-51fe231649a1,CUST000780,Sports & Outdoors,2,1497.14,2994.28,upi,2026-07-09T13:42:43
184f6abb-e573-414a-a58d-abab3e843a04,CUST000531,Groceries,4,1123.97,4495.88,wallet,2026-06-10T22:36:35
aa6bdd27-2012-4046-848a-136e654b2d02,CUST000144,Toys,5,671.86,3359.3,credit_card,2026-04-04T02:51:54
3d63fe9d-f2ee-482a-a4ba-c73b61a948cb,CUST000330,Sports & Outdoors,1,1914.03,1914.03,cash_on_delivery,2026-06-17T18:48:03
592e59eb-98e6-4194-8802-7e5b9a9f5e0f,CUST000400,Books,1,1444.28,1444.28,wallet,2026-07-14T18:51:20
9141b3a0-e71a-45f1-a359-58d8a518a5fd,CUST000650,Groceries,4,547.36,2189.44,credit_card,2026-02-19T18:20:27
735ef1d1-9204-433d-8fcf-86f535ff9148,CUST000199,Sports & Outdoors,5,1801.21,9006.05,cash_on_delivery,2026-06-26T08:52:38
9f261f0c-e805-47b6-ad3e-8481051000db,CUST000630,Beauty & Personal Care,3,726.58,2179.74,wallet,2026-03-08T16:48:09
23b118f1-c32b-4c07-b92a-fad831d4a1fa,CUST000514,Fashion,5,929.04,4645.2,cash_on_delivery,2026-06-16T10:38:41
4605876c-8b75-4f54-b136-493640138de3,CUST000086,Books,2,622.19,1244.38,upi,2026-08-09T10:52:27
e6f17ae3-684a-4685-a77d-ccd41b9b4cef,CUST000485,Fashion,1,1890.4,1890.4,wallet,2026-02-14T00:11:23
66c1e89d-bab1-4e5c-9326-9bccab7d0544,CUST000537,Groceries,3,1340.94,4022.82,debit_card,2026-05-16T20:24:52
3a31d756-e48c-4f13-8493-2a467639d99d,CUST000138,Books,4,830.05,3320.2,credit_card,2026-06-26T22:32:00
e0a99bd2-75a9-4a79-a33e-1765b2bc3749,CUST000251,Fashion,2,396.0,792.0,upi,2026-03-05T22:14:34
32385405-9bfa-4707-a146-d3dab1f2b61d,CUST000011,Beauty & Personal Care,2,1621.96,3243.92,upi,2026-07-03T22:16:52
e02820e1-487c-43e5-942f-ae0b2984ed66,CUST000483,Fashion,2,1731.6,3463.2,debit_card,2026-05-02T17:15:22
40ab1101-7a9e-485a-b446-91d7602fe1c2,CUST000616,Home & Kitchen,5,1488.59,7442.95,cash_on_delivery,2026-07-01T13:14:47
72ee0591-f0b2-4712-a193-f3a92e5495bb,CUST000461,Books,1,868.88,868.88,cash_on_delivery,2026-02-20T05:48:13
32b41052-7e46-4868-a424-d463340edc94,CUST000725,Electronics,3,1502.07,4506.21,debit_card,2026-05-31T23:47:40
6ed17896-2f92-474c-b66f-a438c7ffbb2c,CUST000092,Fashion,1,1760.01,1760.01,cash_on_delivery,2026-02-21T13:34:19
36aa7230-6118-49ae-86be-3ececdf5d640,CUST000214,Groceries,2,1609.7,3219.4,credit_card,2026-07-09T17:20:35
ff92f4a9-04be-4752-9552-a9eca571a834,CUST000388,Toys,5,1921.51,9607.55,debit_card,2026-07-09T04:09:28
f73ac853-aa5b-4b0d-b838-94dbb0d58d9e,CUST000067,Beauty & Personal Care,1,1336.83,1336.83,credit_card,2026-03-11T21:23:20
f402aee5-e5f8-4ac6-a3c6-0f7ef1df5853,CUST000713,Toys,3,1918.0,5754.0,debit_card,2026-03-15T09:38:45
0b00ffb7-64ca-4786-80b2-a8cb800c545a,CUST000396,Toys,4,74.48,297.92,debit_card,2026-05-08T12:45:14
e70af256-8bff-4146-bcc4-112b6733acb1,CUST000181,Groceries,5,1764.62,8823.1,wallet,2026-07-13T09:09:39
2679fead-e5cf-4a30-88a0-448e2116230a,CUST000074,Groceries,5,1610.28,8051.4,wallet,2026-08-08T20:12:12
fc86fab2-643e-4255-beab-8c9966d85e58,CUST000781,Electronics,5,1334.31,6671.55,wallet,2026-03-07T14:48:54
946d69bb-efcf-43b7-b099-ff3bec3fc1d4,CUST000575,Toys,2,277.12,554.24,upi,2026-06-29T08:45:04
0012d9bc-2d11-4d28-8d29-acb863160ed9,CUST000408,Fashion,5,1522.53,7612.65,wallet,2026-06-18T14:43:23
8f2c28d8-13a2-4c0f-a3f8-a9069f3796ce,CUST000040,Electronics,3,24.66,73.98,wallet,2026-05-26T03:50:55
1e971a38-747a-4ce0-84bf-b827024c3922,CUST000564,Home & Kitchen,5,355.66,1778.3,credit_card,2026-05-05T07:40:24
7f9e2b70-e45b-441b-8215-cb7856939879,CUST000482,Electronics,3,1902.86,5708.58,upi,2026-04-13T01:19:27
52e26389-d782-463b-a0ff-2b7cd219c1d1,CUST000093,Electronics,5,763.8,3819.0,upi,2026-03-26T17:27:25
d19c45e0-1656-4ac3-9924-60689abdd7c2,CUST000371,Beauty & Personal Care,2,616.79,-1233.58,wallet,2026-08-01T10:48:26
d3caa669-f2f4-4393-af87-d641f6d2aff8,CUST000265,Electronics,5,376.16,1880.8,debit_card,2026-06-20T00:02:24
7c9f5b77-a37f-4551-8a2b-e452d5c88473,CUST000105,Electronics,5,183.79,918.95,credit_card,2026-05-21T02:17:59
2d1bb115-a49c-478c-a3fd-cdd58dd52049,CUST000782,Beauty & Personal Care,5,1651.5,8257.5,wallet,2026-05-10T01:25:04
21a90edd-9278-4688-9b16-3b2f47b7f304,CUST000163,Fashion,1,330.7,330.7,wallet,2026-04-07T00:54:53
22eecdfd-6e10-4a1b-b145-4b8845f5673f,CUST000028,Electronics,5,1919.91,9599.55,wallet,2026-04-22T02:14:21
3d773dba-000f-4846-b911-aabe41da9fb5,CUST000382,Electronics,4,647.08,2588.32,upi,2026-06-10T20:23:38
8dcd87e2-4f47-4460-86b0-8dbe2f301363,CUST000737,Books,4,1441.34,5765.36,cash_on_delivery,2026-04-20T03:55:44
a746bec1-dc3b-43f9-84ff-9ff1bfb0ce14,CUST000410,Electronics,N/A,371.94,1115.82,credit_card,2026-04-19T14:36:16
afbfcd4b-b8b4-4b3e-a9a3-aa634ec7a9f5,CUST000314,Fashion,4,1737.76,6951.04,credit_card,2026-07-31T14:01:18
b81280e5-c8d0-4e2c-8116-cf3941b3429d,CUST000474,Electronics,2,663.85,1327.7,credit_card,2026-05-08T13:23:36
5e31efc3-e74c-4a2a-b22c-53a5e6691d94,CUST000571,Books,1,1644.94,1644.94,wallet,2026-07-25T18:21:39
0d11a86c-ff05-4032-a9f1-cda71a33230e,CUST000554,Beauty & Personal Care,3,1371.04,4113.12,upi,2026-07-29T10:06:29
47c331e2-5e81-4f65-bc5a-58e5e7a08a2a,CUST000460,Groceries,5,406.67,2033.35,cash_on_delivery,2026-03-22T04:58:49
13591b75-a861-41c5-b8be-5d0f0de5f861,CUST000391,Beauty & Personal Care,5,1385.64,6928.2,debit_card,2026-06-28T21:45:33
37b3964e-af06-4d6b-a329-6e34481082c1,CUST000627,Home & Kitchen,2,117.05,234.1,debit_card,2026-03-22T06:08:47
f6ce43c7-a252-4998-8a80-b7e54503c96b,CUST000424,Books,3,709.04,2127.12,credit_card,2026-06-28T18:40:02
20ce849c-22e2-4e6e-a8c4-7287913c35f8,CUST000607,Sports & Outdoors,3,161.52,484.56,cash_on_delivery,2026-06-29T16:32:55
42ffa2af-aa72-4912-a103-aa2740dbe7dd,CUST000368,Beauty & Personal Care,1,208.95,208.95,debit_card,2026-03-15T14:49:49
7ac426d6-63cc-4ca9-bcac-2964aa459b2b,CUST000183,Toys,4,928.13,3712.52,credit_card,2026-03-19T08:35:03
40ba032f-9a7f-4f9c-99f9-08084ad17ca1,CUST000292,Toys,5,563.92,2819.6,credit_card,2026-05-11T21:07:44
84f3c068-0f32-4c65-b7ce-2f0c12726469,CUST000081,Sports & Outdoors,3,1323.53,3970.59,cash_on_delivery,2026-04-23T08:14:02
c804bc59-9148-41f1-8d93-a8c73cb32460,CUST000693,Sports & Outdoors,2,770.77,1541.54,credit_card,2026-02-26T05:47:50
904dfb20-3f06-43eb-87d3-a22e383ea407,CUST000475,Sports & Outdoors,4,1304.24,5216.96,cash_on_delivery,2026-03-04T21:36:08
5acaa179-2604-4160-a40e-1e49a90d2bce,CUST000788,Groceries,4,906.57,3626.28,upi,2026-02-23T18:26:48
b8b8cfc8-8159-425f-afce-ede1a875a9bb,CUST000607,Fashion,1,674.33,674.33,upi,2026-05-21T23:15:23
3070fc73-0ed2-44e3-8c6a-208af3e580af,CUST000280,Books,3,1927.37,5782.11,cash_on_delivery,2026-07-23T22:07:12
e99d61c1-b70a-4191-8fb1-31cbdc347790,CUST000322,Toys,2,1293.15,2586.3,credit_card,2026-07-07T14:19:57
80393553-8197-40a7-8fa4-73e6a4e43c0c,CUST000731,Electronics,2,340.5,681.0,debit_card,2026-06-19T14:40:11
051f5c73-de85-4bbe-b8db-4541db386c75,CUST000030,Books,2,1368.01,2736.02,upi,2026-07-30T13:03:12
77f05f10-6b5c-4734-b451-e2815e19a2f5,CUST000159,Toys,3,1263.85,3791.55,credit_card,2026-05-05T00:57:52
9a4845c9-584c-4baa-86ee-fd2e06a9af75,CUST000346,Groceries,3,1775.29,5325.87,cash_on_delivery,2026-07-05T18:43:17
f90b7777-3d2c-4b12-bcd2-d14ce6361189,CUST000119,Electronics,2,374.3,748.6,credit_card,2026-05-15T05:46:05
586c7027-f68d-4d56-9e03-6410ed31be81,CUST000088,Books,2,1340.17,2680.34,debit_card,2026-06-20T12:20:18
a20f7028-8e15-4255-b35f-60096e6913aa,CUST000341,Fashion,2,1656.63,3313.26,debit_card,2026-07-30T22:02:27
a696e518-3f9d-4d48-bea5-5638be512d17,CUST000687,Books,2,729.81,1459.62,credit_card,2026-06-02T10:46:30
7c08e309-9373-43ae-a4bd-f9261eb5f5ae,CUST000706,Groceries,3,159.71,479.13,wallet,2026-04-04T02:58:09
8f2b892d-7b4c-4b73-94dc-fdab7748fbc6,CUST000699,Groceries,1,291.91,291.91,debit_card,2026-05-07T01:15:44
8431d312-04a9-4342-960e-c8ac2ebe8f8f,CUST000575,Electronics,3,1332.78,3998.34,debit_card,2026-04-23T00:40:01
8b9b1ff0-4dde-4d6f-8a51-08822f61560f,CUST000725,Beauty & Personal Care,2,1106.54,2213.08,debit_card,2026-02-28T22:11:19
e52b2a48-b2cb-4e49-9a32-64d12713314e,CUST000175,Fashion,2,1222.2,2444.4,upi,2026-06-09T16:10:44
bf4a3b92-37ae-4c90-bc85-0e030f1d19fd,CUST000241,Books,2,652.4,1304.8,upi,2026-02-19T04:39:52
f65814f6-0630-4418-b5cd-8dae93873723,CUST000026,Sports & Outdoors,3,1110.27,3330.81,cash_on_delivery,2026-06-09T05:23:50
280272a0-73cd-4586-9c33-e93f49cb7677,CUST000748,Groceries,3,563.57,1690.71,wallet,2026-07-25T14:15:12
2a9b8616-a74d-44a8-af5d-3f2cd7ec38c9,CUST000412,Fashion,4,1646.06,6584.24,upi,2026-03-07T16:45:43
f9679a4a-8453-4971-a8fe-6d8380ac5b68,CUST000347,Sports & Outdoors,2,1511.16,3022.32,wallet,2026-03-13T12:51:20
222d0236-8e6b-4749-9873-fa28635a8a44,CUST000775,Groceries,1,40.74,40.74,debit_card,2026-05-11T14:51:35
edd81052-445d-4765-bc29-c03655f1c74c,CUST000105,Fashion,5,1951.69,9758.45,cash_on_delivery,2026-07-20T22:54:55
0f1393c2-a3d2-4bb3-9455-dc59e44e563a,CUST000121,Home & Kitchen,5,1611.8,8059.0,wallet,2026-08-08T20:43:31
b9415fd9-51dc-4da8-8c4f-21b73e0787c7,CUST000208,Toys,3,1622.67,4868.01,credit_card,2026-05-25T12:11:41
bf4a7081-81f1-4a1b-a7b1-19c95e68fc9b,CUST000434,Groceries,4,1030.93,4123.72,credit_card,2026-04-28T06:34:34
0ed98594-c6c2-4d5a-a8a9-974e7b48e60f,CUST000383,Fashion,2,1409.57,2819.14,cash_on_delivery,2026-07-29T19:59:58
89803c62-c200-459b-8ef4-1666093c36a0,CUST000397,Beauty & Personal Care,3,1327.65,3982.95,credit_card,2026-04-02T12:18:48
5c762c35-ed4f-4de1-9f98-41c4f76c1313,CUST000715,Books,2,1461.27,2922.54,credit_card,2026-08-04T13:30:36
7cf9982c-f6c9-4a9f-8f8b-7a535ca2f75c,CUST000215,Toys,3,1918.19,5754.57,credit_card,2026-04-16T04:22:29
17bef0da-1e61-4cdd-957c-9f5aae45b74f,CUST000215,Home & Kitchen,2,50.57,101.14,wallet,2026-08-08T09:06:15
8c48c315-0327-4a23-9697-e6991507afff,CUST000323,Groceries,1,98.47,98.47,upi,2026-07-23T05:57:31
f79d749d-ce25-4115-910d-6208e3a0bd79,,Beauty & Personal Care,1,700.03,700.03,upi,2026-03-05T18:00:30
b62e3bdf-2d2b-4e5b-bd2a-e8ed6eda6aff,CUST000232,Books,3,773.84,2321.52,upi,2026-04-10T20:14:01
722c51f2-c1bc-46fb-994b-15a567409824,CUST000262,Groceries,2,678.1,1356.2,cash_on_delivery,2026-03-28T17:26:49
14ba8082-5fd4-4bd2-b0cb-29f65e49ee4c,CUST000085,Sports & Outdoors,3,1579.06,4737.18,debit_card,2026-06-21T17:12:02
d10a8757-f04f-4d66-93bc-d1ceca6da2d6,CUST000500,Beauty & Personal Care,3,877.71,2633.13,credit_card,2026-04-19T05:43:37
c2c2fc1c-8b18-41e7-b8f3-f6fe8752693e,CUST000622,Beauty & Personal Care,2,681.24,1362.48,cash_on_delivery,2026-07-06T15:23:28
ba3357b9-76e8-4ea1-a2f0-a3a9c817e181,CUST000330,Beauty & Personal Care,5,678.82,3394.1,debit_card,2026-02-25T20:52:03
48ff9d7c-c587-42f2-81e6-95b1e373aad7,CUST000670,Electronics,5,92.0,460.0,wallet,2026-07-18T06:17:03
221d0e22-8c48-40c1-ab5b-8a67f9fe5450,CUST000619,Electronics,2,1157.99,2315.98,wallet,2026-03-16T05:07:40
b9a60ca3-a019-4d01-b2ad-00bc882498d1,CUST000674,Fashion,1,1927.89,1927.89,wallet,2026-04-24T18:29:41
f37d627a-b1b5-4944-a4de-d4d62758db80,CUST000250,Sports & Outdoors,4,1043.96,4175.84,cash_on_delivery,2026-05-18T13:12:03
b0226a00-33c7-4e1d-bea7-b39208bfd1bc,CUST000051,Sports & Outdoors,3,508.39,1525.17,upi,2026-05-15T17:09:05
c726dd61-72db-492c-a6d4-180d3a7032ca,CUST000039,Home & Kitchen,3,114.55,343.65,debit_card,2026-07-25T00:32:44
7f76f259-f17f-4be0-b760-8ca23bcbac2f,CUST000136,Books,3,845.01,2535.03,credit_card,2026-07-13T13:23:24
dd3cc89c-4057-428f-bb8f-30bc2b7f24a7,CUST000067,Sports & Outdoors,2,496.21,992.42,debit_card,2026-07-06T14:58:02
ce7c2707-fdaa-49c4-a045-0122150f6687,CUST000296,Sports & Outdoors,3,1225.39,3676.17,upi,2026-02-20T14:39:58
4e5c56d3-387a-4c31-a25b-87149d064a26,CUST000758,Groceries,N/A,1490.51,1490.51,wallet,2026-05-04T07:51:18
33bc5edf-f611-4f77-b4ca-32327046855d,CUST000438,Electronics,4,152.01,608.04,cash_on_delivery,2026-06-06T12:23:55
87b857b3-4a99-454d-9991-b93005ef785b,CUST000729,Sports & Outdoors,2,1110.52,2221.04,debit_card,2026-03-09T15:26:38
a7e13f69-3674-4ab3-b85c-6caca62fd7f7,CUST000449,Home & Kitchen,5,1252.57,6262.85,credit_card,2026-04-29T19:17:36
0458f44c-64d6-449f-ade9-bffe30944286,CUST000786,Home & Kitchen,4,312.68,1250.72,debit_card,2026-02-12T18:27:48
1e4a50d1-d5f5-4e5c-b976-58ee3d905385,CUST000036,Electronics,3,357.85,1073.55,debit_card,2026-06-04T07:31:27
8fc3aa4a-ec72-48aa-9f8e-3c265543511d,CUST000442,Home & Kitchen,2,1206.29,2412.58,upi,2026-07-14T13:57:36
ca28378d-c0a4-437c-9dc7-823340db5d13,CUST000529,Books,5,1200.72,6003.6,credit_card,2026-04-24T10:59:25
55f25dcc-97a7-42af-87a3-4166a4eee4b8,CUST000481,Home & Kitchen,4,1660.55,6642.2,upi,2026-05-23T19:05:18
08935b79-1e51-4651-bbd5-46888b5a0715,CUST000073,Beauty & Personal Care,1,1255.59,1255.59,debit_card,2026-05-06T12:21:18
50e2043f-1d93-4263-a727-deb0d1dad584,CUST000658,Fashion,1,966.88,966.88,credit_card,2026-05-16T18:05:33
9094853a-0814-481d-b16b-f2ad668ea6d9,CUST000587,Fashion,5,273.77,1368.85,credit_card,2026-06-14T09:42:57
2c30fcf5-11c1-485b-b4c1-a15fb094c920,CUST000246,Groceries,5,753.25,3766.25,upi,2026-04-23T02:29:22
bcc16ef3-da7e-4de5-9ff4-6353a9ae07e4,CUST000602,Groceries,3,1979.5,5938.5,upi,2026-02-26T07:13:57
0e68df41-2220-4956-a58b-6ff34f083322,CUST000548,Groceries,1,1945.09,1945.09,debit_card,2026-07-26T10:47:21
2a0a72a5-d456-474c-b528-a11d52ec519d,CUST000670,Electronics,5,195.73,978.65,credit_card,2026-02-12T02:45:59
6a10f16a-4e75-4092-b671-cb70b0e36c22,CUST000206,Beauty & Personal Care,5,393.52,1967.6,wallet,2026-05-12T04:34:29
44052ff3-f497-49e1-8392-0f4dda74da90,CUST000554,Fashion,2,574.28,1148.56,upi,2026-02-18T05:52:49
8785414d-84aa-47a0-86f3-7b4a7a8d905d,CUST000429,Fashion,2,1595.69,3191.38,cash_on_delivery,2026-02-13T08:53:42
62599259-6d06-4880-9510-55659b6e5aa3,CUST000783,Sports & Outdoors,4,1760.86,7043.44,cash_on_delivery,2026-06-29T11:49:11
35692680-b678-45ed-a68a-d7c0ffb30e19,CUST000497,Groceries,4,1256.27,5025.08,wallet,2026-07-23T23:03:45
d5accd2a-70e9-4067-9567-47286d673491,CUST000127,Beauty & Personal Care,4,837.23,3348.92,debit_card,2026-04-28T10:59:58
70230400-9524-4f1f-825b-a573ec647dd3,CUST000754,Books,3,1853.36,5560.08,cash_on_delivery,2026-07-25T16:59:55
cd68a3c1-4806-43a5-897e-50348df42590,CUST000221,Fashion,3,53.17,159.51,credit_card,2026-07-03T21:13:52
eac427a2-8b05-4b37-a76e-7d1cd7b158e1,CUST000624,Home & Kitchen,1,494.24,494.24,wallet,2026-06-08T11:25:37
0986ca3f-e7a2-4a39-bf5d-99e75c343e03,CUST000743,Electronics,4,1910.11,7640.44,upi,2026-07-12T14:38:57
3dc879c2-48b5-43a2-a2c9-3ec208901ea3,CUST000728,Home & Kitchen,2,709.25,1418.5,debit_card,2026-04-30T19:30:00
e6cef833-0d45-42f7-a412-d94dcf6e8380,CUST000120,Beauty & Personal Care,2,1969.5,3939.0,wallet,2026-06-17T04:53:51
ccadb96e-a30e-4f62-87fe-0034ffc87d40,CUST000438,Toys,N/A,1248.95,6244.75,cash_on_delivery,2026-05-05T04:16:00
fa877e9f-ed45-4c96-92ed-db24bc9c71a7,CUST000087,Sports & Outdoors,4,1692.37,6769.48,cash_on_delivery,2026-08-07T05:13:01
f14a7d49-5fe8-4cc4-9b2f-a04aeca3aa3b,CUST000136,Toys,2,1451.24,2902.48,cash_on_delivery,2026-06-19T18:38:17
f7e77ff0-09d3-48b0-93d4-3960b200e9b7,CUST000705,Home & Kitchen,5,550.54,2752.7,cash_on_delivery,2026-04-05T11:53:46
5ed66ace-f1ab-45d0-87b0-8784b0118165,CUST000463,Fashion,4,589.84,2359.36,upi,2026-07-02T17:07:41
e76fef6c-a43d-4541-bae8-d31487bc99b1,CUST000650,Beauty & Personal Care,3,254.71,764.13,wallet,2026-07-09T00:21:40
0b3c96f6-2520-45b0-9556-a9d3d8dfbf77,CUST000081,Beauty & Personal Care,3,1813.11,5439.33,credit_card,2026-05-31T10:48:19
10feee93-7878-47d4-b554-0bf4616be344,CUST000239,Electronics,2,276.9,553.8,upi,2026-05-04T06:21:30
392a1389-8223-4547-86b8-bd591dcd14fd,CUST000729,Beauty & Personal Care,2,1830.14,3660.28,debit_card,2026-07-24T17:15:48
41dd1d36-c621-40f7-accb-5effe7c89fe5,CUST000015,Sports & Outdoors,5,485.64,2428.2,credit_card,2026-05-28T16:53:20
17284175-c700-496b-9869-35dc1b3292d3,CUST000168,Groceries,3,494.4,1483.2,credit_card,2026-07-21T21:31:27
9ad76782-e221-4339-a5d4-855980966f62,CUST000593,Sports & Outdoors,5,707.65,3538.25,wallet,2026-05-22T01:42:22
178472f9-0da5-4c50-9c9b-9553de743e9a,CUST000157,Groceries,1,792.97,792.97,credit_card,2026-05-30T01:12:47
cf8c0a09-0b4f-4136-8776-e96af4f051e5,CUST000726,Electronics,1,546.64,546.64,cash_on_delivery,2026-06-15T16:47:24
1cc0d9d3-a5ec-4cc8-bfa4-17ce0a7dc3b9,CUST000640,Electronics,1,1942.43,1942.43,cash_on_delivery,2026-06-07T01:50:56
b8d33a6a-44aa-429f-b130-b9baa2524fd5,CUST000515,Home & Kitchen,1,838.77,838.77,cash_on_delivery,2026-04-18T17:49:19
73c4ee7b-56da-4c00-ac66-e853c0421c98,CUST000602,Books,5,1744.67,8723.35,cash_on_delivery,2026-06-02T10:55:50
3c5236f1-374d-4c57-b984-eb6d9fc32b54,CUST000754,Home & Kitchen,4,590.73,2362.92,wallet,2026-05-09T20:13:46
978bf1c2-707b-460b-8dc5-6aa641b480a4,CUST000079,Toys,1,230.8,230.8,debit_card,2026-04-20T16:38:07
01843226-3440-4bf8-928e-0ed359fc8468,CUST000769,Books,4,1006.21,4024.84,debit_card,2026-06-26T04:18:27
2552a89a-47d9-4b4f-aa95-4cfc9ee28ab4,CUST000071,Beauty & Personal Care,5,219.39,1096.95,upi,2026-02-26T23:25:01
2d8349df-5819-47b9-826c-ce6a671546b5,CUST000781,Sports & Outdoors,4,1631.51,6526.04,wallet,2026-03-19T11:07:09
3e00764c-8568-4a7b-b2b9-765f843fb2be,CUST000752,Electronics,2,1981.4,3962.8,cash_on_delivery,2026-05-13T09:16:24
7c1197dd-12af-4f49-9256-54eb6538f1ae,CUST000361,Home & Kitchen,5,1311.59,6557.95,debit_card,2026-06-08T02:26:36
e55b329e-16ae-400e-8c9c-9c9b25c676ee,CUST000025,Toys,2,1810.39,3620.78,debit_card,2026-06-23T00:48:46
ce6c028a-9554-4e17-8c2c-ac48bd90ed38,CUST000364,Groceries,5,16.21,81.05,wallet,2026-04-15T07:08:11
996140cf-1e3a-434d-a8f0-18faa7251205,CUST000113,Books,5,734.35,3671.75,credit_card,2026-02-20T18:48:38
4328ea7b-e64e-409d-928d-b628a3bcf412,CUST000591,Electronics,4,1290.03,5160.12,wallet,2026-07-22T22:30:04
59c597a3-1df1-4d58-b296-361035f4dbbe,CUST000414,Books,2,1567.64,3135.28,cash_on_delivery,2026-03-14T05:08:41
80fb8291-e625-42f2-aaed-00dd5984c72e,CUST000735,Home & Kitchen,2,31.11,62.22,cash_on_delivery,2026-02-17T00:24:03
8e62741d-bc41-4a73-8067-1e9d12b1ad03,CUST000415,Sports & Outdoors,2,1091.28,2182.56,cash_on_delivery,2026-05-08T01:48:55
4e403c20-9478-41f8-b807-c0e117f50931,CUST000649,Home & Kitchen,3,1509.99,4529.97,upi,2026-02-16T14:11:01
f1e3af7e-d4df-4454-9739-114ea822b6d3,CUST000082,Fashion,1,929.88,929.88,cash_on_delivery,2026-04-03T06:11:14
ce49e842-8e2d-4d43-813b-24ab8a3722c1,CUST000780,Beauty & Personal Care,1,1847.34,1847.34,cash_on_delivery,2026-07-14T11:15:48
ed2170c4-9c95-42d3-b8a5-6dc0f6edcbf5,CUST000770,,1,525.3,525.3,wallet,2026-04-13T17:31:55
41ecd809-b023-43ea-b842-f0e2c97253a2,CUST000043,Fashion,2,809.54,1619.08,upi,2026-07-26T12:07:49
0f128130-5e10-48e2-a5df-451755be5d33,CUST000510,Beauty & Personal Care,4,963.4,3853.6,upi,2026-03-06T05:39:29
4bfe083c-def9-4675-88e5-fd4003c47c56,CUST000353,Sports & Outdoors,3,1170.77,3512.31,credit_card,2026-04-25T19:23:11
8f2e62b7-e491-4a49-a8f1-e65df7925395,CUST000642,Beauty & Personal Care,1,698.97,698.97,wallet,2026-03-10T07:48:45
c99dd916-3ebe-4380-a761-c6e9f0bb2783,CUST000167,Sports & Outdoors,2,517.27,1034.54,credit_card,2026-03-27T20:33:38
5b9ee68a-90eb-4f62-b44e-481fbba5a1da,CUST000689,Toys,4,340.27,1361.08,credit_card,2026-07-23T01:49:33
7230d95c-0d89-42a8-84c2-14ef72f9cdd3,CUST000752,Toys,2,1935.69,3871.38,upi,2026-06-16T07:15:27
f86e03f8-31e2-441b-90ce-68b83ed3acdf,CUST000559,Fashion,5,242.12,1210.6,cash_on_delivery,2026-08-06T17:01:43
37dc7e88-2f93-4478-96d5-0ee3f086bad0,CUST000461,Toys,4,1802.83,7211.32,debit_card,2026-06-26T08:26:51
2be49916-78e3-4af1-b52c-192fe80f18b7,CUST000153,Home & Kitchen,5,358.96,1794.8,wallet,2026-04-18T22:10:16
b530d9f2-6ed1-4851-9b98-8a20d9845263,CUST000443,Home & Kitchen,5,1588.32,7941.6,upi,2026-04-12T12:47:22
5ae8e5af-ea4a-45eb-8eea-8edd88d80de5,CUST000191,Toys,4,94.01,376.04,cash_on_delivery,2026-03-26T23:02:32
2946c114-e207-4421-a6ce-ff53bbde3e6e,CUST000770,,3,549.66,1648.98,upi,2026-03-04T20:14:50
1a3657bf-4183-47c1-8dfd-96121af77833,CUST000215,Home & Kitchen,3,7.79,23.37,wallet,2026-07-22T00:35:19
2f8dc70c-0f2c-4624-8987-ea8ce1656bc1,CUST000300,Toys,4,284.01,1136.04,upi,2026-03-28T11:22:31
334769eb-91c6-419a-abfc-a7312704af1a,CUST000731,Beauty & Personal Care,1,1950.69,1950.69,upi,2026-02-16T01:39:52
b3421039-0e1d-404a-8966-f2dfd0233adf,CUST000574,Groceries,3,488.42,1465.26,cash_on_delivery,2026-03-31T10:32:59
318d7a32-76bf-4b3d-b3e2-97fb728806d5,CUST000405,Sports & Outdoors,1,475.38,475.38,upi,2026-04-20T15:09:42
2f790caa-844a-4d4c-b6fc-08f5fcc84a94,CUST000085,Books,2,1056.26,2112.52,credit_card,2026-03-22T16:22:32
6b64bb28-e8d9-445c-b020-7321c7082295,CUST000151,Toys,2,191.91,383.82,cash_on_delivery,2026-07-30T14:38:30
f93b7456-d837-414b-ad87-ba3aab7b8ebf,CUST000018,Beauty & Personal Care,2,341.61,683.22,credit_card,2026-05-20T01:20:06
df903525-6b9a-4286-8f29-6f165d333ebb,CUST000613,Home & Kitchen,1,1417.61,1417.61,credit_card,2026-06-15T14:46:48
ba6fb5a2-1491-478f-8f3f-fb619401a4e3,CUST000004,Sports & Outdoors,2,496.12,992.24,cash_on_delivery,2026-06-30T11:56:04
bcccd2cd-b7e7-4500-9d9b-0080be97ef33,CUST000556,Sports & Outdoors,3,232.47,697.41,wallet,2026-05-07T13:01:47
977fe5e7-8ccc-4315-a751-db8563bf2f51,CUST000194,Electronics,2,1310.43,2620.86,debit_card,2026-07-10T17:33:34
9c120749-22d0-4f60-885b-659ab7a606e8,CUST000479,Sports & Outdoors,4,858.2,3432.8,cash_on_delivery,2026-02-17T08:36:31
7b959dcb-7b66-42a3-9a79-3271e60f905c,CUST000223,Electronics,3,307.51,922.53,upi,2026-07-09T14:38:41
df456ae6-d78e-4800-b6bc-2b2b2550f653,CUST000608,Home & Kitchen,5,1644.77,8223.85,cash_on_delivery,2026-03-10T23:15:23
b4645718-2654-42f2-9f54-ca81b5567c1b,CUST000543,Electronics,2,610.17,1220.34,upi,2026-04-27T02:04:20
aa9ec411-27ac-417f-a4f4-41b024cd3298,CUST000140,Books,5,402.92,2014.6,debit_card,2026-06-04T03:02:17
11c37916-3c6b-4af3-968c-cc6ae37dee4c,CUST000460,Home & Kitchen,3,1611.92,4835.76,wallet,2026-07-27T12:13:17
ec8f7acc-e0ff-42fc-a708-d3c58106c770,CUST000248,Toys,1,805.97,805.97,cash_on_delivery,2026-03-13T10:36:36
41c195c8-cafe-4f78-9a15-588c23142eff,CUST000371,Sports & Outdoors,4,1168.98,4675.92,cash_on_delivery,2026-04-14T15:56:09
dd424e6d-db19-41b9-a7a4-4daea7484473,CUST000473,Toys,3,720.69,2162.07,cash_on_delivery,2026-04-08T12:42:04
a9fd74e4-5d88-4275-9456-8826d0b9cbb7,CUST000364,Fashion,1,1558.98,1558.98,credit_card,2026-05-22T01:08:12
4569c149-5298-4416-8b0a-30b552763f12,CUST000689,Toys,3,282.66,847.98,debit_card,2026-03-11T09:45:17
eb73f61c-5d30-4683-ac29-bdc60dcfc851,CUST000408,Home & Kitchen,3,1994.5,5983.5,wallet,2026-03-26T03:03:07
81ff109e-d74a-478b-928a-abeccbae88cc,CUST000107,Sports & Outdoors,2,1035.32,2070.64,upi,2026-08-06T06:34:05
234c5c3b-8b71-40e2-98a1-a9a9124f9297,CUST000451,Fashion,4,1128.59,4514.36,cash_on_delivery,2026-07-05T08:48:49
7c2fdc57-08e5-440d-bc4c-97ff2bdee275,CUST000686,Sports & Outdoors,2,63.37,126.74,upi,2026-08-03T09:34:14
ddcf1acb-89e7-46fa-8b60-4e51d24723dc,CUST000084,Toys,4,1747.52,6990.08,upi,2026-05-11T22:37:37
e94f5282-e311-4048-95b8-635c49fa6ca4,CUST000661,Home & Kitchen,1,1732.58,1732.58,wallet,2026-07-23T08:15:52
bafa47b2-a16d-4d61-8b10-3bb84c358d58,CUST000641,Books,4,811.45,3245.8,credit_card,2026-07-29T08:00:35
3ecfdbfa-96aa-4341-b596-c9d759a2349d,CUST000254,Books,5,1394.48,6972.4,cash_on_delivery,2026-06-17T09:00:48
93b92a52-e642-4fe0-b301-0fa110611c24,CUST000602,Sports & Outdoors,1,1664.95,1664.95,credit_card,2026-05-13T22:16:29
80b8b081-73a6-4b91-8366-40f291702853,CUST000548,Electronics,5,1147.51,5737.55,upi,2026-04-06T09:47:08
4e1f28d7-3ddb-4bd7-8f44-eb9d821050aa,CUST000307,Sports & Outdoors,2,778.56,1557.12,upi,2026-07-25T10:54:28
ffdb8cfa-7a3c-4c17-8271-656288bd2fd9,,Toys,4,704.43,2817.72,upi,2026-04-03T00:04:58
ff3556a5-0444-45b2-b2bd-593a6d06af07,CUST000573,Groceries,2,27.54,55.08,upi,2026-06-30T04:25:40
57b16e08-9c17-4cae-a0a1-f8cb26f03f0f,CUST000674,Books,1,1569.2,1569.2,wallet,2026-03-09T07:09:55
6eb9b2f4-4472-4fdc-81a2-b70cfc937fce,CUST000343,Electronics,3,1031.9,3095.7,credit_card,2026-02-20T10:02:19
178a2df4-4d74-4b46-a6d1-c97180ca0fe6,CUST000790,Beauty & Personal Care,1,627.55,627.55,upi,2026-02-13T10:41:31
3580b9f8-1eeb-4dcb-a54d-8973adf04e02,CUST000507,Fashion,3,1832.11,5496.33,debit_card,2026-06-08T22:51:52
7d0995d7-1fef-4844-89b2-a54500ca9deb,CUST000094,Sports & Outdoors,3,1390.13,4170.39,wallet,2026-07-13T08:31:21
1046795c-5c49-4428-9010-31d57852599d,CUST000572,Beauty & Personal Care,3,847.14,2541.42,debit_card,2026-06-28T17:10:15
4ae7ff79-cac9-414d-90ba-0fba682d9ad5,CUST000239,Groceries,2,1372.29,2744.58,credit_card,2026-05-18T20:59:19
c17a604a-cf30-4442-862a-72a78333ce65,CUST000469,Sports & Outdoors,4,1887.76,7551.04,debit_card,2026-03-09T15:55:05
7ba40157-ac51-4d33-b020-5aad0bca5f1f,CUST000145,Beauty & Personal Care,3,385.56,1156.68,wallet,2026-03-02T14:07:10
55a3b3b9-4d94-4663-a6db-cef8da98a1f2,CUST000676,Groceries,3,832.15,2496.45,credit_card,2026-07-30T13:17:41
8d0c2f79-73c7-4cea-b965-276eb477a9cd,CUST000296,Fashion,4,1730.46,6921.84,wallet,2026-02-15T08:31:46
3b925d04-46a2-4687-a8c3-5ba17d5b4d9e,CUST000461,Toys,2,1077.77,2155.54,debit_card,2026-04-06T21:21:15
b0608645-e9be-4eb3-89e4-3d951ae2cfb9,CUST000249,Electronics,3,1366.69,4100.07,cash_on_delivery,2026-05-28T12:53:18
b60b32c6-9f1b-4f55-98ad-c722825b454f,CUST000068,Home & Kitchen,3,179.05,537.15,cash_on_delivery,2026-06-06T07:11:20
0c58ab87-2591-4217-97d7-983dd704cac5,CUST000156,Fashion,4,1477.03,5908.12,cash_on_delivery,2026-02-21T00:37:17
f9a1c3c3-17fe-4d23-9b31-007820f4bdf8,CUST000772,Fashion,1,133.98,133.98,cash_on_delivery,2026-06-18T01:52:34
bb6aac56-e592-4b85-8284-98a56aa7b8be,CUST000454,Home & Kitchen,5,1149.97,5749.85,upi,2026-07-25T01:59:01
b94a6c68-29d1-43c4-b29d-76efb1e12a30,CUST000432,Beauty & Personal Care,3,413.73,1241.19,cash_on_delivery,2026-06-22T06:45:24
6cc4e2a7-6788-4d1e-9a4a-fba720d20275,CUST000022,Groceries,4,398.55,-1594.2,cash_on_delivery,2026-04-25T01:46:41
7be43461-f888-427f-8779-151a8531304f,CUST000070,Sports & Outdoors,4,382.76,1531.04,cash_on_delivery,2026-06-04T01:44:20
4d6485c1-57d6-4cb8-a558-d2c033ad1823,CUST000253,Fashion,1,1882.21,1882.21,upi,2026-03-27T05:38:02
dbfdc076-df1d-42b1-9a75-8c1a880cbf55,CUST000753,Electronics,4,1108.69,4434.76,wallet,2026-03-26T13:42:06
00cf8a41-b0e8-4976-ab12-ea2f62ecd1fb,CUST000770,Groceries,5,6.95,34.75,cash_on_delivery,2026-04-16T08:24:36
a603a080-1232-498c-8a24-96f7d2168e93,CUST000692,Fashion,1,414.35,414.35,cash_on_delivery,2026-03-07T21:21:28
f3f1c1d8-1b46-4bb3-820e-0242212a8ec9,CUST000650,Home & Kitchen,2,1363.94,2727.88,upi,2026-06-25T12:10:11
93279e93-98ad-493f-b6b3-e3145ef48d8d,CUST000061,Electronics,5,1522.18,7610.9,credit_card,2026-08-03T10:00:40
e83b99bc-1e98-4004-9f62-7108d2a7e122,CUST000675,Toys,5,36.38,181.9,wallet,2026-06-10T23:56:52
9c10e6ac-c952-4cf9-955a-4c60690e1b94,CUST000343,Sports & Outdoors,5,343.08,1715.4,upi,2026-05-08T00:06:09
a050a35c-3398-4947-b5f7-70929d377df1,CUST000318,Fashion,3,299.08,897.24,wallet,2026-07-07T08:02:09
8fe2de4a-a622-47bc-b98d-dbc54b7581dc,CUST000362,Books,5,1504.5,7522.5,cash_on_delivery,2026-06-18T18:01:18
64fc2571-e1eb-42b9-aa41-f8e4af9b5cd7,CUST000054,Electronics,2,1152.58,2305.16,credit_card,2026-04-25T05:00:46
a7a71495-a3fb-4635-a582-69fa7d0728b6,CUST000417,Electronics,3,1364.42,4093.26,wallet,2026-05-17T18:30:10
44cdcda8-7b5c-4337-af5e-36e51fd91fdc,CUST000517,Toys,2,1438.49,2876.98,debit_card,2026-04-18T18:35:26
319e2532-7677-4fbe-9953-53346a08d896,CUST000248,Beauty & Personal Care,2,1291.9,2583.8,cash_on_delivery,2026-05-29T13:37:35
71701cb5-b280-4dd1-aa12-66ff0e1a21f8,CUST000284,Groceries,4,1634.37,6537.48,upi,2026-05-17T00:19:05
be8db049-09e8-4627-84fd-63fb10d56095,CUST000479,Fashion,2,593.33,1186.66,cash_on_delivery,2026-03-25T22:07:59
81eb3a14-e195-41aa-af0c-53ea195c0fea,CUST000651,Electronics,4,1069.93,4279.72,wallet,2026-04-16T08:08:59
53845775-dcf6-43d1-8252-7a1ab55c2b6a,CUST000578,Sports & Outdoors,4,1225.7,4902.8,debit_card,2026-03-08T21:00:32
ef892e18-2846-4441-8da6-b3f35bb33e1d,CUST000449,Toys,4,1377.29,5509.16,debit_card,2026-02-23T13:54:47
f087f0d9-27d1-4572-801c-2f76d4f43660,CUST000285,Beauty & Personal Care,3,512.51,1537.53,upi,2026-03-01T14:16:34
ed6981b2-d8f4-4aa8-aaa3-a261d7e0e9bb,CUST000264,Books,1,1883.45,1883.45,credit_card,2026-06-08T00:26:51
70ea460d-4656-430b-9eb8-86101587f745,CUST000633,Groceries,3,1978.67,5936.01,upi,2026-04-26T16:55:50
86ef7bdd-653b-4a3f-80e7-8328d6cd0173,CUST000111,Groceries,5,488.7,2443.5,debit_card,2026-05-02T09:30:41
c0c6d516-82e3-48a6-b645-197e0a0ab342,CUST000763,Toys,4,1451.35,5805.4,cash_on_delivery,2026-04-26T06:55:26
3fad86be-1957-452d-9b5e-ea68bde50201,CUST000717,Beauty & Personal Care,2,785.23,1570.46,cash_on_delivery,2026-05-31T12:29:31
6aa02fd9-617b-4efd-8859-6077e4e43817,CUST000699,Beauty & Personal Care,4,1750.63,7002.52,cash_on_delivery,2026-06-24T04:28:12
e881c1e6-bb07-4499-b7c0-7ba6f0388e55,CUST000432,Sports & Outdoors,1,1324.86,1324.86,wallet,2026-07-25T14:44:20
3f4c6ea4-60fb-4858-89b9-511e781ff046,CUST000383,Beauty & Personal Care,2,430.96,861.92,cash_on_delivery,2026-04-21T12:42:51
cf317eff-f5b2-4314-9fca-92685be07473,CUST000179,Books,5,1654.84,8274.2,upi,2026-05-24T06:57:58
0cba4631-4fb2-476e-ae99-c5949616aaa1,CUST000358,Home & Kitchen,3,456.48,1369.44,debit_card,2026-05-21T03:48:13
7865d663-41b6-4df1-a347-e07170001742,CUST000671,Sports & Outdoors,2,921.67,1843.34,upi,2026-03-10T03:29:32
7f0e9ecd-b7f1-4527-9719-efe701115b8a,CUST000438,Beauty & Personal Care,4,276.53,1106.12,cash_on_delivery,2026-06-22T16:49:00
6f53b8a2-29e9-4642-822e-0148bdb75a0a,CUST000379,Sports & Outdoors,5,830.79,4153.95,debit_card,2026-04-30T12:01:21
dbfd644b-5529-454b-9ff1-59a177479acc,CUST000721,Electronics,5,486.27,2431.35,upi,2026-03-08T08:10:24
73bc390e-4057-4b0b-8bd1-ef700fe7ca2a,CUST000247,Books,4,389.36,1557.44,credit_card,2026-02-12T05:01:33
13542982-dad1-4fe5-be0d-b85ec0b9f9d9,CUST000421,Toys,3,96.71,290.13,upi,2026-05-09T05:15:16
0da0d1cd-3cb0-4863-a45c-25cda12f8a8b,CUST000524,Home & Kitchen,3,678.86,2036.58,cash_on_delivery,2026-03-10T11:31:46
5a1afef4-2cb8-46fc-8e24-f5c5bd1d6e4a,CUST000564,Fashion,1,1225.84,1225.84,credit_card,2026-06-18T16:59:27
b51b7ec7-0173-4d2e-878e-3e2652285c14,CUST000158,Toys,5,1798.93,8994.65,upi,2026-06-04T02:44:51
024c9071-f737-4233-8233-9cf198a47045,CUST000334,Fashion,4,1838.64,7354.56,upi,2026-07-28T18:02:37
87c5f1fa-c937-46a3-845e-3c52a8f3e594,CUST000654,Groceries,1,1450.09,1450.09,wallet,2026-03-29T02:28:31
e0b8a8c9-0a54-47be-b8e9-9daddd496c93,CUST000499,Home & Kitchen,5,952.37,4761.85,credit_card,2026-06-08T19:45:35
8184e7c1-e2bb-480a-ae70-00862ee66da5,CUST000200,Toys,2,725.18,1450.36,credit_card,2026-07-14T04:38:22
faed088f-20fa-40e2-8e7d-1c1502c109da,CUST000727,Home & Kitchen,3,50.06,150.18,credit_card,2026-05-17T22:01:39
4599c70e-a8e1-4b90-8c40-11cb1d92c1f4,CUST000026,Toys,4,436.29,1745.16,credit_card,2026-04-01T15:20:22
848c2ce6-2f77-4176-a3f9-084677c5a381,CUST000295,Fashion,2,239.52,479.04,debit_card,2026-03-21T23:54:42
140c6b39-2d7c-47e0-bcdf-9577a5ceb2e1,CUST000720,Electronics,1,1721.46,1721.46,cash_on_delivery,2026-03-29T17:09:07
77bc5764-bcf1-4b37-933a-09302914112f,CUST000092,Sports & Outdoors,3,1863.47,5590.41,debit_card,2026-05-18T00:48:50
6c6df567-9424-4c67-9f12-90719e65534b,CUST000609,Fashion,2,1107.94,2215.88,upi,2026-02-23T08:25:04
b2b0bead-1139-4c93-9e2d-2d14566c0858,CUST000734,Toys,2,205.59,411.18,credit_card,2026-03-24T19:53:58
bfbacfcb-3ab3-4682-a40e-7ff0f683b238,CUST000173,Home & Kitchen,3,452.92,1358.76,upi,2026-02-13T22:44:07
b91ba17e-93d1-4ad5-8f74-ff878593b1c8,CUST000325,Books,5,365.44,1827.2,wallet,2026-06-21T13:30:03
da209d1b-13e6-4722-8991-45edd9486398,CUST000547,Sports & Outdoors,2,227.79,455.58,cash_on_delivery,2026-06-25T00:56:46
99760b43-42fd-4676-8c01-c1265905d928,CUST000424,Sports & Outdoors,4,367.87,1471.48,wallet,2026-04-15T02:06:57
9b9e223f-814a-4ea5-8b6f-7363ef539fac,CUST000116,Books,3,516.9,1550.7,credit_card,2026-07-02T04:26:06
7f59f911-e3f8-471f-b12d-923927d86ab7,CUST000323,Electronics,3,786.76,2360.28,credit_card,2026-08-04T03:47:51
ceee22a1-afdd-4f6f-93ca-3a0b99cac051,CUST000614,Books,4,1815.14,7260.56,credit_card,2026-03-06T18:17:45
46f49098-cd35-4d97-8991-8a1ae0a1b5ab,CUST000517,Books,1,1711.77,1711.77,upi,2026-05-03T20:43:32
6d42b772-f519-4a13-b8f9-9edb19d26453,CUST000370,Books,2,1957.23,3914.46,credit_card,2026-04-17T12:26:19
13ee2d47-acb0-4a1c-ab07-4428ddac7c31,CUST000306,Groceries,4,1125.86,4503.44,debit_card,2026-06-05T13:39:33
6f34e15d-ac7d-40a2-ad6a-99c0b50dcbb2,CUST000753,Beauty & Personal Care,5,150.75,753.75,credit_card,2026-07-10T21:00:30
c724ac84-5742-4b2a-b3cc-5cbc74f8b285,CUST000471,Fashion,5,1671.33,8356.65,cash_on_delivery,2026-05-29T04:09:04
6d54212a-8295-4d2d-8ce3-752b2be17c94,CUST000722,Groceries,4,891.19,3564.76,wallet,2026-07-16T07:08:20
ba423524-157e-4e3b-817b-40bbbc12ceb5,CUST000764,Books,1,27.33,27.33,wallet,2026-04-13T10:08:42
949a6ce5-58fd-4987-83c1-644ad42ade1c,CUST000008,Toys,4,1894.18,7576.72,upi,2026-05-05T14:03:00
0d7c38b3-6cce-458f-8638-0ed92083dcf5,CUST000225,Toys,1,367.67,367.67,upi,2026-05-15T12:20:21
94f03ecf-baae-4be3-81e5-e1251a7e1327,CUST000176,Beauty & Personal Care,2,618.52,1237.04,debit_card,2026-03-03T13:00:45
4997d497-841b-48bc-8b7c-bb36f02ab86d,CUST000387,Sports & Outdoors,4,639.31,2557.24,debit_card,2026-05-19T13:11:25
c0555ae6-334c-4a6e-82df-a342479b4a10,CUST000770,Electronics,3,925.1,2775.3,debit_card,2026-08-02T17:49:34
683e5c1f-e162-49c6-b49e-cbee7f921aac,CUST000400,Fashion,4,121.07,484.28,debit_card,2026-04-28T16:06:10
d4127e40-a63d-4570-b38c-37f925c16950,CUST000646,Electronics,5,1626.22,8131.1,cash_on_delivery,2026-04-20T11:31:01
32c982e5-1379-490c-a57c-b83c95ec3996,CUST000145,Home & Kitchen,5,1428.49,7142.45,cash_on_delivery,2026-04-08T09:25:00
61c390d6-ea8a-4d8e-9910-d70baa1c7f50,CUST000529,Books,2,1184.69,2369.38,debit_card,2026-04-21T14:28:03
f6378e2e-d681-4769-ad2c-1343fa9b541a,CUST000624,Books,2,770.54,1541.08,upi,2026-02-24T03:13:19
8982494e-94e6-4577-b271-3aa1f2e07f05,CUST000665,Electronics,3,1746.72,5240.16,upi,2026-04-20T04:07:53
6aba2a51-bbb8-4dd2-bc84-54437a686d2a,CUST000433,Books,5,169.44,847.2,wallet,2026-02-22T23:37:39
8d48d414-6f8f-47ef-b7cb-a334786ba9a0,CUST000428,Fashion,2,1521.88,3043.76,upi,2026-07-09T03:40:43
1f359794-cb4a-4021-9ea4-5042f13bc162,CUST000222,Toys,4,910.21,3640.84,credit_card,2026-03-28T22:32:45
2f6a597e-a04d-4d93-a25c-1d70a3efb9fb,CUST000116,Beauty & Personal Care,3,1551.35,4654.05,wallet,2026-06-13T13:44:35
09ba25f8-8dd2-4d71-9e62-207f0aba8f1d,CUST000459,Beauty & Personal Care,1,1102.15,1102.15,upi,2026-05-29T11:09:09
7784eeb0-ee43-4238-9139-6f1a05f29327,CUST000367,Toys,5,209.45,1047.25,debit_card,2026-05-13T17:04:29
17423f2a-c67f-4296-9942-52de1ddebfa7,CUST000659,Sports & Outdoors,4,1666.48,6665.92,upi,2026-04-18T13:06:48
9e0a644d-10e2-44eb-a0e4-52f14c952a80,CUST000764,Home & Kitchen,1,1013.79,1013.79,wallet,2026-08-05T23:59:42
5f1124d7-cda2-4827-be79-56963820f1b0,CUST000748,Home & Kitchen,4,750.71,3002.84,upi,2026-06-30T04:07:26
99ea8d13-39e6-4d46-9e9d-ff86a27d9b2b,CUST000593,Groceries,4,1438.69,5754.76,cash_on_delivery,2026-02-11T11:14:44
00a58ec4-3eae-4408-8ea7-3cd839464d78,,Groceries,5,1783.42,8917.1,upi,2026-05-02T20:37:15
47a8f240-5935-4e41-affb-9217d17c1828,CUST000525,Groceries,2,1561.14,3122.28,credit_card,2026-06-23T19:08:25
18d3b0c6-95eb-42ef-99ac-0164a0ba443c,CUST000777,Groceries,3,9.38,28.14,upi,2026-04-28T22:53:04
6b6f105b-8fa2-4867-b17c-45af7b2a400b,CUST000121,Groceries,5,1615.17,8075.85,cash_on_delivery,2026-06-30T11:05:20
ec4c6dea-2c1a-407f-9ef7-eb378892ae21,CUST000599,Toys,5,931.22,4656.1,credit_card,2026-07-30T06:59:36
6035d67b-46bc-4f13-b064-79d620e9d870,CUST000234,Books,4,965.36,3861.44,debit_card,2026-05-30T08:08:11
b08bc9f6-8e11-43f1-9745-e531d0da8fb9,CUST000405,Home & Kitchen,5,711.67,3558.35,debit_card,2026-03-09T07:26:58
833ba9e0-bd3f-463c-9527-2f7899199689,CUST000248,Sports & Outdoors,4,93.26,373.04,upi,2026-03-30T07:35:32
47d610aa-49e9-4318-b19a-81baa0b4536a,CUST000424,Groceries,4,13.29,53.16,credit_card,2026-06-20T17:23:07
50db4755-c8ca-4c5e-aa2f-b4c2bd68627e,CUST000635,Home & Kitchen,2,1984.29,3968.58,debit_card,2026-02-21T04:44:44
21656751-4d7f-4fc6-bf41-bc18d3c41634,CUST000439,Home & Kitchen,1,1408.88,1408.88,debit_card,2026-05-20T10:22:57
269b738c-fa33-4643-8289-01eba1f53ed7,CUST000383,Fashion,2,1157.13,2314.26,upi,2026-07-08T00:47:04
71c43db8-4333-4d53-bc77-647a2cd967e1,CUST000617,Fashion,3,1994.7,5984.1,cash_on_delivery,2026-03-01T11:03:24
25b829cb-787e-4a50-a958-b360c6bdcefc,CUST000099,Fashion,5,650.22,3251.1,credit_card,2026-06-19T04:01:10
053029c0-be02-4483-971d-677571aef4b5,CUST000008,Sports & Outdoors,5,92.81,464.05,credit_card,2026-02-21T06:34:34
73d4fbfc-1fc6-4b09-9d17-18f82c3b32aa,CUST000277,Books,5,776.39,3881.95,wallet,2026-07-15T01:57:44
4c8c62bc-2474-4121-9ef2-9ea36666539d,CUST000703,Beauty & Personal Care,2,812.84,1625.68,credit_card,2026-08-01T18:03:18
51e77f20-37ff-4b36-bad8-ea1bc23d8905,CUST000787,Home & Kitchen,1,1714.72,1714.72,wallet,2026-05-16T17:43:38
49d36624-5111-4cfc-9af2-c8d9b106474d,CUST000207,Groceries,5,1505.51,7527.55,debit_card,2026-03-03T19:19:57
7f8f4653-945c-455c-89c5-87914509bb45,CUST000473,Beauty & Personal Care,4,1447.94,5791.76,upi,2026-04-08T04:11:48
cf72ca31-26e8-4348-90e2-f58fbc46ee90,CUST000372,Groceries,1,644.78,644.78,wallet,2026-04-30T20:21:07
79ee7174-c3b9-4164-b37c-48161dc493b0,CUST000406,Groceries,4,896.94,3587.76,wallet,2026-04-06T09:34:07
2320e3ed-be9b-4412-b72d-d5be9fe03427,CUST000085,Electronics,4,206.76,827.04,debit_card,2026-02-19T01:11:39
a90a7b9e-0c56-4c4e-bed7-3ad1a23d6287,CUST000250,,4,340.79,1363.16,credit_card,2026-05-02T17:39:20
78724798-9d81-4454-a548-1f98cfce8ea4,CUST000669,Sports & Outdoors,5,1761.6,8808.0,debit_card,2026-03-22T04:17:15
8eb45b45-fcfc-4f90-aad7-9a9bfd4e7ec7,CUST000424,Books,3,204.83,614.49,wallet,2026-06-27T06:52:19
9eabb0d3-91d4-4194-a62f-b5e04bdfdd1c,CUST000481,Books,1,552.82,552.82,credit_card,2026-02-12T01:35:01
53a443bf-f902-4e1b-a36f-7d15afdd13af,CUST000446,Sports & Outdoors,2,879.03,1758.06,cash_on_delivery,2026-06-14T00:11:40
f9e820fd-12f6-4891-aba1-2baebc2f03aa,CUST000483,Sports & Outdoors,2,1534.85,3069.7,debit_card,2026-04-12T05:03:35
d9215caf-0c7c-4b9c-953d-1e1f93754722,CUST000450,Beauty & Personal Care,2,218.13,436.26,debit_card,2026-07-18T23:34:13
7ef07c9e-d2f3-4a47-8a83-5206d991f698,CUST000279,Toys,3,1320.52,3961.56,wallet,2026-03-02T07:19:37
de9f1f81-6808-4a9b-b1a7-e6d5101aaee5,CUST000544,Books,1,501.01,501.01,wallet,2026-08-08T17:20:15
a1f7ea85-d0e2-4a34-95cc-69a7398c7828,CUST000628,Beauty & Personal Care,4,1545.99,-6183.96,credit_card,2026-06-19T07:56:43
9b765d42-32e9-4aee-aeb2-38dce786a01a,CUST000754,Electronics,2,1529.28,3058.56,wallet,2026-06-26T14:25:40
1a1edfff-462d-4fca-ba9b-2f67678d24e7,CUST000130,Electronics,1,1269.92,1269.92,upi,2026-04-07T12:33:53
3c286fd3-2d05-41dd-a158-33f7e486bd43,CUST000308,Home & Kitchen,3,78.76,236.28,cash_on_delivery,2026-05-14T08:11:46
22c393b3-04d7-4e2a-8e4a-23b955fa4974,CUST000512,Toys,3,1002.12,3006.36,upi,2026-07-02T04:38:22
daada215-94c4-4439-af2e-a60a8c64bcd9,CUST000093,Fashion,4,290.95,1163.8,credit_card,2026-06-21T15:34:42
a3f5a51b-4671-4a91-bf0b-9e7a7cd83a72,CUST000425,Home & Kitchen,3,976.35,2929.05,debit_card,2026-05-13T13:51:28
c6559ba9-a55b-4fe0-884b-8a9f7a741894,CUST000542,Toys,1,1039.64,1039.64,credit_card,2026-04-30T16:00:32
fdb2aaf1-ff4f-4c33-a115-671d534ee094,CUST000310,Groceries,1,1390.04,1390.04,upi,2026-04-18T14:04:54
87d09961-3a76-4111-a8c0-684190d7623e,CUST000515,Beauty & Personal Care,2,610.3,1220.6,upi,2026-04-24T00:37:18
771f871f-8a69-47e3-9a6c-e2bb6daf4646,CUST000058,Sports & Outdoors,1,1746.79,1746.79,credit_card,2026-07-28T00:30:04
21d49b02-92eb-4654-b0ab-9dcbcb983c21,CUST000795,Toys,1,1105.42,1105.42,debit_card,2026-07-23T21:37:04
d4bdfc4a-1db8-418d-abcc-75d652337f95,CUST000281,Sports & Outdoors,5,1943.85,9719.25,debit_card,2026-03-05T12:11:51
7cc82584-7c65-4890-bfdb-836c5f981ef8,CUST000577,Electronics,1,818.6,818.6,wallet,2026-04-02T05:28:01
74e0d03c-7404-44ba-ba49-fb24e216acd8,CUST000151,Fashion,4,675.66,2702.64,wallet,2026-04-29T06:14:54
66f73784-e6d4-478c-92ea-d3ce477bd681,CUST000553,Sports & Outdoors,2,158.7,317.4,upi,2026-04-20T01:20:00
846cfaa7-da56-4900-8a77-18e58f974016,CUST000549,Electronics,4,1043.69,4174.76,cash_on_delivery,2026-04-08T08:27:41
fbc65c64-6d35-4d30-bc07-9d5891a707a0,CUST000413,Books,1,963.4,963.4,upi,2026-05-06T01:19:06
241aa271-5893-4684-a54a-918b7cc4b08b,CUST000413,Sports & Outdoors,3,1818.42,5455.26,wallet,2026-02-12T19:56:14
bc78a15d-35ea-4bef-98e6-304791d4bd04,CUST000379,Home & Kitchen,2,1073.59,2147.18,credit_card,2026-02-14T14:37:01
15cee647-ba5e-4328-bcb7-ee9574a8e6cd,CUST000747,Toys,4,61.41,245.64,credit_card,2026-07-28T01:14:19
c5d5b3ed-8dec-4844-a7d4-ab44ec863964,CUST000273,Electronics,2,1344.13,2688.26,debit_card,2026-07-07T01:55:35
9ddaffcb-1f68-4861-9bae-9e01feaaad49,CUST000465,Sports & Outdoors,1,580.38,580.38,cash_on_delivery,2026-08-04T23:30:42
98fc2bda-228c-45b8-aafa-29d69a4f2019,CUST000457,Electronics,3,1454.99,4364.97,wallet,2026-07-09T01:16:30
c1f49d19-070b-4136-ac62-759e10fdb00a,CUST000119,Sports & Outdoors,3,1465.05,4395.15,wallet,2026-05-29T10:17:26
217e06f0-27a1-42fa-a39d-2b800c4d4f1f,CUST000313,Fashion,2,1579.59,3159.18,cash_on_delivery,2026-08-01T07:49:01
84114014-542d-4ad0-9838-19fc502e52e3,CUST000625,Groceries,1,268.38,268.38,credit_card,2026-04-26T08:23:15
bbf639be-107a-4796-91b6-e3a87200d05c,CUST000736,Beauty & Personal Care,2,571.96,1143.92,debit_card,2026-05-26T08:55:52
3693ddfa-535e-4ab8-9f0b-8e7953c3d6c1,CUST000368,Books,4,758.55,3034.2,cash_on_delivery,2026-05-04T05:50:53
f2a7db2c-1557-47a7-9b23-f48fd20d3f07,CUST000540,Electronics,1,380.22,380.22,upi,2026-06-27T04:09:35
e9d03129-aaac-4a52-8a5f-70ebd27edee5,CUST000052,Groceries,5,438.27,2191.35,debit_card,2026-02-23T06:25:03
c60bba9a-594e-4bc8-9891-50d6325a92cd,CUST000754,Sports & Outdoors,5,164.91,824.55,cash_on_delivery,2026-05-18T18:14:58
39c826fd-6924-458c-86a5-4cb52a233155,CUST000080,Home & Kitchen,2,1905.87,3811.74,debit_card,2026-05-31T04:49:49
e6121485-f19f-4d6c-b804-bf57db3f180e,CUST000713,Electronics,5,1758.91,8794.55,cash_on_delivery,2026-07-25T11:12:10
39e17cc4-d613-44dc-b511-a892fef864ca,CUST000481,Books,3,618.92,1856.76,upi,2026-02-28T12:40:02
215ae2a5-7a8b-460a-8569-6a43047d55e6,CUST000335,Sports & Outdoors,4,1200.99,4803.96,cash_on_delivery,2026-02-17T10:59:25
bce5b07f-8618-4f8f-b3fb-27f6070d318c,CUST000138,Books,3,1837.94,5513.82,debit_card,2026-04-12T05:52:50
0cc3142a-5b6c-4011-8b12-76b686ee3e7a,CUST000554,Beauty & Personal Care,4,414.23,1656.92,cash_on_delivery,2026-03-13T03:23:07
7d327c91-9467-4cd9-8430-a525072197a8,CUST000435,Electronics,2,1210.41,2420.82,wallet,2026-05-01T00:49:37
45f9a426-d42a-4253-8397-4a242f94f53a,,Electronics,2,273.18,546.36,debit_card,2026-07-28T22:14:19
6762cea8-0e89-42c3-9a8d-bf71f6771055,CUST000651,Electronics,2,1239.66,2479.32,wallet,2026-07-04T18:12:23
f6a3e9cc-682a-4b0c-9206-47448f2eba9d,CUST000738,Electronics,2,1203.86,2407.72,wallet,2026-07-29T08:40:08
9ff90bcd-f18d-421d-8674-a6cd14278408,CUST000519,Books,1,937.29,937.29,wallet,2026-02-25T11:20:39
79b241bb-2083-4f3f-96ad-d6db7fbdfdb8,CUST000087,Electronics,4,1833.85,7335.4,upi,2026-06-20T22:14:01
d2818e13-b9e0-41ca-9542-17c12fe09d11,CUST000595,Sports & Outdoors,4,1880.18,7520.72,wallet,2026-07-28T16:29:37
52a65c4b-f92e-4401-9318-b89f4f026a7d,CUST000629,Beauty & Personal Care,4,729.85,2919.4,debit_card,2026-03-27T03:42:12
0b2c5112-f694-4fc8-b7c7-df0601a53800,CUST000074,Groceries,5,993.07,4965.35,wallet,2026-04-14T12:21:17
4165f15c-9fb9-4cfe-865e-6ff54af74c9a,CUST000456,Groceries,4,1460.97,5843.88,upi,2026-02-18T15:34:48
f723c248-02f2-478a-b203-40b1780ec7a5,CUST000053,Sports & Outdoors,3,1107.39,3322.17,debit_card,2026-04-26T08:30:38
1fea5c66-a931-4fff-b9fa-8e435e12ec77,CUST000247,Beauty & Personal Care,2,507.94,1015.88,wallet,2026-07-25T19:55:48
cf44fbd4-e368-4906-b927-f9a8deb7c345,CUST000300,Electronics,N/A,1249.26,4997.04,credit_card,2026-06-06T18:49:15
f4155c6f-dde4-4442-8230-e48ea8017117,CUST000679,Electronics,5,995.79,4978.95,debit_card,2026-03-31T04:15:57
4601cbd5-82f1-44fe-bd41-9368afa2cee5,CUST000268,Books,5,111.71,558.55,debit_card,2026-02-20T14:35:36
a50b13bb-1948-400c-acad-9e989cecd247,CUST000646,Home & Kitchen,1,1890.85,1890.85,cash_on_delivery,2026-02-24T15:33:34
a3c066b5-465e-45ed-9bfb-47c5b7e52047,CUST000519,Beauty & Personal Care,3,538.88,1616.64,upi,2026-07-19T19:24:45
d2a0da3d-2dfa-4e58-9fb3-4369cafe781d,CUST000412,Sports & Outdoors,4,1036.97,4147.88,debit_card,2026-03-09T16:01:56
e40baccf-bde3-43e4-a2da-9d9837a81c21,CUST000791,Toys,3,455.53,1366.59,upi,2026-04-24T09:49:17
cb073c28-528d-40e0-b2e4-241e5b0362a3,CUST000166,Books,3,1981.28,5943.84,wallet,2026-04-14T23:00:32
3a859d96-d331-4bbe-a6bb-d272d71d4196,CUST000524,Books,3,392.93,1178.79,wallet,2026-04-26T23:47:28
61c856c0-21a4-4122-8cbf-695ceb392488,CUST000532,Beauty & Personal Care,2,1520.99,3041.98,upi,2026-05-02T16:15:12
cd2f87e0-3a0b-4be7-8cfa-814451994850,CUST000095,Home & Kitchen,4,412.37,1649.48,wallet,2026-05-25T19:18:50
a333e903-f3a1-4d75-a81b-e19617f5dc2c,CUST000660,Beauty & Personal Care,2,818.24,1636.48,credit_card,2026-03-23T06:55:49
f15d07b3-51e0-493f-9e40-619ced174737,CUST000325,Toys,1,547.55,547.55,debit_card,2026-06-13T11:25:11
fcb2a9e1-aa4d-4fd3-a708-9bbb022d94ae,CUST000552,Sports & Outdoors,4,390.82,1563.28,debit_card,2026-04-18T14:32:59
6691c94a-fba0-4f6e-be7e-7504ce3f9b1f,CUST000272,Fashion,3,772.69,2318.07,credit_card,2026-03-02T01:00:06
e7cc4218-3573-4917-8bc1-65c74bab8157,CUST000428,Fashion,2,820.01,1640.02,credit_card,2026-04-18T10:38:05
aae43f23-0e3a-499f-9563-5a6da40b0010,CUST000755,Books,4,1740.42,6961.68,debit_card,2026-07-18T22:21:24
3452d6b4-39a5-467e-8587-bbb0d938507c,CUST000266,Fashion,1,610.63,610.63,wallet,2026-05-04T09:35:13
b8dd75cd-ab40-4d8e-a3a4-31f3cf9e7c6c,CUST000491,Beauty & Personal Care,2,500.24,1000.48,upi,2026-06-09T16:31:05
df622e58-25dd-4490-b5d6-cb94466ef098,CUST000674,Groceries,2,1624.39,3248.78,credit_card,2026-06-30T03:44:57
fc6c8b9a-5788-469c-ad58-e2bb3b88ddff,,Electronics,4,1303.56,5214.24,debit_card,2026-03-17T22:02:56
9d5fbd60-e328-4e09-9fd8-247880b996de,CUST000439,Sports & Outdoors,2,1583.2,3166.4,upi,2026-08-06T11:45:18
81fcadec-78fd-4b4d-a084-40eb33d544cf,CUST000334,Sports & Outdoors,2,777.8,1555.6,debit_card,2026-04-17T07:45:49
9bb90eaf-ce01-4ce6-aedf-15e95c88e7e3,CUST000081,Toys,5,272.5,1362.5,cash_on_delivery,2026-07-25T03:41:23
8fc7edb6-692b-4588-9a7a-1f1648a790c2,CUST000172,Books,4,1644.26,6577.04,cash_on_delivery,2026-06-08T00:03:52
e00fadca-e83a-496e-a5d5-a98e7841fda2,CUST000694,Sports & Outdoors,5,862.18,4310.9,credit_card,2026-03-11T22:40:47
d491aa82-967a-4a07-9b84-a92c74efa803,CUST000455,Books,3,726.95,2180.85,wallet,2026-02-27T10:00:13
293694b4-a8d8-40d2-9910-84fe23e8e59e,CUST000657,Beauty & Personal Care,1,1512.19,1512.19,credit_card,2026-06-17T09:45:39
75ab48b9-708a-4b1b-b8e0-bae27a2f1545,CUST000240,Fashion,4,342.11,1368.44,debit_card,2026-02-21T21:12:49
e8b581b2-ffdc-4d61-9405-4fccd2d69e31,CUST000060,Toys,5,1622.76,8113.8,credit_card,2026-05-01T21:27:09
196213ee-e554-453a-bc62-1bd8a92d5d4a,CUST000711,Home & Kitchen,2,1484.16,2968.32,credit_card,2026-05-20T22:42:54
41e9da77-abc2-4a02-a65f-5b3615b16d9f,CUST000149,Fashion,4,81.41,325.64,debit_card,2026-06-20T03:59:12
6b7f9841-1755-4ef1-adc6-ad10baf89e18,CUST000207,Books,5,990.24,4951.2,debit_card,2026-08-09T21:58:05
63f3aa35-3482-4af9-b5a6-6e58ec404155,CUST000008,Sports & Outdoors,3,1711.54,5134.62,wallet,2026-03-05T11:48:43
fa265854-58a3-48ae-8e65-3053e2d239f4,CUST000520,Beauty & Personal Care,1,1889.81,1889.81,debit_card,2026-02-23T06:07:17
caecb313-2cf7-4647-a347-080acec97cb3,CUST000109,Home & Kitchen,3,15.36,46.08,cash_on_delivery,2026-07-12T06:13:39
758b7bcd-c179-411d-9862-ee293039fa3d,CUST000636,Groceries,3,1967.92,5903.76,upi,2026-03-10T02:45:30
3c9e77f4-4c46-43de-bec0-e963f680c358,CUST000777,Sports & Outdoors,5,1642.93,8214.65,debit_card,2026-04-25T02:55:01
1797ec39-9f0a-40c1-a0d1-a2b994fd1b62,CUST000543,Books,5,1779.72,8898.6,wallet,2026-07-27T11:26:46
8d27646c-d548-4afb-b813-9810c84ecdf6,CUST000194,Books,3,1959.8,5879.4,upi,2026-07-20T20:24:46
c7952b6e-b59b-4da2-9bbe-3d2b12a1c071,CUST000599,Home & Kitchen,2,1877.88,3755.76,debit_card,2026-05-29T09:29:49
ae98e11d-85c2-4136-8c8d-90e5cbe7be62,CUST000674,Fashion,1,1893.28,1893.28,cash_on_delivery,2026-02-21T11:13:21
59866683-ce6e-462d-872b-094bb9368993,CUST000150,Fashion,4,956.33,3825.32,debit_card,2026-05-15T18:35:23
baefa2d6-f87c-41c4-8b17-392bb0bd3a17,CUST000431,Toys,4,1608.79,-6435.16,debit_card,2026-05-03T23:44:19
590169ca-1944-44fc-a0c7-48b5a13e11f1,CUST000106,Home & Kitchen,3,1064.02,3192.06,wallet,2026-03-10T03:23:39
502009d7-a9b0-47a7-a508-91f5f46938e2,CUST000726,Beauty & Personal Care,1,780.61,780.61,upi,2026-03-20T08:26:53
c9a7a635-e657-44e9-a1e8-31abf59b0556,CUST000631,Toys,4,1248.25,4993.0,credit_card,2026-03-19T02:19:19
34465c86-3208-4641-a07c-b940375f12b2,CUST000109,Toys,3,89.84,269.52,cash_on_delivery,2026-06-11T21:20:58
7cbf347e-28a0-4fd9-b174-5ec8826a3ea0,CUST000330,Home & Kitchen,1,1260.8,1260.8,debit_card,2026-03-15T06:28:07
867fc393-1d82-4a09-a155-467005431d08,CUST000729,Beauty & Personal Care,3,1444.88,4334.64,debit_card,2026-04-17T13:50:44
972b47c7-b47f-4fc8-b635-67d3a9f24465,CUST000467,Home & Kitchen,3,1337.69,4013.07,wallet,2026-07-15T12:20:56
28004d2f-d430-4389-9f44-81ac3cd3d6cc,CUST000404,Electronics,5,950.61,-4753.05,debit_card,2026-06-11T21:46:58
bcea4a00-611f-4f5a-ac5a-8919777448e1,CUST000057,Electronics,1,1407.18,1407.18,cash_on_delivery,2026-07-24T22:51:27
0498159c-5f93-419c-877d-42f7661a1ab8,CUST000009,Beauty & Personal Care,4,1655.28,6621.12,debit_card,2026-06-13T12:06:05
6069fe1b-9017-499b-95b0-a98b039397f2,CUST000645,Beauty & Personal Care,5,194.68,973.4,credit_card,2026-04-16T06:37:56
0f367dea-912f-4df9-9211-49ac81cc8e93,CUST000227,Fashion,3,1536.85,4610.55,upi,2026-05-30T07:42:47
e4ca1daa-8f0d-4655-8673-84c64a4d5a13,CUST000574,Groceries,2,159.56,319.12,credit_card,2026-07-19T23:55:53
7794ae10-ec9d-4e71-8753-30d71835faa4,CUST000617,Beauty & Personal Care,4,208.6,834.4,credit_card,2026-08-08T19:37:29
91f3f50d-cf37-420e-8008-ef53e78e80e6,CUST000782,Fashion,2,1660.38,3320.76,cash_on_delivery,2026-05-20T09:06:45
30f9f7d1-6bd3-4999-a3d2-3ab0c0cfab3d,CUST000344,Toys,3,1008.02,3024.06,debit_card,2026-06-03T03:14:48
6d342364-a853-400d-981c-9d06c53dae7a,CUST000555,Books,4,766.22,3064.88,upi,2026-05-27T05:48:58
d1f9cc0e-6e65-4d88-881d-5686c6db707c,CUST000788,Electronics,N/A,1436.66,7183.3,credit_card,2026-02-11T23:25:21
7c234af0-51f8-4d59-b370-e3757073c98d,CUST000659,Home & Kitchen,2,1572.82,3145.64,credit_card,2026-05-14T19:45:52
6b9d19d7-fd9b-4f19-b2e2-218746d4001d,CUST000764,Groceries,5,78.86,394.3,debit_card,2026-07-11T08:05:06
9e6f0e71-393d-4f7d-b411-0a1b7f6b5330,CUST000328,Groceries,3,665.14,1995.42,credit_card,2026-02-28T18:41:29
be9d38b6-98ce-4ca6-99c7-8579b63a6e0f,CUST000402,Beauty & Personal Care,2,605.27,1210.54,upi,2026-08-08T17:12:49
3ec34bf0-2384-4bfe-bafb-ab4acaadda9c,CUST000015,Electronics,3,310.98,932.94,wallet,2026-02-20T09:22:07
79c267c8-8733-40d1-b90d-77e2ae0e82cd,CUST000197,Electronics,5,1074.23,5371.15,wallet,2026-05-15T19:10:11
2bb8a30b-fb38-40e8-b891-e87d9a0c719f,CUST000600,Electronics,3,966.53,2899.59,credit_card,2026-03-22T02:45:26
3d756f0a-6c20-4120-b1af-e9f2bfb401ac,CUST000420,Sports & Outdoors,5,707.66,3538.3,cash_on_delivery,2026-03-18T17:00:00
c79315ea-a322-4bc9-9119-30434a5d78c4,CUST000754,Sports & Outdoors,4,1446.53,5786.12,wallet,2026-05-27T10:12:45
44ab0e16-32e1-4292-ba58-28e08707a83c,CUST000691,Sports & Outdoors,2,1831.45,3662.9,debit_card,2026-06-13T08:18:03
db34efa8-298b-4b71-8b98-b3bf93a7e3d4,CUST000536,Sports & Outdoors,4,647.55,2590.2,wallet,2026-05-26T03:02:05
4eefd5af-0246-4b64-ae4e-fed6c299f42b,CUST000344,Electronics,2,1896.87,3793.74,credit_card,2026-02-26T23:01:59
a82f5e22-1c03-4ea5-9b2e-a8c518a26bd3,CUST000314,Beauty & Personal Care,2,1187.15,2374.3,wallet,2026-03-11T19:56:53
7992f9c4-52cd-44de-b505-d19a4c543d01,CUST000721,Sports & Outdoors,1,822.97,822.97,cash_on_delivery,2026-03-01T17:56:32
1e4d4313-4263-4cce-ad10-55de943fb457,CUST000738,Beauty & Personal Care,1,15.09,15.09,cash_on_delivery,2026-04-18T17:27:34
8ace5508-19e4-4866-94fd-2faf5112d6e8,CUST000481,Home & Kitchen,5,424.78,2123.9,cash_on_delivery,2026-04-14T19:18:31
33e29b9e-ee8f-45b0-930d-f0c075e73029,CUST000005,Sports & Outdoors,2,401.93,803.86,wallet,2026-04-09T03:49:31
170b0cca-be2f-4dcb-b222-20fe41855781,CUST000481,Books,4,162.41,649.64,wallet,2026-05-02T21:35:25
0a571081-9c24-426c-a4a6-f73e0df1530e,CUST000098,Home & Kitchen,2,92.34,184.68,debit_card,2026-07-16T12:39:11
4f7f2af0-6cb8-45ad-8fd9-cc2a3888ba0a,CUST000636,Home & Kitchen,1,669.13,669.13,upi,2026-08-06T01:38:34
bce86a1d-ae52-4353-8d59-2e0a833d6fa1,CUST000145,Electronics,4,195.42,781.68,cash_on_delivery,2026-02-14T05:59:35
fcb38109-cef0-4289-9491-94fbb3e33e54,CUST000229,Electronics,5,392.35,1961.75,credit_card,2026-05-13T13:29:02
9c82b36e-fa24-4086-9fb7-a7c41a16d49a,CUST000417,Fashion,5,500.15,2500.75,cash_on_delivery,2026-07-17T22:14:55
789d1e01-2b11-4786-bbfc-d7c45220a896,CUST000199,Electronics,1,979.29,979.29,upi,2026-03-31T20:16:51
5e96d317-b05d-43df-b2f7-cdb485ca3b4c,CUST000767,Electronics,3,236.08,708.24,wallet,2026-03-06T13:17:19
2180bb3b-4dc8-41b3-bfec-ef7bd41fd77d,CUST000502,Groceries,4,714.84,2859.36,cash_on_delivery,2026-07-05T18:58:39
1d171f25-543f-4c62-a8b4-00a4a4d86712,CUST000137,Sports & Outdoors,1,797.28,797.28,wallet,2026-08-08T04:58:54
85ac9d96-495a-47c3-a6f5-59ab45927ac9,CUST000797,Toys,2,826.93,1653.86,credit_card,2026-05-19T01:48:26
416f3b74-614b-4399-93af-20746ccc107a,CUST000737,Sports & Outdoors,3,1571.74,4715.22,upi,2026-04-16T10:09:23
3d3a3ee2-3bc6-40d4-8d8c-5eae2e1319f4,CUST000150,Toys,3,220.53,661.59,cash_on_delivery,2026-04-10T04:24:02
cc4f6351-5fc5-4d67-9264-03d1c6be96d4,CUST000389,Fashion,5,1893.91,9469.55,credit_card,2026-04-30T04:41:45
7143cbf0-fe55-4264-9b94-c93819c8ea02,CUST000289,Fashion,1,401.15,401.15,wallet,2026-02-12T06:48:48
1916def9-6ede-4528-8911-def5ac15649a,CUST000231,Electronics,4,365.96,1463.84,debit_card,2026-06-05T01:34:42
5067e2a5-ef2d-43fc-8124-f4d798fb7b5d,CUST000148,Books,4,150.04,600.16,credit_card,2026-03-18T11:30:31
c323a106-73cd-4368-a499-c48615d39e95,CUST000012,Beauty & Personal Care,2,931.93,1863.86,credit_card,2026-04-05T17:39:10
caf893af-e86f-4b52-9cf5-44d905784f93,CUST000548,Electronics,1,510.14,510.14,wallet,2026-02-21T13:35:10
0a973273-8025-4d25-886d-79365ff6ae1b,CUST000594,Groceries,1,301.89,301.89,credit_card,2026-04-16T09:10:52
74af6608-c7c7-4b4f-9feb-a7e359eec647,CUST000421,Electronics,3,38.37,115.11,wallet,2026-05-11T07:28:56
1884537f-4059-4a07-b572-15408476c872,CUST000149,Fashion,3,474.41,1423.23,debit_card,2026-03-02T15:19:24
d41f7d1f-3307-4740-b6f1-ade44ea80027,CUST000698,Fashion,1,1996.43,1996.43,debit_card,2026-03-06T07:49:46
99a24f9b-27a7-426e-8e22-22053289d980,CUST000380,Beauty & Personal Care,1,1540.65,1540.65,debit_card,2026-04-03T07:48:29
758adc9f-5ffe-4712-9451-0b6ae254f2d1,CUST000331,Electronics,3,232.1,696.3,upi,2026-05-14T22:00:58
66710dee-48fe-414d-a14e-d9ffcdc0c704,CUST000157,Sports & Outdoors,5,1122.63,5613.15,debit_card,2026-03-16T16:57:01
353d8513-3848-4a09-88cd-ae72c590e634,CUST000472,Home & Kitchen,3,716.03,2148.09,wallet,2026-04-13T09:43:45
e1e60c50-249e-43ef-8deb-b4c86e1ed030,CUST000756,Fashion,3,1945.46,5836.38,cash_on_delivery,2026-06-02T05:48:42
fabc06aa-21c5-45a2-995b-299497fc9dd5,,Groceries,5,700.92,3504.6,cash_on_delivery,2026-07-07T16:40:10
aaba0d8a-edab-4baa-b217-484d6417d990,CUST000641,Fashion,4,1144.11,4576.44,debit_card,2026-03-07T07:20:25
a8c88274-bba8-4197-bca9-d7ed956fda7e,CUST000719,Toys,4,233.08,932.32,credit_card,2026-05-28T21:27:19
c93e29cf-7f1e-4736-849d-ecb73ebd43c8,CUST000311,Fashion,2,328.12,656.24,upi,2026-04-05T00:48:27
e3b5b635-aa92-4c66-88de-fa8dba8a22ec,CUST000367,Sports & Outdoors,2,708.0,1416.0,upi,2026-06-17T21:36:22
37716833-cc57-4396-a7ec-7fbbc5dd4ff6,CUST000650,Home & Kitchen,3,1713.32,5139.96,debit_card,2026-07-31T04:02:14
00f9d39f-447d-4584-9438-deb87757c1a3,CUST000529,Sports & Outdoors,5,1031.05,5155.25,cash_on_delivery,2026-06-09T04:51:43
2bc1a410-3a14-4c21-aaf8-f2b29055287a,CUST000598,Beauty & Personal Care,3,344.77,1034.31,debit_card,2026-03-21T20:43:31
f8e05bb8-6270-43a1-9674-4bcd12e64b55,CUST000521,Books,1,1002.66,1002.66,credit_card,2026-04-23T19:50:51
68bb5392-0c28-4e87-a584-233736e30396,CUST000511,Sports & Outdoors,4,1593.15,6372.6,wallet,2026-02-14T21:34:03
98522983-c646-4599-b3c6-f45ed7150b59,CUST000718,Fashion,1,414.96,414.96,upi,2026-06-08T09:12:40
5b9f4946-e1f0-4553-80ee-6d18d580fd22,CUST000063,Home & Kitchen,2,933.46,1866.92,cash_on_delivery,2026-04-28T17:20:10
76554039-bc53-49e0-9b6c-db54827d92c5,CUST000148,Groceries,4,1856.13,7424.52,debit_card,2026-06-03T03:29:31
15f35438-f37f-4e3f-97a4-092f010fd4ef,CUST000421,Sports & Outdoors,2,939.82,1879.64,cash_on_delivery,2026-05-05T09:33:26
6928d7d3-5236-4645-befe-62eb6fe1f43c,CUST000056,Home & Kitchen,5,1096.58,5482.9,cash_on_delivery,2026-04-19T16:48:57
fc32af46-10dc-4801-b93d-371482e9f5ac,CUST000202,Books,3,1469.21,4407.63,credit_card,2026-06-11T07:33:25
3636bcd6-94aa-4acf-bdd3-38f1c87b174c,CUST000589,Home & Kitchen,4,1289.75,5159.0,cash_on_delivery,2026-06-21T18:00:43
d753756d-86df-493d-aeb9-6e9b1b6c0ccd,CUST000268,Books,N/A,1531.16,1531.16,wallet,2026-06-30T04:04:01
c869212a-f380-4a5a-bd7e-5aff67d31da8,CUST000616,Home & Kitchen,3,1738.67,5216.01,debit_card,2026-03-06T00:08:45
8cf149fd-0f9a-4293-b5fb-c68999ac97d8,CUST000255,Fashion,4,1800.43,7201.72,cash_on_delivery,2026-03-04T18:12:22
d78a18bf-d4b6-48d7-8ae3-7245b595bcd9,CUST000403,Groceries,1,143.56,143.56,cash_on_delivery,2026-07-17T05:13:08
2f53d7d0-e7b5-4216-9056-915628972867,CUST000616,Groceries,3,1185.61,3556.83,debit_card,2026-07-28T16:32:59
a0be1388-8740-4e17-a166-2f34abf62512,CUST000300,Home & Kitchen,3,944.21,2832.63,wallet,2026-05-09T03:25:52
95c024e0-09c4-4ad9-bd5a-1d5bcedf39f4,CUST000158,Fashion,3,297.32,891.96,cash_on_delivery,2026-05-09T06:26:48
2be0f8c2-1d3b-4f0f-be0d-f603f81f993e,CUST000041,Sports & Outdoors,2,1946.68,3893.36,debit_card,2026-05-27T10:43:41
6de6ddc8-4c26-4a50-b79a-a8665ae8a81a,CUST000208,Beauty & Personal Care,5,1883.9,9419.5,cash_on_delivery,2026-03-30T20:28:05
699e6fc4-85bc-4d26-bd38-58b81b5b7abb,CUST000461,Sports & Outdoors,3,1234.6,3703.8,wallet,2026-06-02T15:11:26
a0c2c344-5987-42da-894e-b1e989f3c0b0,CUST000764,Fashion,4,332.66,1330.64,credit_card,2026-03-23T16:18:27
6466f3b9-090b-4cec-aecb-166afa1cfc62,CUST000645,Beauty & Personal Care,1,1124.28,1124.28,wallet,2026-04-29T01:24:14
de43d091-31c7-4315-a39b-be479154512d,CUST000586,Fashion,3,116.54,349.62,debit_card,2026-04-27T02:16:22
a2cf3413-17e5-4217-bd95-ab0bf276ce14,CUST000258,Beauty & Personal Care,3,1426.92,4280.76,cash_on_delivery,2026-05-06T22:58:52
9cc7b3dd-fb2d-4b5d-98ac-bb5f4d112f76,CUST000209,Books,2,220.38,440.76,cash_on_delivery,2026-03-15T06:28:07
e000cf02-ef2a-4691-bf34-bdc4ab90ab77,CUST000218,Books,5,692.5,3462.5,upi,2026-05-03T06:14:32
b4c29540-9aee-498c-bbd6-e2c8435320f5,CUST000233,Fashion,4,1604.53,6418.12,cash_on_delivery,2026-07-10T15:18:19
1ee38d0d-dbc6-4ec0-ac92-efe03475bdd3,CUST000312,Sports & Outdoors,4,610.0,2440.0,credit_card,2026-08-07T07:14:03
296ea9bd-b605-446a-b860-9a74670af503,CUST000523,Groceries,2,1701.37,3402.74,cash_on_delivery,2026-05-29T03:21:49
6f32c47f-760f-4ee1-8975-a6aca74ad6c4,CUST000109,Sports & Outdoors,4,975.57,3902.28,debit_card,2026-04-18T00:41:15
a06ec48c-5c15-40bb-8b59-f96d0641b111,CUST000050,Beauty & Personal Care,2,1790.95,3581.9,credit_card,2026-08-01T02:51:11
7d808b2f-2406-42a6-8c13-8ed03827b13c,CUST000377,Electronics,2,139.33,278.66,cash_on_delivery,2026-03-08T14:10:49
0b69386a-b2c3-48a5-921e-d8e9fff49641,CUST000120,Fashion,1,758.03,758.03,cash_on_delivery,2026-07-11T13:25:54
de4d55bd-5277-4ecb-9a7b-829fa06817de,CUST000167,Toys,2,1513.79,3027.58,debit_card,2026-06-14T22:01:56
d5fb636e-30ac-48a1-82a9-bd753ad1ce53,CUST000763,Groceries,2,204.39,408.78,debit_card,2026-05-11T16:33:11
5c3b39c2-9e31-4aff-a79c-1e96cfa73cf1,CUST000466,Groceries,2,364.62,729.24,debit_card,2026-08-08T16:38:27
24866534-dbc4-41b6-a2ff-dfc9a865e7b3,CUST000694,Books,1,540.93,540.93,credit_card,2026-04-12T23:43:49
9aca0acf-e368-42ae-82ad-d4870371b01d,CUST000374,Sports & Outdoors,3,59.21,177.63,debit_card,2026-05-09T20:31:07
930db20f-00c0-4255-b5ab-bd344041fcbe,CUST000511,Toys,1,1933.32,-1933.32,credit_card,2026-04-12T16:00:55
951f1a7d-358f-4cb7-9719-cf1dfd64814a,CUST000495,Fashion,5,1641.44,8207.2,upi,2026-05-31T11:30:39
3eee82f5-e227-4271-9316-34277e9239ea,CUST000504,Sports & Outdoors,4,1337.06,5348.24,cash_on_delivery,2026-04-27T12:52:35
ded2557c-3452-4e98-beee-de40bf1f8002,CUST000782,Electronics,2,827.72,1655.44,credit_card,2026-04-15T00:48:16
cbbd4ab3-1fb9-440e-943b-cbbacbe97c92,CUST000673,Beauty & Personal Care,2,1479.55,2959.1,cash_on_delivery,2026-04-14T06:37:49
4ff3d831-66ea-48d9-9452-86b3046a10ee,CUST000042,Toys,4,1769.78,7079.12,cash_on_delivery,2026-06-11T23:17:38
ed38dbac-7955-4e5d-aaf8-3924d38c61a8,CUST000767,Home & Kitchen,3,136.75,410.25,wallet,2026-03-02T13:55:30
216f09aa-7a06-41ae-ba90-5ab1f58e0bcc,CUST000172,Beauty & Personal Care,4,1122.92,4491.68,upi,2026-07-19T12:51:16
284653f6-b185-4fd1-bd67-a07454b7743c,CUST000322,Fashion,2,544.61,1089.22,debit_card,2026-04-14T05:32:14
13eed796-3b44-444c-bf9a-0b1bd2d16ec0,CUST000121,Home & Kitchen,2,1447.41,2894.82,cash_on_delivery,2026-04-06T20:47:04
9235c118-e022-4b8c-89a8-73b6a4e869ac,CUST000399,Groceries,4,746.71,2986.84,credit_card,2026-07-08T19:59:57
4170151d-5f59-4fc3-bcc5-7e06bff82730,CUST000110,Toys,4,1179.68,4718.72,cash_on_delivery,2026-05-15T16:59:31
8370cac8-3d8e-4cd2-961f-0a8cabead56a,CUST000074,Fashion,4,833.03,3332.12,debit_card,2026-03-08T21:29:42
1a8df9ee-4f09-4b62-a5d7-e0675ff5819e,CUST000703,Toys,2,1989.39,3978.78,cash_on_delivery,2026-03-14T13:18:35
5b5fe873-b511-42e3-849d-058852458914,CUST000307,Electronics,2,1941.17,3882.34,upi,2026-05-08T05:55:48
1ffbcbb9-cdd8-415e-bb9d-df89f6b6e54d,CUST000172,Fashion,3,349.36,1048.08,credit_card,2026-05-08T18:45:50
fe9bb501-19e3-4e9e-9341-79ba1f3bcf8a,CUST000624,Fashion,5,1178.04,5890.2,wallet,2026-06-07T14:01:22
902c73d1-9573-424b-80a6-9005d3b843f0,CUST000694,Home & Kitchen,2,161.8,323.6,credit_card,2026-03-19T07:27:46
b1b233d4-42df-4d77-8510-7fe6f45fba17,CUST000662,Toys,5,1705.2,8526.0,wallet,2026-05-04T12:38:23
91ab5e7c-27fb-4b35-98d3-44d25a2ba0f5,CUST000789,,1,1182.48,1182.48,credit_card,2026-06-16T06:24:18
90e72e91-7b38-4690-bfed-7cc4b2419c17,CUST000258,Electronics,4,1428.66,5714.64,cash_on_delivery,2026-07-13T08:56:17
f66b1bc6-9a2a-4ac6-b4d9-1598c9a2b79d,CUST000255,Groceries,5,1698.37,8491.85,debit_card,2026-04-27T14:29:08
d62ad128-0322-42a1-9c23-c81be24667cb,CUST000536,Electronics,1,1678.94,1678.94,credit_card,2026-02-15T00:28:25
b32fdf53-8cd4-432d-b556-3018d7fae51b,CUST000686,Toys,1,972.09,972.09,credit_card,2026-03-14T22:04:26
2234ca61-0ebf-4847-bb2f-30a4aafbc4ea,CUST000046,Groceries,2,587.23,1174.46,upi,2026-05-25T23:31:04
0a736f48-4db3-4591-a132-4b1dc6b07c9b,CUST000174,Fashion,5,1883.49,9417.45,wallet,2026-07-20T05:10:12
f91e6d40-5977-4022-87b0-100d8f13c67f,CUST000235,Toys,1,19.27,19.27,wallet,2026-03-08T19:46:55
4c11214e-585e-443a-a238-82cde480458f,CUST000677,Beauty & Personal Care,4,1216.91,4867.64,credit_card,2026-06-11T13:57:32
11ad10a7-1ce2-4120-bc2a-a2a0d09e174c,CUST000045,Home & Kitchen,1,1091.56,1091.56,wallet,2026-08-06T02:21:16
f042efaf-0cc0-4cbd-a7cc-36f9e89ab88f,CUST000634,Fashion,4,27.1,108.4,cash_on_delivery,2026-03-03T01:52:19
6583eae5-283d-4fd8-a24d-99aaa9a8efe9,CUST000433,Toys,3,1618.88,4856.64,cash_on_delivery,2026-06-10T14:33:02
504126e8-d0fd-4442-978a-8475eb1c2221,CUST000678,Groceries,3,1142.7,3428.1,upi,2026-08-06T19:55:55
f585b26f-2d6b-465c-9563-aac7ebeb9193,CUST000261,Fashion,2,1798.19,3596.38,upi,2026-02-27T20:51:10
ce182360-700d-4f8c-9849-010d1d5a7073,CUST000025,Home & Kitchen,1,1591.23,1591.23,cash_on_delivery,2026-06-02T04:52:45
3040354c-8de3-40c4-95a7-c6b4c1a1394a,CUST000314,Toys,3,513.55,1540.65,wallet,2026-08-04T15:40:27
0e022bd2-f147-47da-971e-34fb1d486b2a,CUST000713,Books,4,1411.11,5644.44,cash_on_delivery,2026-04-16T23:15:32
3af6e706-e460-40b0-940a-ba48b92d3070,CUST000591,Sports & Outdoors,2,477.62,955.24,wallet,2026-06-20T16:36:19
e08a3a0c-62d7-4e87-a714-0625a4fb19a0,CUST000089,Beauty & Personal Care,1,1703.64,1703.64,credit_card,2026-02-19T13:26:00
b50b1ea0-e5fb-4be2-bf68-79f7e6a6fb67,CUST000699,Home & Kitchen,4,942.0,3768.0,wallet,2026-05-16T06:15:52
ef1209f4-4335-4882-8444-99d0f0c52602,CUST000054,Groceries,2,229.79,459.58,cash_on_delivery,2026-04-26T13:32:35
d4debc5e-7621-4e9e-b41a-09edc3e33cee,CUST000198,Beauty & Personal Care,4,229.53,918.12,debit_card,2026-06-18T01:09:43
abc2cd27-a64f-4fcd-b849-dd7e1fc00371,CUST000396,Fashion,2,640.12,1280.24,cash_on_delivery,2026-05-21T03:11:56
1bd89770-3b93-4fa4-86d7-adcfc367de15,CUST000782,Electronics,2,755.35,1510.7,credit_card,2026-03-09T14:50:30
fc6c40f1-6031-4d2a-98d5-a81fb9575ee4,CUST000640,Beauty & Personal Care,5,1855.97,9279.85,credit_card,2026-04-19T07:31:40
d1b1f9fa-f427-47ee-80d5-df13d97d92d6,CUST000089,Groceries,4,1457.07,5828.28,cash_on_delivery,2026-05-28T17:47:42
4130ad10-cefa-4dc0-aa93-866190430bf6,CUST000660,Books,3,20.17,60.51,debit_card,2026-02-25T09:40:48
3ae1bd07-5af4-45bf-97ad-b79e4578a9f3,CUST000701,Books,2,163.96,327.92,cash_on_delivery,2026-06-30T20:03:38
e38f6ff1-e852-47bc-933c-3b264061875d,CUST000352,Home & Kitchen,1,1084.62,1084.62,credit_card,2026-03-06T06:26:34
de3d5f49-bb16-436d-8309-b81c3107fa1b,CUST000298,Home & Kitchen,2,701.36,1402.72,wallet,2026-06-22T21:02:22
cf191428-78f4-4ea0-94f4-9c6e681f0599,CUST000749,Sports & Outdoors,3,431.52,1294.56,cash_on_delivery,2026-07-28T21:43:44
a2fd4c8c-4ae1-4aea-bd68-104a0b55bdae,CUST000577,Toys,4,1331.65,5326.6,upi,2026-03-18T16:10:03
431db0a9-90e5-45ca-82d6-f917556a9f96,CUST000764,Electronics,N/A,1199.77,3599.31,wallet,2026-03-13T02:11:35
1449dcea-ced7-478e-8529-9e3cc93a9a59,CUST000598,Books,2,1612.65,3225.3,cash_on_delivery,2026-05-03T06:55:58
efd7133e-f580-4cb5-bf99-a4d219e1f8fd,CUST000608,Books,2,956.34,1912.68,upi,2026-07-19T21:12:50
6d782fdd-4f98-440c-b2f0-067746d82e17,CUST000021,Electronics,2,790.64,1581.28,credit_card,2026-05-10T00:08:29
e8e07d65-9312-4b2b-926c-8f03fb9d3f91,CUST000523,Toys,4,853.68,-3414.72,upi,2026-03-09T23:53:49
7de82b66-4995-4121-9392-d558df3012fc,CUST000121,Electronics,2,912.09,1824.18,debit_card,2026-06-15T16:26:39
febb081e-dc3d-457d-b4e6-c42b637ca6f6,CUST000130,Beauty & Personal Care,2,1867.46,3734.92,wallet,2026-06-21T22:12:44
083696e4-94cc-4534-ac29-a355cd85d340,CUST000781,Sports & Outdoors,5,1874.76,9373.8,upi,2026-02-28T17:47:29
b208fc69-05e5-46ce-bb5c-03a9b4b6c14c,CUST000365,Home & Kitchen,1,692.88,692.88,wallet,2026-06-03T04:34:14
739eacee-2aa0-4ffb-bc1c-7407d8d4760b,CUST000216,Fashion,2,952.37,1904.74,wallet,2026-03-01T02:40:59
0a5d8fe6-c0b3-4beb-a123-bb8eda9d446a,CUST000613,Beauty & Personal Care,3,785.87,2357.61,wallet,2026-02-18T20:38:41
024f5d8c-c585-4114-b653-69d8e6556326,CUST000781,Sports & Outdoors,1,1215.03,1215.03,debit_card,2026-05-06T20:15:15
418e7d90-b8e5-4e42-8199-0461feca099a,CUST000080,Sports & Outdoors,2,226.43,452.86,debit_card,2026-03-16T12:56:59
e1d86f5c-1212-4adc-9097-725eaa03e297,CUST000660,Home & Kitchen,5,500.09,2500.45,wallet,2026-07-18T05:17:27
c3274fc8-b420-424d-a937-9319e9bee1b1,CUST000399,Books,4,1788.02,7152.08,upi,2026-05-31T19:23:50
2642a281-88ca-47c6-98a5-b0836653a4a4,CUST000303,Groceries,2,307.58,615.16,credit_card,2026-07-17T15:46:24
0dc15d74-8f69-4bdd-9009-10e12ff150ee,CUST000104,Fashion,2,1880.54,3761.08,credit_card,2026-03-03T00:13:46
aaccb42e-6299-4ebc-bf81-c843a96245b9,CUST000413,Groceries,2,69.6,139.2,credit_card,2026-02-19T21:31:19
773de0a7-7242-4681-8b1c-9d12654db2b3,CUST000366,Books,1,594.23,594.23,wallet,2026-06-15T11:23:10
b43163e5-4520-4d6f-a1c3-d66a6efd9bfb,CUST000043,Groceries,5,426.78,2133.9,cash_on_delivery,2026-03-30T05:12:44
77bb0ce1-1a78-46be-96f8-a91dbd362767,CUST000046,Fashion,1,246.5,246.5,upi,2026-07-30T00:00:35
e4e08275-d2d6-417d-89ff-34b348eda80a,CUST000463,Books,2,1293.53,2587.06,cash_on_delivery,2026-05-23T13:06:46
f964c1e4-ab86-4c2e-a03c-ac53dd9ef80a,CUST000312,Home & Kitchen,5,794.07,3970.35,wallet,2026-06-02T02:11:29
4beeb260-c007-49b8-9a19-b49add74ff49,CUST000359,Groceries,2,1258.02,2516.04,cash_on_delivery,2026-08-03T22:21:49
5a4e9e87-5aeb-4f3f-a264-d79b4c8eadd5,CUST000377,Home & Kitchen,3,859.1,2577.3,credit_card,2026-03-21T15:11:39
c2d781e2-ab86-4186-9bad-185916207812,CUST000445,Books,1,997.52,997.52,upi,2026-03-03T07:19:46
6cff73da-77c1-4f54-9250-16f322611c3e,CUST000771,Groceries,3,644.33,1932.99,wallet,2026-08-01T07:16:30
a4201e3a-9ead-4c79-94ed-7e20335bcdf0,CUST000571,Books,1,1034.67,1034.67,debit_card,2026-04-10T05:10:28
4eaa9218-5dca-443f-8ce1-a51341c866b7,CUST000122,Beauty & Personal Care,4,906.04,3624.16,wallet,2026-05-24T23:37:23
7237204c-0515-47f8-bbec-6603e3c0038e,CUST000661,Groceries,2,280.47,560.94,credit_card,2026-06-24T12:01:25
2235aa1e-9b63-48b4-97d6-af5f06422586,CUST000512,Sports & Outdoors,4,112.12,448.48,debit_card,2026-04-28T19:40:54
bca7bfbe-f014-4b83-a5b9-19d133c93166,CUST000059,Fashion,N/A,642.76,1285.52,upi,2026-04-22T23:07:28
418d202a-fbfc-4193-af32-75604f10e5c7,CUST000584,Books,2,531.02,1062.04,wallet,2026-02-20T12:59:17
1d6cce7b-c330-4e8d-bf5e-aab5d8906614,CUST000281,Toys,5,369.83,1849.15,upi,2026-05-27T09:58:54
cdf06ecb-d2be-493b-8d49-b5e8d0141848,CUST000684,Sports & Outdoors,5,894.11,4470.55,wallet,2026-03-12T00:05:13
a133ed8a-3cad-4cd6-9ec8-1cc0980b79dc,CUST000430,Fashion,4,622.65,2490.6,credit_card,2026-02-17T05:50:03
a12aba6a-86df-4a69-b7a0-8403c29ec645,CUST000211,Home & Kitchen,1,652.52,652.52,upi,2026-03-31T21:15:06
0c8a36e2-818e-42ba-97c2-304e08452be3,CUST000407,,2,1501.59,3003.18,credit_card,2026-05-13T21:28:41
c1519bb5-f844-4094-8624-9cf9e25ab7ca,CUST000248,Groceries,2,796.28,1592.56,wallet,2026-04-12T18:14:36
4604eb0f-1191-46ac-a4e5-03db777c4b5e,CUST000607,Fashion,1,437.9,437.9,cash_on_delivery,2026-04-11T07:03:05
78c90166-bb63-4840-aa11-24776f9022ab,CUST000336,Electronics,1,572.14,572.14,cash_on_delivery,2026-03-23T05:15:35
5b1c5a50-e82e-421a-8671-ae24fd7ac5c2,CUST000723,Books,5,513.72,2568.6,cash_on_delivery,2026-08-04T19:38:43
b54ed70b-04a9-4b40-8ddc-4e34986c74cd,CUST000409,Beauty & Personal Care,1,1603.05,1603.05,credit_card,2026-05-10T15:53:26
1c09f7a7-2d63-419c-8944-5d16f8cda46d,CUST000120,Groceries,5,423.71,2118.55,upi,2026-06-05T19:29:28
0718ce9f-fbae-4151-bf39-ca2d6b303251,CUST000309,Home & Kitchen,4,485.34,1941.36,cash_on_delivery,2026-06-13T22:50:06
6fa39369-10cb-4bc1-9cd7-61563d3d2a1a,CUST000007,Electronics,4,7.38,29.52,wallet,2026-05-29T00:40:36
11175941-be78-4d8a-9c48-fc5b920766ba,CUST000697,Books,3,82.37,247.11,debit_card,2026-04-17T08:42:39
9048a573-cc11-451a-bd20-abaff34224d8,CUST000650,Sports & Outdoors,5,1700.96,8504.8,cash_on_delivery,2026-07-22T11:15:45
573c4e95-f6a4-4c52-99a5-f45982d2ab00,CUST000342,Toys,1,91.42,91.42,wallet,2026-05-03T03:55:27
4a3e7487-098c-457a-8393-ebafa964a034,CUST000494,Fashion,2,1385.18,2770.36,debit_card,2026-02-16T10:38:19
a8ae483a-38dc-4e40-a878-a706396cf08c,CUST000169,Books,5,1121.58,5607.9,debit_card,2026-07-02T13:59:39
3da49c7e-ae03-419e-ba59-0d941d504bf7,CUST000563,Sports & Outdoors,4,518.37,2073.48,cash_on_delivery,2026-04-08T04:30:50
c0fea1bc-3ff4-4575-9841-95e545e95be0,CUST000572,Electronics,4,565.34,2261.36,debit_card,2026-07-09T23:41:42
dcd16bb3-2c9c-49fc-80c5-9f254265c064,CUST000441,Books,3,156.62,469.86,wallet,2026-07-17T08:51:02
4b8952ab-51f1-43c8-ba9f-4e94e35537c5,CUST000464,Electronics,2,1525.14,3050.28,cash_on_delivery,2026-02-23T01:31:37
c95778d2-985d-437b-820e-b8d3bd285345,,Toys,1,979.96,979.96,wallet,2026-05-07T08:43:06
6508165e-3b47-44ba-a098-830b17b5073d,CUST000669,Groceries,3,1056.05,3168.15,upi,2026-03-12T21:59:49
d322e585-deee-4654-b7ab-8cb467a3d813,CUST000567,Sports & Outdoors,5,961.98,4809.9,credit_card,2026-06-02T20:55:47
8c77964d-e60b-41ab-b38c-5243bede8c38,CUST000574,Fashion,4,419.33,1677.32,wallet,2026-07-13T13:40:43
8f251ecb-24cf-470d-8d6f-7e9ff03f5fce,CUST000726,Beauty & Personal Care,1,1488.25,1488.25,cash_on_delivery,2026-06-06T07:09:44
813f165f-a922-416c-bd49-8de23f0f9059,CUST000350,Sports & Outdoors,3,1353.36,4060.08,wallet,2026-06-21T20:11:49
bc266a04-8c48-4fad-b7fb-7b865ebc0ae9,CUST000484,Home & Kitchen,3,1175.04,3525.12,upi,2026-07-31T07:19:02
978c332e-6fb7-4fc1-b4d8-6d50f059a162,CUST000441,Toys,5,1116.19,5580.95,cash_on_delivery,2026-02-25T19:13:44
b8243ca5-d8dc-45cb-864f-4af39c832e74,CUST000085,Toys,5,1998.35,9991.75,debit_card,2026-06-02T11:01:16
daf4e5d0-8bcb-4930-824d-3a3d70a270ef,CUST000736,Beauty & Personal Care,2,1894.77,3789.54,cash_on_delivery,2026-04-01T05:22:16
70a3b121-8d98-4fa3-a332-13cff72fe815,CUST000177,Sports & Outdoors,2,1600.06,3200.12,credit_card,2026-05-30T21:11:49
7f741148-6bac-4fde-9c01-ce614c83cbfc,CUST000680,Sports & Outdoors,2,1964.06,3928.12,wallet,2026-02-25T01:17:50
0347b670-c725-439d-be43-4f278c032585,CUST000112,Fashion,2,64.81,129.62,upi,2026-04-21T16:31:08
f5c49db1-dea4-4b95-8909-9d0df9ccd4bb,CUST000765,Electronics,4,1269.6,5078.4,credit_card,2026-06-02T09:56:40
25e21bc0-548d-4df0-b370-e1367b83d409,CUST000037,Groceries,2,1492.69,2985.38,cash_on_delivery,2026-03-15T20:06:38
39a9c5df-ffa4-4768-9aab-70146f178e9e,CUST000653,Toys,3,1813.52,5440.56,wallet,2026-07-06T07:42:29
a7e7fa97-fb0f-44fa-9970-8f1fa564faaf,CUST000667,Sports & Outdoors,1,691.38,691.38,credit_card,2026-06-15T12:26:13
9f138572-7068-4df2-908d-be20db0eb2e9,CUST000390,Books,3,836.05,2508.15,wallet,2026-07-22T08:31:51
dbf3ac8b-e268-4e37-835d-f443fe907338,CUST000276,Electronics,4,1352.42,5409.68,cash_on_delivery,2026-08-06T23:06:35
bd32876f-2409-4ed1-8d2e-e7d90928bd70,CUST000183,Electronics,4,590.17,2360.68,cash_on_delivery,2026-04-13T20:36:14
a82d6aac-3ae6-41cd-92c5-e559013cfc75,CUST000109,Home & Kitchen,2,1051.15,2102.3,debit_card,2026-06-24T21:05:27
5c4b8b94-67a0-4847-b938-62dcd7c86aae,CUST000727,Groceries,2,1975.04,3950.08,upi,2026-03-01T01:20:48
caeef184-e83d-49b2-978e-0665916f03c0,CUST000788,Fashion,3,665.77,1997.31,wallet,2026-05-31T04:11:01
a1325167-cb00-4add-9aa9-3fb02c5fdc07,CUST000301,Electronics,1,640.84,640.84,credit_card,2026-06-21T03:49:36
3dc4adf9-00d2-46c6-91ab-4623988eff4d,CUST000636,Books,5,322.81,1614.05,cash_on_delivery,2026-05-27T15:05:11
f0a81001-1ae8-4c23-a5bd-2bb1c29dc2f6,CUST000459,Sports & Outdoors,2,1461.02,2922.04,debit_card,2026-06-15T18:39:45
339bb39c-32be-4fb7-a104-f1457648c316,CUST000157,Fashion,3,1784.09,5352.27,upi,2026-03-13T00:43:20
83cf7aa7-d53f-4c5d-b786-a215c2c42d19,CUST000029,Sports & Outdoors,2,367.67,735.34,wallet,2026-05-27T05:45:33
a7475f09-6ad4-4845-be12-6baac79afdbb,CUST000633,Sports & Outdoors,4,606.45,2425.8,debit_card,2026-03-09T00:11:34
daefa319-1296-497c-b390-f805336e69b5,CUST000485,Books,4,1741.27,6965.08,upi,2026-06-08T07:04:00
dfc1186b-1eb9-4072-b89a-4320762163b4,CUST000148,Toys,4,1852.09,7408.36,credit_card,2026-06-15T18:55:11
766c5df9-8088-4e6b-8acf-f957671dc47c,CUST000170,Books,1,210.5,210.5,cash_on_delivery,2026-06-25T08:32:53
ef230d86-a11d-4fb6-bc07-3ecf1e131517,CUST000223,Books,1,121.88,121.88,upi,2026-05-09T03:02:18
49eadc29-0786-48d0-aba0-d89b4121f9d7,CUST000636,Home & Kitchen,5,1183.62,5918.1,cash_on_delivery,2026-04-12T22:12:21
c0e28f64-1a9f-4b07-9e51-7c5b19579843,CUST000048,Sports & Outdoors,5,1081.22,5406.1,debit_card,2026-04-08T00:34:35
a5957f66-c527-4430-812b-cc104e04ca29,CUST000566,Home & Kitchen,3,1296.31,3888.93,upi,2026-04-26T05:50:44
f5156b55-042d-4f26-bfe7-05003badabcf,CUST000247,Electronics,5,1082.16,5410.8,credit_card,2026-06-02T22:39:16
4f5defba-1e57-4855-a69c-aea08a0cc0ed,CUST000324,Fashion,5,776.74,3883.7,cash_on_delivery,2026-06-08T10:48:24
25aa99c6-0c92-453d-8759-986412e12ab0,CUST000266,Toys,4,1054.34,4217.36,wallet,2026-02-18T07:50:18
e00f1106-7605-454f-9112-54168aa0dc2c,CUST000438,Home & Kitchen,3,949.4,2848.2,credit_card,2026-04-22T12:34:27
10c86904-ab5d-4d66-948e-bc1c2c2a1e13,CUST000305,Groceries,3,1883.26,5649.78,upi,2026-04-04T19:21:59
75246b60-5a59-4a4a-a2a9-d9f4572b514f,CUST000267,Groceries,5,972.41,4862.05,credit_card,2026-06-15T12:39:58
a5c34dc3-e632-4296-b670-33c36eb0b502,CUST000492,Home & Kitchen,1,1551.06,1551.06,cash_on_delivery,2026-06-12T19:47:25
5a872655-9c9c-4b2f-b1b5-5aa359fb6917,CUST000012,Fashion,5,641.46,3207.3,wallet,2026-05-11T21:18:22
e0a93e18-9da1-4ddd-a379-a708ac057007,CUST000240,Sports & Outdoors,5,1370.27,6851.35,wallet,2026-07-05T16:49:38
0b36e40e-9645-4830-a678-4dc8ba5683b6,CUST000189,Electronics,1,956.93,956.93,debit_card,2026-05-12T02:41:25
4bcc4e28-854a-4946-bb70-ae55879152e6,CUST000759,Beauty & Personal Care,5,1159.37,5796.85,debit_card,2026-05-27T14:52:51
c9b0969f-aebf-4a80-88e0-e7d7b21da54c,CUST000370,Home & Kitchen,2,1358.24,2716.48,cash_on_delivery,2026-08-01T13:52:46
e028b7b1-737c-456b-a43f-27d991d6dc30,CUST000017,Toys,5,884.1,4420.5,upi,2026-07-01T15:22:04
6f5753a7-b7ae-4fb1-b1f9-9871daadbacf,CUST000599,Toys,4,446.67,1786.68,upi,2026-07-08T13:09:04
7b8c57fe-7a91-4f4e-a2d7-5175808eb442,CUST000590,Electronics,2,743.96,1487.92,wallet,2026-03-21T16:36:47
5bd6e57c-dca1-4de7-9966-23b4a6185f8d,CUST000428,Toys,4,58.43,233.72,wallet,2026-05-10T17:15:51
c69e9ce1-f6f3-4416-ac27-64878419b2f5,CUST000101,Fashion,5,1010.99,5054.95,cash_on_delivery,2026-07-24T13:49:05
b1d6992c-78f1-4eda-89b1-62126742ef2e,CUST000694,Books,1,848.01,848.01,upi,2026-06-23T20:56:39
cfa73a68-54ca-4f2d-bfad-a31825b94bcf,CUST000460,Groceries,2,191.5,383.0,wallet,2026-02-19T11:51:56
f5d37ebb-f0f0-45c4-a06b-09094eb4c0e5,CUST000355,Beauty & Personal Care,2,338.09,676.18,upi,2026-02-27T08:16:39
3f85f590-d49c-4834-9145-5f513212e269,CUST000556,Toys,2,1309.55,2619.1,upi,2026-06-01T18:45:39
d0cb20e5-0b2a-40e9-a9de-18b037bd8d0c,CUST000430,Sports & Outdoors,2,635.03,1270.06,debit_card,2026-03-05T10:53:42
fa502c9f-a6cd-4388-a72b-a3f4921c159f,CUST000755,Electronics,2,1466.22,2932.44,debit_card,2026-04-24T07:12:50
c1b6b516-b674-49e0-bcfc-0810d262d282,CUST000379,Electronics,1,291.26,291.26,debit_card,2026-04-23T15:16:17
55773c30-d607-4c1a-8ebd-673c87b66572,CUST000780,Beauty & Personal Care,2,1675.49,3350.98,upi,2026-06-13T10:33:28
b754f264-97ce-4443-a543-3ba69985ccb5,CUST000437,Beauty & Personal Care,3,293.61,880.83,debit_card,2026-08-07T12:52:50
fd728f32-63b5-4dea-9345-cb42ee867af2,CUST000740,Fashion,2,309.67,619.34,debit_card,2026-05-06T08:06:57
0d52ace6-93d1-4a6e-9475-654dbcbb2f7b,CUST000579,Fashion,4,392.49,1569.96,upi,2026-04-07T17:12:53
f8528a8e-0ca3-4ed8-9325-e3a41f6ba2d2,CUST000793,Toys,1,1224.37,1224.37,debit_card,2026-03-25T10:59:56
c04f8906-f9d3-4f24-91e7-878f023f744d,CUST000537,Fashion,1,1511.21,1511.21,credit_card,2026-06-16T04:45:39
02fcaaae-9696-44cf-94da-c258f4a704c3,CUST000558,Sports & Outdoors,2,695.49,1390.98,upi,2026-07-20T16:42:06
55c42d3c-e74a-4b9f-8c0a-2f20495a23ad,CUST000361,Electronics,4,848.33,3393.32,debit_card,2026-06-05T20:38:38
54a1856d-951a-44c4-8b78-79ed46f44b7f,CUST000444,Books,1,1860.84,1860.84,debit_card,2026-02-25T21:35:14
b0fa7231-73fb-4c01-b6fa-11b09706995c,CUST000003,Home & Kitchen,1,560.92,560.92,credit_card,2026-02-28T07:22:56
2b29c1f8-b7ae-4809-b8be-a65b5010d86e,CUST000062,Fashion,5,1762.55,8812.75,wallet,2026-05-31T16:25:24
714fa8fd-ada9-46eb-8b61-3db063947d10,CUST000284,Sports & Outdoors,1,1288.99,1288.99,wallet,2026-07-01T10:00:17
48e9ba96-cdb9-4ba4-b250-398d4055061e,CUST000495,Beauty & Personal Care,3,856.97,2570.91,upi,2026-06-09T19:09:40
f998abac-ad2f-4e88-8339-1607b225f2a7,CUST000251,Toys,4,1818.72,7274.88,credit_card,2026-07-08T21:02:16
89bdf331-222a-4bb3-a36d-4d09a7aa9ed6,CUST000150,Electronics,5,630.51,3152.55,cash_on_delivery,2026-08-03T12:59:34
c38ac10a-294d-4b83-8e48-7f8363ba6bde,CUST000087,Groceries,5,1910.56,9552.8,wallet,2026-07-13T23:26:16
c9fa987a-5931-47aa-add6-20e2ee527499,CUST000345,Electronics,1,1651.35,1651.35,credit_card,2026-04-17T22:58:22
34eb5add-908c-4f2d-b2c6-b7f609dca1aa,CUST000514,Fashion,4,52.25,209.0,cash_on_delivery,2026-05-02T08:19:46
124654c6-f8b2-4806-be61-202b527806b8,CUST000755,Electronics,3,1002.1,3006.3,upi,2026-05-26T08:17:21
1d5d16c4-3843-435f-ac2d-8e761e5cf8b4,CUST000003,Groceries,1,1468.0,1468.0,cash_on_delivery,2026-07-24T19:31:28
9835a668-2a0b-4b76-a4cc-166c3967120f,CUST000707,Fashion,5,1155.35,5776.75,credit_card,2026-07-08T15:22:46
baf57d41-a0c9-4333-ae1a-938aaa1260c4,,Electronics,4,1389.47,5557.88,wallet,2026-05-25T17:52:25
a23d14c2-9098-4a4b-bb5c-72d77cb22056,CUST000074,Toys,N/A,1897.51,9487.55,wallet,2026-04-27T04:42:59
a22c4568-732d-4c8c-85a2-879f9f6b3905,CUST000080,Groceries,5,1381.96,6909.8,wallet,2026-06-12T15:50:53
fc97e181-fa57-4c69-b38a-fe14389ebfe5,CUST000526,Home & Kitchen,1,708.72,708.72,upi,2026-05-14T04:16:13
d3b2e5e2-2c49-471a-a5ee-42e8e280b3bd,CUST000646,Books,3,317.56,952.68,upi,2026-04-03T10:18:07
83161a3c-58f1-481f-bb60-a35adca154e6,CUST000583,Home & Kitchen,4,1154.58,4618.32,wallet,2026-04-23T11:55:11
01a9cd51-f1a7-4e3d-b560-db070b3e969f,CUST000203,Groceries,5,1557.03,7785.15,debit_card,2026-02-21T02:27:02
b8f5322c-e638-4211-a8a2-3bfb01eae353,CUST000005,Toys,3,1561.59,4684.77,upi,2026-02-13T06:59:55
dcfd5377-1ca7-4a59-a0c3-0bf488f40a0a,CUST000757,Groceries,3,636.49,1909.47,credit_card,2026-07-30T20:11:04
e7e0b5dc-9d3f-42dc-9583-5853feb69c1b,CUST000687,Groceries,1,269.23,269.23,debit_card,2026-07-15T12:46:52
2ecbba73-028a-408e-99f2-317dd03943a0,CUST000062,Electronics,2,1182.97,2365.94,upi,2026-06-24T13:47:27
8e6d2ab6-793b-4441-97e1-cc72b9d5eb1d,CUST000166,Beauty & Personal Care,5,467.84,2339.2,upi,2026-03-19T23:26:13
b7a13f6c-9f47-4c9d-abdc-f3c2b6d49785,CUST000460,Groceries,5,1367.35,6836.75,upi,2026-02-11T10:48:02
1332c443-6754-48b5-ab5e-3ca5671719bf,CUST000752,Fashion,4,844.16,3376.64,wallet,2026-04-24T13:43:51
587a52f5-4a91-47aa-94c7-f6020e9c7937,CUST000084,Home & Kitchen,1,1049.17,1049.17,upi,2026-03-05T02:36:45
b788101f-0733-44d0-ae1a-fdb6518a8e8a,CUST000523,Fashion,4,781.23,3124.92,credit_card,2026-06-28T18:06:31
e2ef226e-3b77-4244-87bc-d4d050304686,CUST000493,Electronics,2,1006.16,2012.32,cash_on_delivery,2026-05-29T13:48:38
5ea000b9-24ab-41e4-ae04-8081bef49a98,CUST000381,Home & Kitchen,5,907.28,4536.4,credit_card,2026-04-24T23:49:12
c9364728-ab63-4658-b053-56cabc9a6cca,CUST000224,Beauty & Personal Care,1,357.59,357.59,wallet,2026-04-25T05:00:19
786c698e-fd3f-4a4f-b787-c3260e899760,CUST000276,Home & Kitchen,5,1065.28,5326.4,cash_on_delivery,2026-08-07T21:59:41
158b3408-0061-4bb0-b2fa-64b397dff22d,CUST000216,Electronics,3,1604.11,4812.33,upi,2026-05-15T03:19:16
9adef3c5-4f7e-4dbb-bc8e-57fe2757a84a,CUST000656,Books,2,1152.26,2304.52,debit_card,2026-03-25T06:26:10
196378c9-47ed-4119-b0ad-92bc69a2287f,CUST000149,Groceries,3,100.25,300.75,wallet,2026-03-25T22:50:46
42131f9e-13c3-4958-a1ec-d5fdac120f20,CUST000539,Books,2,1051.67,2103.34,wallet,2026-05-29T02:08:10
97190b6c-92b4-4a54-bd84-9c7d9ccfc1aa,CUST000563,Home & Kitchen,3,1462.01,4386.03,wallet,2026-05-02T10:43:01
81d22bd3-20a2-4802-b319-c44a96d86310,CUST000747,Books,2,1473.68,2947.36,debit_card,2026-05-12T14:47:29
10bfba5a-1c6e-4616-8c80-a5181111bdfd,CUST000225,Beauty & Personal Care,3,1856.06,5568.18,debit_card,2026-06-10T14:15:46
90719a92-79f3-4e0b-9141-afc75008f123,CUST000041,Groceries,3,1672.67,5018.01,debit_card,2026-03-01T07:42:17
a2899ea8-7d4e-4783-8c80-e53e5dc86fe7,CUST000057,Books,5,530.47,2652.35,cash_on_delivery,2026-07-01T19:31:51
c0170c58-3f96-44fb-a080-9fb7a5d9e83c,CUST000006,Beauty & Personal Care,3,499.58,1498.74,cash_on_delivery,2026-07-06T07:11:51
4d9b7c0a-fc87-4aa0-93bf-73fd93c64b4d,CUST000257,Toys,1,983.37,983.37,wallet,2026-03-16T01:55:13
c2453d6b-fca7-4824-a1fe-33f24762cee5,CUST000781,Beauty & Personal Care,4,1676.37,6705.48,cash_on_delivery,2026-07-11T03:12:03
6ef46b86-5871-4b43-88d3-3f9e3e375459,CUST000763,Toys,5,183.86,919.3,upi,2026-06-24T05:35:48
1c8530eb-090b-4e6f-a4a7-c5d30351d94b,CUST000708,Toys,1,830.01,830.01,wallet,2026-03-21T23:29:11
2b068f69-9bfd-4253-a524-368822f63342,CUST000522,Electronics,3,1573.41,4720.23,cash_on_delivery,2026-04-08T15:12:55
bb113ac8-4f91-4920-a422-34cc0dbd2ad0,CUST000072,Electronics,4,123.35,493.4,wallet,2026-03-11T16:26:17
95c6375f-12d6-4350-abd6-e41ca6e84d1f,CUST000525,Toys,1,467.65,467.65,wallet,2026-04-04T14:50:43
84e393ee-ae01-4638-b16f-e57a7b46e52e,CUST000446,Toys,1,1818.83,1818.83,cash_on_delivery,2026-06-23T05:13:30
f2c1046b-fa3f-40d8-ad51-b03243764ec9,CUST000233,Electronics,1,92.86,92.86,debit_card,2026-06-28T09:01:53
ee046446-399b-487f-8df8-a39d145398bf,CUST000579,Groceries,3,703.92,2111.76,wallet,2026-06-16T09:22:39
22e1f18e-d87c-4c82-a47e-cb755048c05b,CUST000788,Beauty & Personal Care,4,1421.25,5685.0,debit_card,2026-03-10T03:47:02
604e7699-6bc0-4243-9d2a-02a75f88439a,CUST000208,Home & Kitchen,3,1260.99,3782.97,debit_card,2026-05-19T19:36:00
90d62f8d-1ca2-4b20-a009-0ab7920cf319,CUST000643,Beauty & Personal Care,1,1190.44,1190.44,upi,2026-05-16T22:11:41
9b1acf9f-2501-4f8b-9956-a9eaf29f5ed4,CUST000534,Toys,3,1446.96,4340.88,wallet,2026-07-12T18:11:41
d728c044-d6cd-4c0a-85e3-33e7ab941a06,CUST000296,Beauty & Personal Care,1,607.57,607.57,upi,2026-04-15T02:31:26
6326ea86-a167-495d-bcdf-05e2ef8a09b6,CUST000223,Fashion,2,1009.25,2018.5,wallet,2026-02-18T18:52:36
86310ce9-48d4-455f-b576-9bca705ea04c,CUST000022,Books,3,969.37,2908.11,wallet,2026-05-05T08:04:23
f77d2cf7-c7bc-4f3f-b30a-399c8fc09b8c,CUST000013,Books,3,1832.7,5498.1,credit_card,2026-05-13T10:02:08
34a14dc2-5343-48c7-85f6-5f110b6367c6,CUST000040,Groceries,3,408.88,1226.64,debit_card,2026-04-22T02:06:54
19f87841-4980-4b7c-9490-0ad004ef3ea8,CUST000641,Toys,2,854.69,1709.38,cash_on_delivery,2026-07-20T20:03:04
ef0f35c2-c455-4453-ac86-d0ccbca85671,CUST000137,Home & Kitchen,3,530.28,1590.84,upi,2026-04-08T10:37:52
367a5b6c-5175-4082-a830-6c17cec727d1,CUST000532,Groceries,5,1887.38,9436.9,wallet,2026-02-27T19:30:09
ad21618a-b914-4412-8007-80627a737196,CUST000564,Sports & Outdoors,3,691.78,2075.34,credit_card,2026-06-12T06:46:36
dedaeb17-ba0b-42bc-b4a1-addc15645578,CUST000109,Books,1,1203.37,1203.37,credit_card,2026-04-04T18:06:34
1c81b40f-b0f0-4ecc-a9c6-54817e998046,CUST000309,Books,1,1171.05,1171.05,wallet,2026-05-01T18:00:54
3ad30762-6254-4a52-91f1-14569fc37c53,CUST000724,Beauty & Personal Care,3,1070.59,3211.77,cash_on_delivery,2026-07-26T06:35:57
3989c8b7-f957-4650-86be-6d20ca0cac29,CUST000790,Toys,4,987.81,3951.24,cash_on_delivery,2026-04-30T06:40:57
2c369655-9aa8-472d-915a-d6f2ac174751,CUST000567,Groceries,3,393.64,1180.92,wallet,2026-04-27T11:37:07
c992e1f3-2f67-4452-ab70-c9538502c3ca,CUST000291,Home & Kitchen,3,1527.42,4582.26,cash_on_delivery,2026-06-21T01:45:48
84439830-5c7a-458c-833b-d99083526c11,CUST000513,Electronics,5,1041.54,5207.7,credit_card,2026-02-27T07:54:10
af6325a0-87df-4373-819d-d23555a4b21a,CUST000275,Books,5,1853.5,9267.5,upi,2026-06-18T21:11:34
90a04a4a-683e-491b-8091-8a635a85472f,CUST000107,Beauty & Personal Care,1,834.87,834.87,credit_card,2026-02-25T14:26:49
89e893df-81de-416c-abdb-6ff39c38b91f,CUST000186,Home & Kitchen,3,1258.39,3775.17,wallet,2026-05-18T20:16:44
5254cb2d-7f5d-4a7d-ada2-bd9da113a68f,CUST000096,Toys,2,208.31,416.62,credit_card,2026-04-07T03:29:46
a88cefe5-267b-4706-b3ee-f6cc8e4e9cdb,CUST000049,Sports & Outdoors,1,1856.61,1856.61,cash_on_delivery,2026-04-25T22:15:35
e5cbc3eb-9256-4568-82b2-31f4c882702a,CUST000377,Toys,4,1238.61,4954.44,wallet,2026-03-17T15:01:21
e106f02a-b5a8-402c-991c-fce36999b3a1,CUST000525,Toys,1,1802.16,1802.16,credit_card,2026-02-26T01:52:50
b99a37e1-1729-4a79-9392-f16d71e88a60,CUST000655,Home & Kitchen,1,594.36,594.36,upi,2026-05-18T08:43:38
027bbad3-8e56-4fea-a89e-b9f10b20b4c1,CUST000445,Fashion,1,977.25,977.25,upi,2026-03-28T10:27:52
19871650-16f1-4e38-9af4-0b37b6977272,CUST000484,Fashion,1,799.0,799.0,cash_on_delivery,2026-08-08T02:48:09
0754c775-b6c6-4269-bfff-c08626eec073,CUST000058,Groceries,5,1823.75,9118.75,cash_on_delivery,2026-07-29T13:27:37
b0293244-6ed9-4fb2-ad4d-41101ed1ef2b,CUST000627,Home & Kitchen,1,783.34,783.34,credit_card,2026-04-17T14:14:21
bad2055e-c6da-4326-aa3a-38ba62ef2243,CUST000350,Groceries,1,415.61,415.61,debit_card,2026-04-28T20:31:48
a9465308-4212-4d19-bc87-19b95c62ca32,CUST000497,Toys,3,754.38,2263.14,credit_card,2026-06-16T12:28:08
e12eb890-573a-46d9-a82b-de9437e0b5df,CUST000049,Groceries,2,184.5,369.0,credit_card,2026-06-26T15:20:28
98522983-c646-4599-b3c6-f45ed7150b59,CUST000718,Fashion,1,414.96,414.96,upi,2026-06-08T09:12:40
800d3f20-38d4-410a-bd08-14ab0ed34fab,CUST000668,Sports & Outdoors,1,78.26,78.26,wallet,2026-02-16T01:46:03
ef183336-b83b-4fae-bf00-9bb8143f9ad6,CUST000185,Home & Kitchen,3,1219.93,3659.79,debit_card,2026-03-20T17:54:55
b4acfb15-f7b6-4672-b01a-2cb3deca5708,CUST000064,Toys,2,1376.53,2753.06,cash_on_delivery,2026-08-01T03:57:07
8c28b608-d2f5-4709-a675-e6460e1c9a5a,CUST000284,Books,3,332.57,997.71,wallet,2026-07-21T18:19:27
f6e037b7-a277-40e4-a53c-2f02189532b6,CUST000558,Home & Kitchen,2,26.84,53.68,wallet,2026-02-21T23:04:22
9c4d5122-c153-489a-af1c-c8db6a77fcdc,CUST000360,Home & Kitchen,2,1982.44,3964.88,upi,2026-04-01T11:44:13
ce2b45d9-3b87-42ea-b0f2-27edc4a62cea,CUST000394,Toys,2,1600.8,3201.6,credit_card,2026-04-07T07:45:54
9f37d1d3-1cb1-4479-9bc5-8c4df105fc77,CUST000097,Books,5,1501.63,7508.15,upi,2026-05-22T20:03:39
c7bec268-b32c-49d8-a241-9fe0f0517d29,CUST000548,Electronics,5,1265.75,6328.75,debit_card,2026-02-20T23:01:52
301cec1e-53cc-400b-a427-b7d503f44c8f,CUST000268,Home & Kitchen,4,1234.48,4937.92,upi,2026-04-25T12:12:14
4e7ccf21-b10e-43bd-97d4-b76af15e7c19,CUST000229,Electronics,5,1896.48,9482.4,wallet,2026-06-19T13:28:33
2cac21e7-a681-436f-b7f3-ac557c1e63e4,CUST000701,Sports & Outdoors,5,196.19,980.95,upi,2026-05-20T19:57:29
5b00fca6-ac23-47f0-8636-76e93f0f093d,CUST000261,Books,5,69.37,346.85,credit_card,2026-05-09T19:49:55
0789272f-ce16-4473-be68-6e8676448389,CUST000534,Groceries,N/A,1144.32,4577.28,wallet,2026-06-14T12:07:14
b9f215c6-1b41-481c-a97e-d202a12dfb42,CUST000361,Books,3,1655.8,4967.4,cash_on_delivery,2026-04-01T22:12:59
1529f555-a55e-4ab2-9b46-1f9777f1a041,CUST000123,Books,3,698.98,2096.94,wallet,2026-06-25T01:40:50
47630a17-4cf2-478a-bf09-bbfe9060806b,CUST000050,Toys,3,1842.07,5526.21,credit_card,2026-07-31T03:33:41
6c8e3461-6c73-4e69-ab99-21b2c06f150b,CUST000202,Toys,4,872.6,-3490.4,upi,2026-04-18T22:56:23
ad2f988c-d24a-4c72-ba30-f3c3160e0b18,CUST000629,Home & Kitchen,3,111.53,334.59,cash_on_delivery,2026-07-12T14:48:46
e3dce7dd-d1c4-4e49-86cd-bb256d5d9b8b,CUST000734,,5,693.29,3466.45,debit_card,2026-06-27T00:07:31
670c41aa-be45-49bc-af68-69cd429f5369,CUST000758,Books,4,582.14,2328.56,debit_card,2026-04-10T10:38:55
ed7121bb-d7cf-4db7-98b0-0d8406db3d68,CUST000260,Groceries,2,1206.29,2412.58,credit_card,2026-07-09T16:17:27
c97ad7f8-5e0d-4585-ab40-040c9c98e08d,CUST000148,Sports & Outdoors,5,1160.66,5803.3,debit_card,2026-06-13T08:40:30
f78d2022-6891-4f95-a109-7e66dae90bd3,CUST000537,Toys,4,354.9,1419.6,credit_card,2026-03-24T16:17:51
9e8085b0-3464-49ad-99b5-edab56157976,CUST000467,Groceries,3,742.43,2227.29,debit_card,2026-03-13T23:36:34
6872626f-0be8-4e66-83f0-3e799841a1b6,CUST000084,Home & Kitchen,1,1593.41,1593.41,debit_card,2026-02-21T17:38:25
f01a2a39-20a3-4944-a14d-e4a2c3abd913,CUST000027,Electronics,3,312.28,936.84,cash_on_delivery,2026-03-01T17:50:37
5f7b285d-ab10-4b86-aa3f-e1e730ed1843,CUST000030,Home & Kitchen,1,1417.92,1417.92,upi,2026-02-18T15:06:01
6e0bbfae-3058-41d6-83b0-b609d213b048,CUST000211,Home & Kitchen,4,391.72,1566.88,credit_card,2026-05-24T12:40:31
cc06e083-16ef-47b5-818f-8958684f4bb7,CUST000667,Books,1,413.16,413.16,credit_card,2026-05-31T08:24:10
d239c128-6122-49de-a0c5-71a45c0be60f,CUST000580,Books,4,1697.27,6789.08,credit_card,2026-05-21T15:20:22
05936fb9-f480-41b2-a1f0-721a92174d57,CUST000669,Sports & Outdoors,N/A,241.67,1208.35,cash_on_delivery,2026-05-05T14:16:23
69f08040-d006-49db-9108-46fcefee4c2c,CUST000680,Sports & Outdoors,4,1299.19,5196.76,credit_card,2026-07-31T06:21:03
aef4f5ea-c6ab-4401-bdc8-af015d1269b9,CUST000702,Sports & Outdoors,4,303.07,1212.28,wallet,2026-03-22T13:59:19
a5e9a6e1-9e16-42c7-bd1e-f2644d0ba7be,CUST000385,Books,1,733.77,733.77,wallet,2026-05-20T11:35:37
ac7005a5-e930-4e35-a531-881018e54616,CUST000436,Beauty & Personal Care,5,526.3,2631.5,cash_on_delivery,2026-04-16T12:55:27
d5f1108a-759e-4bd1-99bc-bf91848dda8f,CUST000714,Home & Kitchen,4,112.73,450.92,wallet,2026-04-25T18:12:12
84cfeabf-c1a0-4d43-8882-6f8e94f1cb89,CUST000159,Beauty & Personal Care,4,456.06,1824.24,upi,2026-02-20T01:46:15
4b8cc3ca-5cb0-461c-b1e5-7c42d6432eb2,CUST000642,Electronics,5,589.87,2949.35,debit_card,2026-02-12T13:23:05
e4cb1bfc-9262-4316-9363-ed67874f7f1f,CUST000253,Groceries,5,644.63,3223.15,cash_on_delivery,2026-06-08T16:11:22
0f432aeb-b9f4-4203-bb19-2308599414da,CUST000230,Beauty & Personal Care,4,815.75,3263.0,credit_card,2026-05-28T01:28:48
7776ae56-d13e-4374-8093-1f88c3a07b0f,CUST000367,Groceries,2,826.11,1652.22,debit_card,2026-05-01T12:52:40
2c96513b-bc1e-4335-b517-7068e55d84f9,CUST000688,Fashion,2,135.39,270.78,credit_card,2026-06-01T05:19:39
b2ef953b-c8d8-40ee-ae91-d218d87d0667,CUST000056,Toys,2,1719.42,3438.84,upi,2026-02-18T13:41:26
6c8f72c7-2d0c-437f-84df-413ea41d93df,CUST000393,Fashion,1,1398.55,1398.55,cash_on_delivery,2026-02-22T23:05:19
5e8542e0-5e5e-4c96-8f67-e0063c5ac7e9,CUST000223,,3,505.64,1516.92,debit_card,2026-04-05T04:17:54
122f0a84-954a-4e3f-8e4c-2b7416b48d6c,CUST000452,Toys,3,1391.72,4175.16,credit_card,2026-06-18T20:52:01
b0ec00ee-af69-4c23-97c1-3bf0afac050a,CUST000493,Toys,5,960.65,4803.25,debit_card,2026-05-13T06:15:48
65019151-ff83-414e-82f4-66d3a0206e12,CUST000704,Home & Kitchen,1,1326.92,1326.92,debit_card,2026-03-25T03:49:23
6128701b-7565-4a43-a51e-d08c86eabeff,CUST000302,Toys,4,664.67,2658.68,upi,2026-02-16T15:19:16
7f7689d6-cb1c-4d94-9ced-7ea476726fd4,CUST000455,Electronics,5,1463.26,7316.3,wallet,2026-03-29T04:25:01
faa58c86-87d9-4abb-bd2b-0aedd2f0ddae,CUST000571,Sports & Outdoors,3,1264.89,3794.67,wallet,2026-04-17T00:32:24
6bf21fd1-d783-45a5-b8dd-c949c8b4caca,CUST000342,Electronics,1,100.59,100.59,cash_on_delivery,2026-02-20T19:15:51
2f454014-de45-40bd-a1af-3eea61d8c21c,CUST000323,Fashion,3,1633.22,4899.66,debit_card,2026-05-11T09:56:40
71099497-62b4-4477-867f-e81a10c8f897,CUST000145,Fashion,5,1839.69,9198.45,credit_card,2026-06-01T09:28:50
c78fb7b2-c0f6-4ebb-a67b-aa97ecca841a,CUST000794,Books,1,1468.65,1468.65,wallet,2026-06-14T18:17:56
2815c941-fc9b-4bf2-919f-ef8e56b4aadd,CUST000519,Groceries,4,1103.24,4412.96,cash_on_delivery,2026-08-06T18:32:09
30475286-e7cc-4a55-abac-b07729375cab,CUST000485,Groceries,4,153.02,612.08,cash_on_delivery,2026-06-23T05:46:41
a867aafe-46ec-424d-ac18-b4f21f1ff784,CUST000752,Sports & Outdoors,3,271.15,813.45,wallet,2026-05-20T11:59:20
cf591c1a-8775-47c8-b85a-32c08ca7eba1,CUST000353,Home & Kitchen,3,102.58,307.74,cash_on_delivery,2026-07-28T12:48:49
1613b7ba-8bed-4fda-a835-833dcd3c9b97,CUST000460,Sports & Outdoors,4,1706.48,6825.92,cash_on_delivery,2026-05-02T20:29:37
366aab61-0639-4f16-b3b0-62864d0d5c7c,CUST000043,Toys,2,1378.37,2756.74,upi,2026-07-29T21:56:32
3b9cff68-9c1e-453d-ad66-ed0cc86223d6,CUST000157,Groceries,4,1027.83,4111.32,credit_card,2026-07-11T04:47:48
4b0735e5-a2de-4406-970f-5a0567795be4,CUST000322,Groceries,2,1318.04,2636.08,upi,2026-05-16T11:19:22
7071d85f-2205-419a-a48c-33cff6bab68c,CUST000333,Beauty & Personal Care,3,910.09,2730.27,upi,2026-03-28T04:01:32
4daf8294-cbe2-4bd7-9904-eac25bb582cf,CUST000751,Toys,4,890.57,3562.28,cash_on_delivery,2026-05-10T23:48:13
c7053ce7-d044-47d8-9e13-7181e79157b3,CUST000159,Fashion,5,533.65,2668.25,debit_card,2026-06-22T19:56:01
785555d9-0b3a-44cf-8972-8e292ed97f11,CUST000473,Home & Kitchen,4,701.13,2804.52,wallet,2026-06-01T14:41:12
f53352a0-42e1-40f5-973e-7357c7df58d4,CUST000098,,1,1073.04,1073.04,wallet,2026-06-28T23:37:43
2e2a8a8f-ca1c-4b52-a212-e2d5cbc59287,CUST000006,Books,5,667.77,3338.85,cash_on_delivery,2026-04-19T19:28:55
0d8e7df9-8545-418e-a787-6421f19a4195,CUST000003,Beauty & Personal Care,4,29.35,117.4,cash_on_delivery,2026-07-14T18:34:07
37326bea-c927-458b-9987-8de857173510,CUST000718,Sports & Outdoors,5,911.83,4559.15,wallet,2026-03-19T04:48:54
47e8d6dd-eb3e-4564-8661-e5bb1ca2abf8,CUST000105,Beauty & Personal Care,2,1855.47,3710.94,wallet,2026-06-06T21:21:39
deca43d7-a6df-4849-8d11-b1317606248b,CUST000676,Beauty & Personal Care,1,598.31,598.31,credit_card,2026-04-11T22:41:43
91ad63cc-a835-4129-bd76-2174647a4297,CUST000326,Books,3,819.48,2458.44,cash_on_delivery,2026-04-29T01:45:39
b79ad032-86b2-460e-a0a5-190cfc05f8ff,CUST000718,Sports & Outdoors,5,1425.19,7125.95,debit_card,2026-06-17T04:18:41
114f7c6f-5970-4deb-8be3-4a6ef0775f3c,CUST000650,Electronics,5,625.77,3128.85,upi,2026-05-27T12:50:44
ab64664f-3c30-405a-8a8e-06ce08c1424b,CUST000594,Books,4,1948.62,7794.48,debit_card,2026-03-14T21:13:15
33fb8771-da02-47e0-aa2a-985c4390e1d9,CUST000568,Toys,5,405.57,2027.85,credit_card,2026-04-24T19:42:18
6615fca7-e5c2-4bfb-860b-d22a6695d1dc,CUST000040,Sports & Outdoors,5,210.93,1054.65,upi,2026-05-24T02:53:23
47448281-4209-41ae-a9ce-57ed59edc2f9,CUST000391,Groceries,1,1009.32,1009.32,debit_card,2026-05-30T11:27:32
018fd56f-9af8-4641-bf7a-d485fcd70df9,CUST000759,Sports & Outdoors,5,673.5,3367.5,cash_on_delivery,2026-07-09T09:21:08
b9c31fd5-cf1b-4f3d-a8c4-771cb86c0beb,CUST000355,Beauty & Personal Care,5,883.11,4415.55,upi,2026-03-15T10:19:11
69a7636a-2989-45b9-b025-d058951bffaf,CUST000701,Toys,2,954.44,1908.88,wallet,2026-08-04T11:50:00
ff459fdc-79e4-416a-9db1-c6034c72a49d,CUST000238,Home & Kitchen,2,1310.93,2621.86,wallet,2026-05-01T04:53:56
5dfa7353-53cd-4332-8218-d145d826fc51,CUST000528,Toys,4,1308.71,5234.84,upi,2026-04-28T04:39:46
b95646ff-cf49-4be0-81de-3c93ede05906,CUST000380,Electronics,N/A,1404.3,7021.5,credit_card,2026-04-06T22:25:36
17ae4ae8-10e9-4f09-9f80-07ce37b01b9b,CUST000678,Fashion,1,123.02,123.02,upi,2026-05-31T05:34:18
f67735f3-b97f-4ed4-bc81-314187370e97,CUST000476,Beauty & Personal Care,1,1150.65,1150.65,cash_on_delivery,2026-06-13T20:12:00
c159ad6a-9d8a-4cfd-b1e3-e5bea1697977,CUST000480,,2,223.14,446.28,credit_card,2026-05-09T17:42:33
5f21d056-6736-4bc5-89e5-b8fd81af00cc,CUST000770,Toys,1,1993.28,1993.28,credit_card,2026-07-23T02:29:07
658ad692-38de-4ee7-8bd7-f08932be620a,CUST000795,Beauty & Personal Care,2,1764.82,3529.64,wallet,2026-03-31T05:43:41
e0da590b-e853-4725-b158-0dc85d5f3477,CUST000117,Electronics,5,1287.61,6438.05,upi,2026-05-20T16:18:04
f2afe5e1-ba17-4940-bd26-2d78a7974b72,CUST000746,Home & Kitchen,4,645.32,2581.28,upi,2026-04-19T00:27:36
cd6fa7c9-45ab-44ff-9ddb-0f6494164251,CUST000157,Toys,2,719.38,-1438.76,credit_card,2026-03-05T12:59:34
5170ae7f-0fea-4508-b192-a718633beab2,CUST000104,Electronics,3,1120.72,3362.16,cash_on_delivery,2026-03-10T06:34:26
8f1dcc0c-63a8-4b55-a4ed-29ae235dc146,CUST000303,Home & Kitchen,5,1681.87,8409.35,upi,2026-08-06T21:54:00
3e96e348-5fe5-4a54-b51d-ada65928ffdf,CUST000177,Beauty & Personal Care,4,1169.38,4677.52,cash_on_delivery,2026-02-19T19:23:58
8f535aad-f697-4d81-a0bc-c3f15afedf04,CUST000139,Beauty & Personal Care,5,1063.05,5315.25,upi,2026-02-14T20:50:44
68d94697-4fbe-46d0-96a8-85fcbe65e284,CUST000413,Home & Kitchen,1,552.32,552.32,wallet,2026-05-26T09:23:30
2518b4ea-7b2d-4582-ac73-cd85f080c8cf,CUST000027,Electronics,3,1174.25,3522.75,cash_on_delivery,2026-02-28T16:21:30
b04b058a-f400-4eca-98a6-ce60d33c2901,CUST000522,Beauty & Personal Care,4,986.99,3947.96,wallet,2026-07-07T05:14:43
bbe1789b-abbd-4fe2-b2d8-a6b484c0b0d4,CUST000178,Fashion,2,1485.22,2970.44,upi,2026-07-29T00:54:04
33da8b2c-adc0-493f-b692-c8ea07e154cf,CUST000022,Sports & Outdoors,4,758.59,3034.36,upi,2026-07-11T16:27:08
de44e5ac-355c-42b9-a60b-1ff6b69a8790,CUST000567,Books,3,1370.56,4111.68,credit_card,2026-06-25T19:00:13
463daf22-85e1-4923-8f56-8fc8e1cca012,CUST000012,Fashion,2,1404.49,2808.98,cash_on_delivery,2026-06-29T16:13:37
e464c63e-8982-4b68-999f-460a254a5227,CUST000720,Books,3,373.97,1121.91,cash_on_delivery,2026-05-10T18:07:28
14c74b5c-c5ff-4caf-bf9b-b185d87f4f7b,CUST000206,Groceries,5,299.87,1499.35,upi,2026-03-17T17:17:38
9ae685e1-9bc4-48b0-a66f-62d781b707f8,CUST000146,Books,4,1551.28,6205.12,upi,2026-03-21T02:53:16
00af8a90-aa04-4687-a357-b4645321b402,CUST000011,Home & Kitchen,5,296.15,1480.75,upi,2026-07-20T16:26:07
38ece48c-6eda-4953-b77e-3ec213337013,CUST000705,Toys,2,58.54,117.08,credit_card,2026-07-07T12:36:59
2ab4a225-e508-4f86-9ecd-d3ffa8542599,CUST000010,Home & Kitchen,2,757.43,-1514.86,cash_on_delivery,2026-04-13T21:28:27
40faf4cb-f361-4a4a-a98e-fe6741e1e086,CUST000416,Sports & Outdoors,1,1344.99,1344.99,cash_on_delivery,2026-03-20T00:23:40
e3a22c75-1ef3-426e-a4da-8dc3c6d4b919,CUST000153,Fashion,5,318.93,1594.65,credit_card,2026-04-27T18:55:17
b51e6f6a-5a6b-4bd6-9dbb-bbaba6a42186,CUST000363,Sports & Outdoors,1,1891.73,1891.73,cash_on_delivery,2026-03-10T05:06:16
f9eb6980-9959-4355-b103-581d71d17bd0,CUST000083,Home & Kitchen,4,1377.47,5509.88,credit_card,2026-06-27T00:53:36
5f0cbf9c-ba84-462c-b7ed-ba012dbab9e1,CUST000661,Fashion,5,516.61,2583.05,debit_card,2026-07-20T12:29:39
ca607365-a725-4760-ab87-c3cf22ff1c25,CUST000439,Beauty & Personal Care,3,1050.09,3150.27,wallet,2026-06-16T10:26:44
65498f93-cb83-4624-be84-4eae6193a154,CUST000457,Fashion,5,205.06,1025.3,cash_on_delivery,2026-04-17T17:01:11
6a3b7874-6934-4edb-86d2-f134f8eaad8b,CUST000396,Home & Kitchen,1,13.2,13.2,wallet,2026-07-31T10:51:58
9470fd0b-8f49-4c6d-b3aa-a2801eda2ee4,CUST000135,Beauty & Personal Care,3,488.35,1465.05,debit_card,2026-05-15T17:54:05
e357063a-fb24-4c75-9f4c-81cc7484aacc,CUST000707,Home & Kitchen,4,160.08,640.32,cash_on_delivery,2026-05-13T23:04:58
804067d5-4778-4438-a7fa-1c4aa70eb1d1,CUST000218,Home & Kitchen,5,746.2,3731.0,credit_card,2026-04-19T19:36:40
b8fe813c-ed00-4fe2-814c-36954e0ccba9,CUST000608,Books,4,69.54,278.16,debit_card,2026-07-06T04:35:47
7198f3fc-0bb5-49b2-960f-a26fac15133e,CUST000103,Toys,4,1591.91,6367.64,credit_card,2026-02-22T16:59:35
e297cb8b-26fb-42c5-abeb-b4d0eef697a9,CUST000380,Books,1,393.49,393.49,credit_card,2026-07-16T20:40:18
032fa76f-414f-4665-bb4a-72354abae0fe,CUST000242,Electronics,2,795.47,1590.94,cash_on_delivery,2026-03-11T04:32:49
ca2349b2-87d5-40d3-932e-877737e27128,CUST000065,Groceries,3,1664.33,4992.99,upi,2026-07-06T00:02:20
9613676e-16dd-4713-a06f-0f474e3ca086,CUST000523,Toys,5,767.91,-3839.55,debit_card,2026-03-19T12:30:28
e6848179-d344-4491-8552-4c76f27e95bd,CUST000155,Home & Kitchen,4,1473.07,5892.28,debit_card,2026-06-25T22:00:47
57305562-b6ec-4570-a9d9-6e4a6d45df4b,CUST000561,Books,4,678.13,2712.52,upi,2026-03-04T21:10:09
a4ff9df6-40c6-40fd-80f9-2fd40b0d5e25,CUST000591,Groceries,3,643.81,1931.43,upi,2026-02-28T11:54:19
3842e986-3d12-485b-910e-0bfff5bc9fe2,CUST000224,Toys,2,1541.81,3083.62,upi,2026-04-08T07:45:40
6a6f74cd-b837-4445-8c72-a02835b0a49a,CUST000413,Groceries,2,1737.33,-3474.66,upi,2026-07-18T09:21:42
e7a03d6d-a4b8-47d3-ae04-ce4c6d1531d5,CUST000223,Fashion,1,1416.59,1416.59,debit_card,2026-04-21T15:19:34
443e8e39-14d7-483d-8b98-fa8290e9c913,CUST000208,Sports & Outdoors,4,1142.88,4571.52,credit_card,2026-05-29T14:07:36
fbc94e18-37b9-4bab-a1b4-82509f5072d3,CUST000382,Home & Kitchen,5,79.76,398.8,wallet,2026-07-20T22:39:57
46a4b5e7-ab80-4f59-b2a0-5c705c2537f6,CUST000096,Toys,1,1054.79,1054.79,wallet,2026-06-08T02:52:08
be1efb0d-9554-4acc-a940-fac569551234,CUST000596,Electronics,1,514.64,514.64,upi,2026-04-02T19:14:34
9f3a3467-b4a7-40ea-8d8a-29dbf3a79b76,CUST000289,Home & Kitchen,3,503.31,1509.93,debit_card,2026-06-23T22:11:34
5973f211-6714-45aa-a660-5b230964e555,CUST000619,Fashion,5,755.04,3775.2,debit_card,2026-04-10T15:08:09
2970b61a-bdc5-4bd8-ba39-36e480bb23f3,CUST000001,Toys,3,233.5,700.5,debit_card,2026-06-11T22:56:09
4f7849bd-e474-401c-af03-f3c7de54708c,CUST000140,Groceries,1,824.42,824.42,debit_card,2026-02-22T14:24:24
0c52654c-75c2-4181-be8c-da8c158556d5,CUST000377,Sports & Outdoors,5,171.08,855.4,upi,2026-03-19T22:59:02
881e72b4-e8a1-4cc2-9df7-830598647717,CUST000114,Groceries,5,1165.78,5828.9,wallet,2026-07-28T09:25:00
26ecd403-18f1-4b3e-b412-b3c73c8c5cce,CUST000481,Beauty & Personal Care,2,1245.72,2491.44,upi,2026-06-07T02:21:40
1c0dd517-559c-422b-9d9c-3ad4450d3e6a,CUST000419,,5,39.27,196.35,debit_card,2026-07-27T09:42:11
87da6840-5513-4654-92b7-6a5a00c2822c,CUST000487,Toys,1,583.62,583.62,wallet,2026-07-25T21:57:50
513ae4ae-5b69-407d-b8a5-33bec6a99ebd,CUST000010,Fashion,5,1321.03,6605.15,credit_card,2026-06-20T10:34:39
e22dcbd0-d4f9-4e96-b606-0c03072bc660,CUST000074,Fashion,3,1297.44,3892.32,cash_on_delivery,2026-04-27T09:38:43
fd1c276b-d5ab-4efc-b260-4f87c1d115f3,CUST000248,Beauty & Personal Care,1,410.66,410.66,cash_on_delivery,2026-05-06T16:12:21
87f23430-ac41-48dd-8433-061471bf817e,CUST000712,Beauty & Personal Care,2,1632.31,3264.62,upi,2026-04-12T07:13:55
57b486f7-f0c1-4415-b9cf-8e439bf57bb5,CUST000778,Groceries,2,1962.75,3925.5,credit_card,2026-04-19T03:05:50
1ff65fff-0a4f-4e16-bbd6-dbb796a98098,CUST000517,Home & Kitchen,4,1829.7,7318.8,wallet,2026-07-01T17:17:32
d23fd92f-dd8e-4bb7-af60-d032c6581d7c,CUST000409,Beauty & Personal Care,4,803.47,3213.88,credit_card,2026-07-14T17:15:11
91a74162-095a-45a1-aa15-32e09f090da0,CUST000728,Fashion,3,1480.61,4441.83,upi,2026-04-16T15:29:15
6a811edd-ec44-490a-b105-5a595761f676,CUST000740,Beauty & Personal Care,2,1329.84,2659.68,credit_card,2026-02-21T23:51:52
86b39efe-dd11-4568-8f70-8e36abf930cd,CUST000511,Books,3,60.84,182.52,upi,2026-08-04T03:44:40
9997fb59-8ee1-427f-91ef-548cb1229825,CUST000010,Home & Kitchen,5,718.98,3594.9,credit_card,2026-06-25T11:48:39
41631adb-44c9-448b-98e9-432d5d1e1511,CUST000568,Books,2,1713.34,3426.68,debit_card,2026-02-20T06:03:29
7caa327e-7899-4925-b5e7-123ef4e4e5d3,CUST000554,Beauty & Personal Care,4,703.14,2812.56,debit_card,2026-03-01T22:08:19
3eb78497-e401-4aca-a245-864b3aaae462,CUST000258,Sports & Outdoors,4,1203.88,4815.52,cash_on_delivery,2026-06-16T05:20:18
b90a5168-8ec5-405b-8e16-b7deae07fe17,CUST000000,Beauty & Personal Care,4,924.24,3696.96,cash_on_delivery,2026-06-20T07:25:52
60fbd12f-1c8b-47d9-8875-1721048db6cc,CUST000264,Toys,1,1948.65,1948.65,upi,2026-04-17T19:31:38
f2c06eac-153d-4709-9f89-740bfb4e5710,CUST000416,Groceries,4,42.34,169.36,debit_card,2026-05-23T03:50:47
6bc5321b-dd6e-448f-87e0-1e001e24115a,CUST000046,Electronics,3,1136.7,3410.1,debit_card,2026-05-06T05:26:26
24a213ac-416a-465f-aecb-a61d54e8a479,CUST000573,Books,1,741.62,741.62,cash_on_delivery,2026-04-06T12:31:00
b654850e-46a4-4ca4-9373-1c54880e68b3,CUST000270,Sports & Outdoors,2,471.87,943.74,wallet,2026-04-21T23:48:38
3cc5d3cb-70cd-49b4-a2db-10700f669bcd,CUST000657,Beauty & Personal Care,5,1553.32,7766.6,credit_card,2026-06-27T07:16:49
ebc04591-f7d6-40a6-9995-f412edecb9cc,CUST000272,Fashion,5,207.32,1036.6,wallet,2026-07-31T15:30:54
0e66d861-dd90-4115-ab55-109f17e9c05a,CUST000072,Groceries,4,1822.42,7289.68,cash_on_delivery,2026-03-06T15:07:47
33c05c70-4a9f-492f-9f41-5f1a7bce8f78,CUST000653,Home & Kitchen,2,1903.34,3806.68,credit_card,2026-07-12T05:32:14
cdf58067-d45d-4e5b-a62f-aab5ac497e4e,CUST000413,Electronics,2,110.32,220.64,credit_card,2026-04-27T07:38:18
fbf87ace-36a4-4012-8fc3-e6a1bc20dc79,CUST000486,Books,N/A,423.43,423.43,upi,2026-03-16T01:55:08
dbb5383f-291c-4c51-968f-f2ab3fba65a2,CUST000609,Home & Kitchen,3,1729.86,5189.58,upi,2026-04-13T12:43:52
d5ca7ff1-8d2b-4bcb-aaf4-46841d4ed9dd,CUST000787,Home & Kitchen,1,1589.89,1589.89,debit_card,2026-04-24T15:18:45
e6cec561-757c-4bb0-80f1-76763e11d5b4,CUST000005,Beauty & Personal Care,2,1404.42,2808.84,credit_card,2026-07-15T20:45:33
0bcb3389-8139-4e55-9c46-0d3295d604a9,CUST000778,Books,5,208.14,1040.7,upi,2026-05-12T00:33:24
425fca0a-baed-4ff0-ba8c-c1426de8d87e,CUST000355,Sports & Outdoors,3,713.98,2141.94,debit_card,2026-06-25T17:27:34
c5a24973-ffd3-4d2d-ba88-db35203dfa59,CUST000794,Sports & Outdoors,4,358.76,1435.04,wallet,2026-04-03T17:22:53
963557c6-b684-4b1c-ab54-d29d184a1bde,CUST000115,Groceries,3,32.02,96.06,debit_card,2026-06-26T03:43:21
13164870-5e6c-4986-981d-70cd86169447,CUST000212,Fashion,4,1505.75,6023.0,credit_card,2026-04-29T17:30:24
fd242aa2-ef7b-4ba8-918e-17b77efc1f5c,CUST000101,Toys,2,37.48,74.96,cash_on_delivery,2026-07-28T18:58:20
4e3462a5-a5a1-449c-997f-b3ec3e5064bf,CUST000142,Toys,5,1780.0,-8900.0,wallet,2026-03-09T13:54:39
b06fc86f-24e3-4cc2-ab33-57463e8e5a7f,CUST000747,Home & Kitchen,5,375.39,1876.95,credit_card,2026-04-21T18:48:14
d1edb190-d4ce-45e2-9ac8-a94faf50e118,CUST000107,Home & Kitchen,3,355.58,1066.74,wallet,2026-06-03T02:30:10
2ef0b614-4d56-4425-8c24-26b5a8f40152,CUST000798,Books,2,573.45,1146.9,credit_card,2026-07-01T02:28:30
293004d8-9516-4afc-a103-9288d24e6e2c,CUST000527,Toys,4,958.89,3835.56,credit_card,2026-03-13T15:59:00
a81f7131-e1f4-4e8f-9570-1daa5ea048b7,CUST000038,Groceries,3,25.27,75.81,upi,2026-05-01T11:43:02
40c084ad-fdfe-4088-86d4-306e8ff0d58d,CUST000059,Fashion,1,537.66,537.66,debit_card,2026-04-03T00:54:57
44bf5baa-d6f9-4a4c-bc80-8e038adfeab6,CUST000385,Beauty & Personal Care,2,861.92,1723.84,cash_on_delivery,2026-07-12T19:32:23
6dcb5634-cfa3-4476-aad6-da0e78e247f5,CUST000477,Sports & Outdoors,5,815.99,4079.95,upi,2026-04-16T22:51:15
6f08e209-d92f-4bee-9f9a-14b46c345901,CUST000472,Beauty & Personal Care,4,266.46,1065.84,credit_card,2026-08-08T05:41:34
18275118-700c-4783-b783-76888e71486b,CUST000179,Sports & Outdoors,N/A,1956.15,7824.6,credit_card,2026-05-31T11:17:30
f78d3d8a-030a-4805-b4f6-8df4afbd1ea7,CUST000223,Sports & Outdoors,3,198.23,594.69,credit_card,2026-04-06T07:21:21
98c83915-0c5f-466f-84da-aeea34cac984,CUST000583,Toys,3,1279.81,3839.43,credit_card,2026-03-31T00:32:51
9f9f8127-0cee-4785-819b-bdd6891c7ece,CUST000297,Electronics,3,1809.27,5427.81,debit_card,2026-03-31T00:57:50
0acde7df-e3ae-45bc-a9ea-568b11b9f26d,CUST000445,Fashion,2,439.33,878.66,credit_card,2026-04-02T08:17:22
5cf6c761-932b-4dde-91d0-4fb5f6681c76,CUST000229,Groceries,3,385.14,1155.42,upi,2026-05-11T05:27:45
de667044-de2e-4a6a-b170-2fca50d45252,CUST000686,Toys,3,1057.79,3173.37,wallet,2026-08-09T10:08:46
1b9b1eb6-84fb-48ee-b772-db1dfa963ef7,CUST000502,Fashion,3,1805.01,5415.03,debit_card,2026-07-13T04:03:20
6d94aa62-e8c6-4733-bdaa-5eb826ab5544,CUST000327,Electronics,4,1975.68,7902.72,credit_card,2026-06-23T22:53:30
53ac7759-8ad6-4244-a87e-bde6ac3f3bb9,CUST000257,Electronics,1,13.15,13.15,debit_card,2026-05-09T02:54:16
77f0da11-77d9-4572-9971-ced1a6257abd,CUST000008,Fashion,3,1706.85,5120.55,cash_on_delivery,2026-03-27T15:14:23
ba0fc40b-815c-40f9-bc78-47e882e07e97,CUST000576,Books,2,1515.06,3030.12,upi,2026-02-22T11:34:03
824d89fa-09e2-47d7-aaf8-822e458aa2b5,CUST000407,Sports & Outdoors,2,1300.87,2601.74,credit_card,2026-05-30T21:33:53
555af0e1-c5c7-4c07-b6a2-cdba964239c8,CUST000715,Electronics,3,1411.94,4235.82,wallet,2026-05-26T10:25:11
2c1fe216-0086-4cd9-b342-96498dc6150b,CUST000285,Beauty & Personal Care,3,1022.17,3066.51,cash_on_delivery,2026-05-03T16:40:43
b1b1358c-6262-4ada-be7b-c38211175f3e,CUST000788,Home & Kitchen,4,1244.23,4976.92,wallet,2026-05-30T08:54:00
fd5d8d4d-6c19-4b3e-8d89-eddb6b9368e3,CUST000179,Home & Kitchen,2,329.95,659.9,credit_card,2026-03-16T14:36:28
63aae327-3449-409a-aecd-8e69b3d0d3f9,CUST000240,Beauty & Personal Care,2,490.26,980.52,upi,2026-05-21T03:41:29
384fd7ac-6341-435e-b4fc-ac1a02deff02,CUST000795,Beauty & Personal Care,4,672.37,2689.48,wallet,2026-04-20T22:20:35
4ca32d20-e695-4b99-9304-457adfe01a7c,CUST000565,Toys,4,1446.41,5785.64,upi,2026-05-28T14:53:36
767a9f65-ff27-4c58-ae9e-bd0c3bede358,CUST000643,Beauty & Personal Care,1,1334.98,1334.98,debit_card,2026-05-28T07:30:20
89886d39-b552-469e-b498-56fcbeeaa1bf,CUST000075,Toys,1,1172.26,1172.26,cash_on_delivery,2026-04-15T13:14:12
2fb59ed2-692c-4a0b-b95f-b327985f1a81,CUST000537,Sports & Outdoors,5,136.9,684.5,cash_on_delivery,2026-06-11T23:47:29
c0cb4c77-de21-42a0-a885-1f8a34f6fee8,CUST000452,Groceries,1,534.92,534.92,upi,2026-03-25T12:29:18
65dcc52b-77d6-436b-a4f6-c8f2e9b7752b,CUST000555,Sports & Outdoors,3,1422.15,4266.45,wallet,2026-03-11T07:54:51
04ba279c-fdcc-4317-95a8-7a4171bb2dcc,CUST000713,Home & Kitchen,2,907.62,1815.24,credit_card,2026-05-18T13:11:19
e0a4c836-50e3-4ee0-8b59-3932d5f55693,CUST000021,Fashion,1,1948.87,1948.87,debit_card,2026-02-27T00:37:13
915400b5-0229-4de8-a1a1-6a53fe072c4a,CUST000548,Toys,3,1982.91,5948.73,credit_card,2026-06-23T03:49:38
0db4c351-4fad-4983-ae44-e23b7ef2e6be,CUST000650,Books,3,1962.17,5886.51,credit_card,2026-03-03T02:05:20
e4902fb1-d514-4a39-a6d8-23a996d4720d,CUST000782,Beauty & Personal Care,5,572.93,-2864.65,upi,2026-04-09T00:19:33
45f4553b-61c0-4658-a4a6-036cd0cd98e1,CUST000505,Electronics,3,1117.86,3353.58,upi,2026-05-30T23:17:05
7af1a2dc-c81c-484c-84d3-65e0eb86b319,CUST000276,Home & Kitchen,1,288.12,288.12,wallet,2026-02-14T19:16:43
8ee762d3-8051-4e21-b082-a6446aed0ee3,CUST000450,Sports & Outdoors,3,1558.87,4676.61,credit_card,2026-07-12T15:22:44
27e96d2e-60b4-4a23-9b25-610085f960ba,CUST000613,Electronics,4,909.56,3638.24,cash_on_delivery,2026-04-14T19:22:06
4059988c-a492-4864-83ac-800d7f498803,CUST000034,Sports & Outdoors,2,807.58,1615.16,credit_card,2026-05-02T02:48:31
c2bfd5ee-81af-4541-910b-fdc6d5e3a6ec,CUST000275,Books,1,1211.93,1211.93,debit_card,2026-03-08T10:00:29
20a8275e-5e56-4f77-bd73-c2180d06d3e8,CUST000431,Electronics,3,1277.93,3833.79,upi,2026-07-20T16:55:12
04551610-7697-48d2-b7a5-91e097930761,CUST000466,Beauty & Personal Care,4,1370.53,5482.12,cash_on_delivery,2026-03-07T01:54:28
7686c76a-0269-4f84-9c84-acc483efbcba,CUST000556,Home & Kitchen,5,1885.89,9429.45,cash_on_delivery,2026-06-30T12:58:08
5b224727-b1c3-4d75-9987-606ed2870965,CUST000601,Toys,4,306.29,1225.16,upi,2026-07-03T12:19:14
de6c3d40-1ae6-4943-bc39-a287775f7218,CUST000365,Groceries,4,877.34,3509.36,cash_on_delivery,2026-07-25T16:24:46
1014f3d5-cbf9-42ce-b618-65b0c639552d,CUST000512,Beauty & Personal Care,3,627.36,1882.08,credit_card,2026-03-22T20:57:04
732a5195-978d-4ef3-a096-69bb5b476c38,CUST000348,Sports & Outdoors,4,696.0,2784.0,debit_card,2026-07-01T04:00:39
8c819bd6-ef10-4f7d-83ee-992105659839,CUST000651,Sports & Outdoors,5,1471.81,7359.05,debit_card,2026-07-16T13:25:25
08b93af7-e940-4863-9db4-a5969c7213ca,CUST000390,Beauty & Personal Care,3,1955.16,5865.48,debit_card,2026-06-23T03:46:51
a029fe4d-0cfd-46bf-b3c2-7ea826300e68,CUST000526,Home & Kitchen,3,417.12,1251.36,wallet,2026-03-18T07:17:05
0a9052e6-bfd9-4e62-94f6-791cab54b8ac,CUST000786,Books,3,402.94,1208.82,credit_card,2026-03-30T16:27:36
581a7233-9bb0-44fd-bf78-8d3c2ef1966f,CUST000784,Groceries,3,1615.43,4846.29,wallet,2026-08-05T17:14:40
8aad1007-1e27-4cfa-b3e3-c25270ae47ed,CUST000092,Sports & Outdoors,5,1823.14,9115.7,debit_card,2026-04-13T16:36:21
06dfef1c-d38d-4a04-b0fc-20d5300ebcc4,CUST000135,Electronics,2,1963.23,3926.46,credit_card,2026-02-27T06:09:42
63215b0c-356f-4338-b825-47ee57816606,CUST000544,Groceries,3,1666.16,4998.48,debit_card,2026-07-09T10:01:40
f7bada24-c28d-42a6-9d48-a4523b1f4809,CUST000100,Toys,3,1524.45,4573.35,debit_card,2026-06-02T07:30:41
2a89665e-ca9a-4505-b6a0-d195e2ff5f76,CUST000514,Books,4,454.07,1816.28,cash_on_delivery,2026-06-16T19:02:02
e3ecf28c-2a2e-4f17-ab34-495da41eda29,CUST000210,Beauty & Personal Care,4,867.24,3468.96,debit_card,2026-05-08T17:16:18
220d4fb0-fb43-4766-a22e-8366975270b9,CUST000614,Electronics,3,320.98,962.94,credit_card,2026-08-07T05:00:19
917acb7b-ac6c-4d15-8041-a228cd238ee0,CUST000334,Books,1,1174.94,1174.94,upi,2026-07-18T10:39:16
7fa968c3-4a40-42f5-9d0a-c8cc08e20f55,CUST000089,Electronics,3,334.62,1003.86,upi,2026-03-15T08:59:57
bb3fb719-a52b-48aa-8a21-588732d5c0a1,CUST000391,Home & Kitchen,3,864.66,2593.98,debit_card,2026-04-10T19:36:50
3fce49f0-8a37-43eb-97e5-d86ea1de72a7,CUST000315,Toys,5,822.57,-4112.85,debit_card,2026-06-06T09:20:49
0c7fbefc-ebab-4999-9638-ada2483b5a97,CUST000793,Books,2,1649.5,3299.0,wallet,2026-06-10T06:58:50
f72a4cd5-8611-407c-b2f1-ce4d8e418a3f,CUST000120,Sports & Outdoors,4,1987.51,7950.04,wallet,2026-06-10T16:27:49
0278b768-a8fb-4e64-946b-58dcf726e96c,CUST000407,Electronics,3,233.73,701.19,cash_on_delivery,2026-05-25T23:59:44
ac400caf-2b41-4b82-93bd-8135c9f018eb,CUST000194,Electronics,1,1898.62,1898.62,debit_card,2026-03-03T17:48:09
4f05465a-2ede-424b-9a4e-3b8f77b59d1f,CUST000318,Fashion,2,1444.74,2889.48,cash_on_delivery,2026-06-03T06:24:04
edbaeab2-0fd5-4ced-89a3-f12e406a6987,CUST000169,Sports & Outdoors,5,937.2,4686.0,upi,2026-05-11T02:48:41
ed53c4a8-1b75-4576-9683-434ef82b6f7d,CUST000125,Groceries,N/A,1677.03,6708.12,upi,2026-05-17T02:07:34
f696a2b3-60c4-4e80-a1a8-9a443062dd3c,CUST000208,Groceries,4,688.38,2753.52,debit_card,2026-03-05T09:06:10
956a9f41-d546-4988-a7b1-d0a9f6d59187,CUST000617,Books,4,337.46,1349.84,upi,2026-03-05T06:40:46
87b81ddd-6e83-4326-b14c-462d68ca82aa,CUST000456,Electronics,3,652.4,1957.2,debit_card,2026-07-06T20:47:56
dd04f54e-bb30-4ae2-a4ce-f34cd7c3dc2a,CUST000644,Home & Kitchen,2,86.87,173.74,debit_card,2026-05-30T04:25:11
e143d633-d89e-49e8-93c1-115b4146c1d6,CUST000081,Fashion,3,1157.79,3473.37,cash_on_delivery,2026-02-16T23:42:51
5111a7fc-35b0-4736-beab-611bbbb8a95f,CUST000029,Books,1,1268.91,1268.91,upi,2026-05-10T04:41:43
7298b7d8-39fa-4b1d-958d-d5312f336437,CUST000024,Electronics,2,1287.59,2575.18,cash_on_delivery,2026-04-26T06:53:05
51d01adc-44d5-4d7f-94a3-803e7dc14722,CUST000020,Electronics,4,1416.02,5664.08,wallet,2026-02-14T16:24:11
c40c39b8-1d2c-4f74-aaf6-5cc4793092d2,CUST000482,Toys,3,1790.28,5370.84,credit_card,2026-05-16T09:27:43
8904d9fc-90a2-4844-a1af-8c7fb0a50729,,Fashion,4,409.22,1636.88,credit_card,2026-03-24T15:55:30
91435783-d6d7-4b01-9953-8d534f6e9a7b,CUST000746,Beauty & Personal Care,1,387.74,387.74,wallet,2026-07-08T00:28:07
773d379e-8687-4bec-af41-1052f0de7cdf,CUST000252,Sports & Outdoors,2,1790.74,3581.48,credit_card,2026-03-11T00:00:11
1c346e74-b001-4e6c-86bc-2854795f7ace,CUST000671,Electronics,2,1540.51,3081.02,upi,2026-07-03T19:46:07
cda7e3bc-2d08-4187-8266-33444e43ab6e,CUST000664,Fashion,4,1301.23,5204.92,wallet,2026-04-01T18:23:26
64dbb665-1bc0-47e4-849d-8fbe95a50e9c,CUST000389,Toys,3,615.17,1845.51,cash_on_delivery,2026-05-27T01:16:47
23a53db6-736c-4b48-9ffd-ee3c20be792b,CUST000104,Fashion,5,1594.78,7973.9,cash_on_delivery,2026-07-15T11:18:17
f54c1d7e-5a48-4739-97c3-bd2eaa5232e1,CUST000221,Fashion,2,267.92,535.84,wallet,2026-07-11T16:22:53
8c35325e-f273-4d50-b0bd-ea5656a69cf9,CUST000334,Groceries,3,1820.74,5462.22,cash_on_delivery,2026-05-14T13:21:20
594081ae-d01b-491e-adad-6757cda9d1fb,CUST000736,Fashion,3,1976.86,5930.58,cash_on_delivery,2026-07-03T18:16:05
cc199c4e-ba72-4b7f-b80e-568bc62207f4,CUST000606,Books,2,780.73,1561.46,debit_card,2026-06-03T11:47:32
696f43cb-1c1d-4c08-9da6-5dd6c7feb4f8,CUST000357,Groceries,4,1027.74,4110.96,credit_card,2026-03-14T23:41:18
3d5dd051-f407-4985-bf19-eb26b2ab71c7,CUST000216,Sports & Outdoors,4,1313.9,5255.6,debit_card,2026-07-22T17:00:37
f45791fa-c9a1-4413-9f2c-8a9d4b81cabf,CUST000101,Electronics,4,1661.47,6645.88,credit_card,2026-07-19T08:56:25
6fb08264-3e01-4978-981f-801f8bc9a81e,CUST000714,Sports & Outdoors,4,322.71,1290.84,upi,2026-06-08T18:04:38
8764d9ea-ab95-4a46-87d7-5b58e2e716d9,CUST000792,Books,1,1472.89,1472.89,debit_card,2026-05-27T23:53:01
e18ba700-f00f-4584-b905-84e3f3b16318,CUST000371,Books,4,1486.33,5945.32,wallet,2026-06-29T06:56:32
6f718306-1038-46a5-8e78-67d8c54253b6,CUST000127,Beauty & Personal Care,1,133.2,133.2,wallet,2026-02-26T13:16:02
d7582091-cbde-4cba-819b-79a1867b0455,CUST000383,Books,3,1533.08,4599.24,credit_card,2026-04-02T16:18:30
91c78b58-bc35-4d23-ba48-7e6ef498e5f3,CUST000301,Fashion,2,1278.41,2556.82,wallet,2026-04-13T21:21:09
62ed0f34-d9a5-4248-8130-fd1e9f3d58e3,CUST000463,Toys,2,950.96,1901.92,debit_card,2026-06-17T11:19:45
0a7420c3-b882-46d1-8819-1e8ecf336327,CUST000093,Electronics,4,1104.7,4418.8,credit_card,2026-04-12T09:12:51
293229f7-d877-408b-b3ea-3a5d6bed8eae,CUST000780,Toys,1,1466.44,1466.44,debit_card,2026-05-02T05:23:57
4c2b719e-6366-4162-b61b-fb1206839562,CUST000622,Groceries,2,1168.95,2337.9,upi,2026-04-08T00:15:24
3d5c926f-201a-4c0b-9aa7-d8814ea051c1,CUST000245,Home & Kitchen,1,1226.31,1226.31,wallet,2026-06-27T00:53:49
2118d693-6032-487c-9a88-7658df8703ae,CUST000688,Home & Kitchen,5,1590.41,7952.05,upi,2026-04-15T07:43:05
2ee1818c-2be9-4f16-93af-6cd9431de1ea,CUST000512,Fashion,5,1449.41,7247.05,wallet,2026-02-20T16:39:58
6d82d697-f4c3-4a9e-8f22-aa5ce3ca0b00,CUST000296,Electronics,1,1047.94,1047.94,upi,2026-02-18T05:05:51
e8c5879b-9431-4afc-87ac-67d5a3cb006d,CUST000669,Home & Kitchen,4,1295.03,5180.12,cash_on_delivery,2026-06-09T02:21:48
08545943-a81b-4316-8aca-5359fd87e470,CUST000495,Groceries,3,1914.89,5744.67,wallet,2026-02-26T19:28:21
b269bf9f-cfcd-492d-ba6d-5f00d1beef39,CUST000767,Toys,4,1382.08,5528.32,debit_card,2026-03-12T00:39:33
b737f139-746a-48c3-b8d5-b907570c22f9,CUST000244,Beauty & Personal Care,3,238.31,714.93,debit_card,2026-06-14T07:58:48
3ce89923-e45d-4bea-af2a-fdd60c583fad,CUST000708,Fashion,1,1294.65,1294.65,wallet,2026-03-14T12:33:12
83bcdbad-09fb-4964-ae3a-31d191594387,CUST000029,Toys,4,1325.46,5301.84,upi,2026-06-17T21:54:16
df24c311-e9ae-404c-a0fc-c4482147fb09,CUST000205,Sports & Outdoors,2,927.66,1855.32,debit_card,2026-07-24T07:23:53
27b7010c-764d-4c49-ae71-67df3bd42ef5,CUST000603,Toys,3,1984.51,5953.53,cash_on_delivery,2026-03-21T05:42:28
5c2a3575-708a-4a81-b738-fe9611389629,CUST000125,Fashion,4,1706.39,6825.56,debit_card,2026-06-10T02:44:02
beebb69b-72c5-4fa8-96ef-90f714c45b09,CUST000232,Home & Kitchen,4,1126.15,4504.6,upi,2026-05-25T02:06:28
3348b94c-23a1-44b5-b47e-22b945bc1434,CUST000220,Beauty & Personal Care,1,955.7,955.7,cash_on_delivery,2026-03-07T03:22:15
03cfccb4-4b63-4db2-a1a6-36047a60274e,CUST000578,Home & Kitchen,4,1145.91,4583.64,upi,2026-06-24T03:03:20
716c72eb-edf8-43bb-a0e2-c4d0c8610faf,CUST000652,Electronics,5,729.73,3648.65,credit_card,2026-08-03T08:14:07
e2a6899a-312d-48a0-872f-b7fbe2d38be2,CUST000191,Sports & Outdoors,2,1513.79,3027.58,debit_card,2026-07-30T18:23:00
e17207b0-1b1c-4504-a609-0e1a0b4b2827,CUST000203,Home & Kitchen,5,1446.83,7234.15,wallet,2026-05-11T10:53:38
b5a4ca85-248e-49d9-8b97-238b76759b01,CUST000445,Fashion,5,902.63,4513.15,debit_card,2026-06-28T10:19:53
f83b99cb-6f09-4ce0-be1c-53269efd66b4,CUST000630,Fashion,3,558.55,1675.65,credit_card,2026-05-09T10:51:54
55ec6b55-6748-47a2-ac1f-5659ff434b7d,CUST000398,Toys,1,1860.1,1860.1,upi,2026-05-07T01:16:35
81e40e48-8941-41e4-8db6-b2a928dca346,CUST000245,Sports & Outdoors,4,1331.83,5327.32,wallet,2026-06-17T20:57:53
1c80d670-7294-4ac2-a779-372e64aa02ed,CUST000514,Sports & Outdoors,2,790.47,1580.94,cash_on_delivery,2026-02-18T01:56:25
85079a96-670c-4535-a565-92cab8ee8bb4,CUST000473,Home & Kitchen,1,18.73,18.73,cash_on_delivery,2026-03-27T23:48:01
2a77fdd6-4def-4c8f-b92a-79b9851f34da,CUST000209,Beauty & Personal Care,4,1664.84,6659.36,cash_on_delivery,2026-06-10T18:35:51
af393321-0c11-4883-92e8-3cac420dbda9,CUST000231,Sports & Outdoors,1,627.62,627.62,cash_on_delivery,2026-07-10T09:07:07
d39d3802-7164-4205-9fab-7aa2a7437a84,CUST000078,Home & Kitchen,2,284.19,568.38,debit_card,2026-03-22T21:12:36
534c390d-5949-49cf-aa32-652f8e9f21e3,CUST000630,Electronics,5,504.53,2522.65,upi,2026-05-06T22:06:29
3adfada8-9962-4206-a74a-c14d09c0f884,CUST000642,Books,1,753.47,753.47,credit_card,2026-02-18T06:32:15
825af540-5759-40b4-83fc-9f76e238e54e,CUST000507,Groceries,1,1286.52,1286.52,cash_on_delivery,2026-06-27T04:28:33
a6852585-86ec-41a6-9c8b-a740095634d4,CUST000224,Home & Kitchen,3,1926.02,5778.06,cash_on_delivery,2026-07-28T09:24:38
114dc8b7-6b51-4a4c-87d3-1ef3f80c2312,CUST000667,Beauty & Personal Care,1,462.57,462.57,cash_on_delivery,2026-03-19T07:13:04
726d6270-80d3-426b-a3b9-8caf9feddbb5,CUST000117,Home & Kitchen,4,236.29,945.16,cash_on_delivery,2026-06-04T21:04:20
7329424a-2836-4799-a4a4-1bd05e42b582,CUST000074,Sports & Outdoors,5,66.12,330.6,cash_on_delivery,2026-04-24T00:21:23
8165b394-9a0c-4848-94e4-fa996af5e833,CUST000054,Groceries,2,1059.88,2119.76,cash_on_delivery,2026-03-15T00:13:05
56cb4845-2c98-409f-b6b7-1f89314696c8,CUST000751,Books,2,591.26,1182.52,debit_card,2026-07-02T07:20:24
30a6ac84-ee94-4f02-9fdc-b2d4f0642da9,CUST000543,Sports & Outdoors,2,1839.91,3679.82,credit_card,2026-05-08T00:19:14
efdfa63b-99a6-4d93-9917-d1acb6bedc14,CUST000786,Fashion,4,430.51,1722.04,debit_card,2026-04-04T01:41:16
971bc136-693a-46c1-9c1a-d209f11fef6c,CUST000786,Groceries,4,772.67,3090.68,debit_card,2026-05-04T17:07:12
85ba3f67-6f2a-4a9c-8a85-d02391504493,CUST000748,Toys,4,471.56,1886.24,debit_card,2026-08-01T09:19:18
3f5b4813-1b8f-4dbf-a36f-8e4d3edad28a,CUST000381,Home & Kitchen,1,1006.57,1006.57,debit_card,2026-05-23T11:27:27
80bff957-7058-46b0-be9f-069b50e436d1,CUST000034,Beauty & Personal Care,5,1463.52,7317.6,credit_card,2026-07-09T00:11:56
92c79deb-b49c-46f7-b350-1e82edbeb981,CUST000330,Beauty & Personal Care,4,1107.49,4429.96,debit_card,2026-07-06T04:28:46
8779e034-296a-42bf-b4cd-29562039f914,CUST000355,Sports & Outdoors,1,573.43,573.43,wallet,2026-03-15T09:22:45
9c2c654f-f90d-4b5d-9e27-0ee27ff60de7,CUST000735,Electronics,4,455.94,1823.76,wallet,2026-03-11T20:03:19
e60317a9-8b59-4b9f-9db5-5a6282a7867c,CUST000660,Sports & Outdoors,3,826.33,2478.99,upi,2026-05-05T15:32:39
e306a0b9-79d6-4f63-9e4d-ac758d054a2c,CUST000729,Sports & Outdoors,1,207.3,207.3,wallet,2026-04-18T12:13:58
cf624cf0-1f26-442a-ac28-c0d67997bde1,CUST000069,Toys,5,840.91,4204.55,credit_card,2026-03-22T10:53:35
a15e7f15-0a7a-4da6-9f40-8822bab90567,CUST000212,Sports & Outdoors,3,611.55,1834.65,cash_on_delivery,2026-02-24T00:19:49
1fb7392a-fe8b-427d-8644-fd236b542790,CUST000485,Sports & Outdoors,5,716.19,3580.95,debit_card,2026-06-06T15:00:46
7355f1cd-e9c0-4ede-b84d-019907141090,CUST000103,Home & Kitchen,3,90.22,270.66,credit_card,2026-03-19T23:25:38
b5bff81b-9352-458d-b94b-a8781f5d0b12,CUST000550,Electronics,3,781.98,2345.94,debit_card,2026-07-01T00:41:56
ab2e89a9-9aa7-4e3b-b65f-ab27e2fe9447,CUST000370,Fashion,5,961.22,4806.1,cash_on_delivery,2026-03-09T11:11:11
ab16bad1-2fc1-4d4a-ab7e-f1f3cda017d7,CUST000065,Books,1,380.74,380.74,upi,2026-07-08T21:47:54
7e7caab1-98d0-4547-a628-22cc631f92e4,CUST000587,Toys,1,302.54,302.54,wallet,2026-04-24T01:14:56
fdb1b190-8f41-48f5-bb63-2cdc697577d8,CUST000412,Fashion,2,1787.54,3575.08,wallet,2026-07-16T18:06:01
e5a66c9f-3413-43b7-86ea-15fac9719ab7,CUST000107,Fashion,1,1827.0,1827.0,credit_card,2026-06-27T19:23:54
fc55265a-58bc-4c49-9cd2-92797b5153a4,CUST000446,Beauty & Personal Care,3,327.85,983.55,upi,2026-02-25T09:04:28
84ce659a-4957-4b2e-ba38-be24824accdb,CUST000563,Fashion,1,875.3,875.3,cash_on_delivery,2026-07-17T01:42:21
80aa3744-71e6-4fb1-88ae-153c63a7c1f2,CUST000433,Groceries,2,459.77,919.54,wallet,2026-07-14T00:08:29
1b495e31-eb5f-45d6-9001-0b7bd9117ccb,CUST000027,Beauty & Personal Care,2,1883.32,3766.64,credit_card,2026-04-10T13:36:11
25c9f4e2-a1a0-42e7-bc10-2c449dd25666,CUST000621,Books,1,88.99,88.99,wallet,2026-05-07T16:11:33
6f42eab1-9e23-4853-a7a1-fe08250a33d4,CUST000376,Fashion,4,1707.39,6829.56,wallet,2026-05-25T06:15:56
0d3b496b-cd1f-40dc-88c2-370aa569d007,CUST000536,Fashion,1,1019.95,1019.95,debit_card,2026-03-11T08:49:08
a39fb3ec-6c0e-4275-b48d-a23b5d8160e9,CUST000791,Toys,2,1495.81,2991.62,debit_card,2026-03-08T23:31:01
1bd1bfaf-6f1b-401d-a8b0-10fb85d657b2,CUST000507,Electronics,4,1726.23,6904.92,cash_on_delivery,2026-04-13T11:06:10
880546c8-ca22-479a-8f9f-ca37dab02e3b,CUST000633,Sports & Outdoors,5,1726.15,8630.75,wallet,2026-02-20T19:06:46
602b50c3-45f1-4a93-ab3d-c547d0533a99,CUST000502,Groceries,1,1589.14,1589.14,upi,2026-07-13T12:51:39
943d3c33-25d4-48f2-99ec-0eb5d425c8c9,CUST000002,Fashion,3,1487.19,4461.57,upi,2026-02-24T23:22:53
2f58ea3d-73ad-44c4-bd67-27b156f95b50,CUST000775,Electronics,1,475.06,475.06,wallet,2026-04-21T01:28:32
60062a15-ab5f-4f89-8ca9-0e44594aca75,CUST000746,Groceries,5,967.85,-4839.25,credit_card,2026-06-14T04:15:18
3d2f7089-6c61-4ae3-ae05-8054178ae132,CUST000332,Beauty & Personal Care,3,727.25,2181.75,credit_card,2026-02-21T08:51:48
87d9c578-43c5-456d-a228-bbbbad22a11b,CUST000525,Beauty & Personal Care,5,1752.85,8764.25,upi,2026-05-10T20:13:00
968a322a-7266-4e80-bbd5-2460eb412ec6,CUST000183,Home & Kitchen,1,390.65,390.65,upi,2026-05-03T05:55:58
fef5a176-ddcf-4e36-876c-b97724d0ef73,CUST000443,Groceries,1,424.39,424.39,cash_on_delivery,2026-08-06T13:25:12
dd3d0d46-05a2-426b-a97d-5f49f3f384fd,CUST000369,Groceries,5,821.49,4107.45,wallet,2026-02-18T05:24:06
05ebcc60-cdcd-4b69-9341-a99ebbfd94fd,CUST000478,Home & Kitchen,5,1326.47,6632.35,credit_card,2026-02-25T13:01:32
ef3044cc-f05a-4f30-97db-c107a066c038,CUST000239,Books,1,1860.07,-1860.07,wallet,2026-04-30T05:16:13
6dade286-94fb-40ca-a12f-db5799a4e098,CUST000211,Fashion,5,1281.45,6407.25,cash_on_delivery,2026-04-03T21:47:01
565cc924-31d5-4d2c-920e-7694fe4ea87c,CUST000569,Beauty & Personal Care,5,264.48,1322.4,upi,2026-06-10T11:00:21
6663ad1f-b7e5-4a55-8a07-a37ad202adc1,CUST000228,Sports & Outdoors,2,1067.07,2134.14,wallet,2026-06-02T14:03:56
3ab76b41-638b-4125-8d33-9e8760946a40,CUST000259,Books,3,621.99,1865.97,credit_card,2026-07-11T10:54:28
9f088c82-2f2a-459a-aad2-270d40b958f8,CUST000032,Sports & Outdoors,5,468.05,2340.25,debit_card,2026-03-05T22:37:13
8e548c13-d452-4417-808e-ac4822caf6b4,CUST000412,Toys,4,1738.02,6952.08,cash_on_delivery,2026-03-15T02:40:41
de549e6d-5111-43ea-822d-6392a8e08b7b,CUST000548,Groceries,1,1560.21,1560.21,wallet,2026-03-09T09:39:40
0d52367b-2db0-40f0-938b-0219c6c021c2,CUST000419,Toys,2,333.85,667.7,wallet,2026-03-22T05:23:38
203949c4-6249-45d3-bd03-74e99cceed16,CUST000395,Fashion,1,1371.39,1371.39,upi,2026-03-01T08:43:38
5d911e8e-03e3-4d11-be86-78d15a9ebe1a,CUST000522,Groceries,4,894.33,3577.32,cash_on_delivery,2026-07-08T09:10:54
f89fa240-7b3f-4a96-9c72-8d72e92235b6,CUST000631,Sports & Outdoors,3,1534.11,4602.33,upi,2026-07-30T07:33:06
dfc79ac9-6f12-4f4e-87dd-1469d14f6848,CUST000229,Fashion,1,560.24,560.24,debit_card,2026-04-06T00:27:22
ff634efe-0161-4fec-bb9c-efe7c95f3768,CUST000568,Fashion,2,981.84,1963.68,debit_card,2026-07-28T18:57:27
72681506-a17e-4c99-9d99-1ff1ec5ef826,CUST000759,Sports & Outdoors,4,156.82,627.28,credit_card,2026-05-01T21:58:57
a1fe6919-bb3c-48df-b592-2ac54cc28526,CUST000147,Electronics,3,278.21,834.63,upi,2026-04-29T21:52:28
b3623b56-7874-476d-b990-ddec2ac44e00,CUST000316,Books,4,1999.19,7996.76,wallet,2026-07-22T00:50:33
72911ed0-5b4f-42cc-9e78-7991a3871a4b,CUST000766,Toys,4,275.89,1103.56,credit_card,2026-08-02T09:32:04
c9522629-cb4c-4044-8d3d-c0a2650974d7,CUST000671,Electronics,4,884.75,3539.0,cash_on_delivery,2026-06-09T03:48:52
307a0d18-66d3-461f-8ea9-ec0367201988,CUST000532,Home & Kitchen,1,1541.49,1541.49,wallet,2026-07-14T00:02:35
ef16f85c-e679-4dfc-a252-4ff0eb188180,CUST000061,Electronics,5,1255.13,6275.65,upi,2026-03-31T06:52:31
29e6f6cf-aa7d-4b45-8d99-d459cbe82440,CUST000165,Fashion,2,928.03,1856.06,cash_on_delivery,2026-02-16T07:12:14
68d58d13-d723-4af0-a0a9-f1f582d24c6f,CUST000030,Electronics,1,1532.13,1532.13,credit_card,2026-07-16T11:21:08
23c0f7e6-5c69-4113-83b8-3af63a8af19e,CUST000348,Electronics,4,1223.08,4892.32,credit_card,2026-06-03T16:41:11
b2ae58c7-c854-44a1-88a6-e32bf025115d,CUST000490,Electronics,3,960.47,2881.41,wallet,2026-03-23T02:42:42
f657ad7b-7f85-4015-ae04-cef3a0ce49f8,CUST000283,Books,4,1076.0,4304.0,cash_on_delivery,2026-03-02T08:25:07
f8e2bfb6-c181-4f69-bf8a-333ed392f5eb,CUST000450,Sports & Outdoors,2,88.7,177.4,credit_card,2026-03-03T00:39:18
cc33fa74-bf97-466e-985f-cc38946465a4,CUST000441,Fashion,4,508.26,2033.04,upi,2026-08-07T14:16:41
64379923-8f85-46c5-a52e-9cc4deb13407,CUST000701,Sports & Outdoors,2,14.86,29.72,upi,2026-03-02T02:48:54
7a7795c2-2ba7-4b7e-82cc-6722f281bffe,CUST000620,Electronics,5,15.7,78.5,wallet,2026-06-30T23:01:38
3a1fa27b-69f0-48da-afc7-57ca94e27c5e,CUST000485,Beauty & Personal Care,5,1934.31,9671.55,wallet,2026-02-27T11:12:13
b041b817-38eb-4c65-8e9e-9914c7fee4ab,CUST000142,Sports & Outdoors,2,1494.48,2988.96,upi,2026-03-24T08:44:37
73e8920a-4c12-48f0-9d47-304e4dfe7be4,CUST000550,Beauty & Personal Care,4,340.58,1362.32,wallet,2026-05-13T00:36:21
29084c7e-d6f3-46c9-a1e0-c0461bd4d89f,CUST000426,Toys,N/A,1605.52,6422.08,debit_card,2026-07-09T03:39:26
2c7cff7c-ff55-4a40-add6-aebae5ca950e,CUST000674,Fashion,4,953.04,3812.16,wallet,2026-06-20T00:58:23
a163caad-41a8-4acc-92f1-e2e73848e3ca,CUST000364,Books,N/A,1670.5,1670.5,upi,2026-05-19T14:39:56
05b897c4-65db-436d-8bdd-b68d28fddaff,CUST000414,Fashion,1,1720.9,1720.9,upi,2026-04-26T08:15:22
dab0fa6c-db12-463c-8f84-369c8cac49bc,CUST000625,Fashion,5,1932.76,9663.8,upi,2026-06-02T02:16:52
9f3a3467-b4a7-40ea-8d8a-29dbf3a79b76,CUST000289,Home & Kitchen,3,503.31,1509.93,debit_card,2026-06-23T22:11:34
a4feea17-c445-4680-84d0-716b08fead4c,CUST000436,,5,362.07,1810.35,wallet,2026-08-06T19:30:07
c29676d9-3a52-4179-83b1-ba249ed12f56,CUST000443,Home & Kitchen,5,1865.07,9325.35,upi,2026-05-10T21:03:54
7ee2f08e-c0fa-4c8f-887a-96de26037ae9,CUST000121,Toys,5,1251.22,6256.1,credit_card,2026-04-16T09:57:53
3610aec2-bf3f-4413-acd2-d2197528f2f9,CUST000385,Sports & Outdoors,3,1371.77,4115.31,wallet,2026-04-17T06:28:15
845b3ec5-fc9c-47ae-b34a-ded75e812c94,CUST000726,Beauty & Personal Care,2,917.78,1835.56,wallet,2026-05-03T09:04:41
04ff92b5-3d3c-408a-90d0-949866e33b3a,CUST000422,Books,3,755.01,2265.03,credit_card,2026-03-06T03:55:13
08d2ff54-998a-42c3-8cde-df79a05746af,CUST000053,Electronics,4,102.09,408.36,debit_card,2026-06-30T04:21:18
0686c08f-0b7b-41e5-b9f3-8238afba1cf6,CUST000485,Fashion,2,331.75,663.5,credit_card,2026-06-20T15:38:03
b6f3abba-6439-4a89-a43c-114c8b151494,CUST000050,Beauty & Personal Care,2,524.03,1048.06,credit_card,2026-06-22T16:45:07
921f9c20-d164-4f3a-97f9-643e84b35208,CUST000309,Electronics,3,526.8,1580.4,debit_card,2026-03-25T18:57:56
bc0dade0-1df8-4330-b952-1c37ed44347b,CUST000488,Home & Kitchen,2,269.74,539.48,wallet,2026-04-26T15:05:36
8fc35c3c-138f-49d5-839e-cfe320b71ff6,CUST000780,Books,1,857.66,857.66,upi,2026-06-26T23:18:19
38ee6a6c-6363-4f5a-9f2e-defa1a534f4e,CUST000037,Fashion,1,980.34,980.34,cash_on_delivery,2026-07-03T12:53:38
08d15f51-e10d-4346-9407-20dc6e5de3f4,CUST000576,Groceries,4,1674.21,6696.84,wallet,2026-06-06T12:22:06
c5f95fa9-2b00-40c2-9ff2-7c2f2a780d3b,CUST000140,Books,5,1721.0,8605.0,cash_on_delivery,2026-06-05T21:18:09
c7fd5fbb-b8af-4bfd-99b1-527cdf980af0,CUST000440,Sports & Outdoors,1,1322.21,1322.21,credit_card,2026-05-14T07:16:02
ba3c78ea-88a2-4ebe-9024-a47ac08631da,CUST000409,Sports & Outdoors,2,816.44,1632.88,cash_on_delivery,2026-06-16T07:46:44
b7efc4f4-1c88-4cb6-b15a-8f257624b9ba,CUST000032,Books,5,1317.55,6587.75,wallet,2026-06-22T21:33:29
2235e3c6-48c4-4bbe-8c30-4080ee6eb4ff,CUST000706,Toys,1,1621.66,1621.66,wallet,2026-03-06T21:13:47
18373480-47c1-4040-89ea-0b994b161e35,CUST000224,Sports & Outdoors,4,774.22,3096.88,wallet,2026-04-10T05:15:30
30d8f828-7284-4ea9-9b53-97471265ffa1,CUST000030,Beauty & Personal Care,3,1893.28,5679.84,credit_card,2026-03-28T12:08:57
821d99df-1c57-4083-b68d-41af6ffb24d2,CUST000684,Home & Kitchen,3,688.02,2064.06,debit_card,2026-03-22T22:18:01
8284674d-9e50-4766-b363-cb495ccecd81,CUST000514,Electronics,1,1215.51,1215.51,upi,2026-02-25T07:58:40
4eef7709-8981-4caf-8fe3-bc093313f716,CUST000089,Sports & Outdoors,1,936.42,936.42,credit_card,2026-07-21T22:56:44
7c0655de-4f55-4c22-9370-c9c735630a7b,CUST000236,Beauty & Personal Care,3,1838.27,5514.81,upi,2026-06-04T06:55:49
c3ce50b7-8378-4f6e-8304-0f08d5c6c364,CUST000647,Sports & Outdoors,4,1467.11,5868.44,upi,2026-06-02T18:11:42
fbf76586-b4f6-464e-a1f3-b60b3fe2dd71,CUST000037,Beauty & Personal Care,5,988.21,4941.05,debit_card,2026-04-17T10:19:54
789c97d2-f321-45a4-8e65-e6c16606dc90,CUST000764,Home & Kitchen,5,429.12,2145.6,credit_card,2026-07-24T16:35:33
eb61af3c-ebea-4934-b48a-8804e6484364,CUST000700,Toys,2,555.18,1110.36,credit_card,2026-02-22T03:50:21
4b68e230-4134-4680-bbb7-ced94be55906,CUST000184,Home & Kitchen,5,324.33,1621.65,credit_card,2026-07-30T12:25:10
44a4dd53-5f89-48ea-8599-24a50b0b60ce,CUST000406,Electronics,1,862.87,862.87,upi,2026-03-26T13:35:33
7f69470c-34c4-4a87-aefe-800bc460e0d6,CUST000351,Books,4,1712.27,6849.08,credit_card,2026-05-26T04:17:34
d1dc7f6b-720f-47f9-994e-5aaef5c39ea7,CUST000065,Groceries,3,1692.7,5078.1,upi,2026-03-11T15:57:35
fc5994e5-2b90-41a7-901f-79fa1784b145,CUST000187,Beauty & Personal Care,1,816.12,816.12,credit_card,2026-06-07T16:48:00
05177080-775c-44ea-a684-20ced8bc8662,CUST000566,Books,3,1905.18,5715.54,wallet,2026-05-08T07:53:40
f2ca7108-dabe-4019-84a2-bcb0bc4384b0,CUST000299,Electronics,1,1762.75,1762.75,cash_on_delivery,2026-07-21T00:50:32
f43c0384-fd57-4b22-b731-523a02d912d2,CUST000797,Toys,4,1164.16,4656.64,debit_card,2026-03-31T10:13:12
6c7ca620-9c9e-4971-8b45-5f564b36bdd9,CUST000513,Toys,1,1746.27,1746.27,debit_card,2026-07-07T11:12:04
4ec92c70-918c-47d7-a907-9b54da5c7934,CUST000064,Fashion,4,434.87,1739.48,cash_on_delivery,2026-02-27T19:16:15
1a3eee0d-3efe-4880-b872-68c2ec891371,CUST000494,Beauty & Personal Care,5,1335.18,6675.9,wallet,2026-04-16T07:19:31
a4dd9bea-235f-4741-8c1f-b329f7de94ab,CUST000305,Toys,1,989.21,989.21,upi,2026-03-20T05:44:36
5f24b69d-9f04-4535-bf12-3c8b72854d67,CUST000726,Home & Kitchen,3,1102.24,3306.72,upi,2026-06-15T18:28:13
c6925846-c647-46d4-b267-6356f9d37123,CUST000657,Beauty & Personal Care,4,968.47,3873.88,upi,2026-03-18T04:41:11
c7379692-8d4d-4c8f-9eb1-cf1e12f23149,CUST000408,Books,2,1548.78,3097.56,debit_card,2026-06-17T02:26:51
fe3d2bc8-8de7-43f3-8727-0666dcb6bb5a,CUST000219,Fashion,4,553.59,2214.36,debit_card,2026-03-12T04:03:56
44d45149-be56-4db4-bbbc-eb91b6ec5b73,CUST000308,Fashion,4,664.68,2658.72,credit_card,2026-03-27T04:10:51
85defdee-8e7c-469a-9755-571601b721bc,CUST000409,Groceries,3,1469.86,4409.58,cash_on_delivery,2026-04-24T00:05:42
a85f8fb4-eede-45c9-a876-c5eba74e111d,CUST000728,Toys,2,1983.32,3966.64,debit_card,2026-06-27T18:30:18
66ed9c8a-9e69-4ed6-9f48-ad75099421bc,CUST000527,Books,3,1809.0,5427.0,debit_card,2026-04-25T21:36:54
42f44a8a-25b7-4d5c-86dc-99dc3ad15401,CUST000077,Beauty & Personal Care,5,642.92,3214.6,wallet,2026-04-13T09:49:34
bf266e61-a8c5-4e14-a253-26425b208ebc,CUST000059,Groceries,5,467.91,2339.55,credit_card,2026-07-10T21:50:10
78c93ca6-8ecc-4151-94d4-4b647fe9f8cb,CUST000684,Fashion,2,1293.28,2586.56,wallet,2026-08-04T16:07:15
79b47928-6236-4760-9615-e5634789d363,CUST000667,Fashion,1,1981.38,1981.38,cash_on_delivery,2026-06-18T02:48:26
d2e0745d-a4e9-47e8-a76d-0295594f70ef,CUST000151,Books,2,1713.25,3426.5,upi,2026-03-01T11:41:37
dc364082-b469-4261-9bd7-e90b208471df,CUST000785,Electronics,3,1174.42,3523.26,cash_on_delivery,2026-05-31T21:41:19
fb0e9a9b-ed8c-4733-9bf5-d98e9c1f68b4,CUST000653,Groceries,4,109.72,438.88,upi,2026-04-05T00:19:30
ade4e62b-3031-4982-bea5-b34059b3c2a2,,Electronics,1,1840.74,1840.74,upi,2026-03-24T02:34:28
a307993e-33d4-427f-b086-053e9c0003e6,CUST000658,Home & Kitchen,2,995.35,1990.7,upi,2026-08-03T14:52:06
2fba6ecd-d1db-409f-8a33-a0e0a688a4a1,CUST000189,Books,3,1749.19,5247.57,credit_card,2026-05-09T13:40:24
af1e2f5b-8eab-45cc-95a3-0870d25aa49f,,Home & Kitchen,4,1947.5,7790.0,wallet,2026-02-21T17:31:04
202ce010-55c6-4dfe-b81e-f1901c635a37,CUST000666,Groceries,3,1513.04,4539.12,upi,2026-05-21T10:58:55
c7e657a3-b24e-40a3-88e6-f865d8214f15,,Beauty & Personal Care,5,916.88,4584.4,cash_on_delivery,2026-08-04T01:23:17
c4cfa9dd-b9dc-4845-a1a5-54911e8cfa8b,CUST000042,Home & Kitchen,1,426.08,426.08,cash_on_delivery,2026-07-30T18:59:27
cc343ea6-0047-44f2-ac7f-8d0b3b5e0414,CUST000083,Toys,4,1662.24,6648.96,cash_on_delivery,2026-06-27T20:45:31
85bb7f79-c64d-48ea-b772-e3ef80e70224,CUST000319,Fashion,1,134.2,134.2,debit_card,2026-04-01T19:23:17
abdef425-13c6-4ec4-811b-b424899f2ad6,CUST000433,Sports & Outdoors,4,982.61,3930.44,upi,2026-04-18T08:13:02
d26468b2-cda0-4630-898d-8af9870e39ea,CUST000165,Fashion,4,668.0,2672.0,wallet,2026-05-15T16:42:12
8015f5bb-731c-4228-aaaa-a7552318fbb3,CUST000231,Home & Kitchen,5,1436.83,7184.15,credit_card,2026-06-04T06:41:27
475980f1-df19-40d1-8e99-8848261239ab,CUST000221,Fashion,2,1721.41,3442.82,cash_on_delivery,2026-05-07T10:17:15
5c8ce1e1-dd7f-4d58-a6b8-54c95a0f667e,CUST000137,Sports & Outdoors,2,702.38,1404.76,cash_on_delivery,2026-07-22T18:24:09
184f4549-2820-4ba8-9761-f2140163d5f5,CUST000535,Sports & Outdoors,4,759.07,3036.28,debit_card,2026-06-27T19:34:52
37238204-84ec-4ac2-8599-1f3969ac2502,CUST000265,Home & Kitchen,3,1849.41,5548.23,debit_card,2026-07-12T22:45:58
00cf8f8d-de0e-4a4f-9711-2808e1f9aafa,CUST000280,Sports & Outdoors,5,1647.9,8239.5,cash_on_delivery,2026-07-22T09:37:26
854e7ae7-7a2d-4c3f-8650-784d758578fa,CUST000509,Electronics,4,492.51,1970.04,upi,2026-08-03T17:18:16
6e026c4c-69fd-40fd-b032-775a6a341315,CUST000170,Toys,1,256.85,256.85,debit_card,2026-07-04T18:59:34
464402e4-ac1d-4025-b74d-62344a326b39,CUST000568,Home & Kitchen,2,1644.94,3289.88,upi,2026-07-25T05:36:43
30ee1a4d-f156-4092-81b7-1488d5c6ec94,CUST000310,Fashion,3,1170.55,3511.65,upi,2026-05-05T09:08:11
08fd6b69-6fed-4029-b7ff-4dc85ef8c17d,CUST000317,Beauty & Personal Care,5,664.41,3322.05,wallet,2026-07-18T22:35:57
17a9b535-e171-4c53-a3a0-67b22b3e3f93,CUST000177,Electronics,3,1595.64,4786.92,credit_card,2026-06-12T09:41:43
94cc0c97-68d2-4d23-a7fc-6d25f7ab924a,CUST000507,Sports & Outdoors,1,1036.93,1036.93,debit_card,2026-07-27T05:12:25
0f4ba53b-05a8-45b4-bb2e-f96999f63d4b,CUST000051,Books,5,1144.7,5723.5,debit_card,2026-02-12T18:38:16
4f954c21-3b84-44ac-bfa1-385ff4ab649f,CUST000032,Toys,4,568.63,2274.52,credit_card,2026-03-24T02:45:18
ee636353-3b7d-4580-82da-f3f9d9d16e39,CUST000377,Home & Kitchen,5,1512.02,7560.1,upi,2026-05-20T03:00:56
f8477447-7635-496b-80b4-0e9220d450ac,CUST000791,Toys,4,1655.38,6621.52,credit_card,2026-03-16T14:21:49
0e114fd2-aa18-4313-ad79-7de151a3d6da,CUST000551,Home & Kitchen,1,430.37,430.37,credit_card,2026-07-29T07:17:40
7011de55-19ab-4e2e-986d-b61bb33be76a,CUST000662,Home & Kitchen,1,682.74,682.74,wallet,2026-04-14T19:36:37
e7179bdb-502a-4e05-8fd1-f8841d378dd8,CUST000173,Electronics,5,387.3,1936.5,wallet,2026-07-01T04:13:01
32ef395f-0bfa-41ba-b472-f0986a2455ec,CUST000772,Electronics,4,138.81,555.24,debit_card,2026-04-12T00:40:18
ba4da5a8-ea2e-4aa2-a6f2-41b4fa1cb330,CUST000006,Beauty & Personal Care,2,725.17,1450.34,wallet,2026-07-14T14:42:29
ff7bbcec-fafa-4a2f-be2a-893266dc4d94,CUST000626,Electronics,2,622.03,-1244.06,credit_card,2026-04-18T15:48:40
b69e4b53-3992-4f3a-8961-06bf5dc50007,CUST000626,Fashion,1,1903.0,1903.0,debit_card,2026-06-15T21:43:51
ff7285d2-b621-414a-af44-dd175867bb02,CUST000087,Beauty & Personal Care,4,1135.5,4542.0,wallet,2026-05-27T09:58:54
b4f6a091-7af4-4fac-b48b-7e5a8424d6d9,CUST000625,Books,2,13.36,26.72,cash_on_delivery,2026-07-26T11:02:32
6dc3094e-cc83-40c1-9302-a83d38353be3,CUST000541,Books,5,384.68,1923.4,upi,2026-07-10T00:25:25
da85a68c-d56c-4a8e-ab2d-b545ad49a707,CUST000578,Sports & Outdoors,4,196.7,786.8,wallet,2026-05-24T20:23:24
401864ea-fc34-49bc-95b5-6a8dbb08fef3,CUST000618,Beauty & Personal Care,5,1177.05,5885.25,cash_on_delivery,2026-05-24T12:44:25
1ce3b442-f45c-466b-84de-dfc46b29a62a,CUST000754,Home & Kitchen,4,579.38,2317.52,upi,2026-08-08T01:56:43
44a21b37-e04a-4ec8-b13f-6e7961a60d9f,CUST000625,Fashion,1,1671.53,1671.53,credit_card,2026-04-29T09:25:45
6e37fd67-9933-4cfe-ba24-0e52fad53ed1,CUST000571,Books,2,1305.92,2611.84,credit_card,2026-03-12T21:38:05
1f60eaff-9253-4548-bb56-85a98d1f2f8c,CUST000777,Beauty & Personal Care,2,1666.69,3333.38,wallet,2026-06-09T11:34:09
e13be73e-ca8f-4c8b-b727-fb25373aae17,CUST000336,Groceries,5,71.23,356.15,debit_card,2026-04-03T11:29:56
fd081b67-f045-4050-b16a-dcfc89db31aa,CUST000436,Toys,4,937.76,3751.04,upi,2026-06-10T07:38:14
3231db52-bfb5-40a0-9f3b-2ae35f070a4a,CUST000614,Beauty & Personal Care,3,302.76,908.28,debit_card,2026-04-25T03:24:21
93e0beaf-96f8-43d5-bb3c-9ed7559639bb,CUST000589,Beauty & Personal Care,2,204.02,408.04,credit_card,2026-03-26T16:22:25
da41c336-a9d1-41d8-b72f-dca621c3b695,CUST000537,Home & Kitchen,3,523.02,1569.06,wallet,2026-04-08T14:35:03
e1df7bf6-e69e-42c6-a1b7-b8a814c2a678,CUST000214,Fashion,2,10.33,20.66,debit_card,2026-05-01T10:00:47
62e1b65d-bd9b-41c6-b13a-f8372fa15ca5,CUST000656,Fashion,2,11.14,22.28,upi,2026-06-28T00:25:34
6c33d9ec-7d67-4f8c-ad76-a00737951505,CUST000584,Beauty & Personal Care,1,814.23,814.23,wallet,2026-04-17T03:26:10
807aa49a-c730-46d8-b209-de364e665130,CUST000013,Home & Kitchen,4,443.4,1773.6,debit_card,2026-05-10T14:28:49
71edc302-f36a-45e7-b7ef-94279426bb12,CUST000306,Home & Kitchen,1,792.63,792.63,wallet,2026-07-24T22:35:48
23c8f81c-e4a7-446e-b608-8d9af8791ab3,CUST000141,Fashion,4,1516.88,6067.52,upi,2026-03-15T13:41:15
6b43fe46-2af5-4ad1-b3fb-8723839b4a33,CUST000611,Books,2,312.73,625.46,wallet,2026-07-18T14:23:39
a89aa054-ca94-4607-bb89-91927b749aca,CUST000091,Electronics,5,1224.92,6124.6,cash_on_delivery,2026-03-07T06:36:40
7266edf2-72b3-4bde-a463-adf1e77e4a8a,CUST000358,Fashion,1,807.13,807.13,credit_card,2026-05-04T22:10:27
d1ff0e05-a55f-433a-ad9c-36512b704125,CUST000067,Beauty & Personal Care,4,1420.59,5682.36,debit_card,2026-03-12T22:08:42
ee5fd675-32f4-4c8b-851b-36f42d85566b,CUST000104,Electronics,2,1017.07,2034.14,credit_card,2026-02-21T03:54:05
edec22d4-5519-4907-b3c9-fde7b412e6f3,CUST000493,Sports & Outdoors,4,1243.23,4972.92,wallet,2026-07-19T07:20:34
ffb3ae26-2224-46ed-9768-31ed9a83f81f,CUST000213,Electronics,4,651.33,2605.32,credit_card,2026-03-16T16:49:56
53b83afc-3711-428d-85c0-53f97904ecaa,CUST000749,,3,1621.68,4865.04,upi,2026-07-04T01:05:57
93d559a4-fd71-4918-99b8-31574cd33ac9,CUST000109,Fashion,2,568.51,1137.02,credit_card,2026-05-10T12:26:03
de6e6bc0-92b5-4423-9df6-754e6973fd6f,CUST000365,Books,3,39.95,119.85,upi,2026-04-09T08:05:21
10ef6718-1c26-4cd7-b6a7-24d25f5e80f3,CUST000204,Electronics,5,1865.42,9327.1,cash_on_delivery,2026-07-08T16:44:38
0be8bc07-2383-40d5-9c12-311dc5dfb8b4,CUST000269,Toys,2,1860.6,3721.2,credit_card,2026-06-24T06:54:20
49e0f8b6-fa53-49be-a2c7-c7e75cc77402,CUST000452,Beauty & Personal Care,3,1581.26,4743.78,cash_on_delivery,2026-05-21T07:59:43
d1cb6718-a463-4dcf-9fbc-d8934f2ed4e8,CUST000304,Toys,3,1748.32,5244.96,credit_card,2026-03-10T18:44:54
cf1219d1-5e29-4b6c-8598-b59daaca6ad3,CUST000694,Home & Kitchen,4,619.62,2478.48,wallet,2026-04-22T08:45:30
f9695489-aef7-4ed5-8971-23a1204859bf,CUST000145,Electronics,4,1333.73,5334.92,upi,2026-03-16T05:58:50
7d0830f0-e89b-4aca-8d67-1a66f1d30dbe,CUST000522,Books,5,339.46,1697.3,debit_card,2026-07-20T21:56:30
626fb24b-a8a6-4ae0-a809-5eb970f07c67,CUST000703,Fashion,1,1937.29,1937.29,debit_card,2026-07-15T02:32:57
2591d553-3d1b-4d8e-9079-9e2a96e931b5,CUST000324,Groceries,1,131.74,131.74,upi,2026-02-27T23:09:09
b317a2c8-3d60-45a5-9e90-370e6b590a6f,CUST000382,Electronics,5,1237.58,6187.9,cash_on_delivery,2026-07-16T13:42:25
81067a38-2118-4627-af20-2cf74a13151c,CUST000763,Beauty & Personal Care,5,385.33,1926.65,debit_card,2026-07-06T03:58:19
f388f786-0eb1-45f3-9202-01caa7c5d7b0,CUST000422,Groceries,3,264.33,792.99,wallet,2026-05-06T19:13:47
e30db297-4b95-4d44-aab2-ed3ee10617d1,CUST000636,Electronics,4,631.66,2526.64,credit_card,2026-03-28T07:58:58
61248b5f-687f-4708-9bbb-e4d44e6d2c13,CUST000034,Beauty & Personal Care,4,1733.56,6934.24,cash_on_delivery,2026-07-30T10:54:02
10bfe4ec-ca17-4025-b0e4-6d0f540b8ce9,CUST000765,Books,2,1265.6,2531.2,debit_card,2026-07-24T01:27:17
09367418-469c-4f11-9878-a315c4206793,CUST000692,Books,2,1880.7,3761.4,wallet,2026-03-10T04:21:15
a542a16e-49bc-4473-b731-0e091afd7143,CUST000422,Sports & Outdoors,4,1502.95,6011.8,cash_on_delivery,2026-04-23T08:14:13
58cd457b-1b92-4558-92a1-6a4854b6b315,CUST000443,Toys,1,321.42,321.42,cash_on_delivery,2026-06-14T10:58:45
c77d0e68-eb6d-43a3-b09b-657129b92329,CUST000043,Electronics,2,441.91,883.82,debit_card,2026-07-11T03:51:45
40076341-5577-4c43-b732-22c4db9cf23e,CUST000683,Fashion,5,550.27,2751.35,debit_card,2026-04-29T04:45:56
dfae4d39-22b9-4344-88d8-2d91e7f780a4,CUST000643,Toys,5,1927.87,9639.35,cash_on_delivery,2026-06-23T10:33:24
36ebfecd-40ac-4e1c-b603-a9a2440f912e,CUST000021,Beauty & Personal Care,5,40.58,202.9,credit_card,2026-03-03T18:00:28
8e212650-b417-4688-9334-76763d7af06c,CUST000247,Home & Kitchen,5,202.72,1013.6,credit_card,2026-03-10T02:42:06
02d10546-bd9f-40c2-a7aa-7ba3343687c5,CUST000485,Beauty & Personal Care,5,1164.47,5822.35,credit_card,2026-06-25T00:15:41
b86911de-36a2-472f-ad49-f03edaf789d1,CUST000223,Books,2,209.32,418.64,upi,2026-07-15T14:26:26
e1c8523b-4aea-4a20-82c7-a0c439b8588a,CUST000183,Home & Kitchen,5,1235.78,6178.9,cash_on_delivery,2026-07-21T01:58:34
4a4de3ee-6439-44b3-9f65-cf39b57b9647,CUST000079,Sports & Outdoors,3,663.25,1989.75,credit_card,2026-04-05T04:06:11
9a6ba036-f3dc-4a95-96ec-a58e6ea78d2d,CUST000263,Groceries,2,60.87,121.74,wallet,2026-06-05T23:08:31
80524ef8-027a-476f-942b-071c5f16340a,CUST000748,Home & Kitchen,2,1086.41,2172.82,credit_card,2026-07-15T16:47:22
9b1b5a04-84cd-4f6d-adbf-5622ca8ae42e,CUST000426,Sports & Outdoors,2,1592.97,3185.94,wallet,2026-07-04T20:04:38
1a8c2e63-4517-4282-a555-27b1933c105b,CUST000704,Home & Kitchen,4,455.5,1822.0,debit_card,2026-06-07T11:30:53
0cf93134-1f32-4cb0-bdcd-7c42621e47b9,CUST000611,Sports & Outdoors,1,1728.12,1728.12,upi,2026-06-13T22:18:58
31c2f90e-120a-488c-8835-06cafa655ba2,CUST000387,Home & Kitchen,5,197.02,985.1,upi,2026-06-28T20:41:29
2157f2df-bd64-49c4-8dc9-113710670714,CUST000305,Sports & Outdoors,5,1693.04,8465.2,wallet,2026-02-14T18:17:30
86f67c2f-a116-4b3d-af6e-e12646104cc2,CUST000719,Books,1,1294.89,1294.89,debit_card,2026-04-07T21:55:33
e7ffcc0f-8396-4bca-93f3-504cd9ee1ba4,CUST000053,Sports & Outdoors,4,1862.47,7449.88,upi,2026-07-29T10:50:16
7ec0b4a4-cab3-4734-8e09-bb6fc024af35,CUST000245,Sports & Outdoors,5,1554.95,7774.75,credit_card,2026-06-23T22:55:02
b5837fdb-483e-4063-9f33-592ad65f99b5,CUST000274,Toys,3,1457.73,4373.19,credit_card,2026-06-17T09:19:36
3f0d5ec9-cf54-45c0-b3ca-a1156bc9d2c9,CUST000764,Fashion,1,557.32,557.32,wallet,2026-07-13T06:14:18
52a9af1c-a837-478c-81a8-eed2a383057b,CUST000264,Groceries,3,1665.3,4995.9,cash_on_delivery,2026-07-07T18:04:34
1650600f-dd44-4efc-9165-2518b2871743,CUST000068,Sports & Outdoors,1,1319.95,1319.95,wallet,2026-03-26T00:41:31
930d7c5e-1e45-4928-8425-d9f26e6c2a58,CUST000598,Fashion,1,897.43,897.43,cash_on_delivery,2026-07-26T11:51:08
29852ad3-6c46-4d8a-a637-de5636390f42,CUST000423,Groceries,4,1109.44,4437.76,wallet,2026-02-25T22:53:26
6f26d1bb-17d5-444d-bb43-776099b59dcf,CUST000322,Toys,3,1240.72,3722.16,credit_card,2026-06-12T18:19:12
d734620a-0427-4758-a437-f6595cfdb879,CUST000029,Home & Kitchen,4,1530.61,6122.44,credit_card,2026-04-24T10:30:20
588187bc-855a-44c3-96df-e8b5cae5999a,CUST000285,Home & Kitchen,5,1156.81,5784.05,debit_card,2026-05-09T03:19:31
ce1a6896-4280-4037-9398-129a9a88a21e,CUST000705,Fashion,3,1764.88,5294.64,debit_card,2026-02-28T12:05:14
d618fb15-a7fe-4a22-b7e1-4d6b189f9f56,CUST000414,Home & Kitchen,4,30.4,121.6,cash_on_delivery,2026-07-24T16:17:13
08638c3c-0b38-48c9-acb1-068c329a646e,CUST000331,Electronics,5,48.72,243.6,debit_card,2026-05-30T12:02:27
fa4ddbe4-cf73-49ac-a644-eb9fa69e7d40,CUST000199,Fashion,1,1348.3,1348.3,credit_card,2026-08-03T04:19:35
64d34772-e52f-40a3-91af-5058e98a9726,CUST000728,Fashion,5,360.53,1802.65,credit_card,2026-03-17T11:56:34
f00f0cb7-6dc7-4b0e-8921-a8c52425bf61,CUST000081,Sports & Outdoors,3,377.27,1131.81,cash_on_delivery,2026-02-16T15:50:22
6a0dc95f-76a5-4809-888b-3ff44d3efe21,CUST000791,Sports & Outdoors,4,1796.55,7186.2,wallet,2026-07-05T23:51:45
623859fc-bd65-43a1-963f-0f8b6893d089,CUST000432,Toys,1,939.78,939.78,upi,2026-07-02T00:35:48
4877925b-ae80-400c-8181-6ec1df777d3b,CUST000006,Sports & Outdoors,5,1577.47,7887.35,wallet,2026-02-16T13:34:08
973311c5-2b95-43dc-8d7f-a9c9a9eb0a1e,CUST000479,Home & Kitchen,1,1891.26,1891.26,cash_on_delivery,2026-03-09T20:14:25
c3f1a969-e52f-49f5-a8f2-38289cc7a4ad,CUST000563,Sports & Outdoors,5,221.91,1109.55,debit_card,2026-03-26T11:07:15
0998810a-a6f7-4a91-ab76-00eb45b1c938,CUST000072,Books,1,1770.57,1770.57,cash_on_delivery,2026-02-17T03:10:13
4a1fc1c6-e411-4ae6-8cb1-834467b271e8,CUST000083,Toys,3,928.07,2784.21,credit_card,2026-06-23T00:13:28
9c7ae69b-c163-41f7-b14b-2bbbb56be6b0,CUST000696,Sports & Outdoors,5,387.07,1935.35,upi,2026-02-13T16:54:44
8ccdcf59-feb4-4b47-99ba-0708292284f1,CUST000453,Fashion,2,266.9,533.8,credit_card,2026-07-15T18:55:12
a5e9a6e1-9e16-42c7-bd1e-f2644d0ba7be,CUST000385,Books,1,733.77,733.77,wallet,2026-05-20T11:35:37
afdef87e-6780-4162-899b-d6719d8e4dba,CUST000581,Sports & Outdoors,2,1719.42,3438.84,debit_card,2026-06-02T04:24:59
807252bb-01c9-499e-b0d0-4bb3227b8473,CUST000306,,5,1130.1,5650.5,cash_on_delivery,2026-05-23T17:07:03
9b79f54e-4121-4944-87b7-cff777f93734,CUST000045,Beauty & Personal Care,5,738.45,3692.25,wallet,2026-07-15T13:52:01
6c5a28f7-ce10-477e-9ebc-6a0f040b5426,CUST000195,Home & Kitchen,4,605.33,2421.32,debit_card,2026-07-06T02:07:30
7b2ef459-b9f5-423d-bb6e-401238dd81fd,CUST000120,Fashion,4,219.81,879.24,debit_card,2026-07-04T19:33:37
4da363d7-8b48-41dc-998d-1e4c2a69552a,CUST000258,Fashion,1,171.76,171.76,upi,2026-07-09T04:47:37
1dae2268-befa-40fa-9b9d-1900e0369b89,CUST000135,Fashion,1,1204.28,1204.28,debit_card,2026-07-01T00:13:53
1e4becfe-2a54-44c7-b897-a413a5468278,CUST000052,Fashion,4,291.2,1164.8,wallet,2026-03-08T02:21:03
3cc037d5-0315-4894-8dcb-825032befcd9,CUST000591,Electronics,5,951.76,4758.8,wallet,2026-05-01T10:20:09
b15821c8-c617-48f4-b84a-26d771db0f15,CUST000076,Fashion,4,1135.97,4543.88,credit_card,2026-02-14T02:51:55
01bc1889-c2be-44e3-8485-dd8126eb68ea,CUST000281,Beauty & Personal Care,1,33.34,33.34,wallet,2026-02-26T17:48:04
127881a6-28fc-472c-a058-15b40a520733,CUST000715,Beauty & Personal Care,3,943.02,2829.06,cash_on_delivery,2026-06-16T22:32:09
e2d7381d-e760-48c8-a42e-715559029d75,CUST000266,Fashion,4,1920.81,7683.24,debit_card,2026-07-08T19:24:25
4c3b6e84-834c-4b57-9b96-9a2e43cff575,,Fashion,4,1282.38,5129.52,credit_card,2026-06-23T22:07:38
32a28813-5d91-4617-be1f-360c56d5e747,CUST000015,Fashion,2,687.93,1375.86,wallet,2026-07-23T07:52:38
780009a9-7d1e-4263-90ee-c20ed971a71c,CUST000034,Groceries,4,393.83,1575.32,upi,2026-03-16T14:26:56
9e64685a-44e9-4f11-bb10-cdd3b7430cdc,CUST000161,Beauty & Personal Care,5,1547.79,7738.95,credit_card,2026-03-31T01:50:40
59bf1c73-52f8-44a6-9b50-564398ebf56d,CUST000146,Electronics,1,1585.84,1585.84,credit_card,2026-05-30T11:42:26
bb28daf9-3d7c-44a8-807f-87c071b7b95e,CUST000377,Beauty & Personal Care,2,1896.24,3792.48,upi,2026-05-06T06:47:45
916eec77-cba6-4838-bed3-f696a6c5da7b,CUST000557,Fashion,3,749.67,2249.01,wallet,2026-04-26T12:59:38
67dd11ff-26f4-4990-ab51-f4ff5687b1b0,CUST000516,Beauty & Personal Care,2,1391.81,2783.62,wallet,2026-07-23T21:27:10
f46e8710-efdc-4a13-920f-3f1673a800b5,CUST000204,Home & Kitchen,2,56.34,112.68,upi,2026-04-18T07:51:48
54471b68-3d60-4121-9069-56687025a9c2,CUST000511,Sports & Outdoors,1,1866.1,1866.1,credit_card,2026-07-05T23:59:05
072422d1-bfeb-48e3-9ab6-75e5714a21df,CUST000549,Beauty & Personal Care,5,1877.28,9386.4,cash_on_delivery,2026-05-23T17:50:26
44b464d6-71df-4d70-895f-2481d3c68381,CUST000331,Home & Kitchen,1,1792.43,1792.43,debit_card,2026-05-18T22:11:48
e7116780-5d1c-4598-afc4-2577d2ea9b50,CUST000506,Groceries,2,1667.33,3334.66,debit_card,2026-07-18T14:57:06
7677eb29-a5a2-4871-851b-7796b71ce6c6,CUST000660,Toys,1,1333.41,1333.41,cash_on_delivery,2026-05-28T07:41:55
84b8e645-0cbb-41b7-b1ae-7e57c852aae7,CUST000407,Toys,4,44.75,179.0,upi,2026-03-01T00:27:36
89e666d4-8865-4169-a0f3-a1b12a8259d4,CUST000610,Toys,5,1736.67,8683.35,cash_on_delivery,2026-04-10T10:45:31
3b781a3c-3d72-43b2-b8fe-2b4c18ea05c4,CUST000042,Electronics,5,1248.45,6242.25,cash_on_delivery,2026-04-07T15:00:02
09271422-7dc9-4254-9d18-e2428ddf9150,CUST000472,Fashion,1,198.31,198.31,cash_on_delivery,2026-05-15T01:51:26
a02042a9-ee43-4713-922d-2722df56910b,CUST000420,Fashion,2,1998.13,3996.26,debit_card,2026-06-25T07:22:47
4adf3461-7e50-4107-a2f6-6051db74869e,CUST000535,Electronics,5,737.73,3688.65,debit_card,2026-04-03T10:17:08
4a5054c6-baf6-4f62-85b6-d98fcd6711ed,CUST000039,Groceries,4,58.16,232.64,wallet,2026-08-02T17:06:46
f0dfe04e-1d93-499a-8fd7-63a5480dac92,CUST000284,Electronics,5,336.87,1684.35,credit_card,2026-03-13T13:17:48
e30aa1d0-54b9-4342-9ade-33851e23df81,CUST000043,Toys,3,1259.74,3779.22,credit_card,2026-08-04T19:42:01
7cfeac79-bd83-4bef-bb76-4f66062d0a64,CUST000566,Electronics,5,1523.3,7616.5,upi,2026-02-19T15:12:19
fd0bbf4b-a7f7-4672-8658-ca55c311e4b0,CUST000670,Toys,4,1146.19,4584.76,credit_card,2026-02-18T07:11:28
093aec94-bcba-4e5a-8456-7e9ef945957d,CUST000400,Toys,5,219.54,1097.7,upi,2026-04-01T12:12:09
32badee4-65b7-4e79-88f7-bbab7dc0712f,CUST000034,Beauty & Personal Care,4,559.54,2238.16,upi,2026-07-04T14:19:07
eed354d8-3fa6-498a-8627-2552bc1b3456,CUST000251,Toys,5,173.87,869.35,wallet,2026-07-30T08:26:40
3940abb0-f4b5-4884-b0e5-69b8a3fc1810,CUST000422,Books,2,1116.79,2233.58,cash_on_delivery,2026-02-19T04:25:05
9e71a1f3-7081-47ca-98e8-730b0f688db3,CUST000613,Groceries,4,1692.58,6770.32,upi,2026-04-12T04:46:12
90b6aa77-6f22-4667-b92c-0fc3c532470e,CUST000508,Home & Kitchen,5,1681.56,8407.8,debit_card,2026-07-01T01:14:36
00e4c401-84c4-463a-bb8d-0e5f76aa3030,CUST000192,Fashion,1,80.13,80.13,upi,2026-06-10T05:21:03
79053a61-c76b-486d-adc9-f531aba48fce,CUST000354,Books,5,1891.9,9459.5,credit_card,2026-04-24T12:29:35
83dcb5e2-ab63-42d8-bedd-c77ad7560e9b,CUST000233,Books,3,1842.67,5528.01,cash_on_delivery,2026-08-05T06:31:20
03287eb2-42b5-4326-b85e-a11354a2f68f,CUST000224,Fashion,3,224.1,672.3,wallet,2026-07-08T08:08:30
f2bf49f5-76a4-4a0a-b4db-b3131e251520,CUST000597,Beauty & Personal Care,1,1594.53,1594.53,wallet,2026-06-06T17:52:46
c0e2346c-f825-40ce-a093-567be1c6ce3d,CUST000282,Groceries,4,1414.06,5656.24,upi,2026-02-24T17:21:33
307d34d6-9262-466d-81c9-d5a41263700e,CUST000048,Fashion,5,1133.02,5665.1,credit_card,2026-06-23T15:16:42
7c0e052f-01d0-444c-8d9f-27757c854e2b,CUST000091,Electronics,2,1705.43,3410.86,cash_on_delivery,2026-07-15T10:07:58
ad2db0b4-f1b0-4a3e-b3d7-76a324b1b4c9,CUST000410,Groceries,2,421.93,843.86,wallet,2026-07-03T10:06:52
e4e8c71e-6f14-4dc5-945f-17ff34a8fe12,CUST000037,Beauty & Personal Care,5,264.45,1322.25,cash_on_delivery,2026-04-30T11:52:47
75416c60-ee9a-4f8d-ad5a-6bd3ad06f25b,CUST000721,,3,421.18,1263.54,upi,2026-05-10T21:03:36
f900ef55-46fe-4b31-9aec-4cebfb708297,CUST000142,Home & Kitchen,3,1569.01,4707.03,upi,2026-04-03T02:19:25
9ee621ea-eac3-4752-bb57-eb3ac135d7b5,CUST000305,Electronics,5,57.52,287.6,upi,2026-07-19T13:37:36
ae74936d-3187-49f1-95f5-6c14f03b5627,CUST000700,Books,3,1902.41,5707.23,cash_on_delivery,2026-06-04T08:50:52
ad6b5dd4-eaf5-40f0-8f12-43deb3dc3f37,CUST000621,Groceries,5,654.93,3274.65,upi,2026-02-15T04:52:18
3ab12640-2185-4d3d-a3e7-af389e979825,CUST000241,Groceries,2,494.82,989.64,credit_card,2026-08-08T18:40:39
34d43440-abd9-43ac-8f74-32c5921f337b,CUST000569,Toys,N/A,132.54,662.7,wallet,2026-07-30T08:04:47
8e30d1e4-cd4b-43e4-bd30-f2149bde06e7,CUST000482,Home & Kitchen,2,1098.25,2196.5,debit_card,2026-05-23T07:54:08
b3756c70-5682-44cf-9449-4eadb0466d28,CUST000336,Fashion,5,1341.88,6709.4,credit_card,2026-03-01T01:45:32
e0d8d419-80d0-4f1e-ba2a-ff1e4882572b,CUST000205,Electronics,2,1501.08,3002.16,upi,2026-08-06T01:07:02
44c2d2e5-b95e-4c8d-9cfc-edb0f8c474ee,CUST000635,Books,2,245.33,490.66,credit_card,2026-07-06T21:11:35
b2a14690-36c3-4b19-8341-3aabb5e353e9,CUST000210,Books,2,1516.26,3032.52,cash_on_delivery,2026-02-11T18:29:38
d6b03be5-121c-4a38-90fe-f0c7cb339935,CUST000486,Fashion,5,1525.09,7625.45,cash_on_delivery,2026-07-23T14:47:49
9dfb693c-e7d9-4b0b-bce3-25c78abf305b,CUST000259,Toys,1,64.22,64.22,wallet,2026-06-24T15:54:39
e69fbbac-8cde-4789-9ca9-2dbfd8b66fb2,CUST000681,Fashion,3,1213.06,3639.18,upi,2026-08-05T17:50:53
4ed14fb9-6853-417a-a342-09a3e3d34297,CUST000307,Electronics,2,1941.68,3883.36,wallet,2026-06-22T12:31:23
52a0ad71-5506-4950-81bc-491d9edfd254,CUST000712,Toys,2,262.13,524.26,credit_card,2026-06-03T02:16:23
582586a8-0875-4e10-8774-9870b2ece500,CUST000143,Sports & Outdoors,2,830.9,1661.8,upi,2026-06-06T06:40:36
83e88892-3840-4045-b2d7-3806e6523148,CUST000651,Home & Kitchen,3,1644.22,4932.66,cash_on_delivery,2026-07-04T10:12:53
11d7a974-913e-44f5-a95f-f6a4e504e967,CUST000645,Electronics,1,1095.68,1095.68,cash_on_delivery,2026-07-21T21:47:45
588060d7-f401-48f4-8dc9-c19c71fc68bb,CUST000481,Beauty & Personal Care,3,906.7,2720.1,credit_card,2026-06-21T13:26:54
9d46153a-2e9c-4deb-b7ef-a56111ae42e9,CUST000198,Home & Kitchen,2,1526.89,3053.78,upi,2026-06-15T01:44:13
e07ffe4a-d7ff-4933-80b1-5da39f13ceec,CUST000236,Sports & Outdoors,2,1670.43,3340.86,cash_on_delivery,2026-06-29T14:51:13
0d46d29e-8f4b-480d-82c0-775b0a65a7e5,CUST000798,Sports & Outdoors,4,1503.96,6015.84,upi,2026-02-13T05:32:40
07b79be0-93ea-4aa7-86f4-4867fa812d8c,CUST000513,Beauty & Personal Care,3,1624.73,4874.19,cash_on_delivery,2026-08-07T22:22:35
1516ffc0-6089-4815-b5fe-44d282f8e7ca,CUST000132,Home & Kitchen,5,665.98,3329.9,credit_card,2026-04-12T17:35:51
a7a636df-13c6-4641-846a-b259efa0c77d,CUST000117,Toys,5,113.53,567.65,debit_card,2026-06-13T22:23:24
2f4dc721-0311-48ab-8e7c-851c09e68c23,CUST000180,Groceries,5,609.69,3048.45,cash_on_delivery,2026-02-25T03:37:03
a2fbbd32-2963-47db-9af2-caeeb5fb2de5,CUST000018,Electronics,4,131.42,525.68,debit_card,2026-06-20T13:54:14
a459095c-0189-4bc7-bd67-64029a6a313f,CUST000341,,2,789.83,1579.66,credit_card,2026-04-07T10:09:35
3b0f028c-7ada-44fb-90ae-14ccbbf15c1d,CUST000169,Books,3,509.48,1528.44,wallet,2026-06-16T09:17:52
7ff94f63-bc7d-4ca6-a379-84e5cf604338,CUST000116,Toys,5,678.37,3391.85,wallet,2026-03-06T03:43:27
a16bd08f-f83a-4fda-828e-ab8d2fa29d9e,CUST000410,Electronics,2,441.72,883.44,wallet,2026-05-18T12:45:19
982be549-ab9b-439c-a333-32608565b7db,CUST000618,Electronics,3,164.96,494.88,credit_card,2026-06-22T09:14:10
39a1a7eb-89bd-4fb1-95d6-b84d2ef69f8f,CUST000028,Sports & Outdoors,5,1895.38,9476.9,debit_card,2026-03-08T00:14:00
79b8a79c-0fab-48e8-b17c-7905baf93f4a,CUST000056,Beauty & Personal Care,1,855.81,855.81,credit_card,2026-03-23T07:11:58
d3afdbd6-1d0b-4444-b499-cb0d19524950,CUST000328,Groceries,3,103.84,311.52,wallet,2026-02-28T12:31:56
8ce2ae58-c8e3-4ed6-bf59-fafaf65ca8d6,CUST000238,Home & Kitchen,3,1224.37,3673.11,cash_on_delivery,2026-07-18T15:30:30
6b768051-a821-4163-9ddf-12e6b020b6f3,CUST000130,Home & Kitchen,2,1345.14,2690.28,wallet,2026-03-13T11:25:56
53a2be0a-9558-4869-90a3-81c68dd59bb2,CUST000038,Beauty & Personal Care,5,1294.94,6474.7,cash_on_delivery,2026-03-18T07:50:16
20272193-56e2-411a-8bdb-55ab2cc0a2b4,CUST000683,Sports & Outdoors,5,469.18,2345.9,credit_card,2026-07-26T03:41:32
90c21020-4879-43f1-af73-ff484023e753,CUST000669,Groceries,5,769.45,3847.25,cash_on_delivery,2026-06-08T07:59:26
b5d3a4ef-c376-468c-8664-f53f0288c278,CUST000452,Groceries,2,1480.77,2961.54,debit_card,2026-08-01T22:45:03
8942aeb8-1d77-4805-adb5-891548ed7fc4,CUST000505,Books,5,56.22,281.1,cash_on_delivery,2026-06-13T19:19:38
364c091c-11fb-4812-aebe-f1d4f8c8ca45,CUST000789,Electronics,3,1264.92,3794.76,wallet,2026-08-08T15:50:31
2a00f1fe-e3b8-457f-9a44-97f2537f67e0,CUST000111,Books,2,1987.5,3975.0,upi,2026-05-29T13:12:08
e9476722-c7cd-4ade-9c32-1a2d6e6df49c,CUST000536,Beauty & Personal Care,1,411.66,411.66,upi,2026-07-23T23:58:26
964a584a-2c3b-40de-8a12-aee5136ed9d2,CUST000470,Sports & Outdoors,5,798.78,3993.9,credit_card,2026-04-03T06:14:29
58da90a4-7d9b-4eb6-8d39-9ebeefb663f1,CUST000559,Groceries,2,1553.41,3106.82,upi,2026-06-27T23:18:43
cbe10402-33bc-4749-bf0a-941172f00385,CUST000503,Books,4,273.3,1093.2,cash_on_delivery,2026-04-11T17:09:28
5f9a48b6-92d5-4e76-b7ee-809aa56dbb59,CUST000102,Fashion,5,1398.47,6992.35,credit_card,2026-07-03T20:31:31
608209ac-72c9-49bf-a7a2-42223b03a8f7,CUST000099,Beauty & Personal Care,2,1966.89,3933.78,wallet,2026-05-20T08:15:40
8be2202f-afd4-40c2-a16f-8d52ed8883c9,CUST000285,Toys,4,1533.15,6132.6,credit_card,2026-05-25T22:57:12
e70aa0ad-350d-4baf-be83-5487b5347f34,CUST000146,Toys,1,74.42,74.42,debit_card,2026-03-26T21:15:10
037cf6c7-7430-4bbe-98cb-569d3544645c,CUST000148,Beauty & Personal Care,3,670.78,2012.34,upi,2026-03-05T03:38:07
9143eab3-9248-45e3-b563-47ee638620a5,CUST000793,Toys,4,1779.82,7119.28,wallet,2026-04-29T15:30:42
b835cf31-d91d-4625-bd82-80576f4eacad,CUST000038,Books,N/A,1861.72,7446.88,wallet,2026-07-22T05:08:36
4ba07117-30e1-47f9-84b7-947193b15135,CUST000242,Fashion,4,1268.45,5073.8,cash_on_delivery,2026-07-30T01:43:36
aa57870b-9255-400a-9a76-95d6d5bfce68,CUST000096,Fashion,2,650.73,1301.46,upi,2026-04-02T04:40:49
a773af5e-65e5-4ef6-99c3-e6aca84e5072,CUST000584,Electronics,5,654.24,3271.2,credit_card,2026-05-31T07:33:11
b6756af6-d33d-49d6-af50-38e0f658d5a9,CUST000499,Groceries,5,636.9,3184.5,upi,2026-05-06T10:14:41
9d9f104f-48f8-40ec-aa1a-54ef0d30f92d,CUST000047,Groceries,3,1709.6,5128.8,debit_card,2026-08-09T05:15:39
f97b261a-1deb-4125-80b2-e530b4bd0ace,CUST000391,Electronics,1,267.17,267.17,wallet,2026-03-06T23:16:13
003c4e28-eb77-4639-99c2-c3b02676a374,CUST000464,Electronics,4,337.71,1350.84,upi,2026-05-23T03:47:54
6e49fbe9-4c44-44af-abe8-e3799cde783f,CUST000230,Sports & Outdoors,3,865.87,2597.61,debit_card,2026-03-19T00:52:34
bc87e575-3f74-45ee-84ab-6281538fbc2b,CUST000036,Home & Kitchen,3,1538.18,4614.54,upi,2026-04-23T14:31:33
7ff5b195-d83a-47ed-96fd-491f468c57cf,CUST000194,Fashion,3,1089.52,3268.56,cash_on_delivery,2026-02-22T02:34:59
9f88a3aa-e437-4602-9fb4-1b51a6dac92e,CUST000730,Home & Kitchen,2,1508.25,3016.5,credit_card,2026-02-20T10:07:24
801cb6c0-e95b-475a-a8a6-5476a34adb73,CUST000566,Beauty & Personal Care,5,151.7,-758.5,cash_on_delivery,2026-05-03T11:50:11
e7fec730-9490-4113-829e-288b8e242728,CUST000110,Toys,3,877.16,2631.48,credit_card,2026-06-27T05:57:00
fe09cde8-9cb8-4fc2-8962-4d2beaf13290,CUST000663,Home & Kitchen,2,802.42,1604.84,debit_card,2026-05-26T00:51:53
3720818b-3efa-4720-ae39-ca1a81bcc708,CUST000630,Home & Kitchen,3,1664.45,4993.35,debit_card,2026-07-11T03:14:58
0927ff32-1ac6-4492-a430-5da926623b0c,CUST000325,Home & Kitchen,2,990.51,1981.02,debit_card,2026-06-23T20:52:19
a3353722-2023-4b2f-8287-c5ccabf09e00,CUST000175,Home & Kitchen,2,1351.4,2702.8,credit_card,2026-06-23T01:53:54
38e4f4e3-9ac4-49b0-a791-6e099a2011e4,CUST000136,Groceries,2,839.66,1679.32,cash_on_delivery,2026-07-03T07:00:14
604b33f7-c7ba-4eaa-a2b8-f8689bb6f582,CUST000479,Fashion,5,138.21,691.05,debit_card,2026-07-22T09:19:45
2eabf838-df7f-4446-9a35-4083180baeeb,CUST000050,Electronics,1,375.95,375.95,upi,2026-04-15T15:29:34
0af71fe4-eb96-4aa3-a91d-ac25618dc106,CUST000500,Fashion,1,850.49,850.49,wallet,2026-07-13T18:55:23
dad0268f-adf6-43b1-91d2-9bb0d6ccfd9c,CUST000183,Beauty & Personal Care,5,492.32,2461.6,debit_card,2026-06-29T11:49:02
3cfdbb40-8d81-4467-95d3-6e7d4f6bbaa7,CUST000363,Electronics,3,639.0,1917.0,debit_card,2026-04-16T05:21:26
d7d80eb9-3f83-43a4-b2ce-2dabca6798f4,CUST000711,Home & Kitchen,4,154.91,619.64,credit_card,2026-05-11T02:21:35
a1b31bf4-6ecb-4ea6-a474-9aa94bd4d53a,CUST000739,,5,819.64,4098.2,upi,2026-02-20T23:27:12
0d615a0a-27fe-49ab-bcb2-2af5630834d5,CUST000636,Books,3,1983.45,5950.35,upi,2026-06-23T12:11:52
ee6f0b0d-7df6-44c2-bd1a-0e11986592b2,CUST000541,Home & Kitchen,5,1393.68,6968.4,cash_on_delivery,2026-05-25T14:26:57
bed84931-75a0-48e6-924b-7c718ab35ca3,CUST000181,Beauty & Personal Care,1,1419.74,1419.74,credit_card,2026-06-06T07:39:30
0549260b-114b-4594-9aac-c4af3cba132d,CUST000210,Fashion,3,1572.53,4717.59,upi,2026-02-21T20:47:23
05a00372-8ce6-4297-b755-ccfca0d2a3dd,CUST000049,Beauty & Personal Care,1,586.87,586.87,wallet,2026-03-10T23:36:35
7b991f28-4940-4ba1-afbc-932720eb0ed8,CUST000328,Home & Kitchen,3,923.13,2769.39,debit_card,2026-03-17T10:17:54
52cfacdb-aaf0-421e-ba5a-2620afe0ac1e,CUST000431,Home & Kitchen,1,1748.32,1748.32,debit_card,2026-07-12T05:24:16
41e70010-5832-422c-b820-15df7aeca17b,CUST000674,Books,4,1049.1,4196.4,cash_on_delivery,2026-06-21T08:34:22
730c346f-e027-48f4-a3f4-9bf868d9e9e2,CUST000472,Fashion,3,19.61,58.83,credit_card,2026-04-30T07:13:00
29b56791-6d24-4f7f-abc8-8177715c6492,CUST000728,Beauty & Personal Care,2,190.59,381.18,wallet,2026-04-17T16:10:49
99da54fa-fb7f-4514-b17a-f73a105bc352,CUST000653,Books,1,1869.6,1869.6,wallet,2026-07-11T09:12:05
0bc59786-dfd8-4a44-9918-f6cf1cdb3989,CUST000783,Books,3,848.99,2546.97,credit_card,2026-08-07T04:24:54
60e6aeb3-0666-426d-ac1b-142869d88a6d,CUST000175,Toys,2,815.26,1630.52,credit_card,2026-06-05T09:41:16
f1cf5949-cece-42c1-8567-9c552812b254,CUST000561,Groceries,4,1428.6,5714.4,debit_card,2026-04-15T16:24:51
1e95e31d-a454-4537-88b0-68ffc41738bb,CUST000645,Fashion,3,92.47,277.41,wallet,2026-03-11T09:40:52
147de05c-7aad-4915-a8fb-7ede99a90d62,CUST000689,Home & Kitchen,5,1071.99,5359.95,credit_card,2026-03-29T06:29:02
985f2679-e13d-4e8d-af8a-a74d6ab87c9a,CUST000001,Toys,4,1747.07,6988.28,credit_card,2026-07-25T02:47:51
228c1811-65c5-4773-82d2-a105fd4b749c,CUST000632,Electronics,5,998.59,4992.95,upi,2026-02-12T03:43:49
76786f91-6b86-45d5-a5db-6f09d96f2659,CUST000012,Home & Kitchen,2,1187.81,2375.62,wallet,2026-04-02T14:37:21
45057fff-3500-4bc8-8194-409daa9bf244,CUST000322,Fashion,1,857.67,857.67,upi,2026-03-27T03:33:42
f8d7f050-7604-4bd9-a7e1-a82eb99b6b6d,CUST000649,Books,2,1659.88,3319.76,debit_card,2026-07-19T15:15:10
618ab09c-0477-4d9b-8dd1-3cab3af13c2d,CUST000260,Fashion,3,1480.72,4442.16,cash_on_delivery,2026-03-31T03:49:03
27036988-e679-438a-a380-e229a47140e9,CUST000085,Home & Kitchen,5,790.33,3951.65,debit_card,2026-05-25T13:24:55
551053d6-c16a-47a7-9c73-d9f7d199ab84,CUST000771,Beauty & Personal Care,3,333.24,999.72,cash_on_delivery,2026-06-15T13:47:17
bbf64eeb-8b47-4354-bcc3-c70f0446c89b,CUST000479,Beauty & Personal Care,1,389.66,389.66,upi,2026-06-22T17:15:01
e7a33a25-fa19-4302-ad7c-63f88c9c5ff5,CUST000222,Toys,3,421.73,1265.19,upi,2026-02-26T02:08:28
80720c33-1aa9-49cb-9ce2-8735c91dfa35,CUST000689,Home & Kitchen,2,415.14,830.28,cash_on_delivery,2026-08-02T19:29:34
6fc160e1-cc8e-4dd1-a5ff-d25ef28dcf71,CUST000181,Fashion,5,1839.49,9197.45,upi,2026-06-20T17:02:20
5b144847-bc3a-4545-86bd-9411c732be10,CUST000181,Books,4,1758.73,7034.92,credit_card,2026-05-26T14:07:07
fac9842e-e6a7-4efb-ae3b-af7227392add,CUST000212,Sports & Outdoors,4,109.46,437.84,credit_card,2026-07-29T22:19:11
efc3a178-c6a6-4a7b-a240-be212c415edc,CUST000343,Sports & Outdoors,4,1607.28,6429.12,cash_on_delivery,2026-05-11T05:04:53
1b083554-5575-47c8-91fe-8f2044ce484e,CUST000798,Books,4,709.49,2837.96,cash_on_delivery,2026-06-13T15:22:39
d08f09f1-3154-4f43-8c60-095730334371,CUST000222,Electronics,2,658.44,1316.88,credit_card,2026-05-16T16:50:29
92f3dc63-32f5-4b9b-87b3-8367049e251f,CUST000580,Groceries,2,1483.28,2966.56,credit_card,2026-04-11T23:34:02
05a45265-78b9-459c-ae3b-910ca9302822,CUST000191,Sports & Outdoors,3,1335.09,4005.27,wallet,2026-05-14T05:57:10
e3d166d1-b27d-410d-baa3-36013411abc3,CUST000154,Electronics,1,1865.13,1865.13,debit_card,2026-04-06T21:39:17
ed51d93a-d1a9-4ce0-b5c0-7050aed94ee4,CUST000759,Books,3,1513.68,4541.04,upi,2026-07-01T12:18:17
96c23098-98de-4c78-aabb-10eba7ff1543,CUST000296,Home & Kitchen,5,1275.6,6378.0,cash_on_delivery,2026-03-02T21:24:58
da7d1ae6-678e-44e5-b6bf-bdb9e616a849,CUST000475,Books,5,615.81,3079.05,cash_on_delivery,2026-04-19T21:16:29
c447b64e-8d2b-4bb4-88b3-98bcf730b176,CUST000634,Home & Kitchen,N/A,118.48,592.4,debit_card,2026-04-08T05:14:34
da17228b-98c4-4616-9cd4-cf1179d7fbe0,CUST000665,Toys,1,1906.32,1906.32,cash_on_delivery,2026-03-12T22:15:27
ce2205a5-63d5-4bdb-b50d-72175503d36f,CUST000329,Sports & Outdoors,1,402.23,402.23,credit_card,2026-04-29T19:43:14
5a7dd2a3-1cac-4a91-a377-1c61d639d78f,CUST000005,Electronics,1,523.08,523.08,credit_card,2026-07-19T06:26:58
ee1c72ab-04d5-4c94-8f9b-faed9beb29d4,CUST000138,Books,4,948.26,3793.04,debit_card,2026-03-08T07:53:18
a2dd3152-dd74-4627-ab87-396c290efa25,CUST000708,Groceries,5,1326.32,6631.6,cash_on_delivery,2026-05-27T12:53:57
529865c8-a368-494d-807b-460f1de6598c,CUST000165,Beauty & Personal Care,4,1453.79,5815.16,upi,2026-03-09T15:00:49
96af6913-0716-471d-ad04-26040fc3cf08,CUST000786,Sports & Outdoors,1,640.03,640.03,debit_card,2026-04-23T14:33:51
6c865b30-8a9a-4694-9b20-05cb52168c8f,CUST000459,Books,5,821.04,4105.2,cash_on_delivery,2026-06-26T21:34:42
6ac84fb1-b70b-4e9d-a992-9200f6e66e7d,CUST000562,Beauty & Personal Care,5,1453.65,7268.25,wallet,2026-07-18T13:07:42
623abc5f-d672-4fcb-80cc-ef81788e1c1b,CUST000279,Books,1,1258.41,1258.41,cash_on_delivery,2026-07-17T22:25:51
4ff02643-a178-4713-9f87-e4c5d6335640,CUST000476,Toys,2,1779.26,3558.52,upi,2026-05-21T03:53:30
c9701e90-1f62-4823-8e6a-77ead542f940,CUST000485,Electronics,5,561.41,2807.05,cash_on_delivery,2026-06-14T20:57:17
bced1854-0a74-408d-a0e7-8257a6f4a1b3,CUST000058,Sports & Outdoors,2,1561.44,3122.88,upi,2026-06-09T16:24:44
fe807625-798c-4a3d-bde0-66b146a4a055,CUST000170,Beauty & Personal Care,4,1424.14,5696.56,wallet,2026-04-01T00:51:26
11b60f65-b130-4022-bb60-2a7e0fd8732c,CUST000756,Home & Kitchen,5,1961.51,9807.55,credit_card,2026-06-27T01:27:31
7cc236ec-60dc-4e1d-9621-b0cbe702dbaf,CUST000118,Beauty & Personal Care,1,458.66,458.66,wallet,2026-03-09T14:20:39
323029dd-c0a5-402f-a62e-7256aa26e1cc,CUST000575,Sports & Outdoors,2,1399.76,2799.52,debit_card,2026-07-19T21:19:13
b151eb8c-1fb6-4b39-8178-8c6e4570424b,CUST000464,Books,5,1548.44,7742.2,debit_card,2026-06-02T09:46:11
69e8348a-278b-492a-85a7-dd3ee78baedb,CUST000046,Home & Kitchen,3,835.42,2506.26,upi,2026-03-11T09:54:12
bccca7c6-14ab-4f87-b85c-67b5eaccb713,CUST000075,Groceries,1,1080.31,1080.31,upi,2026-03-28T22:42:42
42966f20-0b0e-4b89-bb3c-5c4d76801159,CUST000717,Electronics,2,1846.7,3693.4,cash_on_delivery,2026-07-01T18:07:54
2e955954-812f-488b-b996-80cb02da14ca,CUST000099,Groceries,1,413.5,413.5,debit_card,2026-07-16T18:33:41
0766eba8-c388-44e5-828f-d5492db37ede,CUST000171,Electronics,4,1852.83,7411.32,debit_card,2026-08-04T04:56:17
92a911b6-fd0d-4804-9e27-ba02a54c869d,CUST000514,Electronics,5,1663.62,8318.1,debit_card,2026-03-18T00:04:30
d653ff28-3a6d-4432-a92f-55a470016140,CUST000006,Books,1,11.82,11.82,cash_on_delivery,2026-05-10T06:18:38
395ac857-1e95-4622-8752-62cf31b7c654,CUST000755,Groceries,2,258.81,517.62,cash_on_delivery,2026-06-21T00:58:35
2fc15a08-acb8-4d4f-bad2-634d4e627b85,CUST000234,Toys,4,1315.42,5261.68,credit_card,2026-08-08T05:36:37
78222a1a-a92a-4958-bb3e-a13f76a452ef,CUST000672,Fashion,4,180.15,720.6,wallet,2026-03-21T20:10:26
96408e7e-6617-49c4-907e-63b3b85e417d,CUST000580,Home & Kitchen,5,33.16,165.8,cash_on_delivery,2026-04-12T21:28:06
cca2ffef-e798-4181-be7c-9206b8380b2f,CUST000590,Groceries,1,1166.55,1166.55,debit_card,2026-03-21T22:28:15
bf31a1c5-2aa6-44e8-a959-3b9442c6d81b,CUST000516,Books,5,45.21,226.05,wallet,2026-07-03T16:02:16
48fbc5a0-f57d-477c-a073-bdd6e55de634,CUST000178,Books,3,747.36,2242.08,upi,2026-05-05T08:22:19
79ac07da-aa53-41d7-88b3-a82ded09fc08,CUST000748,Groceries,3,1397.33,4191.99,wallet,2026-03-06T03:30:16
b05e74bd-1bb5-453e-a5cc-9e92a0848ef0,CUST000314,Electronics,4,617.94,2471.76,cash_on_delivery,2026-08-05T15:51:11
1c626167-19c3-42b9-823a-494751f0afc6,CUST000778,Toys,2,1865.14,3730.28,wallet,2026-03-10T11:25:29
f9f2c738-85a4-4268-b823-bc3215180df0,CUST000535,Home & Kitchen,4,242.84,971.36,cash_on_delivery,2026-07-21T19:23:00
3852a0e2-bf3f-4f75-b4ee-c7ef5b4a7790,CUST000011,Beauty & Personal Care,1,423.32,423.32,upi,2026-06-24T01:32:17
e81e78e5-e608-4d99-838c-dddd174668ec,CUST000151,Groceries,2,1689.75,3379.5,debit_card,2026-02-23T08:56:26
d5f392a3-3b32-4cfb-b728-4132ad424a05,CUST000132,Groceries,5,1355.31,6776.55,cash_on_delivery,2026-06-16T15:26:23
e143c40e-ab15-49e6-8c50-0c475eb3074c,CUST000016,Electronics,2,595.09,1190.18,debit_card,2026-06-25T01:07:38
5cbd0c54-b91e-4fab-aa93-a83f5a09ca08,CUST000181,Electronics,3,253.9,761.7,debit_card,2026-06-30T12:11:07
c6cd8d65-9c66-486d-a18d-bcf846eb1116,CUST000731,Sports & Outdoors,5,1129.47,5647.35,wallet,2026-04-08T03:20:26
6aa9329d-ae0f-482d-a084-a3113ccea7d5,CUST000113,Fashion,4,510.4,2041.6,credit_card,2026-05-15T17:57:40
d3c7bed3-f7e9-48e3-81f0-c27b4e9a328f,CUST000637,Sports & Outdoors,4,899.41,3597.64,credit_card,2026-04-04T17:07:23
1a4a138a-a726-4fed-9533-5a4bcbef80be,CUST000007,Sports & Outdoors,5,1896.66,9483.3,upi,2026-03-12T05:47:51
f67ae456-0513-4471-b388-a1cf041ba991,CUST000460,Groceries,1,286.05,286.05,upi,2026-02-24T11:34:00
ed229f2c-17c7-4854-8443-d83ca9240b02,CUST000338,Beauty & Personal Care,5,1933.48,9667.4,cash_on_delivery,2026-07-15T08:27:23
5ccae559-676d-4209-b0a6-93f1edc80d85,CUST000492,Fashion,2,1530.36,3060.72,cash_on_delivery,2026-05-18T03:36:09
627b4f5f-f44d-487e-8f02-4fed4c795bf5,CUST000106,Electronics,1,64.83,64.83,cash_on_delivery,2026-07-05T09:16:44
2997eacb-cfd5-43ea-abb8-04c7a7a62ec4,CUST000058,Books,5,370.17,1850.85,upi,2026-07-30T21:54:45
429a0c56-73c3-460c-8357-46e2565cdd27,CUST000473,Toys,2,425.22,850.44,cash_on_delivery,2026-06-26T06:25:38
0e68c435-7f14-4a3e-a561-f970954adb36,CUST000433,Home & Kitchen,4,1976.62,7906.48,debit_card,2026-05-20T13:16:50
524744a5-39be-4401-be8c-87daa2f59e97,CUST000680,Electronics,4,436.94,1747.76,upi,2026-03-03T02:36:49
3ea926e3-cc5d-45ce-8779-83af760457bd,CUST000580,Sports & Outdoors,1,751.05,751.05,cash_on_delivery,2026-05-24T18:32:25
93b288eb-e7e3-4477-ba4b-c496627fa9ec,CUST000336,Electronics,4,403.43,1613.72,credit_card,2026-08-09T21:40:05
d1fed265-b13c-44c7-850f-277d88c33499,CUST000676,Fashion,3,913.41,2740.23,wallet,2026-07-25T08:09:44
07ec7e50-a933-42d1-9a99-8f6da0b6348c,CUST000689,Home & Kitchen,4,287.29,1149.16,wallet,2026-04-21T13:00:57
58c7d26a-8060-4b82-9b7d-9e02a06b4028,CUST000789,Sports & Outdoors,4,1021.67,4086.68,upi,2026-05-01T08:43:59
d52cf9c9-4369-4322-a9a1-0c3cd6ebf4d0,CUST000645,Fashion,4,1667.62,6670.48,cash_on_delivery,2026-05-25T14:52:58
90ee744f-e255-47b2-9fb4-d6ee5cc24e70,CUST000437,Books,5,1553.55,7767.75,cash_on_delivery,2026-05-28T18:26:51
72f65d89-f6f8-4b44-b620-76b1889d5236,CUST000303,Beauty & Personal Care,1,931.23,931.23,debit_card,2026-03-02T21:22:41
5fa0b28c-0fac-4b8c-986e-a20111db0db4,CUST000629,Groceries,2,442.16,884.32,cash_on_delivery,2026-02-21T14:34:39
65704405-8305-4d53-b8d0-b743742c57cc,CUST000325,Toys,1,1108.48,1108.48,cash_on_delivery,2026-04-07T05:25:43
f7c81ee2-1f5e-4877-a31f-a5160067467e,CUST000068,Books,2,786.8,1573.6,wallet,2026-05-13T19:49:57
51db3405-c069-4c22-bee4-d61778834be3,CUST000672,Fashion,1,1166.33,1166.33,wallet,2026-02-13T07:30:42
9f2a22f8-d9fb-4af5-8aad-c6b41e246123,CUST000739,Electronics,4,169.08,-676.32,credit_card,2026-07-24T14:05:05
893db5d7-4323-4a38-a81c-1b4326b92e14,CUST000502,Electronics,3,985.02,2955.06,wallet,2026-06-18T07:58:24
54908809-e2bb-435d-bcad-7e08cace7d41,CUST000248,Groceries,1,1656.5,1656.5,debit_card,2026-04-14T10:06:35
c34f1341-c2ff-4b0e-9423-8326a1c8cd53,CUST000783,Books,3,871.43,2614.29,debit_card,2026-02-27T18:25:08
243337e2-a571-4f12-847a-52bdafa8c12b,CUST000760,Books,3,479.0,1437.0,credit_card,2026-06-26T03:12:21
4886d8cb-755a-4d1b-9370-8866ffed6e84,CUST000706,Home & Kitchen,2,95.72,191.44,wallet,2026-04-30T12:50:35
8fc133b0-5985-4e96-b498-34b6e995be81,CUST000011,Beauty & Personal Care,5,73.0,365.0,cash_on_delivery,2026-05-26T22:28:43
8c194888-617e-42f4-9362-be3f4d39cd5f,CUST000747,Beauty & Personal Care,1,932.55,932.55,wallet,2026-08-05T02:54:14
7e2d5b1f-61a6-4776-8be0-104269bf3de0,CUST000672,Sports & Outdoors,2,288.19,576.38,cash_on_delivery,2026-06-18T14:33:07
8c88fa5e-4106-400b-a0a2-f9f6bdfa3eb2,CUST000047,Home & Kitchen,4,1545.43,6181.72,cash_on_delivery,2026-02-26T19:35:03
80201900-1482-43e4-8569-1401fa0cf90d,CUST000460,Beauty & Personal Care,1,1755.43,1755.43,wallet,2026-03-21T01:35:42
24af99aa-8dd3-4688-a5fe-d796cb7f610b,CUST000344,Home & Kitchen,2,507.6,1015.2,upi,2026-07-25T11:51:54
65db5a86-871a-43e5-9073-78a613850991,CUST000457,Home & Kitchen,1,1407.47,1407.47,cash_on_delivery,2026-05-18T06:02:01
637d5460-98b5-4ed1-b9f1-c9059beca73a,CUST000284,Sports & Outdoors,1,425.17,425.17,debit_card,2026-03-25T08:12:12
202d0e39-c48d-4199-b640-baa5fcb17a67,CUST000108,Books,1,1986.76,1986.76,debit_card,2026-07-07T19:19:36
dbbbef81-a2e8-49cb-ac79-efb97a83529a,CUST000784,Groceries,1,1820.62,1820.62,upi,2026-07-10T18:43:56
a2e91832-d498-4533-9cba-6b6f8f33295f,CUST000629,Books,3,1263.57,3790.71,cash_on_delivery,2026-07-20T12:17:56
a60a5385-ef11-4b25-94c0-e865ec7b5f80,CUST000268,Fashion,4,1063.23,4252.92,credit_card,2026-06-02T01:37:40
abec2979-1d0b-4f24-b84e-b67fcd8ca2f8,CUST000034,Sports & Outdoors,1,1004.09,1004.09,cash_on_delivery,2026-04-21T11:18:43
50546497-1a5d-447c-bddd-b9fcf3b6403d,CUST000525,Home & Kitchen,5,811.96,4059.8,credit_card,2026-03-01T14:27:53
93753cce-13e3-42e8-bded-13c8a5b9b0c6,CUST000230,Fashion,2,154.87,309.74,wallet,2026-05-30T01:46:11
8809cdf5-0fdc-4f65-973d-a0e39a58d156,CUST000119,Groceries,4,922.23,3688.92,cash_on_delivery,2026-06-18T01:54:50
44308afb-dabf-4c75-806d-46a2a0c06de2,CUST000277,Home & Kitchen,1,1941.02,1941.02,cash_on_delivery,2026-07-15T12:56:30
e6052a3a-85dd-40f2-897f-b97f99ee55ac,CUST000386,Books,5,165.1,825.5,debit_card,2026-07-06T00:36:48
53a1aa67-eb2d-4452-8fe9-8df229a1a3a8,CUST000234,Beauty & Personal Care,3,5.19,15.57,upi,2026-05-22T21:31:44
82bd3090-992f-41ad-9f6e-64a2250a0a94,CUST000756,Books,4,1701.92,6807.68,credit_card,2026-07-17T21:06:30
605cc2a4-9b05-49da-bd35-fe416001e5fc,CUST000200,Electronics,4,171.76,687.04,credit_card,2026-02-25T05:57:29
3cb2105b-cd0f-4769-9ff6-0e3ec6be4ad7,CUST000707,Sports & Outdoors,4,822.42,3289.68,upi,2026-06-16T23:25:14
f7c158f0-f695-45a3-b147-aff004b5462a,CUST000352,Toys,3,39.71,119.13,credit_card,2026-04-09T07:42:42
123e7b0d-d3c3-4327-9309-cd1f5ea8fd15,CUST000499,Sports & Outdoors,1,1166.0,1166.0,cash_on_delivery,2026-04-23T13:43:01
e87eab6e-de03-478f-ae66-a031648a6ad4,CUST000630,Toys,N/A,395.35,1186.05,upi,2026-05-28T22:22:56
f85ec474-6964-4010-8b8e-9de28426150c,CUST000319,Books,1,1136.61,1136.61,upi,2026-07-08T04:56:47
a5174c5f-ac31-4e43-b109-ec432ccd7f1d,CUST000544,Books,1,1741.28,1741.28,debit_card,2026-05-19T03:36:53
27328a59-2fa1-4006-bccb-f3ca7000dd58,CUST000700,Electronics,3,447.56,1342.68,credit_card,2026-06-15T02:28:15
7c9f657b-dc7f-4fb9-b533-ec4a60689a75,CUST000277,Books,1,1036.36,1036.36,debit_card,2026-07-14T03:01:25
8a207d2f-e315-4025-9e34-8a1b1c85ae03,CUST000600,Groceries,2,150.13,300.26,debit_card,2026-07-23T22:20:04
09e6f594-69c4-471b-b0c7-7aaa11f3ac06,CUST000638,Fashion,4,911.52,3646.08,wallet,2026-06-03T17:17:02
15dcca45-25d4-47a2-82c9-d2f1e125e9a1,CUST000292,Home & Kitchen,2,934.3,1868.6,credit_card,2026-07-17T07:14:46
7920b98d-59b7-4684-9eb0-e91f3d83ecef,CUST000654,Electronics,2,290.61,581.22,credit_card,2026-04-03T19:29:04
ac177379-54b6-44f4-9715-e7c289573281,CUST000726,Groceries,3,225.78,677.34,credit_card,2026-04-25T23:35:04
b0a3e2e5-019b-46ce-9f12-d07954e189ea,CUST000285,Beauty & Personal Care,3,280.91,842.73,cash_on_delivery,2026-06-24T00:18:00
9e55efc1-1387-4e85-afe3-030fe0e1821f,CUST000548,Books,3,37.61,112.83,wallet,2026-04-14T10:58:53
02885cdb-51a9-4b6d-ba79-f790a7641598,CUST000032,Electronics,2,931.97,1863.94,debit_card,2026-08-06T17:50:41
4a2951a7-a35c-47f1-a7bb-983533273abe,CUST000459,Sports & Outdoors,3,708.12,2124.36,cash_on_delivery,2026-02-17T17:07:19
9516524f-f429-4d43-976c-56986e1aed53,CUST000147,Books,1,440.68,440.68,cash_on_delivery,2026-04-09T17:25:03
bcdd9923-5b0a-4e93-9431-c2aa9f2a972c,CUST000553,Groceries,5,65.64,328.2,upi,2026-06-10T12:13:11
a4a0be7e-aa2b-43ea-b051-bbe942442ba8,CUST000792,Books,3,1413.96,-4241.88,upi,2026-04-10T18:34:39
66af3259-ede2-4e5a-9a58-3c2c455a62f4,CUST000222,Groceries,5,731.14,3655.7,upi,2026-03-05T01:46:16
bc63363c-b0d3-4447-af95-d55635b1d248,CUST000276,Electronics,1,601.15,601.15,cash_on_delivery,2026-06-02T04:08:37
247f48b4-8583-4c5c-9d78-cb4d51f0f96e,CUST000708,Sports & Outdoors,1,518.39,518.39,upi,2026-07-17T05:23:37
da40890a-ed4b-49f6-85d6-6e9a35225bbd,CUST000544,Books,3,872.28,2616.84,cash_on_delivery,2026-06-16T15:04:14
eec42b92-ed06-4525-b911-85af7980e8d4,CUST000489,Toys,2,432.17,864.34,cash_on_delivery,2026-07-23T21:10:28
4ea36217-43f0-4dce-986b-8a1188dcdd05,CUST000326,Beauty & Personal Care,2,1139.51,2279.02,credit_card,2026-06-27T19:06:27
abc0fa02-954f-4d25-997f-f1cbc61015e2,CUST000682,Home & Kitchen,1,1779.52,1779.52,credit_card,2026-05-22T07:49:09
90ac927d-487d-4b4b-82aa-9d2768f33df8,CUST000551,Books,5,1608.79,8043.95,wallet,2026-05-17T07:15:37
66917076-6a92-4aff-a82e-6b39a99ba575,CUST000335,Groceries,2,1208.23,2416.46,wallet,2026-04-26T15:56:00
db958d1e-1b60-402b-ba9b-a8ddd47824b7,CUST000520,Toys,1,422.43,422.43,cash_on_delivery,2026-08-02T08:43:47
a906f65c-80d5-4876-a599-16715a6c21f3,CUST000569,Toys,5,1526.12,7630.6,credit_card,2026-05-11T01:58:18
73af3786-3ad0-42dd-8855-47edcf670a4c,CUST000523,Books,2,839.39,1678.78,wallet,2026-06-12T05:45:27
52c4b973-6b32-4a4a-8a3f-2e4932a0d759,CUST000540,Books,4,1779.35,7117.4,wallet,2026-05-03T04:24:38
46dd4f2f-660e-436c-b378-cee22be57a35,CUST000676,Fashion,3,908.68,2726.04,cash_on_delivery,2026-06-14T06:51:20
ec50b0a6-d7dc-49c6-bf75-9ba40f2382de,CUST000435,Fashion,5,1770.17,8850.85,credit_card,2026-03-12T19:03:23
591016c3-8690-40e9-bb10-1fa44d5bba6a,CUST000370,Groceries,5,1970.51,9852.55,cash_on_delivery,2026-06-25T23:34:20
babc75f2-2ad0-4092-8522-3b37f2e9eb7f,CUST000166,Fashion,1,648.99,648.99,credit_card,2026-03-27T10:14:43
ef2a09f2-0a2f-4ed5-91e5-8ebabf0bd671,CUST000790,Fashion,1,693.21,693.21,cash_on_delivery,2026-06-18T06:10:07
bb5ed740-3115-4a35-b9a9-319a7808701d,CUST000001,Fashion,1,1688.46,1688.46,credit_card,2026-06-05T11:35:59
c3d71a99-e898-4bdd-a4db-bb54e6f838ee,CUST000102,Books,1,771.06,771.06,credit_card,2026-07-01T14:46:56
78867857-5638-40de-8adf-11b73e451af8,CUST000414,Beauty & Personal Care,2,1330.55,2661.1,debit_card,2026-06-12T16:59:43
577d84cb-ef53-4c80-acfb-97312c0878aa,CUST000284,Groceries,4,1442.96,5771.84,credit_card,2026-04-26T08:05:21
e16cc6f3-1c06-45a2-b230-9fefe5845839,CUST000350,Groceries,1,350.31,350.31,wallet,2026-08-03T17:55:56
4648b3f5-bf9e-46ae-beed-635c58108ce8,CUST000565,Beauty & Personal Care,2,187.26,374.52,credit_card,2026-03-02T17:28:27
c4f32def-61be-4f27-8853-68ac816296ca,CUST000496,Fashion,4,394.28,1577.12,wallet,2026-04-13T08:35:21
f042a86d-be8c-4245-9428-9690770df236,CUST000391,Groceries,2,1355.44,2710.88,upi,2026-02-19T11:25:38
4f0477d2-aa51-472a-a45e-86faff7f56f2,CUST000639,Home & Kitchen,2,915.3,1830.6,cash_on_delivery,2026-03-09T02:43:29
e34f32e8-99fe-47ec-9ec4-2ef1ed762a5a,CUST000326,Electronics,2,1435.02,2870.04,cash_on_delivery,2026-05-19T11:46:17
a1be6715-5575-4951-a269-1bdfe74996f2,CUST000463,Fashion,2,1204.83,2409.66,cash_on_delivery,2026-07-16T20:40:21
b07821e4-2cc2-405b-af2e-a6ffea4b6b57,CUST000183,Books,3,1211.14,3633.42,debit_card,2026-02-14T04:48:32
4f0451ef-5529-4a87-b94d-e2db1305c8d7,CUST000647,Sports & Outdoors,5,1477.76,7388.8,wallet,2026-06-20T20:45:17
9d4f1515-9593-4bba-8291-ead827b2f2d6,CUST000541,Books,4,1445.46,5781.84,wallet,2026-04-25T17:02:32
bc7f48e8-75ff-4d35-8f5d-a101912a1ecf,CUST000163,Home & Kitchen,5,1985.02,9925.1,debit_card,2026-03-14T02:40:14
6156dff7-c555-4e3e-8ade-3a7937c2f363,CUST000739,Books,3,1833.0,5499.0,wallet,2026-06-12T01:29:26
e3324636-894c-4ec4-997d-31e1555c42a6,CUST000139,Fashion,4,92.82,371.28,debit_card,2026-04-02T15:34:53
ae5cf62e-fe73-4b5d-bb1f-bb55cdceb964,CUST000251,Beauty & Personal Care,4,1076.48,4305.92,upi,2026-07-11T04:10:29
4349be72-0e05-491c-952f-4cf7cd7bd1b9,CUST000327,Groceries,4,398.26,1593.04,cash_on_delivery,2026-07-17T12:17:20
a1364a0b-4220-4f52-88b7-8172309501df,CUST000369,Books,4,942.0,3768.0,credit_card,2026-02-24T02:41:01
567ec77a-490e-4d8b-8591-ce864d9c3f72,CUST000448,Beauty & Personal Care,5,866.83,4334.15,credit_card,2026-05-13T08:08:05
1fb2a57a-5f60-4f86-944f-f8de833e36d4,CUST000229,Fashion,1,133.14,133.14,debit_card,2026-06-07T11:38:00
ee7f9c3f-1bca-450e-8831-b975d6ab4b35,CUST000094,Sports & Outdoors,3,1417.63,4252.89,cash_on_delivery,2026-02-12T06:05:27
acf0f573-a00a-47d6-8756-2468dcbf5420,CUST000433,Electronics,1,500.43,500.43,wallet,2026-05-07T04:59:24
15cd77c8-0216-49c8-ba54-ce9b96551d22,CUST000028,Electronics,4,1933.7,7734.8,debit_card,2026-03-08T17:39:34
e59d98b0-2a3b-45eb-b310-14300cf85ecc,CUST000374,Sports & Outdoors,1,398.16,398.16,upi,2026-06-23T05:35:14
a0152b1f-d92a-43e4-b89d-d96aa6d477ef,CUST000739,Home & Kitchen,5,363.64,1818.2,wallet,2026-06-28T18:04:55
2f848c2c-b724-45da-9d91-ad5592de789f,CUST000509,Books,3,873.28,2619.84,debit_card,2026-02-11T12:02:08
451cce03-548b-4df8-acf9-2d2b736915ff,CUST000378,Toys,4,176.05,704.2,debit_card,2026-04-20T18:22:20
63863eb3-50f0-4d02-9bfe-4a05c13834af,CUST000616,Groceries,2,1177.27,2354.54,debit_card,2026-06-08T16:39:14
4cd67a40-bb0c-4057-91dc-6d88dd82d6c5,CUST000311,Sports & Outdoors,3,907.97,2723.91,wallet,2026-07-13T06:44:01
0d724791-4217-46d6-869c-45198bdce684,CUST000005,Sports & Outdoors,2,935.33,1870.66,credit_card,2026-02-11T23:44:51
b28e34d3-216f-4700-9c8a-e35510f79990,CUST000612,Sports & Outdoors,3,831.16,2493.48,debit_card,2026-08-03T06:02:19
af45bd46-aa55-4321-b032-f4ba098a50df,CUST000019,Groceries,2,452.52,905.04,debit_card,2026-05-24T09:24:57
d8e5bfb6-f4ac-4cb1-9429-c2621ebcd508,CUST000297,Groceries,3,1606.61,4819.83,wallet,2026-05-11T14:35:26
12073c77-62ea-4b40-91e8-905e560621e5,CUST000644,Groceries,5,307.46,1537.3,cash_on_delivery,2026-06-23T05:51:36
8068192d-1646-47d9-a561-c52db704d39a,CUST000615,Beauty & Personal Care,2,987.75,1975.5,upi,2026-05-10T19:36:53
5b0f401f-700b-4927-8017-12d9e01dd1eb,CUST000169,Toys,3,92.17,276.51,debit_card,2026-03-08T05:39:26
d47579b2-1b07-412a-bae3-c27208f62bfa,CUST000574,Electronics,2,1212.12,2424.24,cash_on_delivery,2026-07-19T11:26:24
a9fd1a90-b3d5-4c98-9d2d-f1c960e5bac1,CUST000540,Electronics,3,1226.07,3678.21,credit_card,2026-03-15T14:09:43
2d0669fb-6c7c-4868-9238-0b02d7d42dd1,CUST000670,Home & Kitchen,2,680.07,1360.14,upi,2026-04-11T13:05:47
d4de5e5b-afd3-4a8e-826d-7e70467ee2ed,CUST000546,Electronics,3,534.12,1602.36,credit_card,2026-04-20T23:00:58
e5286d41-ace4-4ff1-a0a0-962e5d1b11fe,CUST000600,Electronics,2,583.79,1167.58,cash_on_delivery,2026-02-19T20:19:28
04ecba74-25e5-4739-88fa-7fa171b5542d,CUST000673,Fashion,5,1070.13,5350.65,cash_on_delivery,2026-03-28T19:05:36
0ca4c656-d61e-4d1e-9f38-6fd3f96c64e3,CUST000144,Books,3,340.26,1020.78,wallet,2026-05-31T00:45:34
4af88634-9139-4271-9003-8385ff192ca2,CUST000656,Home & Kitchen,4,1134.88,4539.52,upi,2026-05-13T02:19:13
5eec0498-0d55-408d-b68e-343b14e71b27,CUST000186,Books,5,1640.95,8204.75,debit_card,2026-04-05T08:10:57
b0740513-ef30-4a59-bb6c-04b88ab0f110,CUST000138,Books,3,1110.8,3332.4,upi,2026-08-04T14:22:16
18dbdedd-7482-414c-ba4e-81e748b2d508,,Toys,2,363.21,726.42,cash_on_delivery,2026-07-17T05:03:24
dfccb90f-b93c-407b-90b7-3bd941d920d2,CUST000240,Sports & Outdoors,1,10.72,10.72,upi,2026-04-28T23:42:52
6114565a-5dc8-480e-b7c8-3ecc1fbbe0c2,CUST000248,Books,2,1514.18,3028.36,upi,2026-05-09T17:21:42
faad6bde-343e-407a-9861-5959f0c87efb,CUST000291,Electronics,2,776.2,1552.4,wallet,2026-07-18T01:41:32
839d8d50-85ef-4266-96fe-4e4d72f17881,CUST000405,,2,1664.93,3329.86,upi,2026-05-24T01:11:40
2121a745-e9d4-42e5-82cf-6b7cfe98dc77,CUST000005,Electronics,1,842.64,842.64,wallet,2026-07-21T08:17:21
3b6e3de9-177b-4e34-b103-7de5102fc167,CUST000790,Beauty & Personal Care,5,1838.63,9193.15,wallet,2026-06-08T11:13:17
f6227253-389e-4ded-bc15-924ce0fd5f30,CUST000641,Groceries,2,1634.61,3269.22,upi,2026-06-08T10:38:14
833b49a9-7d26-44b9-918e-56443d47dcc2,CUST000179,Home & Kitchen,1,1409.61,1409.61,credit_card,2026-04-25T10:40:23
aeab2c21-c6e9-4688-88d6-301e35e57de2,CUST000112,Books,2,496.43,992.86,cash_on_delivery,2026-07-04T22:20:01
920b641f-db6a-4ad7-bea8-6ed14fb7da09,CUST000473,Books,1,1855.94,1855.94,wallet,2026-05-01T11:22:25
e5bf7f01-9be7-407b-9082-86100a1d7d07,CUST000333,Toys,5,1883.28,9416.4,cash_on_delivery,2026-06-21T18:25:36
31070d12-6440-42ae-bb0d-1edb49d92607,CUST000619,Electronics,3,1817.35,5452.05,cash_on_delivery,2026-05-19T21:16:34
1066bc8b-92a1-4332-89da-66e2cfe50cc0,CUST000191,Toys,4,929.69,3718.76,upi,2026-02-13T08:32:31
817935be-796b-4f30-a39c-cdc63047b270,CUST000468,Groceries,1,1434.99,1434.99,cash_on_delivery,2026-04-26T22:56:23
95c93b2c-0368-4237-ac91-9a8b2f083c22,CUST000068,Electronics,1,675.3,675.3,wallet,2026-06-01T12:53:18
c396043e-d167-4d10-833f-bc6abc48a7b8,CUST000166,Toys,2,1298.33,2596.66,credit_card,2026-06-06T03:28:52
5ac32889-e1d0-4d15-be44-70df00793161,CUST000211,Books,2,995.2,1990.4,wallet,2026-04-30T07:13:31
d68e5be5-f1cd-4d5e-bf2c-c38f4f83014c,CUST000721,Toys,1,1851.37,1851.37,wallet,2026-05-24T21:12:58
47277578-8c4c-485e-85f7-82d288b8d33c,CUST000041,Groceries,2,1524.14,3048.28,credit_card,2026-05-23T14:53:24
05838f84-23d4-4500-b627-23597569eb47,CUST000526,Home & Kitchen,2,1896.68,3793.36,wallet,2026-05-04T03:47:07
ac251b9a-cd7f-454f-9e91-13d11de949d7,CUST000018,Toys,2,743.17,1486.34,debit_card,2026-03-24T09:53:24
d55a581d-dfa6-4fd5-a19c-50d211e1afab,CUST000764,Books,5,45.5,227.5,credit_card,2026-04-25T00:50:36
c9bd666a-cb7d-49d1-8231-d406fa94a566,CUST000554,Sports & Outdoors,1,1273.7,1273.7,upi,2026-04-27T04:46:02
c602dc9b-4411-4b68-bf90-5f78cbc43563,CUST000749,Fashion,2,235.54,471.08,credit_card,2026-02-15T05:23:49
427016b2-a751-4579-b148-9501248bcfb0,CUST000765,Electronics,1,1660.02,1660.02,upi,2026-07-26T22:00:22
7df3b326-9644-47bc-a6a6-2cbf2e16f4e9,CUST000345,Beauty & Personal Care,4,625.34,2501.36,credit_card,2026-07-09T18:31:39
3bf80603-8ab6-43b9-a7fa-5c7c960a1d7f,CUST000637,Home & Kitchen,4,1216.55,4866.2,debit_card,2026-02-14T05:13:29
26e87667-cf8c-4905-a0f6-b264477b84de,CUST000495,Groceries,5,164.41,822.05,debit_card,2026-02-16T21:42:37
d016c27a-3179-41f9-a310-15327dca0dc2,CUST000509,Home & Kitchen,3,686.03,2058.09,debit_card,2026-03-15T08:31:14
a3389712-944d-4fa4-9f16-1ba9c0a52b58,CUST000078,Beauty & Personal Care,2,1877.05,3754.1,cash_on_delivery,2026-02-25T05:50:28
59cbb435-4940-4aba-8909-f627f67b9587,CUST000343,Electronics,5,1219.02,6095.1,cash_on_delivery,2026-02-22T04:20:53
d7b35cb6-14c3-47c6-adb5-410542f35593,CUST000761,Fashion,3,1916.12,5748.36,credit_card,2026-04-04T02:44:51
38aabfbe-470a-4c28-ac9d-74629a7e1f8f,CUST000135,Beauty & Personal Care,2,126.43,252.86,debit_card,2026-07-16T05:13:34
58a88cec-008b-4b1e-ab72-8dc3cc55f37e,CUST000621,Home & Kitchen,1,358.59,358.59,wallet,2026-05-23T00:14:33
20a07281-f4ba-4a78-9c54-451708df5369,,Toys,3,800.5,2401.5,cash_on_delivery,2026-03-23T21:42:48
8c8b37a8-d706-4923-941d-fe5b15a37459,CUST000198,Groceries,2,389.53,779.06,upi,2026-07-21T10:45:17
927ec0de-418e-4d47-9d62-d6ef2e59f90f,CUST000560,Sports & Outdoors,1,1405.68,1405.68,debit_card,2026-05-19T10:47:52
a747c2d5-c2f7-4480-b6a1-473331d8e163,CUST000274,Books,5,1348.98,6744.9,credit_card,2026-05-11T05:53:07
64ab04a5-db6b-40e2-baf3-c213231552dd,CUST000163,Fashion,1,597.22,-597.22,upi,2026-04-09T02:13:25
7e4c80cb-3f9d-4ff3-b906-fd26f7aa8897,CUST000511,Groceries,3,1928.26,5784.78,cash_on_delivery,2026-03-04T09:55:15
b301ea47-6ace-4b7d-bc3a-3a2fffb3425e,CUST000170,Toys,1,1047.56,1047.56,cash_on_delivery,2026-02-12T20:21:06
cbbfec9f-782f-4f26-b548-c8a065d74c5b,CUST000701,Books,2,1672.15,3344.3,wallet,2026-07-11T16:30:06
ac4e57b7-223b-4fe7-b398-0bff58d88161,CUST000285,Sports & Outdoors,1,1542.15,1542.15,upi,2026-04-18T14:08:03
d21a0680-2e96-4678-911a-c107ce562840,CUST000752,Toys,4,888.17,3552.68,debit_card,2026-05-09T17:59:46
164ce0fb-0e6f-4faf-87c9-02b570729bc3,CUST000344,Groceries,4,66.81,267.24,cash_on_delivery,2026-07-17T05:54:02
a8a15136-9f04-4a01-8f7e-5efeb356937c,CUST000522,Electronics,1,1946.29,1946.29,cash_on_delivery,2026-06-10T05:13:10
e3305a27-31f3-4d4b-a808-5ad0e2fc9559,CUST000145,Toys,3,1890.97,5672.91,debit_card,2026-03-03T23:04:45
f0c1925a-02cf-456d-a2ec-4d14d845b099,CUST000143,Books,3,801.81,2405.43,credit_card,2026-05-28T18:55:23
e9796def-b3e3-45a7-9752-0b2702f58617,CUST000509,Groceries,4,950.6,3802.4,credit_card,2026-03-09T10:51:33
cb92b7c0-8ffa-470d-807a-1d0c99974a4c,CUST000022,Electronics,5,1108.73,5543.65,cash_on_delivery,2026-06-22T22:57:53
41121a15-58a7-420f-997a-5ee7d1ca3b22,CUST000316,Fashion,1,983.42,983.42,credit_card,2026-06-28T14:40:52
68340147-3fbf-48f6-a610-d8d5de4292bb,CUST000536,Books,5,1455.11,7275.55,wallet,2026-04-22T03:57:03
b0b8b914-3096-402b-b14c-5c2a5172a4d9,CUST000643,Fashion,5,60.5,302.5,credit_card,2026-02-24T04:01:43
2efbf27f-64ab-4e2d-ae4a-132cca6cb8f1,CUST000563,Toys,3,126.65,379.95,cash_on_delivery,2026-02-26T19:06:07
bb96d0f1-b222-45e8-8a5f-4d0948a3bdcc,CUST000282,Sports & Outdoors,3,879.06,2637.18,credit_card,2026-04-09T17:28:07
00f52c36-e05a-47b8-b008-88297fec4c35,CUST000397,Beauty & Personal Care,2,811.54,1623.08,debit_card,2026-06-24T22:27:14
7b987158-47e1-4729-b36a-a6ccec00bce0,CUST000613,Sports & Outdoors,5,1164.23,5821.15,cash_on_delivery,2026-07-15T07:45:53
56f15d08-f094-4934-b68a-4c68d5cf53f1,CUST000786,Groceries,1,1451.2,1451.2,wallet,2026-07-31T20:57:19
81b77730-48bf-48e8-916d-6c31b0a4e449,CUST000427,Fashion,5,1321.67,6608.35,wallet,2026-06-24T05:44:59
587134c0-2933-40cb-9423-7f3904ef77fd,CUST000642,Sports & Outdoors,1,252.01,252.01,cash_on_delivery,2026-04-14T08:01:30
8e61aa70-63ca-435c-9f0c-07ac4cacfc93,CUST000761,Electronics,4,607.8,2431.2,debit_card,2026-05-17T07:32:06
0ef52684-58b3-4843-886d-7021ee6fe364,CUST000635,Fashion,2,115.94,231.88,debit_card,2026-05-09T21:41:22
34029842-c447-43aa-95e6-3eac9dc71c2f,CUST000407,Electronics,5,729.93,3649.65,cash_on_delivery,2026-03-18T18:52:58
a8a80123-10d0-4d25-9f2a-163432ca5f56,CUST000450,Home & Kitchen,3,328.37,985.11,debit_card,2026-05-24T04:42:12
4a4e6592-5a4b-4daf-b578-e82b29b50a50,CUST000682,Sports & Outdoors,4,425.04,1700.16,debit_card,2026-03-05T08:46:08
a5e45458-c59c-4d91-a9b2-fc91eae15823,CUST000425,Books,1,873.84,873.84,credit_card,2026-07-11T04:25:48
49cdd510-762a-4d0f-946d-621ff013e32a,CUST000527,Books,4,536.9,2147.6,wallet,2026-07-12T23:52:20
51eee98f-150d-463e-bcdd-477e5588db5d,CUST000740,Groceries,2,495.78,991.56,wallet,2026-06-19T22:24:35
e0554435-2664-4752-9407-49e290932c29,CUST000682,Home & Kitchen,1,1844.04,1844.04,cash_on_delivery,2026-06-21T12:45:51
ec432a77-8278-4738-b2fd-ffd49d525b09,CUST000710,Home & Kitchen,1,1566.38,1566.38,cash_on_delivery,2026-03-01T11:48:07
a4b8b7da-610b-4718-b9c3-dc21e8b788e0,CUST000617,Sports & Outdoors,2,867.81,1735.62,debit_card,2026-06-26T03:28:10
e5b37e29-1610-404d-94a8-495a7322cd3b,CUST000407,Books,2,318.02,636.04,wallet,2026-04-09T06:43:49
117fa0e5-39b7-442c-b34b-81c5e790aa16,CUST000627,Sports & Outdoors,2,715.25,1430.5,debit_card,2026-05-06T11:37:49
e3d7a33a-7e5f-448d-ad0d-9f8fc9a74274,CUST000160,Sports & Outdoors,1,512.79,512.79,debit_card,2026-08-07T20:45:08
52f927a4-1bb6-4a5d-b84d-5d8f6c1c4f4c,CUST000238,Beauty & Personal Care,1,1958.62,1958.62,credit_card,2026-02-23T17:41:01
1da00040-a773-4afe-82e3-45d992501dc6,CUST000084,Sports & Outdoors,1,1373.7,1373.7,cash_on_delivery,2026-04-27T22:05:33
09450268-6151-4e7e-ac88-90b07363a43a,CUST000726,Toys,3,1506.24,4518.72,upi,2026-04-28T18:49:22
b3848d3a-1d5f-4368-9e37-63fd66ac260a,CUST000314,Groceries,2,1062.5,2125.0,cash_on_delivery,2026-05-02T18:06:18
1bf56b8a-1371-4297-8eb0-e52fff6b3f60,CUST000357,Home & Kitchen,3,411.45,1234.35,debit_card,2026-04-09T18:15:34
09d6a789-5492-46c0-b8c8-5b480f994d77,CUST000616,Groceries,2,1403.7,2807.4,credit_card,2026-07-13T13:06:56
382156ac-5f6c-426b-894b-f7996931a6a7,CUST000737,Sports & Outdoors,5,791.33,3956.65,wallet,2026-05-27T05:58:37
d9c21998-66d2-418e-b162-335fcd10b23c,CUST000246,Electronics,5,1019.29,5096.45,wallet,2026-03-08T08:25:13
00bd6601-e6e8-470e-9604-9dadfa6faa9e,CUST000088,Beauty & Personal Care,4,1531.72,6126.88,cash_on_delivery,2026-07-15T03:06:47
88d681af-5d36-4aa4-a5aa-af12443da2ae,,Sports & Outdoors,1,1133.88,1133.88,wallet,2026-03-03T12:37:59
3dde1940-19f3-4a4c-b448-76d851bbf304,CUST000585,Fashion,1,203.39,203.39,wallet,2026-06-21T11:07:56
d79320ad-5879-411c-aa53-f341ec36f8d3,CUST000762,Groceries,5,345.7,1728.5,debit_card,2026-07-23T01:01:43
0214d58e-1977-43ff-ae66-26ed8d6029a2,CUST000250,Fashion,5,147.13,735.65,upi,2026-03-08T00:36:44
b84ee46b-49d8-4ff1-b86c-3ea3c0e030da,CUST000610,Home & Kitchen,4,463.48,1853.92,debit_card,2026-07-14T02:02:41
523f34b3-fb20-42fc-892c-a70d7224443b,CUST000565,Electronics,1,1251.91,1251.91,cash_on_delivery,2026-03-13T03:32:28
718c1cef-704a-4a3f-b615-08a2e9bf96f5,CUST000280,Toys,5,1974.73,9873.65,debit_card,2026-08-08T10:50:06
62cec7bc-5988-4b88-b991-d2cfde9d1512,CUST000211,Home & Kitchen,1,206.29,206.29,cash_on_delivery,2026-03-27T15:40:08
d3cd156a-7ec9-4e20-b9b8-2e0e33f6a2cb,CUST000665,Groceries,5,1797.55,8987.75,debit_card,2026-02-23T11:44:13
4c109ff8-3102-4377-8822-3ae0d7c00116,CUST000325,Electronics,2,800.19,1600.38,debit_card,2026-05-31T19:24:02
f70e703d-f1f1-4686-9970-319ec0c6ebaa,,Books,4,1511.26,6045.04,wallet,2026-06-18T22:01:11
0a2da371-27de-48c8-a133-00967aef02f5,CUST000415,Sports & Outdoors,3,1635.39,4906.17,cash_on_delivery,2026-05-20T12:58:04
d88a6c89-f052-4280-8dce-d471874d6989,CUST000024,Toys,1,1252.79,1252.79,debit_card,2026-04-12T00:40:28
f956069f-4838-4307-bb7b-2198d3763e3a,CUST000455,Fashion,1,490.09,490.09,credit_card,2026-03-28T16:53:01
22269c4e-7f87-4457-8d82-da81bbaa0e70,CUST000768,Fashion,3,1967.15,5901.45,debit_card,2026-08-08T02:39:04
6936db1c-16f5-4a29-b9a4-000c82095d2c,CUST000683,Sports & Outdoors,5,373.39,1866.95,cash_on_delivery,2026-03-08T07:24:03
08d98a5d-fcf0-454a-8dc9-7568c9f913b7,CUST000578,Fashion,4,1284.96,5139.84,upi,2026-05-09T10:46:44
d2e5e56a-d524-4822-a9dd-75d5f567bfb1,CUST000491,Beauty & Personal Care,1,780.07,780.07,credit_card,2026-06-10T21:57:24
61fdf04f-89e8-47c4-808d-72a8437d948c,CUST000582,Beauty & Personal Care,3,1455.66,4366.98,cash_on_delivery,2026-04-24T04:11:34
e426f7b6-c8d4-4e22-897b-87a2d78f80f1,CUST000108,Home & Kitchen,4,1906.14,7624.56,wallet,2026-05-05T07:38:11
93eff898-afeb-4341-9a9f-d4423116c529,CUST000369,Books,1,1631.49,1631.49,upi,2026-03-25T09:45:16
ce6a3604-95bd-4c5d-913f-4be4c560473e,CUST000229,Groceries,2,1628.2,3256.4,wallet,2026-03-23T15:04:05
7082bede-d6c4-482e-9803-8d40e925263d,CUST000438,Sports & Outdoors,5,357.91,1789.55,debit_card,2026-08-02T16:00:51
d7b4200a-cfbe-4471-af93-d6545d6c04bd,CUST000612,Books,1,519.32,519.32,credit_card,2026-06-03T23:08:28
654a233f-bfdd-4bc9-986c-1695d7f88e07,CUST000023,Electronics,3,1962.6,5887.8,debit_card,2026-05-29T08:52:05
4459bc4e-cb3f-482e-a6b5-7baeaba97080,CUST000234,Toys,4,1580.16,6320.64,upi,2026-06-12T23:09:53
e15d71b6-0fa8-4a81-90ca-f494ca9f4dfc,CUST000300,Electronics,2,1830.38,3660.76,cash_on_delivery,2026-05-22T08:03:15
262c2c99-d5c3-43c0-91b7-f962585c2f06,CUST000030,Fashion,5,1495.02,7475.1,wallet,2026-04-02T18:28:47
1254e383-470f-409c-9dff-b88a871b6c5a,CUST000732,Groceries,4,1870.13,7480.52,cash_on_delivery,2026-05-01T18:09:42
fc43e4f2-fbfa-4c60-a6b4-da9fe13b18c2,CUST000624,Sports & Outdoors,4,1906.82,7627.28,debit_card,2026-05-30T03:00:49
103baced-1f46-4ca2-b468-20d6add34245,CUST000725,Beauty & Personal Care,2,1457.21,2914.42,cash_on_delivery,2026-03-26T18:24:27
6149471a-7266-4742-b986-2ed3e40ebe8c,CUST000755,Sports & Outdoors,3,924.49,2773.47,upi,2026-08-09T18:56:37
0d65f9d7-6e37-4cf0-aed2-8210f8f8e574,CUST000490,Groceries,4,139.0,556.0,wallet,2026-06-05T03:14:49
4574d121-886e-4075-a2c4-a498f2a3dc92,CUST000630,Books,5,1677.25,8386.25,debit_card,2026-04-15T10:02:32
e433c3a0-619f-4671-87d2-6a7ca7bf668d,CUST000162,Toys,3,770.71,2312.13,debit_card,2026-04-19T03:51:34
9cee2817-5f0c-4df5-a5b4-a5a49ab22e6e,CUST000148,Electronics,2,1342.16,2684.32,upi,2026-04-07T16:13:48
3e8626d4-a745-49c8-95df-d0fae2dad830,CUST000101,Fashion,5,139.71,698.55,credit_card,2026-05-23T10:35:27
ea676bb6-0658-4411-b659-85bf4f82eff0,CUST000256,Fashion,3,399.76,1199.28,cash_on_delivery,2026-05-29T02:07:14
f65b699e-abec-4e32-b0a8-935549696694,CUST000594,Sports & Outdoors,4,1171.06,4684.24,credit_card,2026-02-26T04:46:29
1870ea08-d326-4304-8b74-2a8926613ced,CUST000618,Toys,4,1006.61,4026.44,upi,2026-06-05T06:18:11
6fc65e47-79d0-4258-bcd0-a5feb71a36d5,CUST000653,Home & Kitchen,5,226.31,1131.55,credit_card,2026-05-20T04:09:41
54e21c80-907f-4009-ab05-97cd01690a4b,CUST000189,Books,1,1626.67,1626.67,cash_on_delivery,2026-06-27T12:49:36
c0fc49e8-ff37-4659-a7c9-ad868a1f0806,CUST000783,Toys,5,1365.93,6829.65,credit_card,2026-05-01T10:39:28
9efbbfb7-6858-4c53-b3cb-86e53ada672c,CUST000639,Electronics,2,1686.77,3373.54,cash_on_delivery,2026-05-24T23:34:46
877e915c-17e6-4299-bd6b-f2c4e841557f,CUST000264,Beauty & Personal Care,4,522.78,2091.12,debit_card,2026-05-29T16:33:03
d36e5609-ade8-4666-9468-9f56f4b19064,CUST000460,Books,1,1903.33,1903.33,upi,2026-07-31T20:08:27
fcc0e7a6-62f9-4d7c-a806-be7221258c5e,CUST000095,Home & Kitchen,2,1899.53,3799.06,cash_on_delivery,2026-02-11T00:03:59
96d127b8-dad4-42cf-9932-270bc300fc4d,CUST000425,Beauty & Personal Care,4,1792.71,7170.84,debit_card,2026-07-08T09:57:46
9c927b72-4bd7-424e-829f-53d613cb9d52,CUST000091,Sports & Outdoors,5,1490.3,7451.5,credit_card,2026-04-24T10:03:14
eaf59bf8-4bab-4362-a597-e2d6f770aca0,CUST000418,Electronics,4,1851.24,7404.96,debit_card,2026-04-19T10:23:40
c4f06087-cead-4e6b-90da-153539343f63,CUST000751,Home & Kitchen,1,1456.21,1456.21,wallet,2026-06-10T08:29:44
bd63490f-28e3-4766-9a9a-3c5481d3634c,CUST000278,Home & Kitchen,4,1626.93,6507.72,cash_on_delivery,2026-04-13T22:33:52
38f9ea7a-72bd-4ccd-b0c5-5139583c2477,CUST000410,Home & Kitchen,1,434.97,434.97,debit_card,2026-08-03T20:31:43
bf5a0321-d8f9-4631-b5cc-011d902391d7,CUST000299,Books,4,1604.78,6419.12,upi,2026-07-22T03:41:06
4978381c-38a9-4c22-9f01-f90566823812,CUST000015,Fashion,3,1304.41,3913.23,debit_card,2026-06-11T17:06:22
fa5dc83a-110b-4e99-a534-2830705de029,CUST000651,Fashion,1,164.22,164.22,cash_on_delivery,2026-04-24T21:54:37
b96555bd-b718-49e9-a178-65bcbc593a19,CUST000654,Groceries,1,726.4,726.4,cash_on_delivery,2026-07-01T11:19:35
3e885941-93e1-4902-b753-fb8c48ed3982,CUST000637,Electronics,1,1870.91,1870.91,upi,2026-08-04T18:18:10
f89b05c8-a5be-4fdb-bb0c-d14db9c3c019,CUST000455,Books,2,1458.85,2917.7,credit_card,2026-03-12T08:43:48
4a6992e9-e1ad-4aaa-a3dc-7546bca045f9,CUST000193,Home & Kitchen,2,48.96,97.92,wallet,2026-03-03T20:14:52
0b7afb5d-4a92-4b1f-870c-0728a17b70ff,CUST000152,Fashion,4,643.91,2575.64,cash_on_delivery,2026-07-07T10:42:40
166f3561-0e29-474a-84a0-01e77b059874,CUST000207,Home & Kitchen,5,1977.72,9888.6,wallet,2026-06-11T00:40:19
b685878e-5371-4d29-96ca-22d07d353279,CUST000404,Home & Kitchen,4,31.54,126.16,cash_on_delivery,2026-02-26T07:34:44
9a8b47da-3cf2-49ba-92a7-c194ce11d409,CUST000771,Toys,2,1114.79,2229.58,credit_card,2026-05-02T04:15:35
72615d6c-5a9c-4acc-b593-1cb63ff00df0,CUST000556,Electronics,2,1149.99,2299.98,cash_on_delivery,2026-04-03T06:43:16
4ad84df8-736e-4d4d-a650-7043ae7c14c3,CUST000324,Sports & Outdoors,4,1992.89,7971.56,debit_card,2026-05-18T22:11:19
32362e1a-e073-48b9-841c-1eb7c49f78de,CUST000564,Sports & Outdoors,1,218.83,218.83,cash_on_delivery,2026-02-18T14:55:10
31529094-853f-4250-b43c-4cf50ac34bb1,CUST000610,Fashion,5,1435.81,7179.05,credit_card,2026-03-31T02:39:39
5bed363f-bcc6-4a7d-b2f6-7a14c0f28e04,CUST000388,Home & Kitchen,4,441.65,1766.6,debit_card,2026-04-05T08:47:00
39409fde-3109-4150-bc8a-4938996a7153,CUST000059,Beauty & Personal Care,5,841.51,4207.55,upi,2026-04-30T23:36:05
24aaa6da-4f71-4546-bb97-55bf2a40f3e2,CUST000781,Home & Kitchen,4,263.16,1052.64,cash_on_delivery,2026-06-22T16:24:51
31e7f44c-8264-47b0-acbc-9c823a3fb35d,CUST000471,Books,2,1725.19,3450.38,debit_card,2026-02-18T17:07:01
8c70a3af-e8d3-4e18-a47b-57ae6a1ccd67,CUST000535,Sports & Outdoors,5,1214.31,6071.55,debit_card,2026-05-26T18:44:17
69fc8b23-650a-438e-9d18-5ccabc8e02ad,CUST000115,Groceries,1,858.31,858.31,credit_card,2026-06-14T03:46:43
fcd3647a-dc57-4d78-99b7-eac833c6cc73,CUST000054,Electronics,1,409.26,409.26,debit_card,2026-04-21T21:59:51
2b9a34ae-d146-4de0-b6b7-e1e6de453d88,CUST000633,Books,5,320.77,1603.85,cash_on_delivery,2026-04-17T13:19:42
9944b506-7821-47a8-88f9-dd37834e9d30,CUST000658,Home & Kitchen,1,1153.37,1153.37,debit_card,2026-05-28T01:27:57
af82cb5b-2b14-47c0-b1dc-87f5d2c885c9,CUST000533,Home & Kitchen,4,1187.81,4751.24,cash_on_delivery,2026-07-29T03:16:41
6eb4100f-57ef-45b8-b8e3-4ec3b7b73d1d,CUST000399,Home & Kitchen,4,643.48,2573.92,upi,2026-06-01T06:10:09
ccc07352-d714-44c6-846d-b3f5b35bc69b,CUST000162,Electronics,5,1490.73,7453.65,wallet,2026-05-08T04:02:17
6d7b43c0-2745-419d-8461-24dd48509682,CUST000615,Electronics,3,288.94,866.82,cash_on_delivery,2026-06-01T22:35:26
91275457-47e9-4d26-93dd-fc372b57292b,CUST000231,Fashion,5,1083.94,5419.7,cash_on_delivery,2026-07-12T13:47:17
84e9c822-2848-4c07-9396-130d3f133b4c,CUST000388,Home & Kitchen,5,1518.09,7590.45,credit_card,2026-05-12T17:32:39
f8326469-885e-48b2-942a-cee7ffcc5e5e,CUST000231,Books,4,584.73,2338.92,debit_card,2026-06-06T06:13:57
31e15b9f-efb6-491e-9cbb-d0a7aaabef43,CUST000143,Electronics,5,390.22,1951.1,debit_card,2026-06-08T18:31:01
ec9c2678-8fd6-4de6-a86d-6b1c97aa41c6,CUST000305,Electronics,2,909.03,1818.06,wallet,2026-04-07T09:24:25
0380d8d8-6e8b-4644-b212-d8144d071939,CUST000205,Groceries,3,1250.21,3750.63,upi,2026-04-17T01:50:29
16c1cafc-ab0e-49f9-87d6-8b5b10785aef,CUST000179,Toys,2,1421.94,2843.88,debit_card,2026-06-09T14:56:33
13935141-6645-469f-a7f1-fac74238b337,CUST000772,Electronics,1,1947.29,1947.29,debit_card,2026-06-10T00:22:47
33388828-a631-478e-890c-701e027616b8,CUST000754,Sports & Outdoors,3,142.6,427.8,upi,2026-04-09T12:45:28
68e679fd-6fae-48d1-a47e-78ca41c8a1d0,CUST000591,Sports & Outdoors,2,1395.48,2790.96,credit_card,2026-07-19T05:17:03
570393db-b7c1-43f2-950f-9303c6c1292c,CUST000054,Books,2,1413.3,2826.6,upi,2026-05-26T05:26:18
cae1dc5c-8527-4895-85a7-e54e87303dcf,CUST000552,Groceries,N/A,1750.49,1750.49,upi,2026-08-02T04:15:57
78b53445-c065-4c88-8373-1257d8f5c1f9,CUST000161,Fashion,5,1588.42,7942.1,debit_card,2026-05-30T01:52:14
27d5e44e-fb99-4550-9b57-8ebfb4846526,CUST000488,Electronics,4,1868.28,7473.12,credit_card,2026-05-22T09:42:31
a599e763-b1ce-40c3-86bd-88485a28a62b,CUST000192,Toys,2,213.55,427.1,wallet,2026-03-30T04:42:22
c1dff119-a942-4b57-bdef-6a61e31150e8,CUST000689,Electronics,4,89.95,359.8,debit_card,2026-02-15T21:54:20
ebec7bb0-397f-4328-8f6a-c7f3d972e67a,CUST000378,Groceries,5,1745.31,8726.55,credit_card,2026-07-13T18:27:27
7760f8a6-18b3-4760-938a-e1afc75679b3,CUST000129,Toys,2,524.51,1049.02,debit_card,2026-04-30T06:34:31
5ac2ce81-885a-4db7-8748-2fbe6d41d699,CUST000085,Books,1,804.55,804.55,credit_card,2026-03-08T05:25:46
65e8ee3f-d658-4607-9aa3-d1b4a77785fe,CUST000250,Books,4,671.03,2684.12,upi,2026-03-31T04:03:32
ae647e4e-3729-46fd-83c9-b122744e4174,CUST000509,Fashion,2,1514.35,3028.7,upi,2026-05-09T07:10:47
86b23b13-2489-4769-b35f-0edeae6da050,CUST000147,Toys,2,1317.56,2635.12,credit_card,2026-03-15T17:10:31
04415c8c-11fc-41ff-ac59-1fa5903b4875,CUST000381,Toys,2,1082.03,2164.06,wallet,2026-02-19T18:07:12
6353c303-90f2-4405-82bd-7c198d794f20,CUST000235,Books,2,1141.73,2283.46,cash_on_delivery,2026-05-03T01:52:12
30af0dce-795d-4cbc-a4b7-b230204c5242,CUST000340,Home & Kitchen,4,538.68,2154.72,debit_card,2026-04-08T06:00:43
e6c8d580-3ede-4118-8b08-545c649e4052,CUST000444,Books,1,1566.31,1566.31,credit_card,2026-04-11T19:54:20
fc2ba86b-ee22-450d-9265-27c4074efcf2,CUST000746,Beauty & Personal Care,4,172.52,690.08,credit_card,2026-06-25T06:52:20
0c194b1e-33aa-4fe4-b7fd-e6a64111bc86,CUST000586,Electronics,2,604.88,1209.76,debit_card,2026-02-15T13:58:20
bbf23307-baaf-494b-aa7e-199204361c79,CUST000525,Home & Kitchen,2,353.12,706.24,upi,2026-07-04T14:44:15
45340cc6-1156-48de-a64d-e8e44b17ffd9,CUST000149,Beauty & Personal Care,4,1913.55,7654.2,upi,2026-06-26T00:59:33
a06a6266-1f5d-42a2-921a-6bf29aede73e,CUST000395,Beauty & Personal Care,3,415.76,1247.28,wallet,2026-06-06T15:58:18
91a4c70e-d2d8-4c71-9653-c91a35e6b0c3,CUST000445,Electronics,4,1491.94,5967.76,debit_card,2026-04-10T00:01:38
e006f248-e736-4710-85db-2a1cb4e2b0fa,CUST000171,Books,3,555.54,1666.62,cash_on_delivery,2026-03-20T14:55:55
cc957849-d0c9-41c3-a185-f75fbda0f594,CUST000060,Books,1,1477.9,1477.9,wallet,2026-02-16T10:43:39
7443e20c-cdb7-4490-af48-ff80266957df,CUST000049,Beauty & Personal Care,3,154.71,464.13,wallet,2026-04-20T19:05:25
832ada4b-eadc-42b8-8ec7-eafa9653114b,CUST000642,Beauty & Personal Care,4,1670.32,6681.28,debit_card,2026-02-27T10:56:58
dc4c488b-cc4a-4c6a-ab74-f707b2d1f161,CUST000033,Groceries,1,956.53,956.53,upi,2026-04-22T12:21:03
117d2326-c8a3-4016-a7f0-13048c10ef50,CUST000284,Toys,2,345.1,690.2,wallet,2026-04-09T06:11:16
4800c329-be50-4109-a629-22212c16c99f,CUST000735,Groceries,2,583.92,1167.84,upi,2026-03-21T23:18:39
6096e242-606a-4918-9261-3b39c2542738,CUST000570,Beauty & Personal Care,4,691.56,2766.24,credit_card,2026-04-23T10:22:08
b294877d-cdfc-4538-823b-01573e15e14d,CUST000043,Groceries,5,220.1,1100.5,wallet,2026-05-22T19:32:28
19ca9764-4d13-46c1-bcdc-4095f96ff243,CUST000413,Electronics,4,627.22,2508.88,credit_card,2026-07-13T07:20:39
7091207a-6bf7-4b3d-be3d-1fb769150a6d,CUST000397,Groceries,2,173.86,347.72,wallet,2026-08-06T23:14:43
5e42ba8d-1a68-4443-b197-3839f9c7631e,CUST000186,Books,4,708.45,2833.8,cash_on_delivery,2026-03-30T01:50:29
26b15f8f-b479-48b8-add6-a1b0bb0fa2dd,CUST000460,Electronics,1,1659.65,1659.65,debit_card,2026-07-06T15:04:03
73487c7a-2977-4518-8b92-e7056fb1dd23,CUST000061,Beauty & Personal Care,4,277.32,1109.28,cash_on_delivery,2026-03-19T19:57:58
48cd6066-f000-4df5-89ea-ab6e8fdeefc6,CUST000031,Electronics,4,681.23,2724.92,wallet,2026-04-24T19:47:56
d4bcfe61-3581-47e4-a862-7849326a9f3e,CUST000471,Home & Kitchen,2,1755.01,3510.02,upi,2026-08-03T20:36:53
aa7e18eb-2281-4935-a5e7-911edc6a5e12,CUST000653,Home & Kitchen,1,1058.93,1058.93,upi,2026-04-14T09:41:54
228a2254-3e0b-435e-9622-be40f4db6211,CUST000169,Toys,2,6.68,13.36,debit_card,2026-05-05T13:20:36
b8749cd8-7f10-4acf-85d8-4b1612c3d936,CUST000064,Home & Kitchen,4,60.61,242.44,credit_card,2026-05-05T00:31:00
1879c220-ca73-4d31-84a3-af1d3acd9b5d,CUST000276,Groceries,1,675.1,675.1,wallet,2026-04-12T16:37:56
9ad2b186-dc49-45c6-bb45-ef189b603390,CUST000571,Groceries,1,1421.43,1421.43,cash_on_delivery,2026-04-16T11:31:10
7f87f2c4-f50b-4177-9bdb-52283c24b0eb,CUST000198,Electronics,3,1764.38,5293.14,upi,2026-02-20T20:16:44
49825897-016d-4bde-97d0-cd1c08f591b9,CUST000663,Beauty & Personal Care,2,46.99,93.98,debit_card,2026-03-19T12:10:47
2c592a74-7260-46b2-a654-22ace021002b,CUST000223,Sports & Outdoors,5,25.6,128.0,upi,2026-06-11T04:19:58
a0c36c5b-f0b8-4f4e-9bf4-4ae8ec3730a2,CUST000631,Fashion,4,1925.96,7703.84,credit_card,2026-07-22T07:24:40
0dc15d74-8f69-4bdd-9009-10e12ff150ee,CUST000104,Fashion,2,1880.54,3761.08,credit_card,2026-03-03T00:13:46
e01a6ef4-677b-4ca2-9a33-39cf368e15f6,CUST000715,,1,515.41,515.41,wallet,2026-05-20T16:16:42
75ee053b-b43c-48d5-89ae-e32a6e61e607,CUST000703,Toys,2,823.17,1646.34,credit_card,2026-03-11T15:39:48
9aa2a6d8-bb87-4a2b-aa50-e5ccb8f5d193,CUST000474,Books,4,1159.3,4637.2,credit_card,2026-08-02T03:22:49
8b7c2e90-3136-4f94-ad18-3a1e2eb01dbe,CUST000715,,2,483.19,966.38,upi,2026-07-21T21:38:32
cf7008e0-0e3c-4abc-b2e4-771317c77d93,CUST000569,Sports & Outdoors,1,990.17,990.17,cash_on_delivery,2026-03-29T18:16:17
1e7e2f94-b0e9-48a9-a826-e67e5996de67,CUST000275,Books,1,1029.0,1029.0,cash_on_delivery,2026-03-15T02:44:37
782c87cc-2ceb-41d2-8643-94e9243e2bd9,CUST000345,Fashion,4,514.29,2057.16,wallet,2026-02-16T23:05:47
4521c22d-e153-4df3-8297-2cde46b83cb8,CUST000060,Sports & Outdoors,1,195.5,195.5,wallet,2026-04-08T19:03:06
49e4d884-a0e4-4a37-a277-a1e7c3d79495,CUST000440,Home & Kitchen,4,1441.36,5765.44,debit_card,2026-04-15T06:28:30
97403c2c-8378-4251-8fce-109d908df617,CUST000232,Toys,5,111.21,556.05,debit_card,2026-05-29T11:14:50
cd45f7be-c9b3-45ec-abe5-ad3dd278faf9,CUST000012,Electronics,2,1661.59,3323.18,debit_card,2026-03-31T21:39:38
6501b069-36fd-4f0a-a10c-43b66759512d,CUST000289,Beauty & Personal Care,2,53.37,106.74,credit_card,2026-04-29T07:12:22
6fc54772-4cfd-4c4e-ac88-937e9d06e0cf,CUST000450,Home & Kitchen,3,365.79,1097.37,cash_on_delivery,2026-03-14T12:35:22
05fa4da0-d56c-453f-87a7-abff77959a6f,CUST000187,Beauty & Personal Care,3,104.84,314.52,wallet,2026-03-02T20:05:04
73a17b9d-1084-4b0f-bb92-373461330ec8,CUST000140,Books,2,1744.87,3489.74,debit_card,2026-03-09T06:42:08
d626d369-70ca-49b8-b4f2-cdb58dc45aa9,CUST000659,Electronics,2,1483.38,2966.76,wallet,2026-04-16T00:33:32
a652d34b-45f5-4de8-bbe8-e8ea43411d6d,CUST000707,Sports & Outdoors,3,1064.19,3192.57,cash_on_delivery,2026-03-24T17:55:15
6009c685-da45-4f8a-a1f6-239a99e32917,CUST000009,Fashion,2,1039.65,2079.3,cash_on_delivery,2026-05-09T13:05:31
12f87e86-11b8-47ab-8c4a-07b8d95dd0fc,CUST000744,Books,3,226.82,680.46,debit_card,2026-07-29T12:52:40
44a97536-b8cb-4cb5-9e34-319f5e0cbe4a,CUST000078,Electronics,2,257.8,515.6,upi,2026-07-15T22:28:55
51acd608-377a-4230-b841-bf7d75c8bf54,CUST000037,Groceries,2,287.63,575.26,debit_card,2026-07-07T10:58:02
994cdf2d-8407-4cf1-819a-4a7fb5453786,CUST000599,Home & Kitchen,4,1767.65,7070.6,cash_on_delivery,2026-04-24T04:18:45
b6e4bd55-639e-432b-b8c2-8008b927e4ca,CUST000330,Electronics,4,286.0,1144.0,upi,2026-02-17T16:45:13
a4442c31-6bf0-45ed-9175-d084635a05f8,CUST000168,Groceries,4,1255.75,5023.0,upi,2026-04-22T22:13:15
47916ea1-07c8-4f20-9f25-c3018cd7b131,CUST000245,Fashion,1,857.11,857.11,wallet,2026-02-26T15:53:03
79cbeabf-d7e1-4865-8ca0-e659a760eb18,CUST000047,Books,5,1526.19,7630.95,debit_card,2026-03-20T20:38:23
8c4e3fdc-7e90-4e2d-9f74-5db28e53afdd,CUST000226,Groceries,3,41.06,123.18,debit_card,2026-04-19T14:28:20
33e2e800-f3d0-4d5c-9828-6a09dc8750c5,CUST000194,Sports & Outdoors,2,1454.47,2908.94,wallet,2026-07-07T01:40:20
e10ee0c6-e917-43bc-8a15-76ad4def6add,CUST000713,Fashion,2,995.18,1990.36,wallet,2026-05-26T04:26:07
7a508f1c-87cb-44a5-a45d-f77432801125,CUST000246,Groceries,1,1168.77,1168.77,credit_card,2026-02-28T18:53:49
26079f4c-7891-48d8-8393-edeb343a27bb,CUST000129,Beauty & Personal Care,4,714.01,2856.04,wallet,2026-04-26T10:51:41
29e19d34-6f23-4612-b126-96d4b4448755,CUST000543,Electronics,3,1311.41,3934.23,upi,2026-03-01T02:16:16
c103bd91-bee8-40f5-ba72-159029c9d372,CUST000586,Beauty & Personal Care,5,1905.03,9525.15,credit_card,2026-02-25T09:01:43
507cb537-ff9c-4004-8a63-f54a484d1052,CUST000352,Groceries,5,1259.28,6296.4,cash_on_delivery,2026-03-15T10:43:58
c92de331-5676-4006-8c8c-8efff9568747,CUST000307,Fashion,5,1682.07,8410.35,debit_card,2026-07-13T04:02:58
023b80c9-866d-49ac-b00b-1180c622a411,CUST000077,Sports & Outdoors,5,1212.31,6061.55,wallet,2026-07-30T00:12:47
636db474-3d5f-43f2-afc8-872a0a7648a5,CUST000727,Electronics,1,277.73,277.73,upi,2026-05-08T11:43:16
62762778-0e62-4bb4-ae15-9153d1f52d18,CUST000348,Books,1,365.11,365.11,wallet,2026-04-08T04:17:20
5a226128-9ad4-48a1-9d52-fd72b1e360d7,CUST000385,Beauty & Personal Care,4,1633.91,6535.64,upi,2026-07-19T05:37:22
7fc3adc0-ea61-46d8-b5e9-db44dc105302,CUST000335,Books,5,1937.99,9689.95,credit_card,2026-05-24T01:44:48
74fff7d8-53b3-400c-b82f-3dfec97bad0a,CUST000283,Sports & Outdoors,3,272.94,818.82,cash_on_delivery,2026-03-10T20:23:30
1c26b97e-a9c4-488a-b4df-8997fba5c73b,CUST000280,Toys,5,640.41,-3202.05,cash_on_delivery,2026-03-15T02:06:48
5cf13618-3758-40d5-9f60-4e0970a836db,CUST000282,Groceries,4,1378.99,5515.96,debit_card,2026-05-03T04:41:52
2d907905-978f-4bb5-ad56-99bb0e0d8c32,CUST000031,Groceries,5,394.5,1972.5,debit_card,2026-03-17T23:47:56
d1b50d3f-9ed7-4155-b7bb-77f045d61b17,CUST000208,Books,2,184.88,369.76,debit_card,2026-02-13T00:25:53
17e427eb-9bd0-4e8d-af3c-8aa72207d5cf,CUST000620,Groceries,4,912.24,3648.96,wallet,2026-02-23T05:20:42
0a5d8fe6-c0b3-4beb-a123-bb8eda9d446a,CUST000613,Beauty & Personal Care,3,785.87,2357.61,wallet,2026-02-18T20:38:41
a5dba676-5707-4214-9004-1051a02336cf,CUST000102,Toys,4,1101.91,4407.64,debit_card,2026-04-02T05:05:00
383e08f0-0b5c-460f-946f-aca32bdc8104,CUST000640,Fashion,4,1827.65,7310.6,cash_on_delivery,2026-06-11T11:18:09
1bcde5a4-367c-4758-848b-ebbf7ecd436e,CUST000747,Sports & Outdoors,3,444.92,1334.76,upi,2026-07-20T12:36:25
0dbd0b1a-c26b-46c0-b98e-2214e65494fc,CUST000361,Sports & Outdoors,4,1399.57,5598.28,debit_card,2026-04-02T04:43:05
5c8edc94-3488-4d77-96e4-5e649596a432,CUST000273,Electronics,2,1179.74,2359.48,credit_card,2026-04-17T03:58:53
aab8d1d9-1611-4c47-a47e-a5cdf8dac4ae,CUST000530,Fashion,3,1986.86,5960.58,credit_card,2026-06-01T02:49:36
81c035f2-23c2-416a-a973-8bd97aa341a2,CUST000252,Beauty & Personal Care,1,961.75,961.75,debit_card,2026-06-28T06:59:12
f6359eb9-1b12-42c2-9509-fc74e35fd533,CUST000485,Sports & Outdoors,1,949.18,949.18,debit_card,2026-07-20T12:29:49
2c3593b7-e139-4621-9a8c-76445d2b494f,CUST000324,Beauty & Personal Care,2,359.66,719.32,upi,2026-07-25T08:16:30
89eef23d-1d84-4ab3-bc06-c539bac8845a,CUST000610,Fashion,5,692.38,3461.9,credit_card,2026-02-16T16:40:22
8af3d997-e69d-4fcf-8aab-894028e06b0d,CUST000315,Toys,1,1902.19,1902.19,debit_card,2026-04-26T21:35:15
b2daccb9-91a9-4dfc-b51b-130f868cdd55,CUST000370,Beauty & Personal Care,3,378.37,1135.11,debit_card,2026-03-20T01:52:54
f5c86395-236e-4c2a-8dd2-327d1ebe7408,CUST000794,Electronics,2,410.17,820.34,wallet,2026-04-18T12:31:34
b8270945-e59a-4e88-8d5a-230becf73e8a,CUST000744,Toys,2,1575.09,3150.18,cash_on_delivery,2026-07-10T18:24:04
57414fe7-d99d-4505-b279-08834a5d8259,CUST000363,Books,5,92.82,464.1,debit_card,2026-02-13T04:22:58
0c72a116-55ea-4c90-a37e-3908ffe53c0c,CUST000400,Toys,3,853.27,2559.81,credit_card,2026-07-27T20:52:30
f9eee619-d1e3-4403-b7a9-e495753944e1,CUST000433,Beauty & Personal Care,2,1223.44,2446.88,cash_on_delivery,2026-03-19T09:17:28
112ba8de-fc68-4994-a5ea-4b7d0fa1e5be,CUST000148,Sports & Outdoors,3,1329.81,3989.43,credit_card,2026-03-15T15:18:03
8cd5abec-a6bd-49d6-ad8a-67b80da1835d,CUST000638,Electronics,1,1189.88,1189.88,credit_card,2026-07-19T14:15:51
3bb31f63-ca65-4c80-b2ce-d0a48645afa4,CUST000222,Beauty & Personal Care,5,1858.57,9292.85,credit_card,2026-03-16T23:27:18
489bebc4-2a73-4f20-b688-3e8bf34acea9,CUST000534,Sports & Outdoors,5,1063.72,5318.6,debit_card,2026-03-29T23:10:32
36ad3f38-ece6-4dad-a75a-51b891f2b7b3,CUST000257,Books,N/A,210.26,420.52,credit_card,2026-02-25T12:10:22
b321055c-ef15-492b-b412-d25825a3f26c,CUST000587,Toys,4,434.34,1737.36,upi,2026-05-10T09:16:44
06d00a32-1cbe-4135-a7c2-81710251352f,CUST000584,Fashion,4,193.1,772.4,upi,2026-03-12T18:20:56
9f646264-7e5b-46e5-b1dd-d23e38426660,CUST000763,Electronics,4,209.77,839.08,credit_card,2026-05-09T13:41:02
72b6f478-9f1d-4da6-bca9-d5a8dbe7c6c7,CUST000570,Electronics,5,1652.69,8263.45,wallet,2026-08-01T17:56:55
c9981af1-d82d-4a31-ad61-76da0200440e,CUST000353,Sports & Outdoors,5,181.93,909.65,upi,2026-03-09T09:36:09
afceb0c8-0f02-49cf-baf4-0dd9948c1a26,CUST000253,Books,1,1106.54,1106.54,credit_card,2026-04-21T13:59:35
593f95fb-8e0d-413b-99cb-1ede8f287d34,CUST000316,Toys,2,227.38,454.76,cash_on_delivery,2026-06-21T04:58:13
f14ee4d0-6ed6-4a68-b996-d52cfe6e5948,CUST000039,Books,5,992.89,4964.45,cash_on_delivery,2026-07-10T00:38:02
ea4cf25b-1ab1-469f-a2a1-fd44f985fc1c,CUST000698,Beauty & Personal Care,5,1572.11,7860.55,wallet,2026-04-02T16:13:07
f2d9972b-66b8-4919-8a28-808558d839f8,CUST000448,Home & Kitchen,1,666.16,666.16,cash_on_delivery,2026-07-13T09:03:55
dda75798-90f1-44a4-8de2-46dd3be4acb8,CUST000795,Sports & Outdoors,2,1772.83,3545.66,credit_card,2026-03-09T01:33:26
139d463b-38b7-406a-ad3a-c39c7aa0f3e3,CUST000574,Sports & Outdoors,2,358.59,717.18,credit_card,2026-08-07T19:28:05
4e391255-8fa5-450f-9231-d89eeb60c7b5,CUST000045,Toys,4,58.3,233.2,cash_on_delivery,2026-06-02T04:15:30
f6914e31-c415-4904-a4bf-45274ecc8746,CUST000649,Sports & Outdoors,2,377.18,754.36,upi,2026-03-12T07:07:28
176d32e7-f47f-449c-b610-8f9be50b2a58,CUST000065,Beauty & Personal Care,1,447.43,447.43,wallet,2026-03-16T23:14:59
075cb5ff-c0ad-42d6-93ee-a25e8d8a0773,CUST000468,Beauty & Personal Care,3,1703.68,5111.04,cash_on_delivery,2026-06-27T10:17:40
958c33c0-437d-4113-8f95-4816087eecc3,CUST000624,Books,4,1299.81,5199.24,credit_card,2026-06-04T14:08:08
22686327-8293-4d90-a80d-dbf249be74fd,CUST000035,Groceries,4,1296.32,5185.28,cash_on_delivery,2026-04-16T16:51:17
109d8ed2-57b2-4ff8-8632-b8c0a493dca1,CUST000328,Groceries,2,954.71,1909.42,cash_on_delivery,2026-03-08T14:02:05
769ed965-9674-4c1e-8468-be1e957009f6,CUST000354,Toys,4,1313.66,5254.64,debit_card,2026-06-08T20:27:16
f2baa633-a570-4554-8100-304252666d3b,CUST000242,Fashion,3,653.58,1960.74,debit_card,2026-02-18T08:11:57
cd136881-3ead-4b32-b972-258170d8d5b7,CUST000057,Electronics,4,1483.34,5933.36,debit_card,2026-05-02T04:29:41
ab40884a-9371-4e0e-b510-ed0d7a713096,CUST000550,Toys,1,665.42,665.42,wallet,2026-04-08T12:58:37
70b91f6b-1e67-459f-b76e-c70e961f277c,CUST000646,Toys,1,1431.16,1431.16,credit_card,2026-02-15T23:12:45
2f91d980-5ce7-4028-ae08-fa23ac35dfe5,CUST000695,Fashion,5,1041.9,5209.5,wallet,2026-03-27T13:35:14
831ce418-f9be-4737-95d7-de0a959a0890,CUST000199,Beauty & Personal Care,2,564.82,1129.64,upi,2026-05-18T19:59:07
3511332f-46da-4f3d-88a1-bf9a49162395,CUST000507,Books,2,1541.88,3083.76,cash_on_delivery,2026-06-02T23:13:26
3c549b7c-c98c-4068-beb1-30d5ceb5d8d0,CUST000127,Toys,3,311.58,934.74,upi,2026-07-11T11:33:49
a28d3c14-593e-44db-a2e5-0266d7f39fd6,CUST000769,Fashion,3,394.0,1182.0,cash_on_delivery,2026-02-26T21:07:31
a835c564-08b2-4d8c-b707-a496cc1c0313,CUST000272,Electronics,4,1963.25,7853.0,wallet,2026-05-04T05:16:45
6e11390c-f090-416f-b9a6-83f6f277f1a6,CUST000772,Fashion,1,1891.17,1891.17,wallet,2026-02-28T01:34:40
a195126e-3d24-4018-a776-6f5aeaac484a,CUST000135,Electronics,1,1624.63,1624.63,upi,2026-08-03T04:35:06
da1b14b0-e643-4f57-9419-9c1f720b2924,CUST000571,Groceries,5,1595.96,7979.8,wallet,2026-03-16T11:18:42
0c710e02-1120-4905-b3db-bc528bd948f9,CUST000016,Fashion,5,751.07,3755.35,cash_on_delivery,2026-03-03T15:27:50
6e7cb188-6ca1-427c-89f7-410b1671a8e4,CUST000001,Fashion,4,1922.14,7688.56,debit_card,2026-03-22T03:08:26
bd5eceeb-9218-4096-bb93-c9024c3fb32c,CUST000134,Beauty & Personal Care,1,1724.66,1724.66,credit_card,2026-04-08T13:31:19
8cfc0827-f282-4abe-bcc9-beead11ec5dd,CUST000003,Home & Kitchen,3,381.91,1145.73,cash_on_delivery,2026-07-09T22:16:02
e9370c63-bde7-4492-adf0-903ef47dc711,CUST000746,Home & Kitchen,1,666.92,666.92,cash_on_delivery,2026-05-25T07:53:00
5e1d633e-9e7f-425b-bcd6-98616fb89acc,CUST000695,Beauty & Personal Care,2,454.87,909.74,cash_on_delivery,2026-02-25T17:32:45
7f0c898d-c228-408a-896a-e5061d51af2b,CUST000401,Books,4,1408.67,5634.68,upi,2026-03-11T22:20:21
3b2b487d-f613-4129-8f38-3df6989cefe6,CUST000170,Fashion,5,1102.18,5510.9,upi,2026-02-24T00:36:19
e3a56654-03ec-42e7-8d89-43baff717af9,CUST000708,Books,5,1738.22,8691.1,cash_on_delivery,2026-04-19T05:26:46
0b216ac1-24e5-4f21-8896-feead0a353ec,CUST000074,Groceries,5,966.91,4834.55,upi,2026-04-10T00:18:42
f69311be-2def-4815-acf3-ec8466b6209e,CUST000550,Groceries,4,1168.24,4672.96,credit_card,2026-08-04T09:34:16
ad3b5921-9551-40b3-bdf8-7b6af86fe14a,CUST000417,Fashion,3,382.34,1147.02,cash_on_delivery,2026-06-18T15:32:57
2e5a8b48-3c37-46b7-aa06-273c114c2af0,CUST000585,Electronics,2,1980.58,3961.16,cash_on_delivery,2026-04-30T16:59:50
30979a1e-9da6-4cb4-86fb-cbc191e9169c,CUST000331,Books,4,1375.27,5501.08,cash_on_delivery,2026-06-22T05:03:04
3a3ddf76-14d4-4e53-990c-ffc038f53b36,CUST000772,Sports & Outdoors,3,1944.78,5834.34,credit_card,2026-04-12T19:35:57
8f279e6f-8d7a-4d1d-9b68-5dfce6e0f3bc,CUST000233,Fashion,4,604.46,2417.84,upi,2026-06-10T23:30:38
d60f9176-52c2-4b82-8956-685f1d806be3,CUST000362,Toys,3,1006.95,3020.85,cash_on_delivery,2026-07-31T02:56:06
8f623f59-ab78-4e33-9b4f-c81e008a0e86,CUST000094,Sports & Outdoors,4,249.44,997.76,credit_card,2026-08-05T23:08:18
caa17e7a-ae2b-4941-88aa-1b2d2882708d,CUST000352,Electronics,4,1241.59,4966.36,credit_card,2026-04-21T23:01:33
85cfb3aa-9e6e-48a2-9457-7ad4578eb7a4,CUST000307,Sports & Outdoors,2,1208.41,2416.82,cash_on_delivery,2026-07-02T05:06:27
aeec8c8f-ebc7-4969-9d72-5db288bcf58c,CUST000111,Beauty & Personal Care,4,1003.69,4014.76,upi,2026-07-01T11:23:07
9c823ec4-e110-4250-b79a-809a07005911,CUST000119,Groceries,4,1435.25,5741.0,credit_card,2026-03-09T14:50:08
ca051da6-b4b9-4c3d-a425-b3ee39ce5fa1,CUST000598,Groceries,2,350.84,701.68,upi,2026-04-19T02:35:05
336c0e6c-9c10-4cf1-87e1-7369c11faf11,CUST000194,Books,5,1395.91,6979.55,upi,2026-04-22T09:06:10
3506441c-18f5-4198-af97-ab4730452273,CUST000255,Beauty & Personal Care,4,678.38,2713.52,credit_card,2026-03-02T19:42:29
04b86a98-d363-426f-81ac-3640491c764c,CUST000023,Home & Kitchen,5,1890.74,9453.7,cash_on_delivery,2026-02-16T22:08:51
b61a956e-fe46-4ee6-ad61-e9e765807e99,CUST000298,Toys,3,799.09,2397.27,upi,2026-07-26T06:54:36
5ac0a4e0-bc53-4696-ad01-34244fbdc6f3,CUST000797,Home & Kitchen,1,655.63,655.63,debit_card,2026-03-13T23:31:46
5cddaf34-237b-458b-b0ba-2f1a762d3b00,CUST000299,Groceries,3,618.25,1854.75,credit_card,2026-07-26T18:22:16
9c418c55-8c39-46ab-a7bf-6143553565a3,CUST000775,Sports & Outdoors,5,1139.01,5695.05,upi,2026-07-13T12:07:15
605cec63-bb6a-4edc-91f2-26035715c69f,CUST000051,Electronics,1,1893.84,1893.84,upi,2026-07-06T06:27:39
5201f97f-17fe-4835-8653-a9f637b279a6,CUST000015,Sports & Outdoors,4,1080.45,4321.8,credit_card,2026-06-15T18:15:12
a77eb2c2-4dcd-45ce-b587-5f538df733e1,CUST000388,Sports & Outdoors,4,486.55,1946.2,credit_card,2026-03-19T14:25:55
087174f7-f752-4390-be77-01df06e9f67c,CUST000787,Electronics,3,842.07,2526.21,cash_on_delivery,2026-03-06T12:51:55
d56f36d8-20ed-41c7-9207-215654f182b3,CUST000425,Toys,3,931.56,2794.68,wallet,2026-03-10T18:52:32
4ee37237-1146-49c5-91ed-2b0c4b894e8a,CUST000600,Sports & Outdoors,4,1035.1,4140.4,cash_on_delivery,2026-08-08T16:36:49
fd163f1e-b325-425e-a1ff-296b028b69c1,CUST000794,Books,1,570.99,570.99,debit_card,2026-03-16T16:32:40
0db9054f-e1b6-48a5-9a99-d40ae23030a2,CUST000195,Beauty & Personal Care,2,311.36,622.72,credit_card,2026-03-25T16:22:22
6714e7a0-34b4-4102-bc27-844f62368f78,CUST000048,Home & Kitchen,3,1731.18,5193.54,wallet,2026-05-12T11:14:59
391b022c-618d-4d6b-806e-f98a4ac978ee,CUST000750,Books,5,1599.81,7999.05,credit_card,2026-03-17T01:25:45
3da9ab9c-8b58-42d3-a948-038ff12b6ce0,CUST000133,Sports & Outdoors,1,1578.2,1578.2,credit_card,2026-04-16T08:37:40
1a99a3e6-80eb-4bba-93c2-b01f3eaa3a04,CUST000675,,4,1874.56,7498.24,debit_card,2026-07-15T11:24:11
cd5e7660-30e4-4332-90eb-8f6f0fe37aba,CUST000721,Beauty & Personal Care,2,203.91,407.82,debit_card,2026-03-27T07:46:54
78a2ee23-ee0e-4f41-b9b9-3cd8d83fedbe,CUST000355,Sports & Outdoors,1,502.0,502.0,debit_card,2026-03-31T21:40:28
6afa1aeb-7d17-4abc-b280-fe39c379a775,CUST000385,Groceries,4,1587.59,6350.36,cash_on_delivery,2026-06-08T13:44:10
094acb9f-043b-4011-93aa-067a97503a43,CUST000739,Electronics,1,1605.81,1605.81,upi,2026-04-14T05:40:59
15e53578-86c0-47ba-acb2-a95c2452b17c,CUST000642,Fashion,3,1669.05,5007.15,upi,2026-07-10T15:48:42
7132d0ef-d682-4dd5-b2bf-d8a1c3bdbf4a,,Beauty & Personal Care,1,259.06,259.06,wallet,2026-03-07T18:50:14
128f43d9-61ae-44d6-84cd-877d15fe9a10,CUST000430,Fashion,1,745.64,745.64,cash_on_delivery,2026-06-27T19:05:06
519653ca-1de5-4d18-866f-6742213c2d37,CUST000108,Home & Kitchen,2,824.43,1648.86,credit_card,2026-03-10T06:43:16
cc6ed377-647a-4df9-bb08-d450a1d11a68,CUST000233,Electronics,2,1169.13,2338.26,wallet,2026-08-01T11:56:53
724c2dba-38ff-40ad-a9c9-f01227a44a45,CUST000350,Fashion,5,1046.56,5232.8,debit_card,2026-03-17T19:04:50
527d253b-42ca-4f49-913d-413a94aa00fe,CUST000014,Fashion,3,685.99,2057.97,debit_card,2026-07-10T06:32:07
8285bfdf-61d8-421d-9eac-5bc374156eee,CUST000517,Fashion,4,151.64,606.56,upi,2026-03-16T17:33:28
ecb073c0-a473-482a-9e92-5a2df807c434,CUST000314,Groceries,1,451.14,451.14,debit_card,2026-06-30T20:03:00
810447f1-08f0-4804-b49d-acd2d4862fa1,CUST000441,Groceries,5,305.49,1527.45,cash_on_delivery,2026-06-17T04:00:10
4ecee51b-fd43-41cf-bb1f-c13e1392323d,CUST000383,Toys,2,1040.19,2080.38,upi,2026-07-10T10:59:40
87247a3f-484a-4a41-979b-a9c38155dbe0,CUST000757,Beauty & Personal Care,2,1580.12,3160.24,debit_card,2026-06-06T22:02:22
c4a2daf0-b88a-4e07-9324-546b2884432b,CUST000614,Electronics,5,837.55,4187.75,credit_card,2026-07-10T13:26:46
60e29a51-d6ec-4595-a780-53e98d0a2927,CUST000381,Beauty & Personal Care,1,1025.17,1025.17,upi,2026-06-19T05:34:11
92f0a4ef-4730-48af-8c61-d76c28bd8152,CUST000703,Fashion,5,406.93,2034.65,wallet,2026-07-13T15:30:16
ca7d8bc9-29b0-45f3-a942-a918230c30bd,CUST000617,Beauty & Personal Care,4,1864.6,7458.4,upi,2026-05-26T16:35:48
c7b05e45-4a8d-434e-8a48-7ca6c451a1d4,CUST000520,Home & Kitchen,2,1630.46,3260.92,cash_on_delivery,2026-07-24T15:13:30
3d20cf11-1566-4452-85c5-16e55d81c6ae,CUST000374,Toys,1,1261.58,1261.58,cash_on_delivery,2026-04-01T11:38:28
ff35400c-d975-4cb9-ab33-a89419898105,CUST000070,Toys,1,1866.24,1866.24,debit_card,2026-02-18T17:24:43
e401d0da-bd85-49f2-9201-a706b2ffe0d5,CUST000703,Home & Kitchen,4,1481.11,5924.44,debit_card,2026-06-25T01:18:10
4ae7df6f-3ffa-407c-b12c-fef4642f616c,CUST000477,Groceries,N/A,603.28,2413.12,cash_on_delivery,2026-06-17T11:37:01
c596ae78-4100-457c-afac-aa254477bd57,CUST000080,Groceries,5,158.75,793.75,cash_on_delivery,2026-05-12T12:09:35
dc4ceeab-492d-40f3-9a6d-b58270fa102c,CUST000247,Fashion,5,1945.75,9728.75,credit_card,2026-05-04T18:18:02
8c930b61-6838-4ee6-b052-051919499b72,CUST000671,Fashion,1,1696.37,1696.37,debit_card,2026-03-26T19:50:46
f47f0214-50ff-4dd5-8326-80cbaa0e18fc,CUST000655,Sports & Outdoors,5,846.52,4232.6,wallet,2026-05-07T08:35:47
ff559c39-4ef6-4686-9a7a-b09e2bcb4a24,CUST000363,Fashion,2,381.75,763.5,debit_card,2026-04-26T11:29:35
e37e29e0-c8a4-4582-8a84-543d25b84205,CUST000194,Sports & Outdoors,5,1426.68,7133.4,upi,2026-07-14T05:38:00
eee3b560-5748-4c7e-a31b-a6ee6ee44ebb,CUST000508,Groceries,4,1377.97,5511.88,upi,2026-05-15T06:59:24
a9caafcc-c993-4254-91cd-8bf6e33b46bb,CUST000781,Fashion,3,1894.11,5682.33,credit_card,2026-03-28T09:48:28
b04f438f-1958-474b-be0d-3b51c0ef77e9,CUST000440,Books,3,1098.73,3296.19,wallet,2026-02-28T16:00:15
1b230485-68de-4507-860e-821727158780,CUST000164,Groceries,N/A,1470.03,1470.03,debit_card,2026-03-08T16:49:27
e551d6c9-19fc-46c4-8eb9-abab8d62b5d8,CUST000724,Fashion,1,1612.52,1612.52,wallet,2026-07-05T01:26:18
118079e2-bdae-44ea-80ac-a9051f97bea5,CUST000143,Groceries,N/A,1399.06,1399.06,wallet,2026-07-26T04:49:15
4f3fdb4d-292a-472a-8f56-09102877fffd,CUST000716,Electronics,2,770.98,1541.96,wallet,2026-02-28T19:46:22
2800ef78-564a-4da6-bbd0-dbec28377125,CUST000394,Home & Kitchen,3,1690.79,5072.37,wallet,2026-07-28T23:49:16
f17e095f-3d1f-482f-923b-64ce2d494105,CUST000542,Sports & Outdoors,5,208.93,1044.65,credit_card,2026-07-12T03:31:36
b829f221-5a9e-4614-9e5b-c44fda0cd3ef,CUST000044,Home & Kitchen,1,1976.93,1976.93,debit_card,2026-03-21T18:53:18
c62c4f55-b373-4d06-8dab-61bed1c2832c,CUST000204,Fashion,3,1958.66,5875.98,cash_on_delivery,2026-06-14T21:24:40
da939fe4-aee7-4ef3-92a8-80b7640212b4,CUST000229,Books,N/A,1080.24,1080.24,wallet,2026-02-13T08:47:12
1b1a20fc-dc95-462c-b91f-7a1a2f856835,CUST000328,Groceries,3,389.13,1167.39,wallet,2026-05-29T00:32:07
c5a09628-c077-4b5f-897b-3c0c8a6eab02,CUST000044,Electronics,3,402.25,1206.75,debit_card,2026-02-23T00:47:44
8c023aef-1a1f-4011-8980-26b11a3fe690,CUST000098,Fashion,5,564.26,2821.3,wallet,2026-03-26T21:38:27
7aa3fccc-f3c2-4af1-ac43-c3627b45fbec,CUST000369,Electronics,2,1728.0,3456.0,credit_card,2026-05-08T19:03:01
1019dbaa-56ba-41a1-b05d-6c14dfb53c5f,CUST000216,Beauty & Personal Care,3,873.62,2620.86,cash_on_delivery,2026-06-02T16:03:59
8b7d7a8c-8d2b-48a5-b8c0-7e3239d212e2,CUST000500,Sports & Outdoors,3,1500.62,4501.86,cash_on_delivery,2026-05-29T17:21:19
4707d183-fdb2-41fc-9b7c-60fe31ebed5a,CUST000269,Toys,3,1992.33,5976.99,credit_card,2026-02-19T21:23:05
aaebd62b-9afc-43ca-8716-0747a4d27d02,CUST000097,Home & Kitchen,4,1082.9,4331.6,wallet,2026-03-13T17:38:12
008197fe-6349-4dad-b932-35fe519bedcd,CUST000021,Electronics,1,1683.74,1683.74,debit_card,2026-05-19T09:55:25
34d52a3d-8e91-4140-9376-33ab6da0792f,CUST000625,Books,5,1559.43,7797.15,credit_card,2026-03-14T02:23:05
13c32007-4c59-4c10-8b25-a84d761afb2d,CUST000190,Fashion,3,794.82,2384.46,upi,2026-08-06T01:42:32
1fd8ba7b-44b4-4ea6-ac38-ddbd30503c1d,CUST000473,Toys,5,814.94,4074.7,wallet,2026-03-07T00:33:53
11891ff2-81c8-4b3d-9b6a-67171b692139,CUST000613,Beauty & Personal Care,1,996.78,996.78,cash_on_delivery,2026-05-13T10:21:46
219810ca-1c13-4361-a466-1391d4dbbdf9,CUST000432,Electronics,4,1737.36,6949.44,cash_on_delivery,2026-02-13T08:52:41
405583f2-b472-4864-9c40-4459e3c24ed6,CUST000209,Fashion,5,188.06,940.3,wallet,2026-07-05T18:58:33
984a6e52-6e27-43bc-8654-d5259e055bdd,CUST000667,Fashion,2,98.23,196.46,debit_card,2026-04-27T05:24:40
24237220-e943-4a5c-9ad8-7605b7b99ac6,CUST000773,Toys,3,1093.45,3280.35,debit_card,2026-03-21T18:24:39
e16d8667-e828-4527-9993-2b0b0fc50437,CUST000792,Fashion,1,1672.3,1672.3,cash_on_delivery,2026-04-20T02:11:38
e4faae36-d240-4072-8cd0-51e06ea4f61e,CUST000068,Groceries,5,1744.26,8721.3,credit_card,2026-03-29T07:24:23
95493bd3-4c15-401d-9ca3-3da38f7590fd,CUST000582,Home & Kitchen,5,258.75,1293.75,upi,2026-07-11T04:18:08
6573feb1-671b-41ec-9f74-095cc91d9ff3,CUST000221,Home & Kitchen,2,206.94,413.88,wallet,2026-06-22T15:23:54
47e737b9-b162-433c-853c-61593fc81d29,CUST000696,Groceries,5,540.99,2704.95,wallet,2026-06-24T01:29:42
8aac8a32-9a6f-4bae-83b8-e48b22fb5a75,CUST000463,Books,4,443.92,1775.68,debit_card,2026-04-10T07:36:57
5a678e77-bb8e-415f-a9db-b6fe5bc9704e,CUST000584,Fashion,N/A,244.96,979.84,debit_card,2026-07-14T00:10:53
09555ac3-284b-401e-808a-036fcb8a7493,CUST000563,Fashion,4,816.78,3267.12,cash_on_delivery,2026-07-07T13:33:55
db99bd3f-afa5-4076-a845-de65726c8531,CUST000316,Home & Kitchen,2,1909.73,3819.46,debit_card,2026-03-08T10:44:19
4a8c5553-42d9-49d9-98e2-93505ad9ba6c,CUST000724,Sports & Outdoors,3,269.02,807.06,upi,2026-02-14T03:09:06
38a7f617-680e-4b98-bb94-06b641352162,CUST000030,Beauty & Personal Care,3,455.04,1365.12,cash_on_delivery,2026-05-17T08:26:02
a16e80e0-5c83-4395-a295-1212fc946de2,CUST000007,Groceries,4,1968.61,7874.44,credit_card,2026-07-14T12:31:10
162d83f8-8fcd-4ff2-9f5a-2f55c57c0924,CUST000550,Books,5,1922.9,9614.5,cash_on_delivery,2026-05-17T21:04:26
1c01d80b-bade-45d0-94d0-bb10bd115963,,Home & Kitchen,4,891.59,3566.36,cash_on_delivery,2026-06-12T08:08:36
23301403-1fce-4d82-bef2-a6949d9b3c1d,CUST000766,Books,1,1399.52,1399.52,debit_card,2026-08-03T01:11:27
61d8daab-b2ad-4f98-81c4-55adc1aa563c,CUST000084,Home & Kitchen,5,980.99,4904.95,debit_card,2026-02-17T11:45:07
198f1209-fcc0-4133-a43b-065d5bfd4913,CUST000657,Electronics,2,1210.33,2420.66,wallet,2026-04-11T20:37:38
62b1e185-b091-4d28-937f-234dad7bc2bd,CUST000408,Home & Kitchen,5,306.12,1530.6,cash_on_delivery,2026-02-12T16:18:13
386727d1-7942-4aef-9e19-4499bb5db9e9,CUST000448,Books,4,1938.36,7753.44,cash_on_delivery,2026-05-24T04:26:45
ad2d4da0-f306-408c-8cb6-ed6fc5274d63,CUST000651,Electronics,3,1193.58,3580.74,credit_card,2026-05-02T17:51:40
4a4a5434-7c17-4f76-a570-dce7cc51c16a,CUST000493,Fashion,5,1256.26,6281.3,upi,2026-07-10T07:50:30
d403ca27-1ba7-46ad-beba-2187d5666e06,CUST000685,Groceries,2,1537.79,3075.58,upi,2026-02-22T17:04:51
8b84e23f-1030-4b7c-9f97-2a4044297e6a,CUST000000,Home & Kitchen,1,330.97,330.97,upi,2026-03-05T21:27:35
496745b0-7eb4-4aa3-8f41-ac9e17de8c70,CUST000146,Fashion,4,1568.67,6274.68,credit_card,2026-08-08T21:38:27
d26ff3ab-d5c6-48b1-83a9-567eb330af6f,CUST000144,Beauty & Personal Care,4,562.26,2249.04,credit_card,2026-06-25T15:02:13
3182dfc7-0b89-4d49-b154-080e2c0c1b59,CUST000570,Electronics,1,1063.12,1063.12,debit_card,2026-05-19T21:00:23
9aa11a36-13e8-4cd1-b87c-285484e99af8,CUST000756,Sports & Outdoors,4,1900.09,7600.36,cash_on_delivery,2026-04-04T04:31:42
2dee9112-1866-44df-b4b9-d9ef3a59067f,CUST000795,Electronics,3,768.68,2306.04,credit_card,2026-07-17T17:47:44
69bfc5c3-7203-47e1-9ab5-da5af9c12d7d,CUST000671,Beauty & Personal Care,5,380.78,1903.9,debit_card,2026-03-29T02:14:46
f40f5c01-b906-4161-8280-bf79dd7c05d7,CUST000385,Groceries,1,77.68,77.68,wallet,2026-02-11T17:03:26
8431d312-04a9-4342-960e-c8ac2ebe8f8f,CUST000575,Electronics,3,1332.78,3998.34,debit_card,2026-04-23T00:40:01
e7b60650-649a-4dab-adb7-06e8095a9247,CUST000100,Electronics,4,1299.0,5196.0,debit_card,2026-02-17T02:56:08
36702a84-3d81-433c-9beb-63105b3c56ec,CUST000329,Electronics,4,1472.92,5891.68,upi,2026-04-18T12:28:45
d92dbe0f-9bdc-4dc2-9e7e-077c727c6983,CUST000134,Groceries,3,1629.31,4887.93,debit_card,2026-07-12T14:15:38
bdb7c35c-2554-4c74-8032-ed486c4098c3,,Books,4,857.53,3430.12,credit_card,2026-03-29T07:06:17
93a05aff-49f7-4caa-88d9-7024682836a6,CUST000591,Home & Kitchen,4,1041.92,4167.68,debit_card,2026-07-03T17:29:41
0cc35953-7026-4bd5-b9cb-a0d244ae8173,CUST000220,Toys,1,603.42,603.42,wallet,2026-04-22T23:59:39
bd5f2571-443e-4773-9fcb-38bcc39b6509,CUST000661,Groceries,2,1918.15,3836.3,credit_card,2026-04-25T14:46:25
7997fc8f-4880-4169-868b-32931c4ba65e,CUST000059,Home & Kitchen,1,625.9,625.9,credit_card,2026-02-20T11:24:07
03a9bc63-3bc8-4ee4-ae26-0ecd10d2d182,CUST000701,Electronics,3,1883.02,5649.06,wallet,2026-06-22T14:39:11
9bc2a2ed-ee6e-4588-8703-71fc43d31779,CUST000181,Toys,5,571.81,2859.05,wallet,2026-04-03T11:15:18
b5ac19ea-c339-49bd-b158-b433f6167f68,CUST000241,Books,5,1292.59,6462.95,wallet,2026-06-30T04:26:49
3d04664c-ea74-4642-8600-80a01186ddb2,CUST000017,Groceries,4,1673.81,6695.24,credit_card,2026-04-14T14:50:25
ca8d98ea-f7ec-41e0-9988-767a150d969a,CUST000720,Fashion,1,78.41,78.41,wallet,2026-03-27T07:43:02
ccccce39-f89d-4568-93b5-c6f822219000,CUST000675,Electronics,2,553.55,1107.1,credit_card,2026-03-25T10:34:58
e8618209-cdc9-4cb4-98da-78d70d29b8f1,CUST000330,,4,1951.84,7807.36,cash_on_delivery,2026-07-14T16:41:14
4c55d527-7f0c-43d5-baa3-0319b455946a,CUST000538,Fashion,5,1127.95,5639.75,wallet,2026-05-26T08:42:46
f65aa069-bb54-464b-827b-c9f028878138,CUST000580,Beauty & Personal Care,4,117.95,471.8,upi,2026-05-31T01:50:57
e549736a-459b-4056-9f6d-c8cf2ddbbb29,CUST000518,Home & Kitchen,2,1997.3,3994.6,cash_on_delivery,2026-07-06T13:29:12
66568d7f-0215-494b-a24c-873a6ce2333b,CUST000472,Fashion,5,847.81,4239.05,credit_card,2026-03-13T13:18:10
71d47753-e418-472c-93bb-6251b933abfe,CUST000688,Fashion,2,1962.76,3925.52,wallet,2026-07-14T15:22:34
cec8f784-88ba-4b65-ba52-76c9e27420f9,CUST000410,Electronics,2,1142.71,2285.42,upi,2026-04-25T00:28:05
a813bda0-3a92-4b93-b931-bf4be37f5d87,CUST000050,Toys,1,586.24,586.24,debit_card,2026-06-09T05:39:17
294f4a49-c364-4d30-aeca-0a833656a551,CUST000701,Fashion,2,935.3,1870.6,wallet,2026-07-29T12:59:35
78b409d3-70ad-4ced-9ca1-6860fdb93940,CUST000343,Books,5,560.65,2803.25,cash_on_delivery,2026-08-09T02:48:24
3d341f20-3cef-4192-a079-9b61f919120f,CUST000596,Sports & Outdoors,5,878.89,4394.45,upi,2026-07-09T05:45:56
64b985a1-97bd-4f39-8939-c9478e3e0687,CUST000269,Home & Kitchen,2,1940.74,3881.48,debit_card,2026-03-16T12:36:55
150e9bc4-dd33-4d2b-b421-6de4e45269bc,CUST000214,Sports & Outdoors,3,1482.71,4448.13,debit_card,2026-03-31T00:51:22
4a7a17eb-d0a2-46e9-afe6-4e37c36740f0,CUST000416,Sports & Outdoors,1,1691.26,1691.26,credit_card,2026-06-19T04:05:17
507eb9c4-6bae-4a8a-a672-3ce27f5bc630,CUST000135,Sports & Outdoors,1,595.1,595.1,credit_card,2026-02-28T10:56:04
88d4d637-277e-4e1b-b62b-60c26ad21ae2,CUST000322,Home & Kitchen,3,337.46,1012.38,cash_on_delivery,2026-06-27T10:46:15
6a0aaae1-ea39-40ab-9e57-cef240e30f5f,CUST000511,Home & Kitchen,5,670.86,3354.3,wallet,2026-04-09T18:41:58
520cb499-75f7-4086-9dc5-7a5bc2e8424b,CUST000024,Toys,4,994.81,3979.24,credit_card,2026-03-29T18:47:52
15a646cc-058c-4e28-bcad-387402fcdc9b,CUST000448,Beauty & Personal Care,1,1663.41,1663.41,cash_on_delivery,2026-03-02T22:22:44
a7b0d6ce-a994-47bc-86b9-8f537beacf38,CUST000003,Groceries,3,136.63,409.89,debit_card,2026-04-24T08:41:15
fe27846a-fc04-49e4-83f4-d4cec8926e07,CUST000179,Fashion,4,591.75,2367.0,cash_on_delivery,2026-08-04T08:50:15
6dae6096-27ad-4f6f-bb10-5e1e1fdbd84e,CUST000516,Toys,5,736.09,3680.45,debit_card,2026-04-13T19:43:58
6661d497-e608-4a7b-9f90-a54af94479b3,CUST000245,Beauty & Personal Care,1,329.71,329.71,credit_card,2026-05-13T03:15:33
e678ffbb-2ff9-4399-ae36-fd85ab90bb89,CUST000723,Groceries,3,1663.16,4989.48,wallet,2026-05-06T04:18:07
99a4547e-2907-49ff-9555-7b8f161acea0,CUST000612,Electronics,1,493.24,493.24,cash_on_delivery,2026-05-19T02:40:00
d79c19ae-458f-4cee-bc76-b05753cb2c65,CUST000314,Sports & Outdoors,2,960.42,1920.84,credit_card,2026-03-23T12:46:08
b1cf6e04-d95f-4082-9fce-ad4ef2e1a748,CUST000675,Home & Kitchen,5,1211.28,6056.4,debit_card,2026-04-12T16:20:55
917718e4-8c6f-40a9-bde5-15b6881c5bd3,CUST000095,Home & Kitchen,1,294.64,294.64,debit_card,2026-02-22T12:49:35
1cce7e32-470a-463d-8d8f-df4fa869baec,CUST000254,Electronics,3,1837.11,5511.33,wallet,2026-05-02T08:44:40
67e13bde-4153-43c3-aafb-44ec72f7057b,CUST000787,Beauty & Personal Care,5,50.36,251.8,wallet,2026-05-04T19:40:26
2c9eb6bc-5ecf-486e-aca4-74a9814fa085,CUST000409,Toys,4,1421.68,5686.72,wallet,2026-08-01T08:56:11
9783706a-e189-4954-bc40-80b438fd1a1a,CUST000113,Electronics,4,118.74,474.96,cash_on_delivery,2026-06-02T01:11:11
8c1e27df-7ef1-41d2-bab8-28f6ee49f775,CUST000512,Groceries,4,632.37,2529.48,upi,2026-04-23T22:53:07
7a228c50-95f5-4246-bf64-bb7377a4ffa6,CUST000348,Fashion,N/A,591.2,591.2,credit_card,2026-03-06T06:06:47
6459176e-69bb-44fe-9842-a88fcde64ac1,CUST000641,Toys,5,851.82,4259.1,debit_card,2026-07-15T02:41:49
9436f39e-406f-492d-9b83-48d0b8b85698,CUST000529,Sports & Outdoors,1,1177.69,1177.69,credit_card,2026-02-12T07:06:21
ae8df38d-757c-41eb-8e9d-0cb161af33f6,CUST000320,Electronics,4,124.57,498.28,debit_card,2026-07-31T04:16:02
53419ce0-da82-4246-bbb6-f56c7c57178b,CUST000164,Home & Kitchen,5,1144.62,5723.1,upi,2026-02-27T04:51:58
6760dcbe-2ba6-432f-8279-7ccae2e52fb6,CUST000019,Electronics,3,119.87,359.61,cash_on_delivery,2026-02-11T07:39:15
0fb9cda3-b6d0-4505-b1bd-a3fec2a8bec6,CUST000275,Home & Kitchen,4,423.44,1693.76,wallet,2026-07-14T08:30:52
2c94496b-3e4e-459d-899a-9e3fc6b62620,CUST000586,Sports & Outdoors,5,1459.74,7298.7,upi,2026-07-25T11:59:05
d88b1d9e-1088-43c6-b0d0-431ef8e10750,CUST000258,Home & Kitchen,5,1933.19,9665.95,cash_on_delivery,2026-05-19T06:19:58
0aefdce1-ddd3-4d5f-bf5b-820fa97764cd,CUST000539,Books,1,1757.38,1757.38,credit_card,2026-04-30T16:39:13
1d7eb8ec-b1af-434c-840c-d9e6dcbbb155,CUST000291,Home & Kitchen,3,1800.74,5402.22,cash_on_delivery,2026-05-22T01:06:00
1bd04724-e5db-4bd4-90a6-e3a1d2f4480b,CUST000725,Groceries,2,1627.58,3255.16,cash_on_delivery,2026-06-06T06:01:20
28fed8f0-7188-416d-973f-c2155419c173,CUST000376,Beauty & Personal Care,4,1603.29,6413.16,credit_card,2026-07-25T03:00:03
9a459a16-6e18-4669-b3ba-b41a81325915,CUST000502,Sports & Outdoors,3,150.4,451.2,wallet,2026-02-26T08:29:38
073f88e4-dc01-423d-992b-dd49f0aa4b4f,CUST000671,Electronics,4,731.6,2926.4,debit_card,2026-07-27T17:03:22
e93527d3-22ef-41fc-bd23-c24bf74c30d5,CUST000697,Toys,2,1438.27,2876.54,debit_card,2026-06-29T03:48:59
e05c208a-05c9-43fc-8025-4c541ee9df86,CUST000170,Electronics,4,1128.62,4514.48,upi,2026-03-12T15:42:00
0e1b110e-1a14-4e73-bdf3-2d6ee3b37191,CUST000688,Fashion,5,1430.13,7150.65,debit_card,2026-02-22T10:59:34
be17c305-336d-4d99-85d1-9250bf6af5d1,CUST000206,Toys,5,1485.62,7428.1,wallet,2026-08-04T11:09:26
c5916fa7-3a95-4fb5-8f1b-bc587283bc20,CUST000021,Home & Kitchen,3,264.11,792.33,debit_card,2026-04-14T02:16:52
ebe94393-c858-49a5-b34f-82012b279ee7,CUST000072,Toys,1,196.71,196.71,debit_card,2026-04-29T01:09:38
472c863e-589b-4545-8e4d-3f84101f4546,CUST000492,Sports & Outdoors,4,1615.51,6462.04,debit_card,2026-06-17T21:39:38
442a5bb6-2569-451d-822e-e969d611da51,CUST000468,Fashion,3,1628.41,4885.23,wallet,2026-05-31T13:59:51
fd29653b-d8f6-4be3-aa00-cf317a50f2cc,CUST000695,Toys,4,1954.14,7816.56,upi,2026-07-31T00:55:33
31c46e60-9e82-4ad3-8db7-ccc6ec0df698,CUST000474,Toys,1,119.71,119.71,wallet,2026-06-12T12:36:53
3f1722d3-8ed8-4ce7-b5a4-3db0c5498353,CUST000598,Books,1,179.03,179.03,debit_card,2026-05-02T20:20:33
7d4853bb-9388-4dc2-b34c-8aa66ae66be9,CUST000502,Sports & Outdoors,1,1400.74,1400.74,upi,2026-06-25T01:14:23
533b44ec-a76b-4d2f-9581-c78d073bed90,CUST000729,Sports & Outdoors,4,372.03,1488.12,cash_on_delivery,2026-04-14T00:39:44
047860b7-c7ce-46d0-8961-f148f9430bb5,CUST000033,Beauty & Personal Care,2,1704.15,3408.3,debit_card,2026-02-17T12:54:19
6ae7671c-ba48-4b8d-b20c-58587cafd02e,CUST000383,Fashion,2,204.78,409.56,wallet,2026-03-15T15:11:09
63e2f5fd-3713-4744-a360-4a7e4143a1c5,CUST000400,Electronics,3,1852.46,5557.38,cash_on_delivery,2026-03-14T12:20:53
06606ede-531a-47c0-9d16-399d46e1ed23,CUST000757,Groceries,5,930.53,4652.65,cash_on_delivery,2026-04-24T08:53:29
a5a4deb9-55f6-40af-a0f6-3be503ddfa0d,CUST000728,Home & Kitchen,5,1739.66,8698.3,wallet,2026-05-10T15:52:01
dc040534-c9ac-4065-85f3-7cd03bc0aefe,CUST000493,Groceries,2,490.5,981.0,credit_card,2026-02-11T15:27:43
26d94da4-4a50-45b6-8327-7c7e4c8021e4,CUST000091,Toys,2,1391.68,2783.36,wallet,2026-06-12T04:06:26
28d777bc-b812-4b08-8829-3774b2cfdf98,CUST000069,Books,4,1046.7,4186.8,credit_card,2026-05-21T17:58:31
54e94c41-34e0-49c1-9d46-3301edab6bd0,CUST000515,Beauty & Personal Care,1,338.21,338.21,upi,2026-04-06T16:25:36
b7531af6-e5bc-4b84-a7d7-207f80ebe702,CUST000551,Groceries,3,1157.89,3473.67,wallet,2026-04-29T16:34:36
12c2db3d-686e-4964-87da-82fae50b063a,CUST000514,Toys,5,1019.61,5098.05,upi,2026-07-28T06:07:02
a67aca36-ccdc-4bee-8c7f-573c922cdb9f,CUST000447,Books,2,876.43,1752.86,credit_card,2026-03-17T11:27:22
c39bcee8-068b-4263-83f9-f35faf6e20c9,CUST000716,Home & Kitchen,3,1084.0,3252.0,debit_card,2026-06-01T18:38:32
90978c4c-d39a-4103-9543-1f5bc32cb193,CUST000764,Groceries,3,93.12,279.36,wallet,2026-03-27T22:00:57
ac8adb17-2ffe-462c-a254-3f3e86c305d3,CUST000152,Toys,1,1577.66,1577.66,credit_card,2026-06-04T16:13:58
0d4a3e57-9b74-4295-b990-830a5d6ec137,CUST000425,Fashion,2,7.41,14.82,credit_card,2026-04-16T15:00:05
a26623fd-7ccd-4cba-97cd-cb588c6ff128,CUST000618,Beauty & Personal Care,1,364.22,364.22,upi,2026-04-18T03:46:16
af398f5c-e0db-4331-96bd-ecc60e852d65,CUST000195,Groceries,5,1970.38,9851.9,upi,2026-03-15T08:55:29
bd60b779-5645-4166-afdb-eefb1b5c8385,CUST000323,Home & Kitchen,1,630.35,630.35,cash_on_delivery,2026-03-17T07:20:10
d91a3eb1-7168-4f8b-af60-b7d2271cabbd,CUST000508,Books,4,599.0,2396.0,wallet,2026-04-18T19:35:31
ecb6e6bd-427e-4faf-8880-0d94a955208b,CUST000160,Books,5,1545.94,7729.7,wallet,2026-07-26T20:19:17
799da3ed-05bb-4200-880e-da05c74d3ea0,CUST000012,Groceries,4,1939.17,7756.68,credit_card,2026-05-27T01:19:13
772e6f74-2857-4c62-ba5a-2c6cf308de1a,CUST000222,Beauty & Personal Care,2,240.83,481.66,wallet,2026-03-31T04:09:07
d41da1d5-1a56-4e90-855a-b30f01a15403,CUST000507,Home & Kitchen,4,584.95,2339.8,credit_card,2026-04-25T16:46:42
933ac90d-0429-4334-8e59-3f66835adacf,CUST000740,Electronics,2,171.85,343.7,wallet,2026-04-28T06:34:03
f4bf7129-2de1-4009-9d1b-39fe9f7b2b6e,CUST000421,Books,1,71.37,71.37,debit_card,2026-06-14T00:21:02
55f58880-c17d-4a0d-a509-83006b7e9731,CUST000212,Groceries,5,823.32,4116.6,wallet,2026-03-03T11:40:34
2813b92c-c913-4605-b86d-bc79a0b24f4d,CUST000395,Toys,4,678.47,2713.88,wallet,2026-04-16T03:48:35
57234fb0-4646-45c6-a430-fecc604c2fc5,CUST000422,Sports & Outdoors,1,919.62,919.62,wallet,2026-06-22T19:10:04
ab8fb612-ed92-417b-823b-ee1e682a1acc,CUST000232,Toys,4,312.4,1249.6,debit_card,2026-02-12T09:31:03
c05ca68d-e29e-476c-b568-878c651e93d2,CUST000251,Electronics,3,1435.06,4305.18,upi,2026-06-28T21:57:46
87644ce5-cb88-41dc-848d-8663b7344048,CUST000416,Fashion,5,1533.77,7668.85,upi,2026-03-23T03:41:53
666a1f95-4c42-4006-8677-537181b1c52f,CUST000588,Toys,5,646.19,3230.95,cash_on_delivery,2026-04-05T02:19:29
fabf4460-429a-4203-a02e-c28e0586daf0,CUST000056,Beauty & Personal Care,4,1223.42,4893.68,credit_card,2026-03-18T20:25:05
208a00a1-6dd9-4a2b-aa03-6c2196ea5814,CUST000528,Groceries,1,1232.3,1232.3,upi,2026-06-26T00:01:26
a46fcb28-6c0d-4055-846b-799b7f5889f5,CUST000553,Electronics,3,1203.15,3609.45,credit_card,2026-02-28T08:55:45
4e6f0316-fd6f-46f7-8a8e-17be94c3c387,CUST000111,Electronics,5,408.69,2043.45,cash_on_delivery,2026-02-24T02:07:32
9fc7fb15-dae4-4240-9fcb-d8e8bfeebaa8,CUST000016,Home & Kitchen,4,1384.87,5539.48,cash_on_delivery,2026-03-21T17:49:39
82184409-d431-459e-9b4e-b7fd7b8c4f59,CUST000145,Groceries,2,1552.94,3105.88,upi,2026-03-26T15:07:17
f8edfa69-aa84-482a-a9ca-551eac99bb3d,CUST000687,Sports & Outdoors,1,1771.78,1771.78,upi,2026-05-16T05:06:49
e888f15d-be92-4d0c-bda0-5f06b60d7216,CUST000683,Fashion,1,1830.77,1830.77,credit_card,2026-06-16T15:48:41
4c813177-7831-47d1-847c-4703fa66a7fe,CUST000378,Sports & Outdoors,1,1043.72,1043.72,upi,2026-07-13T16:52:01
bc8e342f-7fbe-47de-b251-2135e9ae969f,CUST000124,Groceries,1,1575.59,1575.59,credit_card,2026-04-14T12:53:51
9e6d93de-bdab-4666-814c-ecf1cc7d0601,CUST000797,Fashion,1,255.9,255.9,upi,2026-05-09T06:24:30
c6659a0d-0a28-4ed9-946b-bf49d12b13a6,CUST000262,Home & Kitchen,5,1755.13,8775.65,upi,2026-04-27T03:19:14
3e74863d-5f76-4c09-92c7-cc04fd30f9d6,CUST000139,Beauty & Personal Care,3,5.71,17.13,wallet,2026-07-05T03:39:40
8eec20a8-b690-47ad-8f01-ac13337bc505,CUST000769,Home & Kitchen,5,593.62,2968.1,upi,2026-04-09T06:15:00
f2a5ffc7-ba20-483b-ad68-85c2490adbd7,CUST000497,Home & Kitchen,4,195.89,783.56,debit_card,2026-04-12T03:32:46
80c02299-0cf4-4f4b-a901-15b14392c456,CUST000491,Sports & Outdoors,3,1123.17,3369.51,upi,2026-06-19T12:07:59
86cf220c-9d41-445d-9e2a-eab2e63fa94f,CUST000015,Fashion,3,1533.8,4601.4,wallet,2026-04-02T14:34:14
47979791-1ce4-42d7-bf2a-a9e730688c80,CUST000175,Sports & Outdoors,4,1720.12,6880.48,cash_on_delivery,2026-07-13T20:41:19
f34ec1d2-6ec7-4a5f-a545-94f7698c9322,CUST000096,Toys,5,688.15,3440.75,debit_card,2026-05-24T10:36:19
8a7f14b0-33a0-40ae-965d-eca9b11e1ae8,CUST000297,Beauty & Personal Care,4,474.79,1899.16,debit_card,2026-05-28T01:05:34
0ce4cd3a-7ba7-475a-83a1-d9391ceb648a,CUST000679,Fashion,1,1818.82,1818.82,credit_card,2026-06-03T04:38:28
d485a7b2-9fb9-419d-ac74-84fe8e36deb5,CUST000770,Home & Kitchen,5,848.29,4241.45,wallet,2026-03-22T20:43:19
37603a25-2427-43dc-acb4-94b403e6c94a,CUST000479,Beauty & Personal Care,3,430.6,1291.8,cash_on_delivery,2026-08-01T04:04:49
a00f5f89-444a-4b06-beeb-5f116505d61a,CUST000537,Books,4,373.12,1492.48,wallet,2026-03-07T21:34:40
d119feae-419c-48c2-92ae-fc3e565fd116,CUST000310,Home & Kitchen,5,1521.54,7607.7,cash_on_delivery,2026-04-23T11:56:49
24162c34-a08e-42ff-ab51-7039255b80fe,CUST000565,Beauty & Personal Care,3,382.36,1147.08,cash_on_delivery,2026-05-14T00:43:43
16ef3cc9-77d1-49e7-9a4f-b2164aaa4fe0,CUST000730,Toys,3,1994.54,5983.62,upi,2026-06-22T00:53:41
88b3b688-866c-4e2e-9fba-151773fc3739,CUST000436,Beauty & Personal Care,4,530.49,2121.96,wallet,2026-08-06T22:24:31
51494869-e628-4269-9d21-1d5da580a04c,CUST000013,Groceries,4,599.14,2396.56,credit_card,2026-04-12T16:35:46
038ed406-e3bb-46f3-95dc-88d675be36d4,CUST000656,Toys,4,1727.51,6910.04,debit_card,2026-04-26T00:47:29
288ab53c-7b00-41ae-83f2-9dc5d749d34e,CUST000506,Home & Kitchen,5,335.21,1676.05,cash_on_delivery,2026-02-26T07:46:12
3fe2291b-002c-4bb7-b48f-038e867f60c0,CUST000628,Books,2,194.43,388.86,wallet,2026-04-28T00:58:03
9a959797-760b-4b9f-8e85-c4f5714ef16b,CUST000111,Beauty & Personal Care,1,668.21,668.21,credit_card,2026-07-19T12:24:55
b409e282-ae08-4bae-aa61-dfe619f1ad9c,CUST000443,Books,1,847.05,847.05,credit_card,2026-04-29T03:36:27
064ed3c5-9351-4582-91f2-06064b2e5b7d,CUST000146,Groceries,1,1320.12,1320.12,cash_on_delivery,2026-05-01T09:58:46
d3b5cde5-12eb-4835-9cea-c9518ca4ce3f,CUST000122,Home & Kitchen,5,1229.63,6148.15,cash_on_delivery,2026-02-22T11:54:10
66ebbc72-4857-4cf5-8a82-714a421ec262,CUST000205,Fashion,2,1043.03,2086.06,wallet,2026-04-05T10:37:57
45e1ef21-21ac-4ff5-a816-ae90bd57e8b9,CUST000614,Electronics,4,1254.94,5019.76,credit_card,2026-03-10T13:50:35
0085745b-32c5-4c3f-b8e8-517ef8563e74,CUST000423,Beauty & Personal Care,2,489.74,979.48,credit_card,2026-07-27T07:26:00
2b80bdeb-88b3-4108-b822-401983081dd2,CUST000128,,1,1325.73,1325.73,debit_card,2026-05-18T07:44:59
9e8e549e-0502-4a1a-b07a-89876960442d,CUST000044,Fashion,3,186.76,560.28,upi,2026-03-16T21:26:41
e011da11-115c-4cce-9f2a-d6848dda04aa,CUST000291,Sports & Outdoors,4,705.95,2823.8,wallet,2026-07-09T09:39:23
dc0c7d20-3d24-4c6f-85c3-288181d675a8,CUST000015,Groceries,5,1082.17,5410.85,wallet,2026-04-27T05:16:58
f35707ea-49b1-4486-bfd4-bc077c460ce8,CUST000504,Books,3,1898.97,5696.91,credit_card,2026-04-17T00:41:04
fbc65c64-6d35-4d30-bc07-9d5891a707a0,CUST000413,Books,1,963.4,963.4,upi,2026-05-06T01:19:06
de4a366f-d2c2-4e49-bfc4-8b18e7ec8cb1,CUST000594,Fashion,5,346.55,1732.75,wallet,2026-08-08T21:57:05
1f37bf7b-4244-4e99-9e84-d7d870fc6fa9,CUST000281,Sports & Outdoors,4,1508.62,6034.48,credit_card,2026-03-11T21:11:16
ec0b812c-8740-400e-b3e8-ae23e2a51c00,CUST000044,Fashion,4,1726.77,6907.08,upi,2026-06-23T16:06:19
85a2977d-7e1c-4f69-a453-7ff2cfc52e90,CUST000556,Beauty & Personal Care,N/A,1256.83,1256.83,credit_card,2026-07-29T19:19:01
78dabf6c-7ac1-4e03-b1fb-73e02dfb48e5,CUST000598,Home & Kitchen,2,794.64,1589.28,credit_card,2026-07-02T02:28:33
afec2681-5030-4f2d-8e6a-0c821ad215a3,CUST000729,Toys,2,746.28,1492.56,cash_on_delivery,2026-02-13T04:10:23
81146228-697a-4da3-ada4-2d3524872bd1,CUST000176,Electronics,1,1809.8,1809.8,cash_on_delivery,2026-04-19T00:49:07
c210be03-844b-478c-894a-17dedd0b2c83,CUST000299,Home & Kitchen,4,712.65,2850.6,credit_card,2026-08-03T14:20:16
6b822b94-3965-40af-8a61-06b12a6dc7e7,CUST000415,Groceries,2,231.55,463.1,credit_card,2026-06-23T03:41:33
756d312d-c9a1-4194-b905-c5aa829c45a4,CUST000300,Home & Kitchen,3,1716.38,5149.14,credit_card,2026-08-09T10:02:29
1206ca09-c8ee-48ca-a704-49035ffa6739,CUST000015,Electronics,2,1844.56,3689.12,credit_card,2026-07-21T20:16:49
17d3f791-4700-4c7e-9214-4811911ceb89,CUST000060,Toys,3,242.25,726.75,credit_card,2026-05-10T16:59:46
ec7f9f35-0138-4141-a835-d823b47f299f,CUST000091,Sports & Outdoors,4,1421.96,5687.84,debit_card,2026-06-25T14:20:58
af1a7849-9375-402a-bef4-994850358942,CUST000553,Groceries,4,1280.4,5121.6,credit_card,2026-05-06T04:31:02
3367d77b-efbd-4754-8e67-6fe2c3d34c0c,CUST000070,Books,1,157.7,157.7,wallet,2026-04-11T09:52:31
6894ce0d-64ae-478c-935f-919023c0a7eb,CUST000574,Sports & Outdoors,2,208.91,417.82,debit_card,2026-07-13T19:03:16
97fd3bbf-44d9-4fc3-be67-b5c73c12efc3,CUST000500,Books,5,130.67,653.35,upi,2026-03-10T20:49:11
3ea25eaf-4297-4a36-a537-4c81c0c0f036,CUST000344,Books,5,1687.74,8438.7,upi,2026-06-16T02:06:09
f0fa6180-b5b2-462e-9e90-77a6d80fe7cc,CUST000754,Sports & Outdoors,5,1740.97,8704.85,credit_card,2026-02-11T02:25:31
2dbdc08e-ff1d-452e-85ae-ee0f563b9db6,CUST000426,Beauty & Personal Care,2,1467.42,2934.84,debit_card,2026-05-09T01:36:35
e779f264-c9a9-4fe4-9128-27def3498bfb,CUST000772,Fashion,3,1679.0,5037.0,wallet,2026-05-20T01:24:00
4269f101-f107-424e-b4ab-6901b45884be,CUST000126,Toys,3,83.99,251.97,cash_on_delivery,2026-05-03T01:19:48
7d2cf46c-fc1f-4d30-abed-f9e283744470,CUST000658,Home & Kitchen,3,1599.63,4798.89,credit_card,2026-07-25T02:17:25
196378c9-47ed-4119-b0ad-92bc69a2287f,CUST000149,Groceries,3,100.25,300.75,wallet,2026-03-25T22:50:46
30bc354f-a591-4ae0-8078-c2017e3af968,CUST000349,Electronics,5,1221.13,6105.65,wallet,2026-07-11T04:14:37
759d3994-9c99-403b-a8ed-d042fa5a1692,CUST000799,Electronics,2,351.61,703.22,credit_card,2026-03-14T11:24:07
c5af872a-5420-4a3d-953d-8c3a2563d468,CUST000425,Home & Kitchen,2,712.2,1424.4,wallet,2026-03-13T07:47:44
36455e64-57e1-4e89-8306-4815716d9079,CUST000190,Books,4,582.48,2329.92,credit_card,2026-03-06T00:58:29
458c875c-122f-42cf-9fea-35eecf914641,CUST000098,Groceries,3,1071.08,3213.24,credit_card,2026-04-26T01:58:58
ebafe22b-d172-4c07-a683-37eab8a41178,CUST000190,Sports & Outdoors,2,928.91,1857.82,credit_card,2026-07-20T23:15:05
f3b5430a-2234-4ffa-bf09-5bb8aef5a144,CUST000346,Electronics,1,325.67,325.67,credit_card,2026-07-18T22:30:04
ec34a13f-c638-4de0-9111-48a11bb3a297,CUST000703,Groceries,4,1218.09,4872.36,wallet,2026-04-01T09:07:54
381663ca-a671-4b2d-a5d1-2101dc0bc1b8,CUST000513,Books,4,1147.34,4589.36,wallet,2026-05-10T05:12:45
0309d258-7604-424b-ad47-7395a86e32e5,CUST000144,Books,5,1070.92,5354.6,wallet,2026-06-15T14:35:22
be5f0884-4061-42fd-b51a-4f26e3f400a2,CUST000163,Toys,2,244.4,488.8,cash_on_delivery,2026-04-01T08:20:58
19f188ae-5f87-4866-9ab3-0c64adf3a409,CUST000056,Home & Kitchen,4,1668.25,6673.0,wallet,2026-02-19T06:15:17
ef0a8b13-ff57-40f2-a50b-096aea712512,CUST000081,Sports & Outdoors,4,1461.13,5844.52,credit_card,2026-07-11T06:31:15
81babbc6-725b-4e8b-8df1-ab2378246c82,CUST000675,Beauty & Personal Care,3,339.6,1018.8,cash_on_delivery,2026-04-21T07:27:12
031a8228-a1d5-4ef1-b87d-f676fda9dd94,CUST000567,Fashion,3,955.73,2867.19,debit_card,2026-08-01T23:21:27
8bd0e719-3161-456c-b470-a3b13922889e,CUST000452,Sports & Outdoors,5,1977.69,9888.45,cash_on_delivery,2026-04-09T22:22:55
12f9661e-7e20-40ad-9173-f07538729aea,CUST000345,Books,2,1776.51,3553.02,upi,2026-04-26T02:55:47
7e2b9e8a-511e-46ce-8278-42d2f1b1ced2,CUST000240,Toys,1,972.96,972.96,credit_card,2026-06-23T13:01:45
6e873f42-c480-4272-bb66-d1165039d119,CUST000151,Toys,5,147.51,737.55,credit_card,2026-04-13T03:19:24
1d78983a-6bf0-43d7-a818-9dfe71061669,CUST000785,Electronics,3,480.9,1442.7,wallet,2026-05-27T07:28:08
9ddc1ef4-0233-4e6d-838d-9858821894eb,CUST000441,Electronics,1,1381.01,1381.01,wallet,2026-05-17T12:17:46
99a49853-03e0-42fd-a0c5-22f96f3f09b0,CUST000212,Groceries,4,1790.29,7161.16,debit_card,2026-03-05T18:28:20
a2214229-4173-4e85-b441-f903b13732ff,CUST000252,Books,5,1838.68,9193.4,cash_on_delivery,2026-05-30T09:20:53
567037a9-83ee-4ff4-8651-21cdfa9cbeff,CUST000239,Sports & Outdoors,3,1636.06,4908.18,credit_card,2026-03-11T14:25:53
b5a319ce-12c2-4a39-ad30-38b034e0040e,CUST000099,Fashion,5,1201.44,6007.2,debit_card,2026-07-27T13:55:24
4188192c-daa3-4d50-b958-0cd3937c8dd6,CUST000769,Books,5,1812.34,9061.7,cash_on_delivery,2026-08-09T05:06:36
f0d18edf-d501-4cd9-867b-b55184519115,CUST000797,Sports & Outdoors,5,727.49,3637.45,credit_card,2026-07-17T17:11:58
fc65a9ab-1585-4192-a77e-2341e47c9c7a,CUST000246,Home & Kitchen,4,1501.67,6006.68,credit_card,2026-05-04T16:33:25
17ae52d0-3f24-41a9-a77b-6afbcaa0ee95,CUST000704,Home & Kitchen,2,1668.07,3336.14,cash_on_delivery,2026-06-03T17:51:46
3a60e97e-f103-4295-9836-5ddb0177a013,CUST000556,Electronics,4,1217.93,4871.72,debit_card,2026-03-09T22:29:18
00ebe484-2c8e-4266-80b9-51f62e3f0a18,CUST000497,Toys,5,918.72,4593.6,debit_card,2026-03-08T23:27:26
184b6fde-2e41-4eac-8ee0-ea19dd5b1d40,CUST000776,Fashion,4,691.05,2764.2,wallet,2026-02-26T07:06:06
b55f2ddc-6c8e-46a2-8fca-6b140eb6b787,CUST000001,Toys,1,1085.6,1085.6,cash_on_delivery,2026-08-03T17:42:24
0d081c42-2b92-44f6-9599-0aad23dd47b0,CUST000558,Home & Kitchen,4,44.49,177.96,wallet,2026-04-15T12:33:13
30759eae-bcba-420b-9b89-54f3df3924fa,CUST000040,Home & Kitchen,2,1799.79,3599.58,cash_on_delivery,2026-05-04T08:14:05
2bffd93d-f6be-4e38-adf7-255a627258b1,CUST000167,Books,3,1644.03,4932.09,cash_on_delivery,2026-03-28T10:32:49
f74de31a-7e35-408b-a47e-f2b2e4f2bff3,CUST000390,Fashion,1,803.12,803.12,upi,2026-02-21T22:19:24
001fe563-adc6-4fcf-b45f-1f77570912be,CUST000143,Home & Kitchen,3,1742.1,5226.3,upi,2026-06-21T11:32:07
607f405e-9fcf-4ffc-bf21-d051e380917d,CUST000499,Beauty & Personal Care,2,773.27,1546.54,credit_card,2026-04-03T02:48:44
9a02e56c-bdc5-4334-ace7-19c07e197873,CUST000651,Beauty & Personal Care,1,1610.82,-1610.82,credit_card,2026-05-18T14:54:27
c39bcee8-068b-4263-83f9-f35faf6e20c9,CUST000716,Home & Kitchen,3,1084.0,3252.0,debit_card,2026-06-01T18:38:32
e14fb609-3125-49c2-816e-9f4204434c59,CUST000405,Beauty & Personal Care,4,216.51,866.04,debit_card,2026-03-13T21:59:45
dfe09cb5-2a25-45e7-ace9-b30e889647f5,CUST000634,Groceries,2,349.01,698.02,credit_card,2026-02-21T12:12:58
5687ba38-8839-48f0-bf25-098a1abae383,CUST000250,Books,2,528.47,1056.94,debit_card,2026-06-27T13:36:12
59743272-85f4-4643-b26e-adf6e63e50f4,CUST000197,Groceries,5,1942.28,9711.4,cash_on_delivery,2026-04-06T04:01:58
de203609-8d81-4e58-bf97-41fe14affd94,CUST000497,Fashion,2,916.59,1833.18,wallet,2026-03-02T21:55:50
be331ec3-52dd-4d16-9ed9-e09e5c5fba3f,CUST000706,Electronics,4,834.7,3338.8,cash_on_delivery,2026-04-28T05:23:36
75a6a2fa-cb76-4aba-b252-cdfab00a2ec5,CUST000612,Beauty & Personal Care,4,1679.78,6719.12,upi,2026-07-26T05:30:04
0e5e0486-7fe3-4395-8b87-913813051ed5,CUST000430,Fashion,4,1212.85,4851.4,debit_card,2026-06-16T16:17:04
3d5b2b0a-d7f1-42e5-8059-43e4254b4083,CUST000455,Electronics,1,446.93,446.93,upi,2026-03-19T03:01:33
a5f9d81f-2302-463a-9882-985076723271,CUST000056,Home & Kitchen,3,631.24,1893.72,credit_card,2026-03-04T07:25:31
bb8e3dc3-ed7c-4927-85e9-8a1f1985b669,CUST000629,Beauty & Personal Care,4,1362.96,5451.84,credit_card,2026-03-20T11:28:19
dc5caf5a-4806-46e7-ae1b-6b933bf05fa2,CUST000477,Electronics,3,362.6,1087.8,credit_card,2026-04-07T07:47:42
9e2ae570-8eca-4292-90ef-73321abdf4a1,CUST000726,Groceries,2,850.22,1700.44,upi,2026-05-21T13:10:24
d29879c1-eb5d-46bd-ac53-cfd4fcc35eb9,CUST000770,Beauty & Personal Care,3,22.03,66.09,upi,2026-06-08T14:13:24
b782ae0e-6571-41c5-99f8-d179c9b80267,CUST000165,Home & Kitchen,5,1756.97,8784.85,wallet,2026-04-09T06:33:55
4fc7d5cf-d506-4cdd-9402-264ffda1914f,,Beauty & Personal Care,2,407.17,814.34,credit_card,2026-06-18T11:53:17
26ddfa06-fa47-424b-a03e-6eb9862e3b5c,CUST000444,Books,1,233.66,233.66,wallet,2026-03-01T19:16:02
ab7c6b7b-e8d9-4c3e-8d89-6d9301680f65,CUST000781,Toys,1,1314.1,1314.1,cash_on_delivery,2026-07-16T07:46:44
ad8238ee-3435-430e-b2b6-461a792fcdc7,CUST000394,Electronics,2,583.66,1167.32,upi,2026-07-22T02:48:53
302e613d-cc0e-418d-8e2b-519af3234583,CUST000266,Home & Kitchen,5,1433.01,7165.05,wallet,2026-04-30T14:55:59
9efd85bb-0da1-4d20-ab82-e4f46b4a2fa4,CUST000766,Home & Kitchen,4,336.56,1346.24,credit_card,2026-06-23T08:17:11
7baf1a4e-b3a6-4d9b-8d3c-24d1b45cfddd,CUST000089,Sports & Outdoors,4,1944.13,7776.52,cash_on_delivery,2026-02-23T17:04:22
91302049-260b-44f4-af62-d015c242edf8,CUST000089,Fashion,2,274.55,549.1,credit_card,2026-05-07T20:53:50
c314e75b-32e2-459b-b97e-f2055197a093,CUST000606,Electronics,2,872.79,1745.58,debit_card,2026-02-21T03:18:58
38b9f4b7-530c-4590-b3d6-b091d8f44361,CUST000537,Books,4,574.09,2296.36,upi,2026-05-06T09:00:48
1d0592df-bf11-4c42-8984-c65240e49ed0,CUST000453,Fashion,1,1017.63,1017.63,debit_card,2026-06-17T04:28:54
dbf7ded7-f4a5-4e57-b7c8-6bf182710857,CUST000322,Toys,1,175.02,175.02,wallet,2026-05-12T06:46:17
9fb6b3c7-494d-4cf9-bdf9-bed4f0f977db,CUST000206,Groceries,5,1060.92,5304.6,cash_on_delivery,2026-03-12T19:35:06
1aef5d29-1362-4925-b3b9-8edd7c05ef35,CUST000763,Electronics,5,1429.75,7148.75,upi,2026-04-05T09:35:07
e22a3ca7-729a-4760-8630-e9ba22a105f4,CUST000335,Toys,1,739.65,739.65,cash_on_delivery,2026-05-01T10:14:51
dedf9735-6672-4e61-b8d6-a76b4ee17d81,CUST000409,Fashion,1,1653.04,1653.04,upi,2026-04-21T18:54:34
c93e75ea-d285-432a-b764-10797e015041,CUST000787,Fashion,5,57.3,286.5,cash_on_delivery,2026-05-15T02:46:01
3aa3ccf4-a479-4cdf-94f0-565cb30f8c3a,CUST000009,Fashion,2,1316.84,2633.68,cash_on_delivery,2026-04-14T05:40:58
27987c6a-b799-4e68-90d0-66fdebe4ce6c,CUST000684,Beauty & Personal Care,1,792.65,792.65,wallet,2026-06-18T07:04:27
c9fe04a8-3c99-4f1e-a166-aacec8b2e6f7,CUST000606,Sports & Outdoors,5,550.36,2751.8,wallet,2026-05-15T06:19:44
32c32b38-0557-47df-b249-692bb81557a8,CUST000043,Sports & Outdoors,2,1015.17,2030.34,wallet,2026-03-31T02:02:37
74616215-8f91-4974-89c4-be2b8e0b1da9,CUST000441,Toys,5,399.1,1995.5,wallet,2026-05-29T21:43:37
db49b32b-89b3-463a-b398-4dcc04999f3e,CUST000130,Beauty & Personal Care,5,919.61,4598.05,credit_card,2026-06-22T11:14:18
000a3eca-a0bf-4e39-be8b-308c402e6d4d,CUST000645,Electronics,3,1978.86,5936.58,cash_on_delivery,2026-06-19T19:55:54
f7aeeb4f-958f-4f40-bf70-319fcfb9030c,CUST000002,Electronics,5,46.14,230.7,wallet,2026-06-11T21:43:24
93192707-b32b-47ee-9809-521d35f9a86c,CUST000047,Beauty & Personal Care,1,845.37,845.37,cash_on_delivery,2026-08-06T15:07:35
02390074-f190-4904-8802-a648d9289359,CUST000779,Toys,2,1336.11,2672.22,upi,2026-03-17T02:30:36
6ea94c99-79a2-4d35-8d4b-4e7066d2f07b,CUST000484,Beauty & Personal Care,4,1527.48,6109.92,debit_card,2026-06-30T18:46:26
1ad51e5e-2200-44c2-907e-4f229031cf29,CUST000177,Toys,5,1652.28,8261.4,credit_card,2026-04-24T04:58:59
c87f3e30-57a9-4770-af4c-36f73cd8afca,CUST000122,Books,4,1062.03,4248.12,credit_card,2026-07-13T06:42:19
afed3eda-6883-461a-a1f2-428b9baa84a3,CUST000702,Beauty & Personal Care,3,1382.13,4146.39,upi,2026-06-07T08:19:55
06843b99-ecb9-4163-bc4a-3a2e7dbda0fc,CUST000080,Electronics,3,1844.13,5532.39,upi,2026-07-09T03:30:24
2dc2d3a3-7539-425a-b6de-2cbe2299abbc,CUST000250,Home & Kitchen,1,1849.63,1849.63,cash_on_delivery,2026-07-23T13:44:08
f8021ed5-cd8b-4c92-b64c-52d3e761bf6c,CUST000619,Fashion,3,1359.73,4079.19,upi,2026-05-05T07:05:02
ca366846-d963-43b6-8e4f-82df3c831c07,CUST000478,Beauty & Personal Care,2,1099.35,2198.7,wallet,2026-04-03T18:17:01
b85f3cbd-516d-4a4f-86bd-8876af9d446d,CUST000240,Sports & Outdoors,5,1561.56,7807.8,credit_card,2026-06-18T13:53:48
9d8d6984-129e-4e09-9181-f05d55f6e2aa,CUST000456,Sports & Outdoors,4,1116.95,4467.8,credit_card,2026-08-02T13:01:55
3ed02f4d-4612-43a5-a77b-04d6bfaa9981,CUST000167,Books,2,1982.05,3964.1,debit_card,2026-06-14T08:55:39
62b45041-a9a3-4a88-a8f8-28dbca608926,CUST000517,Beauty & Personal Care,4,1103.24,4412.96,cash_on_delivery,2026-07-07T00:28:22
054ca869-b9f7-48d9-95d1-f1997d4799e4,CUST000381,Groceries,2,1446.48,2892.96,cash_on_delivery,2026-07-29T19:02:45
023dabf9-a29b-46b5-bf2c-9fc1b22395a9,CUST000438,Home & Kitchen,3,1246.66,3739.98,wallet,2026-03-08T20:50:00
4e7e963c-4d58-4a03-bfc4-d50ab9e3c12b,CUST000741,Home & Kitchen,3,1738.26,5214.78,cash_on_delivery,2026-02-15T14:42:19
0a379ff9-0b07-4885-bf55-c0b5f5e8e6a1,CUST000070,Fashion,3,274.21,822.63,cash_on_delivery,2026-07-14T01:02:11
04420008-a9e1-4154-8baa-df7ff6661d99,CUST000444,Fashion,3,111.84,335.52,debit_card,2026-02-14T12:14:08
674250bd-4743-47f6-9eac-6dba87329fce,CUST000078,Toys,4,1768.33,7073.32,wallet,2026-07-12T08:07:51
a569c4a8-4e6a-43be-aba3-36601b73a880,CUST000633,Electronics,2,489.15,978.3,credit_card,2026-07-28T02:47:18
eb242446-8ccb-4440-acad-a57ae9966875,CUST000478,Home & Kitchen,2,931.19,1862.38,debit_card,2026-08-06T08:16:48
854cc6ea-2931-41e6-ba7a-deb6010f6c0d,CUST000243,Sports & Outdoors,3,906.55,2719.65,debit_card,2026-02-25T08:54:33
9c26db15-4a5e-43b9-b8d3-bad92032393d,CUST000005,Books,4,115.34,461.36,upi,2026-04-20T07:38:38
f2db91c7-a711-41a4-8229-8776981dd6d6,CUST000012,Beauty & Personal Care,1,491.14,491.14,wallet,2026-03-23T17:22:42
6fc5b4ef-f915-46eb-97a3-5b88d5ac9a6c,CUST000086,Fashion,4,1982.13,7928.52,credit_card,2026-05-03T06:23:40
272ebef7-971a-45fd-a92a-8973125b0b48,CUST000326,Home & Kitchen,1,396.87,396.87,cash_on_delivery,2026-05-26T05:21:33
c71fac4c-72a5-4fbe-a3c6-e8173a75cff8,CUST000419,Electronics,2,1476.31,2952.62,credit_card,2026-07-19T10:10:46
fe94843b-7a11-4c26-9770-8f76d2798b39,CUST000440,Fashion,3,1093.22,3279.66,credit_card,2026-05-29T23:39:37
862cbb0d-811f-48c0-bbeb-db3dac4ee993,CUST000493,Toys,4,501.84,2007.36,debit_card,2026-03-29T10:41:08
5bdeb57b-4484-43e6-8254-219ecdb1b3c4,CUST000642,Beauty & Personal Care,4,970.25,3881.0,debit_card,2026-03-10T13:31:12
2f18515e-8463-4f49-9dbf-53a0b3b6530d,CUST000140,Books,2,1548.05,3096.1,debit_card,2026-07-14T17:24:49
d624341a-6dbb-4114-99e9-552d79b52e94,CUST000652,Sports & Outdoors,3,1697.08,5091.24,wallet,2026-03-10T05:48:58
cc41ae34-8983-4b23-9909-901814f3edd3,CUST000455,Toys,5,908.67,4543.35,cash_on_delivery,2026-06-08T10:40:57
7cc55037-0e2c-4856-8620-16e81740102e,CUST000572,Home & Kitchen,3,1008.82,3026.46,credit_card,2026-07-11T16:35:04
2fc2db44-c072-48fd-9aea-678818484e33,CUST000294,Beauty & Personal Care,5,99.83,499.15,cash_on_delivery,2026-02-20T22:36:27
b090b8ff-6720-44d2-8692-0be86168a6f3,CUST000389,Books,3,76.79,230.37,cash_on_delivery,2026-07-23T10:35:24
42c4bdc5-1159-4659-871c-3e1f4115446a,CUST000271,Home & Kitchen,1,1854.22,1854.22,upi,2026-07-27T14:51:59
ee393e69-75a2-4785-9286-3a137382d8e5,CUST000684,Beauty & Personal Care,5,421.47,2107.35,wallet,2026-07-10T23:36:29
134cf15d-b596-4d17-a517-5edbd05abe3f,CUST000341,Groceries,3,1351.84,4055.52,upi,2026-05-10T07:37:46
51154715-d563-43a3-9c96-ac2b1e6ddb9b,CUST000250,Groceries,3,1668.4,5005.2,upi,2026-07-12T09:32:50
cff0658b-d3e9-428e-96ba-d377c7427b62,CUST000773,Home & Kitchen,3,1068.9,3206.7,cash_on_delivery,2026-04-13T08:13:44
b842dd10-3e7e-476f-a770-895f1459bc6d,CUST000751,Fashion,5,1448.8,7244.0,wallet,2026-04-04T02:08:29
5c771fcc-5a96-41e0-91e1-63b05345cc5b,CUST000660,Sports & Outdoors,4,573.7,2294.8,upi,2026-06-10T11:08:31
aa533bed-22e4-4255-ac59-760c077ea7dd,CUST000125,Beauty & Personal Care,2,1875.19,3750.38,cash_on_delivery,2026-02-19T12:30:25
0b191d37-3e63-4eca-b206-6e432aaece25,CUST000351,Home & Kitchen,5,1934.85,9674.25,debit_card,2026-07-10T16:29:59
196b412c-e850-41f9-a2da-ec364f785178,CUST000286,Home & Kitchen,3,11.32,33.96,cash_on_delivery,2026-05-21T06:07:41
5918b5ca-40d6-4337-bb84-a94b657eae7b,CUST000600,Fashion,4,1514.26,6057.04,debit_card,2026-04-02T11:44:26
ca1b05e8-8d3c-4d00-94d3-ab3c1c770f33,CUST000106,Toys,5,54.19,270.95,cash_on_delivery,2026-04-10T02:00:24
91638c13-99d7-4797-a313-3351174a0795,CUST000269,Home & Kitchen,3,1729.68,5189.04,credit_card,2026-05-18T05:52:55
25953f14-94bc-4521-8e07-778031034121,CUST000224,Fashion,3,1617.44,4852.32,debit_card,2026-03-28T03:22:44
442c566c-15b6-4087-8b8f-02eb9d55c128,CUST000405,Groceries,N/A,426.55,426.55,wallet,2026-03-05T07:36:41
38ca4215-2dc2-4980-b60a-d6705c604a73,CUST000425,Electronics,1,1340.87,1340.87,cash_on_delivery,2026-06-06T06:27:22
4168fb0c-d619-4db2-b900-4c859653a414,CUST000070,Electronics,2,1222.59,2445.18,cash_on_delivery,2026-07-04T10:53:48
18b84427-488e-436d-9760-8ba88ef78098,CUST000465,Electronics,1,994.38,994.38,debit_card,2026-02-13T04:34:10
1e6d313d-5638-4278-b2df-f20e312f1b4c,CUST000760,Home & Kitchen,2,781.04,1562.08,debit_card,2026-05-24T00:18:49
91449f8c-af70-48cd-935c-cb28ff442de8,CUST000323,Electronics,1,1354.0,1354.0,credit_card,2026-07-21T03:20:38
ec267cf5-f2d1-4c7c-807e-409751125384,CUST000465,Beauty & Personal Care,4,1024.68,4098.72,debit_card,2026-05-02T15:19:44
a93c7789-44ca-45f5-9012-a6dc9206085f,CUST000359,Toys,2,925.18,1850.36,upi,2026-03-14T22:37:58
4197dcc3-7a86-4cab-a154-945405b990c1,CUST000566,Groceries,5,451.69,2258.45,cash_on_delivery,2026-08-08T08:17:45
aa3762b8-5822-4126-be3c-ee2ac4c30550,CUST000478,Books,5,1832.69,9163.45,upi,2026-04-24T06:58:30
d22298b6-9ed0-44ce-a886-233fe62d54d2,CUST000616,Fashion,4,1842.03,7368.12,wallet,2026-07-01T06:03:10
463a963e-fd8d-419d-a432-251bbddc7252,CUST000775,Books,5,785.17,3925.85,upi,2026-02-17T05:25:07
51235127-211d-4594-8f02-b7a1f8d47abd,CUST000008,Toys,2,262.53,525.06,credit_card,2026-06-22T13:33:51
f5f5ab86-08c4-4e6e-9e59-a6ae57025031,CUST000694,Groceries,5,837.58,4187.9,debit_card,2026-03-06T18:48:25
bfa568c7-cd07-4f5c-b616-42c5cb25064b,CUST000377,Beauty & Personal Care,1,422.26,422.26,wallet,2026-06-26T10:27:03
e460ed08-db2a-4167-8ed3-e9dd6c375f85,CUST000125,Sports & Outdoors,1,139.79,139.79,cash_on_delivery,2026-05-03T02:45:37
a4183fdd-2a86-4319-8553-915e9daaa2bf,CUST000381,Electronics,2,1877.07,3754.14,cash_on_delivery,2026-02-11T09:30:50
5ea76148-5c69-4f51-a7c1-41b6b1f0f112,CUST000092,Beauty & Personal Care,2,651.53,1303.06,credit_card,2026-03-16T18:35:53
eaa6248c-9898-42e2-987a-39708982ab30,,Electronics,1,678.75,678.75,cash_on_delivery,2026-07-28T06:05:12
e15b9557-b6ea-4976-925f-43f33884beac,CUST000257,Toys,1,871.2,871.2,credit_card,2026-05-31T02:16:46
82e95ff6-8ca0-4256-848c-431c81008360,CUST000229,Electronics,1,640.78,640.78,upi,2026-07-30T14:34:50
0d3020b7-fdc2-42e9-9d31-086b280709ca,CUST000647,Toys,1,737.81,737.81,credit_card,2026-06-06T07:15:20
cff2161c-5e91-437c-af86-2a3e5caa93dd,CUST000501,Home & Kitchen,5,1060.28,5301.4,upi,2026-06-07T01:46:24
8489847b-7d44-43a5-a995-2aa8cc248f3e,CUST000736,Home & Kitchen,1,569.0,569.0,cash_on_delivery,2026-03-31T12:22:28
6a1837e5-9432-4b2f-ab97-fa654971475b,CUST000132,Home & Kitchen,4,1390.47,5561.88,cash_on_delivery,2026-07-04T09:48:14
5b7d3c81-7108-4bd9-a723-06ecae926999,CUST000436,Groceries,N/A,1459.68,4379.04,credit_card,2026-07-21T08:42:02
8048d66a-5475-4a7a-8377-bb120ec50aec,CUST000080,Fashion,3,689.8,2069.4,credit_card,2026-04-12T08:24:15
78188b53-57df-499b-b31e-ebc843d8a109,CUST000410,Electronics,3,1019.89,3059.67,cash_on_delivery,2026-02-20T18:53:55
6b790ac6-577d-4138-ac92-e5190a1d3736,CUST000034,Sports & Outdoors,3,1805.12,5415.36,credit_card,2026-06-01T21:21:12
9c9e9f04-8b36-4940-8d88-5f73f6d47ecd,CUST000550,Electronics,3,1144.56,3433.68,upi,2026-03-16T00:01:23
2c8d7abf-366c-4cf5-94a4-f304390f1971,CUST000188,Toys,4,850.77,3403.08,upi,2026-04-21T06:53:43
a5b34f80-647d-4a44-99c3-c19009606ecb,CUST000451,Home & Kitchen,1,1469.46,1469.46,cash_on_delivery,2026-07-26T07:57:17
31b8dc65-6498-4ebe-beb4-1f084d162679,CUST000118,Beauty & Personal Care,1,179.92,179.92,upi,2026-05-27T16:34:28
5bb5211b-a768-4bc2-985e-daf349e7d679,CUST000793,Toys,5,660.54,3302.7,upi,2026-07-12T09:11:07
21f17c6d-099b-4288-8ecc-7c627d5cf962,CUST000587,Electronics,1,633.52,633.52,upi,2026-06-01T03:56:12
24f08e8c-9fc3-4438-9656-7b0a3b5b9f01,CUST000123,Fashion,2,646.57,1293.14,credit_card,2026-04-23T22:07:03
d1c6e68e-734c-4842-8731-ce4f68f65525,CUST000234,Beauty & Personal Care,3,946.6,2839.8,upi,2026-06-04T22:54:55
3afc6683-107d-4cad-95e6-f452e4eabc60,CUST000151,Books,3,742.41,2227.23,credit_card,2026-05-09T10:04:43
e34ba09e-9278-4f2f-b0d5-da567c4cc055,CUST000738,Sports & Outdoors,1,1818.92,1818.92,upi,2026-06-17T17:58:34
0ffe45bd-ff00-4f1e-905d-666bee72d4fe,CUST000747,Groceries,2,1890.01,3780.02,wallet,2026-05-23T04:28:52
e4bc11c3-56b7-41eb-a43e-05731e49df1b,CUST000300,Electronics,4,1511.89,6047.56,debit_card,2026-02-14T00:14:50
0ae174ba-5c8b-43b2-8c39-da65a29da772,CUST000348,Sports & Outdoors,5,1539.9,7699.5,upi,2026-03-26T18:58:52
730f7206-3af0-4fe0-b060-cca9d68e236b,CUST000559,Home & Kitchen,2,683.67,1367.34,upi,2026-03-25T11:59:01
756e2a8e-23db-4541-bb15-663e944db923,CUST000224,Electronics,3,948.99,2846.97,debit_card,2026-02-25T09:45:44
4617ae43-a239-40fb-b2ef-c12d306c8853,CUST000675,Toys,1,1070.69,1070.69,debit_card,2026-06-14T15:20:22
81ccc8b8-ef9e-474a-8320-79fdc6b49a97,CUST000001,Books,3,1698.77,5096.31,credit_card,2026-05-01T08:16:43
16703555-3333-493d-96de-66acb7230633,CUST000055,Fashion,3,1650.98,4952.94,upi,2026-03-03T23:07:14
8a0ff8d9-6e1c-4e01-8bdb-b92212bae9c5,CUST000732,Beauty & Personal Care,1,211.06,211.06,credit_card,2026-05-10T00:56:38
3c759824-2e23-4c16-afea-e31bf122b9f2,CUST000187,Groceries,2,1658.48,3316.96,debit_card,2026-06-16T16:14:44
232c04e3-c734-495d-b5ac-f059345aa991,CUST000754,Home & Kitchen,3,1059.07,3177.21,credit_card,2026-03-15T23:28:14
05488e06-703e-4313-bf20-fcf79f9b43ff,CUST000067,Books,1,1241.39,1241.39,debit_card,2026-04-24T07:49:14
cc5ab606-0127-473a-9112-4b22f539d28c,CUST000308,Electronics,2,758.77,1517.54,credit_card,2026-02-24T19:09:53
56cbe897-ffb2-41ea-ae49-a0c91ba10ab8,CUST000233,Sports & Outdoors,1,742.28,742.28,upi,2026-06-04T12:12:45
5b39d4d1-bda5-4d7f-af24-1421c8b4a0bf,CUST000140,Toys,1,1199.49,1199.49,debit_card,2026-07-26T09:52:38
fde4e540-a143-4f75-b312-9a854269a488,CUST000013,Toys,4,1345.83,5383.32,cash_on_delivery,2026-05-20T11:32:04
0b277bcd-c9e3-4d95-a5ce-55613c358a58,CUST000532,Toys,1,1725.03,1725.03,cash_on_delivery,2026-07-15T21:05:12
f7ae7fac-0c33-4d9d-b34e-a280d38b4129,CUST000123,Beauty & Personal Care,1,995.42,995.42,debit_card,2026-05-07T14:39:50
e1ac66a1-713e-4fd2-aa39-730b56b3708b,CUST000527,Toys,N/A,1000.03,3000.09,cash_on_delivery,2026-06-13T22:04:14
994a6366-ab3d-4022-8bf3-0c25b2323cfa,CUST000759,Books,1,341.06,341.06,upi,2026-05-07T18:24:05
93ea6465-42e6-430e-a922-9d3c1003db5b,CUST000480,Toys,1,1739.48,1739.48,cash_on_delivery,2026-05-06T22:02:42
65d2cf4d-c76b-4c33-9027-09a5bcba4048,CUST000145,Sports & Outdoors,2,1083.18,2166.36,debit_card,2026-05-23T18:46:36
122f6ea9-d149-4826-8e0c-5859c5404a55,CUST000296,Fashion,4,474.13,1896.52,debit_card,2026-06-18T06:03:28
00febf71-43f2-4c48-98f5-8abde073fe98,CUST000493,Beauty & Personal Care,4,352.89,1411.56,upi,2026-06-30T03:08:39
6e8df73d-acc4-450d-bfda-1a1d543f749b,CUST000796,Fashion,4,36.18,144.72,credit_card,2026-03-29T21:51:19
ac530ccc-7309-448d-9f25-ad88d519d685,CUST000190,Beauty & Personal Care,1,1754.1,1754.1,upi,2026-03-04T12:03:32
941c6ceb-b4b8-4d8d-b135-5a88cf50ff67,CUST000768,Toys,1,1007.76,1007.76,credit_card,2026-03-19T03:33:01
d9c1db9a-8052-4dc3-bfea-df02e1eda372,CUST000186,Toys,5,1802.73,9013.65,upi,2026-07-08T00:01:51
97319816-100a-4f0a-b7e8-d25637318c0e,CUST000737,Electronics,N/A,26.29,52.58,debit_card,2026-03-11T18:30:52
1f316e94-42e5-48b3-b819-badf06581592,,Beauty & Personal Care,3,354.15,1062.45,credit_card,2026-05-09T08:18:30
2a3c0154-2778-4812-b25f-0167a06fa62e,CUST000553,Fashion,3,644.82,1934.46,cash_on_delivery,2026-04-20T05:33:01
81b063a8-6c97-4fb3-abf9-d137e5b196b8,CUST000040,Fashion,5,238.95,1194.75,wallet,2026-06-19T10:51:21
46fd5d4d-23e6-43f8-811e-36eac6086ee3,CUST000553,Electronics,4,1916.37,7665.48,upi,2026-02-18T00:37:52
7ec19056-3f74-43b1-bf4b-0cf21cd9fe5a,CUST000143,Home & Kitchen,N/A,1181.2,4724.8,upi,2026-05-09T07:11:10
78ceed9a-fd93-44d7-a7a8-d92d19679646,CUST000388,Electronics,2,1928.22,3856.44,credit_card,2026-07-19T09:06:53
95bfabc2-d628-4f65-9cca-5d8fafda774f,CUST000016,Books,5,1991.33,9956.65,upi,2026-03-05T16:17:48
548ba034-c9a8-4112-a86f-687f40da999e,CUST000259,Groceries,1,1592.7,1592.7,upi,2026-04-27T08:46:04
1ca370a7-c65d-44b1-bb6e-23bbf3f552d0,CUST000206,Toys,1,1939.43,1939.43,debit_card,2026-06-30T06:24:22
736e1535-cc19-4868-b588-a59461ec3539,CUST000214,Groceries,3,1183.51,3550.53,cash_on_delivery,2026-07-04T13:33:37
8f58918e-86ce-4ea5-bfa6-f5648490823d,CUST000504,Groceries,5,256.04,1280.2,debit_card,2026-05-18T02:00:07
cbffe7c8-6e5e-4f85-97d2-74c384d2c5b3,CUST000041,Groceries,3,1098.23,3294.69,credit_card,2026-07-11T13:58:50
8b083024-c92f-4b3b-9efd-89efe7174f63,CUST000673,Toys,2,111.18,222.36,credit_card,2026-03-30T20:08:15
27a2b168-3305-4c5d-9bca-3eb0e4448166,CUST000547,Groceries,4,1716.01,6864.04,credit_card,2026-06-09T16:58:10
8d467e8c-ebb9-4741-9735-e4ce404d7bb8,CUST000252,Home & Kitchen,2,168.67,337.34,cash_on_delivery,2026-03-25T23:52:33
f16fd135-75a0-486d-9f9e-0abb0dc89ad3,CUST000424,Groceries,2,612.84,1225.68,wallet,2026-03-14T20:17:42
768fdced-1003-42a0-a80c-a540b665c667,CUST000545,Groceries,4,1907.47,7629.88,debit_card,2026-04-28T13:05:08
5d1b75c3-d357-4255-bfb8-dc77f84db110,CUST000572,Electronics,3,1163.07,3489.21,debit_card,2026-06-15T21:18:46
4eaa318e-f559-4cfc-b661-2b0dfe28ce7c,CUST000403,Home & Kitchen,5,697.0,3485.0,credit_card,2026-05-22T17:02:53
c53fbe56-e8cf-4216-9be3-cb814e518d3f,CUST000776,Sports & Outdoors,3,219.95,659.85,cash_on_delivery,2026-05-14T17:31:12
7c3f470a-6b81-483e-9e91-ab7f0aa74004,CUST000774,Electronics,4,1521.21,6084.84,wallet,2026-04-10T18:31:14
34e1f6cf-c384-4905-9e71-b00c7ad39b5c,CUST000454,Books,3,251.57,754.71,cash_on_delivery,2026-07-16T13:24:50
d4d40528-a99c-47c3-be69-a526c2dcdad9,CUST000396,Sports & Outdoors,2,277.13,554.26,upi,2026-06-30T23:58:38
307b846f-7009-4f1b-9856-f5bfe9f3074b,CUST000764,Toys,4,767.24,3068.96,debit_card,2026-08-07T02:04:55
366f8e85-7bc1-4c07-86f9-ed89ec73c33a,CUST000030,Electronics,3,1794.13,5382.39,upi,2026-06-09T05:23:30
63b6ee90-fa50-4bc5-8249-abb9a8057e66,CUST000064,Groceries,4,855.29,3421.16,upi,2026-07-08T16:13:51
079e0147-0df9-4045-9251-d00160a51ebd,CUST000022,Home & Kitchen,1,506.47,506.47,credit_card,2026-05-02T20:36:53
8e53a360-0734-48f0-88b6-4963893adfbc,CUST000437,Fashion,5,1552.93,7764.65,wallet,2026-05-11T02:21:40
52ea49a1-0eed-4ca3-9615-dad57c3e816f,CUST000319,Fashion,2,793.51,1587.02,debit_card,2026-07-30T13:55:24
bbcf9d4f-c22b-4e9a-83d9-bf788b273af9,CUST000739,Home & Kitchen,3,1280.71,3842.13,wallet,2026-02-17T05:28:47
dc6e490e-80d1-49a8-ab19-26063e6bb70f,CUST000036,Groceries,5,614.43,3072.15,cash_on_delivery,2026-03-06T21:15:07
904c7398-6d51-4c67-8ae1-3ac0d798b266,CUST000374,Sports & Outdoors,5,354.66,1773.3,credit_card,2026-04-06T14:29:27
675c7ee2-a2ac-4467-82bc-8038a4ca810f,CUST000180,Toys,1,1912.85,1912.85,upi,2026-05-07T10:51:46
926db59b-db6f-4855-8b62-724e142469e4,CUST000224,Beauty & Personal Care,3,693.97,2081.91,debit_card,2026-07-24T22:04:48
33c66ae0-cac4-4db3-a3f6-ffcbd9608557,CUST000415,Toys,4,1131.03,4524.12,upi,2026-06-17T00:40:29
cd4a8482-004c-45d0-8484-4da1e336051a,CUST000611,Fashion,3,650.69,1952.07,upi,2026-05-20T11:38:11
1b1f56b4-b512-42cc-baa5-a2fd352c8558,CUST000465,Books,5,51.63,258.15,debit_card,2026-04-26T00:56:20
e3cfe225-afad-4122-bddb-e2cb90b25084,CUST000662,Sports & Outdoors,2,672.54,1345.08,credit_card,2026-04-16T02:33:18
9d5fbd60-e328-4e09-9fd8-247880b996de,CUST000439,Sports & Outdoors,2,1583.2,3166.4,upi,2026-08-06T11:45:18
cd81440d-d426-4411-8080-ad30e82288bf,CUST000295,Toys,3,767.1,2301.3,wallet,2026-05-02T20:42:37
b36318c0-bc36-4453-98df-4fec198a0153,CUST000114,Fashion,5,1676.01,8380.05,credit_card,2026-06-29T01:30:33
11d5b08e-1166-432f-9585-7f95596edcbf,CUST000597,Books,5,1277.75,6388.75,cash_on_delivery,2026-06-19T11:54:27
15d470b8-1fe7-4caf-a8e4-78a812454214,CUST000799,Fashion,4,1553.66,6214.64,cash_on_delivery,2026-06-04T18:47:12
d39c0c5b-2c5a-41f6-a7e6-53215068ac3e,CUST000024,Sports & Outdoors,4,975.15,3900.6,upi,2026-05-14T02:59:21
aaafcd86-5d82-404a-b2be-f9c34f3863b7,CUST000169,Groceries,3,158.79,476.37,debit_card,2026-02-14T22:02:24
8af81f93-3b85-4483-a510-042cd620fdca,CUST000484,Electronics,1,105.9,105.9,wallet,2026-03-08T17:34:14
dbf906ef-eec5-4148-b1a5-7b861edeeedd,CUST000136,Beauty & Personal Care,1,1747.4,1747.4,debit_card,2026-07-01T16:05:05
60cfc4f4-58d3-4e1e-9ae1-0883706041c7,CUST000516,Sports & Outdoors,3,1768.44,5305.32,upi,2026-07-18T00:37:16
611fa72f-39d2-42d7-9326-c5b562539aeb,CUST000103,Home & Kitchen,4,715.7,2862.8,debit_card,2026-02-22T05:38:18
3bf8ff93-7c39-46e3-9dc8-5da835bac5ad,CUST000493,Toys,2,1073.34,2146.68,cash_on_delivery,2026-07-04T14:02:00
eba24dcf-ef46-45c9-90c1-5868a178665b,CUST000186,Home & Kitchen,2,904.07,1808.14,debit_card,2026-08-08T01:20:28
e800f8bc-359d-42be-93a1-f5a01ce1eca1,CUST000746,Books,3,153.35,460.05,upi,2026-07-11T15:59:38
e31a3649-0406-44e8-8746-5e4b73384139,CUST000377,Groceries,2,354.55,709.1,upi,2026-03-14T01:33:42
b3f86303-d883-4a0f-8013-931c17fca9e5,CUST000619,Beauty & Personal Care,2,946.86,1893.72,upi,2026-06-28T12:30:18
e3e4666a-fd9c-4687-809e-58eb392bd13a,CUST000043,Sports & Outdoors,4,1925.78,7703.12,cash_on_delivery,2026-04-16T09:14:54
1f359794-cb4a-4021-9ea4-5042f13bc162,CUST000222,Toys,4,910.21,3640.84,credit_card,2026-03-28T22:32:45
2637e42b-3439-4a2d-8968-780308976938,CUST000401,Books,3,207.1,-621.3,cash_on_delivery,2026-05-14T09:37:11
c808c259-257c-4173-8626-98515ac1694b,CUST000267,Sports & Outdoors,2,1355.47,2710.94,wallet,2026-06-21T00:55:40
930873d5-5327-4356-b1c3-549d2b567ff7,CUST000707,Sports & Outdoors,1,1729.31,1729.31,wallet,2026-07-07T01:02:06
a7ef5ff4-3ee0-477e-85a1-5975eb751d57,CUST000629,Home & Kitchen,1,104.55,104.55,wallet,2026-02-17T22:15:52
577c9499-b651-4d03-95b3-49b35df9861a,CUST000075,Electronics,3,360.09,1080.27,wallet,2026-04-10T10:44:29
3bfe177c-0073-4203-bc99-72f0a889c795,CUST000731,Electronics,1,879.85,879.85,upi,2026-06-13T06:10:15
daf4437b-9e28-4237-8866-1dfb824eb19c,CUST000523,Groceries,5,879.45,4397.25,credit_card,2026-06-25T23:06:18
f9d988d6-5583-4555-b694-cec261ffe68e,CUST000362,Home & Kitchen,5,719.15,3595.75,credit_card,2026-02-26T06:39:09
d56943c3-1f73-4667-8af8-dafc6b4b589a,CUST000444,Toys,4,582.49,2329.96,credit_card,2026-04-10T04:51:25
6cb88658-9542-4639-bbd1-4e8746bd843f,CUST000570,Beauty & Personal Care,2,640.08,1280.16,upi,2026-07-21T07:53:28
7d5d0afc-be5f-4092-9505-24b7c2a9cf30,CUST000080,Books,1,1367.12,1367.12,debit_card,2026-02-25T06:47:10
754c3763-8d44-41e5-8729-8570b7826103,CUST000271,Sports & Outdoors,2,1933.61,3867.22,debit_card,2026-02-19T03:19:09
6845bea9-6106-48ec-a345-7eebf0d8063a,CUST000634,Groceries,2,102.59,205.18,credit_card,2026-05-17T21:35:03
59be0825-010b-40e1-aa27-58f1cf9abf6f,CUST000464,Beauty & Personal Care,1,1777.09,1777.09,cash_on_delivery,2026-06-24T07:54:10
4656b639-e6b1-44cc-a067-5173427edcae,CUST000619,Home & Kitchen,4,1634.03,6536.12,cash_on_delivery,2026-05-12T11:00:41
282ecf69-c0cc-438c-8fb6-4484e3019ee8,CUST000140,Toys,3,1393.43,4180.29,debit_card,2026-06-10T09:01:30
fa67977a-972b-4782-957c-38a2a94cab0f,CUST000187,Books,4,1565.9,6263.6,credit_card,2026-05-31T09:25:17
d83c4500-cc98-45f1-931e-478533f0e1b8,CUST000213,Books,4,845.18,3380.72,cash_on_delivery,2026-07-02T21:39:53
8e3edd9f-d33c-49e4-9b59-ea711e6f91c8,CUST000517,Toys,N/A,821.22,3284.88,cash_on_delivery,2026-03-12T06:47:15
75f4df17-3b54-4756-b87c-c58969b0a5f8,CUST000420,Fashion,2,1590.26,3180.52,wallet,2026-02-14T02:58:10
2d0f88e8-dc3a-48f3-8a95-bbe67bcfc071,CUST000136,Electronics,4,1563.11,6252.44,cash_on_delivery,2026-02-11T06:05:20
54c6d070-a113-4c76-b834-73c7b13e961f,CUST000690,Toys,5,63.98,319.9,wallet,2026-04-10T06:36:26
e85bcd87-2ddb-45e7-8f18-649c426c61d4,CUST000341,Sports & Outdoors,2,240.86,481.72,cash_on_delivery,2026-05-18T07:29:26
715d49a9-c52c-4382-96b7-1dd3d4f2a285,CUST000696,Toys,3,23.53,70.59,credit_card,2026-05-11T19:40:04
f45a91dd-e552-492f-a129-9a3f5c52da8d,CUST000414,Books,5,1474.78,7373.9,wallet,2026-04-07T07:08:08
6c129689-232c-4c44-8f40-de0961614481,CUST000224,Beauty & Personal Care,3,1439.08,4317.24,wallet,2026-06-20T15:23:02
8732c2b6-097a-4d61-8fb2-702d396ae4e5,CUST000121,Home & Kitchen,5,723.67,3618.35,debit_card,2026-03-12T17:10:18
3efb43d4-509f-47b5-8c77-1e728a4b1af4,CUST000553,Sports & Outdoors,3,49.97,149.91,upi,2026-02-16T17:20:27
82ee8472-919c-4f1d-8da2-c0af2b8bd3ad,CUST000144,Beauty & Personal Care,1,304.41,304.41,debit_card,2026-03-03T14:30:01
08c280d1-dc75-4b6b-a675-41a84c5eef86,CUST000716,Groceries,5,1787.77,8938.85,wallet,2026-05-22T00:36:23
68cc50fa-8fc5-4f50-a262-3e6d0ae18084,CUST000052,Toys,5,1320.1,6600.5,cash_on_delivery,2026-04-08T15:22:57
07e22fa8-610f-4bf5-a986-0ad7d150d402,CUST000361,Groceries,2,1143.47,2286.94,credit_card,2026-06-07T13:23:20
46f4d79c-4fe0-44cd-86e6-98b4809c5168,CUST000356,Groceries,4,577.7,2310.8,upi,2026-04-04T05:17:45
5b7608f0-7cbb-442a-9f17-3eb6d9f0952c,CUST000474,Home & Kitchen,1,917.79,917.79,wallet,2026-03-21T00:20:08
7f86a753-1994-4bb0-824f-0cd237d34912,CUST000760,Groceries,1,1516.76,1516.76,debit_card,2026-06-28T17:58:25
38cbe779-41db-44c6-a13d-994964f638bf,CUST000306,Groceries,3,1974.96,5924.88,wallet,2026-04-27T00:48:07
6c703c9f-c3d1-4d02-9122-4d91ece23d02,CUST000144,Toys,4,1860.72,7442.88,credit_card,2026-04-14T14:42:55
3d313e52-e375-416b-9d67-ebb3944fa300,CUST000618,Home & Kitchen,2,1042.05,2084.1,debit_card,2026-02-25T21:49:47
d71bb9cf-ba8d-48ca-ad29-90dd13f075b4,CUST000672,Groceries,1,492.56,492.56,upi,2026-04-02T04:39:44
6cf9dda3-1372-4e36-9a65-6436764a61b0,CUST000141,Fashion,4,660.68,2642.72,wallet,2026-05-22T03:35:14
489169c8-2c53-497d-8f38-3ee14a0f8e75,CUST000066,Toys,4,207.98,831.92,debit_card,2026-02-22T08:35:15
6bb20fc7-c0c3-49dc-b0cc-d944d09301c9,CUST000458,Books,1,1121.52,1121.52,credit_card,2026-04-21T09:28:26
ee697a1c-ba50-435a-9f4b-5e6b49c2380e,CUST000242,Sports & Outdoors,3,1613.39,4840.17,wallet,2026-04-28T01:55:54
57348618-ac31-478e-b0d7-edbda167535a,CUST000154,Toys,4,1867.97,7471.88,upi,2026-07-03T06:14:29
c735d79e-8ae9-4626-ac50-2717316d9d53,CUST000196,Home & Kitchen,1,445.03,445.03,debit_card,2026-02-28T15:05:38
67c7f454-c66c-47b6-855c-1f1889b01a6e,CUST000215,Beauty & Personal Care,1,198.77,198.77,cash_on_delivery,2026-05-05T21:10:04
fd010589-f043-4f09-ae9f-d50c57726b95,CUST000690,Fashion,4,176.95,707.8,upi,2026-03-21T16:48:58
6e7c5d9d-d51b-4686-9be1-54cded4a180b,CUST000070,Home & Kitchen,5,1898.22,9491.1,credit_card,2026-07-04T13:56:58
e62c536b-bc4d-42a2-9025-59cc93fd92c6,CUST000155,Electronics,3,1109.65,3328.95,debit_card,2026-03-12T14:49:04
a8c69822-f8f5-45f7-a8c4-8f9968e40ea8,CUST000418,Sports & Outdoors,4,1503.81,6015.24,wallet,2026-07-25T20:44:27
b6d43272-3003-48de-94c3-daf1bf1bb00f,CUST000329,Books,1,544.52,544.52,upi,2026-08-07T23:37:24
3693fe3c-d5d2-46d9-912a-12e82a5e21a6,CUST000182,Sports & Outdoors,5,781.21,3906.05,debit_card,2026-08-03T21:50:31
0345e491-1589-43fa-97b6-581e24f259d5,CUST000365,Toys,1,921.35,921.35,wallet,2026-07-07T01:21:58
39bbe96f-baeb-460c-91be-c5bb0ccf08ca,CUST000166,Home & Kitchen,1,784.45,784.45,cash_on_delivery,2026-07-31T13:16:05
e2b4ad14-b7e7-4f27-a2ad-2f034d02a06f,CUST000686,Fashion,1,272.88,272.88,credit_card,2026-06-15T10:29:35
4d6cc1e7-8307-49f4-b3b7-001ebe6871bf,CUST000563,Sports & Outdoors,2,100.88,201.76,upi,2026-03-08T15:54:14
d242dd69-2348-4c3e-b203-0762cc664669,CUST000588,Books,2,413.35,826.7,upi,2026-02-15T05:23:55
672661b3-be5f-4b1b-be8d-f0059012a596,CUST000349,Fashion,5,1702.94,8514.7,debit_card,2026-04-05T18:02:18
c4ab519a-e81c-419f-be74-4f327e100109,CUST000749,Toys,4,1044.18,4176.72,upi,2026-06-30T22:54:36
f6a7dd0d-bbec-4af7-ae33-a801c503aaee,CUST000206,Books,4,1781.6,7126.4,credit_card,2026-07-23T15:01:30
78b20107-4732-4727-8770-622c10f5c1ea,CUST000422,Beauty & Personal Care,1,89.85,89.85,debit_card,2026-07-23T14:09:03
8faa4775-6e4a-475e-bc0f-bfa9888a9940,CUST000533,Home & Kitchen,1,247.03,247.03,cash_on_delivery,2026-03-09T14:30:14
7b1f53bc-53b1-4e3d-ac2e-cb092638e88f,CUST000132,Books,1,960.01,960.01,credit_card,2026-06-29T10:36:06
221a7f29-cd96-4c07-b93d-2dff94fd5183,CUST000504,Fashion,4,1644.57,6578.28,credit_card,2026-04-24T14:03:43
9d7a699c-1c99-4533-8bbb-51f0d6e44754,CUST000160,Beauty & Personal Care,1,1697.83,1697.83,wallet,2026-04-29T19:02:02
d87cc7f3-606f-40ed-a54c-56b9b6f91244,CUST000430,Sports & Outdoors,5,1750.27,8751.35,cash_on_delivery,2026-06-18T13:36:13
4181ed92-078c-428b-a014-eff3feb31b41,CUST000628,Fashion,4,871.04,3484.16,credit_card,2026-06-22T08:33:48
d09b9b66-8a76-4895-8343-ecf6cfa4125d,CUST000759,Fashion,5,37.36,186.8,wallet,2026-06-28T17:46:48
6ef95c30-e921-4eb7-b9ac-611d014eb525,CUST000263,Sports & Outdoors,4,70.89,283.56,debit_card,2026-08-03T15:54:36
da98582f-0f62-407e-b640-387e658d4d45,CUST000015,Toys,1,1618.44,1618.44,debit_card,2026-02-28T19:55:37
2c709b0b-7a89-4829-842d-0b7a992ddb7d,CUST000523,Home & Kitchen,1,804.21,804.21,debit_card,2026-05-17T17:12:15
f216562d-64d5-4b31-b090-a6804e183c92,CUST000567,Beauty & Personal Care,5,1838.7,9193.5,upi,2026-04-21T19:20:26
05190db4-15da-490a-a63b-30c22160d7ee,CUST000066,Toys,3,1214.3,3642.9,debit_card,2026-03-02T22:50:49
bfca5471-9289-4b48-9669-6bf7db0d2f35,CUST000709,Groceries,2,935.74,1871.48,debit_card,2026-04-02T18:12:04
fb4d732b-ef23-4fcf-9298-3010852819f1,CUST000661,Beauty & Personal Care,1,1783.02,1783.02,debit_card,2026-03-15T11:23:30
c68ef2dc-d701-4f02-8b5a-1a1ae3441f74,CUST000433,Groceries,4,1782.75,7131.0,upi,2026-07-23T05:45:25
65695ed3-1de3-414c-a89a-23085c76abcb,CUST000332,Books,2,1357.41,2714.82,upi,2026-05-10T16:06:37
3f60c3a9-5764-4377-baf3-82de1275e82f,CUST000364,Groceries,4,1651.91,6607.64,upi,2026-03-03T22:45:11
217f3b47-f264-4bfe-ab32-91aa6d7dfc31,CUST000401,Sports & Outdoors,3,1221.44,3664.32,debit_card,2026-05-21T16:10:15
714510bf-901b-44f1-8f54-31c9af0d32b3,CUST000254,Books,1,594.49,594.49,wallet,2026-04-28T13:55:47
8f896283-21fb-4183-8521-a31f69f066f2,CUST000481,Electronics,2,1471.23,2942.46,cash_on_delivery,2026-03-09T11:34:23
ed3813d3-9b15-4785-ba6c-5a6867ede23d,CUST000372,Electronics,5,1327.04,6635.2,debit_card,2026-06-19T23:28:11
1412c699-d7d3-48dc-8769-dd7207fbaee8,CUST000043,Electronics,3,1381.72,4145.16,wallet,2026-05-25T02:04:20
df2d96a0-e60f-40e7-a387-a6d4a16728fe,CUST000234,Home & Kitchen,1,268.93,268.93,upi,2026-03-29T18:16:06
63a3fe26-6da4-4dc8-acd5-f9b95c226166,CUST000535,Groceries,4,122.57,490.28,upi,2026-04-22T20:22:15
d61a2209-93a1-45fa-bb32-f1b6eaf628b8,CUST000173,Electronics,3,1314.36,3943.08,wallet,2026-07-21T05:09:18
c5da2a68-696e-4c12-a919-a5fa86f98bf8,CUST000451,Fashion,4,1017.12,4068.48,credit_card,2026-05-21T20:37:22
043e49af-829e-40de-bc00-e7f42d049f2e,CUST000661,Books,2,1700.74,3401.48,debit_card,2026-04-05T15:46:51
e505def8-b078-4887-80c9-841fd3e366f6,CUST000722,Home & Kitchen,2,130.28,260.56,upi,2026-03-29T17:54:46
29994bfb-566e-4ff9-833a-e3d1ec409e60,CUST000235,Home & Kitchen,3,901.4,2704.2,credit_card,2026-06-10T03:22:00
1108d165-cf1b-467d-b1e1-c6a1ac4bbd4e,CUST000731,Fashion,2,441.94,883.88,debit_card,2026-07-29T10:00:11
c647415c-3c7f-4565-a71c-0ccfe9cdb867,CUST000350,Fashion,2,1776.42,3552.84,credit_card,2026-05-04T04:29:31
7300bbf2-3ab9-4fc6-a3e4-8273edbbe18f,CUST000730,Beauty & Personal Care,5,1883.15,9415.75,upi,2026-04-04T00:06:55
3e954a7a-c962-4af9-9ccb-37393b00d07d,CUST000634,Books,1,835.9,835.9,upi,2026-06-24T03:42:06
6a319918-3969-4c8f-9ee2-5ecb4864584b,CUST000532,Sports & Outdoors,1,1669.17,1669.17,cash_on_delivery,2026-03-24T00:33:00
a8a1bb18-ab91-43cd-9b00-899d5c22ae41,CUST000774,Electronics,4,1957.09,7828.36,wallet,2026-03-08T01:19:27
74289f1f-9be8-4bbc-a326-dc29bab4019b,CUST000673,Home & Kitchen,4,1446.59,5786.36,upi,2026-06-21T18:48:50
8c1cb5dc-2776-4dea-94c5-3357b94a4130,CUST000190,Groceries,2,821.88,1643.76,wallet,2026-07-25T08:06:10
b49358f6-e7d8-4b25-b0af-c7fdc0c3042f,CUST000750,Toys,5,1875.63,9378.15,credit_card,2026-07-04T00:41:45
cf73253c-31b4-4f4a-adb0-af24a35dddb0,CUST000161,Beauty & Personal Care,5,233.35,1166.75,wallet,2026-06-05T02:33:23
f398b49d-3258-4fd6-8e12-6448ff6b45a9,CUST000139,Home & Kitchen,2,315.04,630.08,cash_on_delivery,2026-06-16T15:56:12
8d94ecbc-de06-4da8-bb6f-322624cb791b,CUST000614,Groceries,3,1990.44,5971.32,debit_card,2026-05-25T11:49:38
ce1352df-1e42-4de4-8195-2fcb39177e2e,CUST000619,Beauty & Personal Care,3,1388.5,4165.5,debit_card,2026-07-23T23:04:42
8f9c88ae-f2bd-4171-bbe0-4429bf2de057,CUST000101,Sports & Outdoors,1,573.16,573.16,upi,2026-04-10T04:13:19
50f04dc0-bd1a-4536-b244-d5614bf732be,CUST000500,Toys,4,359.28,1437.12,wallet,2026-07-10T16:51:05
379cef14-227f-4b94-af84-6b288ce135ad,CUST000684,Electronics,1,828.85,828.85,cash_on_delivery,2026-06-19T06:28:07
78a241da-4bd1-4066-9a4a-88dda6aae06a,CUST000302,Beauty & Personal Care,4,1085.5,4342.0,credit_card,2026-06-21T07:13:08
487dcfa2-61a6-4318-a7fe-46da5c07ce5b,CUST000188,Electronics,2,324.21,648.42,wallet,2026-05-09T07:26:01
5b1689b0-2613-461d-a8d4-1993fdb03974,CUST000553,Books,1,987.83,987.83,debit_card,2026-05-18T23:37:36
451cce03-548b-4df8-acf9-2d2b736915ff,CUST000378,Toys,4,176.05,704.2,debit_card,2026-04-20T18:22:20
2f8a52eb-79c8-4645-841f-dd4af865955f,CUST000727,Home & Kitchen,2,1428.29,2856.58,wallet,2026-02-21T15:43:39
d2018e4d-12e6-4902-965b-c342ce3c0062,CUST000210,Groceries,3,1496.95,4490.85,credit_card,2026-06-17T13:03:28
96d8f86a-ae2d-485f-8b80-7a13cefed388,CUST000063,Beauty & Personal Care,5,411.98,2059.9,credit_card,2026-07-22T02:14:40
04107de5-cc4e-4e42-8748-5742d391da87,CUST000356,Sports & Outdoors,3,1926.76,5780.28,debit_card,2026-03-09T03:44:01
434a4672-c03f-45f2-8e87-44d88f66a69e,CUST000135,Beauty & Personal Care,3,1368.17,4104.51,credit_card,2026-05-12T12:32:13
6cbd511e-f5af-4f46-9d41-9e5230b7a10b,CUST000309,Beauty & Personal Care,4,350.74,1402.96,upi,2026-08-09T16:48:47
b8b19e68-93c0-4c78-9d44-e0642347dc5b,CUST000630,Toys,1,1720.63,1720.63,credit_card,2026-02-18T22:27:17
40b14711-c4bf-482e-9c96-34c5b32ff04c,CUST000170,Sports & Outdoors,4,1131.96,4527.84,credit_card,2026-02-19T15:30:48
140b1908-fdfc-45ff-b319-f4c2d1bfa2d5,CUST000575,Electronics,2,799.81,1599.62,credit_card,2026-04-05T00:33:25
09fa2a5a-8475-41b1-8913-79ceabb2e97a,CUST000618,Sports & Outdoors,2,1744.81,3489.62,debit_card,2026-05-11T16:36:13
b2fdfbd2-7e20-4181-862c-9dd1f18b0ebe,CUST000174,Home & Kitchen,3,386.36,1159.08,wallet,2026-03-31T23:37:45
4648e444-8ecd-4375-bc21-f20d4e313023,CUST000690,Groceries,1,761.96,761.96,upi,2026-06-16T14:03:00
7d980431-beb9-4372-8e78-f34f71f7e94b,CUST000449,Groceries,4,47.6,190.4,upi,2026-04-05T06:47:45
95f0f908-cfa1-4234-a4a2-16e4e73d5d1a,CUST000489,Toys,2,624.68,1249.36,upi,2026-03-01T01:10:29
af9ba273-e61d-43f5-8582-73939ba60c1e,CUST000093,Toys,2,1436.81,2873.62,debit_card,2026-05-23T01:37:26
2051e289-a6f7-4767-95c7-0e9ce4bd75bc,CUST000134,Sports & Outdoors,3,1332.71,3998.13,wallet,2026-04-07T20:28:15
3286011d-7235-4488-a8eb-7c3998fa25d1,CUST000028,Home & Kitchen,N/A,1559.5,6238.0,debit_card,2026-06-19T18:44:02
af2f5333-cee6-4c9e-82cc-da985e80fc5f,CUST000313,Sports & Outdoors,2,965.08,1930.16,cash_on_delivery,2026-02-21T13:17:11
03db4f4a-293a-4709-9f1a-a4f23c9ff95f,CUST000004,Fashion,5,1321.39,6606.95,upi,2026-05-17T10:31:16
016ffa51-9a3a-4dbe-82c5-621ba9b17fd7,CUST000406,Books,5,583.31,2916.55,credit_card,2026-04-11T14:23:47
a238661d-c9c9-4b86-8586-068118265380,CUST000260,Home & Kitchen,5,547.27,2736.35,upi,2026-06-18T14:32:00
08e1bb87-bfb9-406b-a553-c4c600697be2,CUST000540,Beauty & Personal Care,4,691.81,2767.24,wallet,2026-03-20T22:00:36
34c4473e-63c7-4459-bd0b-a3b2b2d23548,CUST000397,Groceries,3,1092.88,3278.64,credit_card,2026-08-05T02:37:31
6af03cbc-038c-4937-804a-f108afd2ce05,CUST000442,Beauty & Personal Care,3,673.26,2019.78,credit_card,2026-06-15T01:11:24
d4484c6c-66d5-4a54-b0ff-d61693d4ca12,CUST000567,Home & Kitchen,5,1424.24,7121.2,credit_card,2026-04-15T23:32:12
b9e99d87-1b8d-4521-9134-402975595938,CUST000508,Toys,2,987.55,1975.1,wallet,2026-02-27T17:04:06
d16c0ffa-bfd5-40a0-a798-1aab2fbdc30c,CUST000494,Fashion,1,1391.67,1391.67,cash_on_delivery,2026-03-05T20:04:52
8f1d0167-bbca-4609-af69-4bd1493f257f,CUST000243,Toys,4,1871.51,7486.04,cash_on_delivery,2026-05-09T18:41:08
a6a73c1f-0648-43d4-b446-ba3c36d52461,CUST000354,Books,5,301.57,1507.85,wallet,2026-03-11T13:58:11
d32b82b4-c083-4c81-82be-a6c9b3ff9c6c,CUST000770,,2,846.87,1693.74,upi,2026-05-10T13:21:30
81e128b9-8252-4f2e-90c0-fad7460eb6e6,CUST000402,Toys,3,311.41,934.23,credit_card,2026-03-17T23:21:40
7a68a08c-4325-4d57-8785-35889b6dcb2a,CUST000152,Groceries,1,972.49,972.49,cash_on_delivery,2026-07-18T00:35:20
805caaec-4ab0-4607-b47d-be0c687cf354,CUST000308,Home & Kitchen,5,497.88,2489.4,debit_card,2026-05-19T20:35:56
0be8fcc9-f4c5-4d73-b5a1-e338f3fb0852,CUST000577,Electronics,3,362.81,1088.43,credit_card,2026-06-05T07:36:51
2f8b9388-d44e-469f-a4be-000c013716f6,CUST000603,Toys,5,1525.05,7625.25,cash_on_delivery,2026-07-04T09:07:20
029af5ae-55a2-4844-90c2-76947d12abce,CUST000671,Toys,3,1994.95,5984.85,cash_on_delivery,2026-06-09T12:51:22
b7064e0c-20cb-42b0-b2bc-224bf138e504,CUST000610,Books,3,418.25,1254.75,debit_card,2026-07-16T03:47:31
b18e19f0-7c01-472a-b960-822a8f540ebc,CUST000541,Electronics,5,1826.4,9132.0,upi,2026-04-11T06:26:57
1a48914c-0a52-4fe9-9a1a-a8642dbb0efa,CUST000631,Electronics,3,566.77,1700.31,cash_on_delivery,2026-05-22T21:11:52
af3e7ece-6e4e-4af3-8f34-0b251c3e1eb5,CUST000385,Sports & Outdoors,4,1913.59,7654.36,wallet,2026-02-20T15:11:07
8161a778-37a0-48dc-86da-ad062b9a0672,CUST000708,Books,2,1594.28,3188.56,debit_card,2026-05-02T21:34:38
804b606c-d104-4a7e-af09-ff8d4ccd48e4,CUST000524,Electronics,N/A,1691.33,3382.66,wallet,2026-05-30T06:57:36
c19cd2ba-3f74-4b21-9a89-36b6fc242dcd,CUST000198,Groceries,4,1453.99,5815.96,upi,2026-02-12T17:52:39
6ec3a871-c1e4-4703-a66c-d8bf3023aa66,CUST000196,Fashion,5,855.47,4277.35,debit_card,2026-07-25T21:29:27
03d11044-9422-4516-a13c-ac1fc9185d02,CUST000432,Sports & Outdoors,2,1651.92,3303.84,credit_card,2026-06-18T15:58:55
ef46fc8a-e654-4ab6-bc67-3fe524d8a08b,CUST000346,Groceries,4,1124.58,4498.32,debit_card,2026-04-06T15:14:30
22665d7b-d66b-4dbf-8d1a-ffc4d3bced5e,CUST000055,Electronics,2,1488.62,2977.24,wallet,2026-03-09T22:05:45
5c09f314-d226-465f-b312-30f5612afb73,CUST000630,Beauty & Personal Care,2,840.3,1680.6,credit_card,2026-06-02T05:04:38
f6303beb-fddc-42c9-b74b-dbef29df1f34,CUST000431,Toys,1,672.75,672.75,debit_card,2026-06-16T14:30:47
d35e5fcc-d274-4102-baba-bf2382efd691,CUST000050,Electronics,2,1325.76,2651.52,cash_on_delivery,2026-03-22T07:59:05
a77eb2c2-4dcd-45ce-b587-5f538df733e1,CUST000388,Sports & Outdoors,4,486.55,1946.2,credit_card,2026-03-19T14:25:55
6f0677c6-efed-4101-9beb-ba41b0bc4a20,CUST000643,Electronics,4,285.01,1140.04,credit_card,2026-07-13T05:07:36
07fea771-c2e2-4958-9551-983218b52d5a,CUST000632,Home & Kitchen,1,63.43,63.43,credit_card,2026-06-11T07:39:48
d09e7af1-20cd-44cd-9079-6e98386de149,CUST000039,Home & Kitchen,2,190.91,381.82,wallet,2026-03-29T19:00:12
6f76b2fa-98b5-44db-8e84-cbf18809c9a9,CUST000642,Toys,5,115.98,579.9,upi,2026-04-08T23:25:52
e55bcf58-cf35-4dd7-bfed-3f7ad6afe72b,,Home & Kitchen,2,32.52,65.04,credit_card,2026-05-19T07:48:58
a761db0b-0d57-4ba3-9705-f27004cd69b7,CUST000002,Electronics,1,1161.39,1161.39,cash_on_delivery,2026-05-03T07:08:42
f2bb8223-4e6d-499d-9823-8c3e0fc3d345,CUST000194,Fashion,5,1381.96,6909.8,cash_on_delivery,2026-04-07T19:46:07
69bf7455-361c-4bf6-9237-22cda9302d59,CUST000540,Fashion,4,1402.09,5608.36,debit_card,2026-07-31T23:23:23
8c787d83-107e-40c5-adce-60c709e4fbcc,CUST000012,Books,2,229.48,458.96,debit_card,2026-07-04T09:36:20
ba42714f-cbc2-4bb7-a12b-fcf85e71a5e7,CUST000735,Home & Kitchen,1,1322.76,1322.76,upi,2026-03-20T13:02:24
1b242580-fad8-4e22-b852-84ca5b28f140,CUST000644,Books,2,299.81,599.62,credit_card,2026-02-21T04:27:00
fc4671dd-4552-4993-802c-345f33f792c9,CUST000348,Books,5,1962.71,9813.55,upi,2026-04-15T12:36:30
7de0f2c2-7319-4ae4-97a8-06aa29163ad0,CUST000156,Toys,5,1496.73,7483.65,upi,2026-02-12T11:05:58
bb9fd342-0033-4f7d-bd2e-92b4e1b5981f,CUST000274,Groceries,4,1780.17,7120.68,credit_card,2026-07-19T07:39:59
11443ebb-db5f-432d-8b14-6677bf335fb3,CUST000639,Fashion,2,1954.92,3909.84,upi,2026-06-24T09:14:39
97f8f26d-f994-4a6c-b0d9-ad6d58daaf7e,CUST000549,Electronics,4,1695.11,6780.44,debit_card,2026-05-24T23:30:13
0b5d4fe7-129b-4290-91fe-cc21c77a2b3f,CUST000480,Fashion,2,1693.84,3387.68,wallet,2026-06-09T20:47:07
066e3a8f-ee74-4a6f-a76b-6c73f7dc69ea,CUST000586,Books,1,692.71,692.71,debit_card,2026-03-07T23:29:15
bfd1ef1a-48b7-474e-8156-cdf269789966,,Toys,4,983.15,3932.6,wallet,2026-05-15T00:40:15
d61cad0f-7a33-4389-8266-58d8589220a5,CUST000198,Beauty & Personal Care,1,1176.31,1176.31,cash_on_delivery,2026-06-27T19:26:16
566ba2cf-6434-40fb-a76c-c023211620ca,CUST000450,Electronics,1,718.17,718.17,wallet,2026-04-26T00:36:02
a6eb4f7b-248f-4313-b476-b437023dabb0,CUST000612,Sports & Outdoors,3,1089.11,3267.33,credit_card,2026-07-17T02:32:35
7dbc43ae-ddf7-4d56-bbe0-a0ed665e29f3,CUST000397,Beauty & Personal Care,3,1764.47,5293.41,credit_card,2026-07-25T11:21:40
6753e311-2e41-4a4b-a382-ceced67c1a29,CUST000520,Sports & Outdoors,3,111.05,333.15,upi,2026-07-08T11:12:06
7839d938-9889-446e-a04e-0e2f6b4843e8,CUST000231,Books,1,1375.1,1375.1,cash_on_delivery,2026-08-06T11:29:42
a420604a-e54a-4793-8748-4d7eae4b7f93,CUST000401,Sports & Outdoors,3,319.11,957.33,credit_card,2026-04-14T13:40:54
59b3d33c-4b7a-4bc3-86e4-1784e1fa61ec,CUST000770,Electronics,5,880.82,4404.1,cash_on_delivery,2026-02-19T13:42:46
7b520089-6ebc-491b-b145-f8fef36bd7d8,CUST000661,Books,1,1019.43,1019.43,upi,2026-05-05T19:57:56
d84dec00-ba9a-4e4e-b899-c20737f1d26c,CUST000604,Sports & Outdoors,4,747.08,2988.32,debit_card,2026-03-16T19:07:07
0844d5aa-e959-4170-8d44-cf67d1728e53,CUST000486,Fashion,1,1155.85,1155.85,credit_card,2026-04-18T06:06:54
21d01256-6d26-4918-9088-c1db8ebaaddf,CUST000301,Groceries,5,808.37,4041.85,upi,2026-03-01T03:01:09
26aa60ed-0e0e-4692-9935-1b84fed66ed9,CUST000240,Books,4,1405.93,5623.72,upi,2026-06-10T06:43:06
0999fc43-01cf-46a9-aee1-357fa345cfa3,CUST000345,Fashion,1,1413.81,1413.81,cash_on_delivery,2026-02-19T21:08:03
4f38e206-a7ef-420e-a5c4-240af65052ac,CUST000705,Fashion,4,742.29,2969.16,credit_card,2026-02-11T04:20:16
66ecec08-2faf-4e23-85aa-8d1b359a9f59,CUST000618,Sports & Outdoors,1,461.66,461.66,credit_card,2026-02-25T12:48:43
d24d9a5c-803d-4726-90f4-6d36efbe712d,CUST000167,Electronics,4,548.98,2195.92,upi,2026-07-07T13:40:04
93a6ae15-6918-47f5-80bc-5f4b71551d2f,CUST000246,Home & Kitchen,4,276.82,1107.28,credit_card,2026-05-27T02:36:38
b74f2370-0a8a-4599-86c4-3c385055a1f9,CUST000687,Home & Kitchen,2,505.12,1010.24,wallet,2026-02-14T03:52:10
76e95c24-bc41-4fb9-97b6-a5c843e9f3ce,CUST000306,Sports & Outdoors,2,859.54,1719.08,wallet,2026-04-18T20:21:52
dc8f463d-da10-4ba9-9a41-552a44a1e03f,CUST000294,Fashion,1,1190.07,1190.07,wallet,2026-06-17T20:12:52
3a927ebb-e3c2-4788-a0bf-d1735a23bd0a,CUST000612,Beauty & Personal Care,5,712.77,3563.85,wallet,2026-05-23T12:39:25
d9fe5f51-deb6-4d2a-ab2f-ec30ab2b7872,CUST000634,Fashion,3,176.08,528.24,credit_card,2026-06-13T08:44:21
52cd81a1-b65e-4dce-9ec4-487cb2a85433,CUST000609,Beauty & Personal Care,1,1167.81,1167.81,wallet,2026-06-15T04:14:44
9acf4959-63db-4d0d-92bb-b98bd98a6210,CUST000503,Electronics,4,198.26,793.04,wallet,2026-04-26T05:45:34
3be07707-b1e8-4a47-90a1-d885df931fb3,CUST000205,Groceries,2,1435.21,2870.42,credit_card,2026-04-10T06:17:05
340e420b-3537-4cf4-b292-c94c213683f7,CUST000406,Sports & Outdoors,3,64.1,192.3,cash_on_delivery,2026-04-12T05:15:34
5b0ecf89-490e-4ef6-8dfa-d873a5ea15be,CUST000743,Electronics,5,1966.0,9830.0,credit_card,2026-04-26T07:30:21
cbc89e33-cc22-49fc-94af-daf5b1076b87,CUST000076,Groceries,3,397.77,1193.31,upi,2026-07-21T13:19:37
346db9db-031f-470b-a620-fb8c831b03e7,CUST000359,Fashion,4,1038.6,4154.4,debit_card,2026-05-22T06:20:47
a5e7e8bd-c0fe-4c0c-8e41-876cf15c90f2,CUST000068,Toys,N/A,857.89,3431.56,credit_card,2026-04-29T00:02:43
8e015a13-f70a-4949-9656-42bea03a41d9,CUST000566,Home & Kitchen,2,296.49,592.98,wallet,2026-06-01T08:07:12
bcd20eec-485a-41bc-8c76-178acbb28b77,CUST000740,Fashion,5,1803.0,9015.0,credit_card,2026-02-19T23:58:58
3ac2ff3b-4050-44dc-b6a3-ca6e54452d76,CUST000178,Electronics,4,578.22,2312.88,debit_card,2026-07-14T15:53:17
1afa178d-ee10-456e-8a5f-cccbe5c036b1,CUST000289,Toys,3,1600.08,4800.24,cash_on_delivery,2026-06-04T22:20:08
92fce5fd-dc48-4e81-acf4-83551735acd1,CUST000248,Toys,3,73.84,221.52,credit_card,2026-07-10T06:56:41
89d895eb-a1e2-41c1-96c8-f8bb8077f43c,CUST000515,Beauty & Personal Care,5,472.15,2360.75,upi,2026-07-22T18:59:14
b792b4ed-bcf1-4e6b-92c6-a956be573397,CUST000030,Electronics,4,1434.66,5738.64,upi,2026-03-31T18:36:36
812369cf-458d-4bfd-9cb2-b2d6359e7a32,CUST000175,Groceries,3,1655.43,4966.29,cash_on_delivery,2026-02-27T14:42:02
f7c2449f-369d-4603-88e3-33eccd806765,CUST000221,Beauty & Personal Care,4,375.41,1501.64,upi,2026-07-05T19:39:33
5d33b9ca-59d3-4895-9d0b-866f7634d4c5,CUST000219,Toys,5,160.76,803.8,cash_on_delivery,2026-06-17T15:12:27
eb5aeefa-e59a-4ec8-8c4f-193cabebc66f,CUST000442,Fashion,2,1274.21,2548.42,debit_card,2026-06-01T00:16:10
0caa48a8-47c0-4409-b76c-d3db90a65d18,CUST000760,Toys,1,1101.7,1101.7,wallet,2026-05-07T20:06:51
8e41b48c-59c4-4bd4-901e-46322e797834,CUST000546,Home & Kitchen,2,1007.63,2015.26,wallet,2026-04-11T23:14:53
d4b8e92d-64d0-4715-8365-27b5b58e1b1b,CUST000468,Electronics,3,475.23,1425.69,wallet,2026-06-16T16:06:30
dffd627e-b54e-4e4e-9718-e723591eb5dc,CUST000225,Toys,3,718.0,2154.0,credit_card,2026-05-29T09:28:51
e95cec07-ea39-4bd7-a65e-cb20c370ffec,CUST000226,Home & Kitchen,2,1873.69,3747.38,upi,2026-06-27T10:42:16
f9dc7be5-c65b-48a0-988b-797d319e16b0,CUST000139,Books,5,1594.56,7972.8,upi,2026-05-10T17:34:44
d8f44d00-1957-46da-b42a-d2d2a888a432,CUST000328,Books,4,1179.84,4719.36,credit_card,2026-08-09T18:55:59
46d4378b-d9e9-4293-a53c-b8296acc5296,CUST000360,Electronics,4,1648.37,6593.48,wallet,2026-03-31T10:51:20
89c3691e-240b-4434-826e-08a0fdfca102,CUST000408,Groceries,1,377.01,377.01,credit_card,2026-06-21T21:28:40
76e9fb97-5418-4ecd-ba53-51ceb9717404,CUST000409,Books,3,1494.85,4484.55,upi,2026-06-05T03:11:57
7b6e0e6b-d361-4db6-aa39-2cd9da99d7e2,CUST000136,Home & Kitchen,5,1583.15,7915.75,cash_on_delivery,2026-04-13T22:27:47
7da9f247-4ee5-40d7-9694-5be58996c999,CUST000666,Books,5,852.73,4263.65,debit_card,2026-02-21T12:10:59
333498d2-b5a2-44bc-a680-9814b2707cef,CUST000736,Beauty & Personal Care,4,1079.89,4319.56,credit_card,2026-05-29T07:48:43
090aa9d6-98a4-4f16-ae1f-1f4ad94b7dc4,CUST000116,Beauty & Personal Care,4,138.05,552.2,upi,2026-02-24T05:00:03
775e8883-cf64-440e-9d7b-39f02d0733a1,CUST000134,Electronics,3,789.82,2369.46,upi,2026-06-03T15:43:50
27401521-eb7c-4424-b0f3-27269c32490b,CUST000046,Home & Kitchen,4,1769.83,7079.32,debit_card,2026-03-05T11:24:49
d79c19ae-458f-4cee-bc76-b05753cb2c65,CUST000314,Sports & Outdoors,2,960.42,1920.84,credit_card,2026-03-23T12:46:08
6b2205e5-6d6e-41b8-b34f-69a40d34b6fe,CUST000591,Books,4,262.1,1048.4,debit_card,2026-05-02T01:09:44
065e5577-4e01-488e-81b2-1626dfa7d1e1,CUST000044,Toys,5,653.21,3266.05,debit_card,2026-04-13T12:47:32
8e753995-d19a-400c-b32a-dabaa670a51c,CUST000452,Beauty & Personal Care,2,600.81,1201.62,debit_card,2026-07-09T08:00:19
9ffee663-0ca6-4a4f-92a6-14c39a4de998,CUST000194,Electronics,5,738.89,3694.45,wallet,2026-07-12T16:57:30
3921155a-8197-4253-88fd-ac0ed00a9928,,Home & Kitchen,1,236.94,236.94,debit_card,2026-07-14T12:18:06
f8458ba5-e5d3-4779-be89-50f18aea9dfa,CUST000651,Electronics,4,1761.18,7044.72,debit_card,2026-05-07T20:56:01
408a2ace-e0cf-443f-a171-494289740e0b,CUST000204,Electronics,1,70.49,70.49,cash_on_delivery,2026-02-22T19:28:49
c7d95cdd-3a24-41a1-9e3b-1ccf3e7b247f,CUST000484,Sports & Outdoors,1,1433.25,1433.25,credit_card,2026-02-21T07:28:13
d7998c60-344f-4243-8bcc-b59188072a59,CUST000072,Books,3,1788.86,5366.58,wallet,2026-04-14T00:20:25
f9ca4366-2f40-432f-a47a-0814e205da37,CUST000338,Toys,3,1464.24,4392.72,debit_card,2026-07-12T15:34:37
e4360269-0cde-4508-83d3-2b1a1fba5139,CUST000102,Groceries,3,1315.44,3946.32,wallet,2026-06-18T08:42:42
fc369516-8a82-4a0f-8345-c669805b40aa,CUST000575,Toys,2,148.52,297.04,cash_on_delivery,2026-02-22T16:05:12
d03eb713-1fb1-4d49-9931-15c128198ebe,CUST000038,Books,5,1950.23,9751.15,cash_on_delivery,2026-07-06T09:41:14
9f0dd005-ba95-49ab-989a-e1afc3f1133c,CUST000695,Electronics,4,1190.04,4760.16,wallet,2026-05-19T00:47:03
f141dab0-b2be-449a-bd39-6bab9d44de6d,,Books,5,73.59,367.95,upi,2026-07-04T08:42:07
acc20e60-7fab-4e11-9ded-d329460ec7a9,CUST000097,Fashion,4,1276.25,5105.0,credit_card,2026-06-07T01:37:31
b81002e5-785a-4539-a1d4-624dec5d05cb,CUST000544,Fashion,1,1598.19,1598.19,wallet,2026-06-25T14:55:25
13d2edbf-d112-44ef-ac3f-c28e9d86ae50,CUST000755,Electronics,3,668.67,2006.01,debit_card,2026-08-09T07:04:38
60abaf0a-3757-4aae-8c7a-45cb9330c51a,CUST000299,Home & Kitchen,1,444.68,444.68,upi,2026-05-10T14:54:00
c2ae59df-3ac3-4bbd-bec9-5573e538cdcd,CUST000717,Groceries,4,1334.33,5337.32,debit_card,2026-07-07T11:06:32
c8355c0e-1d03-4557-84ad-4de13bcb27e3,CUST000765,Electronics,4,1952.96,7811.84,debit_card,2026-05-20T02:49:01
8c15e4a0-6639-4613-b688-27f6e74b6c95,CUST000769,Toys,1,1291.13,1291.13,upi,2026-05-26T01:28:01
1f6996cb-8849-4bbb-8156-0a49766844c2,CUST000240,Home & Kitchen,5,920.89,4604.45,cash_on_delivery,2026-03-26T02:02:50
c274e283-aa0f-456e-9784-28ac5edbc703,CUST000655,Beauty & Personal Care,5,476.36,2381.8,debit_card,2026-05-17T04:52:29
acf5f56d-f384-4fff-98a6-e8576d2eb2b0,CUST000405,Books,4,169.3,677.2,upi,2026-03-01T21:21:53
9baff92d-51c4-4a0f-b268-e726e967ef90,CUST000365,Sports & Outdoors,1,1580.76,1580.76,credit_card,2026-04-18T20:03:42
954e0241-d952-4582-822c-febd76b4b05a,CUST000747,Beauty & Personal Care,4,660.61,2642.44,wallet,2026-05-17T10:53:02
49cfa4a8-44fe-419c-bf64-e38a519e9d34,CUST000004,Sports & Outdoors,3,1296.25,3888.75,cash_on_delivery,2026-06-01T16:58:49
eaea3703-f03d-4819-a1ea-e53539dc1211,CUST000359,Electronics,5,187.48,937.4,upi,2026-07-07T20:37:12
148734d2-d8e0-4c6d-82d7-04eb21d39e85,CUST000209,Sports & Outdoors,4,1508.25,6033.0,cash_on_delivery,2026-05-28T19:12:28
49cad4d5-82f0-4bf6-8bed-a10a535303d9,CUST000073,Toys,5,1261.6,6308.0,upi,2026-03-23T16:36:27
d1d3aa3a-e15c-4dcf-85ff-2c4cbec5f036,CUST000507,Beauty & Personal Care,4,78.85,315.4,cash_on_delivery,2026-05-26T13:13:49
86f69907-5157-49e7-9d33-025b8dfee4de,CUST000577,Toys,3,96.13,288.39,credit_card,2026-08-07T12:21:51
ad9911ac-a845-4e1a-9519-2e6833df2c7e,CUST000312,Electronics,5,642.04,3210.2,debit_card,2026-03-09T16:58:51
28334c67-d699-4a6e-bab1-ee8c14c696b3,CUST000334,Groceries,4,310.63,1242.52,cash_on_delivery,2026-05-24T18:44:13
f04ec2fd-20de-4b12-a4b6-e175484c5013,CUST000138,Beauty & Personal Care,4,428.29,1713.16,debit_card,2026-02-14T10:46:14
9b1e4457-76cc-4cdc-bf7a-67fd3add84fc,CUST000713,Fashion,2,1203.88,2407.76,upi,2026-03-10T03:31:45
311c8e13-b304-491d-816e-88f8f271092c,CUST000681,Books,3,648.34,1945.02,cash_on_delivery,2026-07-25T05:59:14
57ef7aa6-b427-4cdb-a21a-8de69cf47931,CUST000296,Fashion,3,610.77,1832.31,credit_card,2026-06-25T09:34:11
f64dbd3a-b2a7-4ae4-9f63-e022c24ec49d,CUST000352,Books,1,1775.13,1775.13,debit_card,2026-08-05T05:12:43
68154b3d-a5d7-4ecb-94cf-de61f4dfcde7,CUST000357,Home & Kitchen,5,287.81,1439.05,debit_card,2026-03-19T13:05:49
191ed814-5569-47c8-a8ed-a1d9b88facb8,CUST000043,Books,2,908.66,1817.32,credit_card,2026-06-05T07:58:55
97def366-2d38-4576-9481-d3136ab9734d,CUST000613,Toys,2,333.81,667.62,wallet,2026-04-21T09:02:00
7ff8ac0b-3905-43d8-9f4a-b1a4c9f7b5f4,CUST000411,Sports & Outdoors,2,28.9,57.8,cash_on_delivery,2026-02-21T18:33:24
64be79b1-589c-40f1-8b45-dfcd269ee1cc,CUST000416,Beauty & Personal Care,5,247.83,1239.15,cash_on_delivery,2026-06-09T14:31:46
9726e5c1-f745-4db1-863b-b4868ccea3d7,CUST000536,Sports & Outdoors,1,1735.33,1735.33,credit_card,2026-07-08T04:45:44
519831bd-59ad-4080-b685-a468b9b9f765,CUST000454,Home & Kitchen,1,582.1,582.1,wallet,2026-07-31T08:36:57
9dc74b8a-9f90-4160-a4cb-a7cc9d7720c7,CUST000393,Books,2,500.3,1000.6,upi,2026-03-10T12:27:32
ba0f8325-a048-4023-8d2a-da2902451588,CUST000299,Toys,3,273.42,820.26,upi,2026-07-17T00:36:37
86a04387-0ad3-47e8-a985-ee7340b96f44,CUST000379,Electronics,4,1487.22,5948.88,wallet,2026-03-16T20:17:10
22429fbc-c5ef-4066-84e1-a703497261e2,CUST000777,Toys,1,899.96,899.96,credit_card,2026-07-06T15:51:11
3d2d811c-3158-4d06-b1b4-9bf2e3d87f54,CUST000172,Beauty & Personal Care,5,897.21,4486.05,cash_on_delivery,2026-03-06T00:29:22
316e1cc0-448d-4d45-af16-55ee0076af69,CUST000151,Toys,4,1353.04,5412.16,upi,2026-04-13T00:58:07
10ec513b-b34e-4aa6-a024-013d053916ba,CUST000087,Toys,2,1319.47,2638.94,credit_card,2026-06-07T23:14:34
1d039114-3983-452a-bf3e-05441fcddb4e,CUST000760,Sports & Outdoors,3,771.15,2313.45,wallet,2026-05-13T15:17:11
ba0ba08b-32de-46d2-b46c-7f2ce1887599,CUST000482,Groceries,4,1067.31,4269.24,debit_card,2026-05-03T11:45:33
d3fdb77a-fa4c-4e55-b28e-bffa7f2a070c,CUST000127,Electronics,3,526.91,1580.73,debit_card,2026-04-12T22:46:36
155324b2-6e50-4083-9604-c4cf6ae177ba,CUST000560,Electronics,1,1347.24,1347.24,credit_card,2026-08-02T14:18:03
ceeec6e5-67f7-4879-a866-81e3cb25e2b0,CUST000485,Home & Kitchen,5,1403.78,7018.9,wallet,2026-05-26T10:12:09
80cbecf7-4078-42d1-b63c-774bd0c1cb70,CUST000197,Electronics,2,1042.91,2085.82,upi,2026-05-28T19:01:29
c43e44be-f131-4635-a1ef-b9aae3ff39d7,CUST000619,Fashion,5,1327.45,6637.25,cash_on_delivery,2026-03-26T08:03:32
a93424b7-5eba-410a-b2b0-9dfc65bea2ee,CUST000659,Books,1,1695.43,1695.43,wallet,2026-05-08T12:14:07
12c3a802-1b59-4a65-ae78-841925eb5a62,CUST000090,Electronics,3,821.87,2465.61,cash_on_delivery,2026-06-23T02:09:45
817180d5-6825-4728-90bc-6223f541abe2,CUST000658,Home & Kitchen,4,123.7,494.8,wallet,2026-07-02T04:07:40
fa482e24-e839-446d-af7e-7172c53f258a,CUST000012,Home & Kitchen,3,1051.5,3154.5,wallet,2026-03-08T14:21:37
967fdc28-eff3-48e3-bdee-c218d6f8421e,CUST000152,Beauty & Personal Care,3,1682.27,5046.81,cash_on_delivery,2026-02-25T06:58:42
3d2668d1-6219-4c10-8048-4609ac6c9740,CUST000640,Groceries,5,557.07,2785.35,wallet,2026-02-25T01:34:00
7ce7232e-14be-400a-9928-fbbee4888b9a,CUST000001,Electronics,2,359.38,718.76,wallet,2026-08-09T13:45:11
111b4341-2c5c-4b32-a6a9-d550edb020d8,CUST000191,Sports & Outdoors,4,1833.15,7332.6,credit_card,2026-04-14T11:10:34
a35bcdd8-c116-4162-a3d6-06547207c531,CUST000129,Electronics,2,1886.82,3773.64,cash_on_delivery,2026-04-23T16:48:43
28ec4558-6582-45ce-97e2-1c4ed163b9bb,CUST000250,Sports & Outdoors,2,139.14,278.28,upi,2026-06-22T07:02:28
3a3e1429-3d4e-42e5-bd81-c7b8ec925208,CUST000055,Electronics,2,1288.58,2577.16,wallet,2026-07-22T08:14:01
b57fec30-1f53-4c87-bf66-a88e89fc5d4d,CUST000277,Books,2,1339.81,2679.62,wallet,2026-08-08T20:20:25
d23de324-2b8c-4dd0-bd6e-c1e75b45ffbd,CUST000755,Electronics,1,402.36,402.36,wallet,2026-03-15T07:53:46
801f433f-4b64-4d9a-a25b-f32bd0677339,CUST000147,Fashion,2,1590.82,3181.64,wallet,2026-06-24T04:36:36
9f9b563d-dba9-4177-9e76-ce9e3253255e,CUST000023,,4,539.89,2159.56,debit_card,2026-07-09T02:43:55
cd41ee79-02d0-4334-9377-59f10d1b366b,CUST000217,Fashion,4,424.61,1698.44,upi,2026-06-25T12:35:30
2e4eb4b8-4656-4b01-9418-800ce8b03e99,CUST000411,Home & Kitchen,5,1453.33,7266.65,debit_card,2026-03-04T22:52:36
cc489abb-b1da-4f13-8280-62f0f85ecf23,CUST000769,Fashion,2,19.84,39.68,upi,2026-02-19T21:33:54
b539d83a-6ab5-4342-a568-f84352713091,CUST000441,Electronics,1,1381.64,1381.64,debit_card,2026-06-24T01:04:45
81e14176-5fba-49c0-8235-b0d4739ef3c3,CUST000075,Sports & Outdoors,1,1684.68,1684.68,wallet,2026-03-17T01:50:41
86d224f7-d53c-4ef4-95d5-ac0deed285f8,CUST000461,Toys,5,120.33,601.65,upi,2026-07-03T16:59:39
c40aab3c-36b0-4963-9829-447f676029b5,CUST000553,Toys,1,106.2,106.2,cash_on_delivery,2026-05-05T23:25:21
a60e9000-24ac-4dc6-ab73-db90c815111e,CUST000000,Groceries,3,96.62,289.86,cash_on_delivery,2026-04-09T01:39:11
d03cfd5c-13ff-4a5f-ba3a-e391db3db48b,CUST000593,Sports & Outdoors,3,841.04,2523.12,debit_card,2026-08-05T04:20:54
6d3d2ecc-960e-497c-98ed-4909be91427b,CUST000210,Toys,3,289.1,867.3,upi,2026-06-02T04:18:58
8f023884-138d-4e37-947b-e1253c85d4df,CUST000203,Beauty & Personal Care,1,514.44,514.44,debit_card,2026-03-05T20:33:01
4f36e421-325c-42da-8d84-fee7ae83aec9,CUST000594,Toys,1,1923.67,1923.67,debit_card,2026-06-30T21:40:02
16585241-0b39-425c-bbd1-8da2d3452994,CUST000347,Toys,4,1299.25,5197.0,upi,2026-04-24T07:05:47
ffdce464-d2f5-431e-89fb-f3af632b19ee,CUST000718,Beauty & Personal Care,2,102.93,205.86,wallet,2026-03-14T00:52:02
662b9c83-39ce-4a32-85ae-124e0a4c35d4,CUST000181,Toys,5,1263.94,6319.7,cash_on_delivery,2026-07-16T12:53:45
aecbf612-ebf6-4df7-98b0-88d5ecc76393,CUST000718,Fashion,3,503.11,1509.33,debit_card,2026-05-11T15:09:04
8ebe5148-2cb9-47c2-ba4e-aec29504854c,CUST000275,Toys,3,1917.26,5751.78,upi,2026-04-07T12:38:55
70e1692d-f7e9-4772-ab83-6c490f96b693,CUST000414,Home & Kitchen,3,162.83,488.49,debit_card,2026-08-03T16:35:17
90d42e79-390c-4532-924d-682f857b6170,CUST000539,Sports & Outdoors,2,807.38,1614.76,upi,2026-08-08T02:00:52
a9305ec5-afe5-41be-bd0a-0e38c47bae1b,CUST000135,Beauty & Personal Care,1,134.3,134.3,debit_card,2026-04-16T05:47:55
05252626-9a21-4bae-9a46-9e3fb1cf029e,CUST000697,Groceries,2,1496.08,2992.16,upi,2026-07-18T16:51:12
675f2f34-3cb6-41f6-bb33-41a468042991,CUST000285,Sports & Outdoors,5,1905.23,9526.15,cash_on_delivery,2026-04-11T20:18:23
4974a4aa-98c3-4557-8aca-04c48a784e26,CUST000649,Electronics,3,14.4,43.2,debit_card,2026-03-20T15:27:22
73d08d6f-9255-4693-956b-1fa14ea6f4ae,CUST000019,Beauty & Personal Care,2,435.23,870.46,wallet,2026-05-04T02:18:13
536d6341-6acc-4cce-8103-4f8275a5e7f7,CUST000561,Home & Kitchen,4,1629.66,6518.64,debit_card,2026-04-10T01:54:23
d405a560-f394-4e16-b8a9-46a7c98b1d73,CUST000591,Sports & Outdoors,3,1600.07,4800.21,credit_card,2026-06-02T14:30:21
e312eb9f-f8b8-4971-805d-59648687fc0f,CUST000384,Electronics,2,890.69,1781.38,cash_on_delivery,2026-06-25T14:54:24
555ba775-1053-4df6-b14c-75ebea816983,CUST000786,Sports & Outdoors,2,1210.86,2421.72,wallet,2026-03-14T10:05:45
da92a2d1-cb7c-4280-a8b8-85db0b32b904,CUST000541,Home & Kitchen,2,991.28,1982.56,credit_card,2026-05-16T01:01:27
2c38c9ab-8e26-48bf-8462-bb1e055450e9,CUST000427,Fashion,2,719.48,1438.96,debit_card,2026-06-09T16:14:52
0600b1c9-1cc3-4a21-9887-a03c3004c15b,CUST000657,Toys,3,799.6,2398.8,upi,2026-05-09T04:04:40
4b6a6760-f58a-4c9a-aa17-8cf4928e7206,CUST000754,Sports & Outdoors,1,217.74,217.74,debit_card,2026-07-28T20:44:35
39d40d8c-74e9-4e28-b7cb-04c106708461,CUST000515,Toys,2,701.88,1403.76,upi,2026-07-17T13:35:00
7fec17c1-7ca6-4f46-a55e-d4c12b68ac0e,CUST000305,Toys,3,1603.2,4809.6,wallet,2026-04-05T01:40:47
d9b3dfd3-3795-4537-976b-9868056c78d0,CUST000501,Sports & Outdoors,2,1501.48,3002.96,cash_on_delivery,2026-05-19T14:59:25
3ffa5612-24e4-4308-b1a9-939af735ded3,CUST000062,Toys,4,249.39,997.56,upi,2026-07-24T22:13:51
4e76d1b2-c87c-43fb-b8be-4bdce801f773,CUST000339,Beauty & Personal Care,2,166.85,333.7,wallet,2026-06-02T22:40:01
3947a818-483f-403d-b4b4-e5f0d83d5fde,CUST000462,Toys,2,1747.64,3495.28,upi,2026-03-23T05:33:27
71d902fb-8d51-48ba-8d2c-20ccd9a5e3e1,CUST000033,Toys,1,529.32,-529.32,cash_on_delivery,2026-04-05T07:20:50
51b7578d-200c-4ac2-b030-e5d062133472,CUST000152,Electronics,4,1866.12,7464.48,upi,2026-06-24T16:26:49
6194c2ff-5a66-47af-96bc-c36f385ff573,CUST000268,Groceries,3,1515.72,4547.16,wallet,2026-02-11T23:29:12
38e97405-8f3b-4c62-ab0b-e2998441a8b2,CUST000323,Toys,2,1528.53,3057.06,wallet,2026-03-20T07:17:28
2d81d531-4b75-4075-92c7-b01526e405b5,CUST000233,Groceries,1,730.3,730.3,cash_on_delivery,2026-06-27T15:02:00
f329c3b8-b324-4f30-99e4-50a8a0886f5d,CUST000546,Electronics,2,1255.73,2511.46,debit_card,2026-03-04T13:26:36
3cd30372-6eff-47bf-90b3-94b208e945f9,CUST000600,Fashion,5,119.35,596.75,wallet,2026-04-15T23:26:25
91502581-893c-4e43-a589-a9acaa09aa0f,CUST000056,Home & Kitchen,3,733.88,2201.64,credit_card,2026-05-16T00:02:56
7e88c595-d7b7-4964-abc6-594701684454,CUST000239,Beauty & Personal Care,5,454.57,2272.85,upi,2026-05-12T02:57:53
f5a5fbc1-ed8c-4c72-8bfb-92577b8e0d4c,CUST000404,Toys,5,306.92,1534.6,cash_on_delivery,2026-04-26T21:52:22
7beec270-d1b3-4120-9d05-d69d9b00a52f,CUST000566,Fashion,1,250.85,250.85,wallet,2026-03-04T11:54:37
af4ff764-2846-42e1-85c8-01dd91853c70,CUST000342,Toys,5,649.94,3249.7,debit_card,2026-05-10T22:26:33
e90dbadf-1b67-47ec-9377-1a4466d11554,CUST000749,Sports & Outdoors,4,486.38,1945.52,cash_on_delivery,2026-05-27T05:22:49
ad346ac2-2f63-4d86-b1b3-b229cfe3fb99,CUST000616,Books,3,225.12,675.36,wallet,2026-07-26T02:06:53
59f453d8-8a93-4762-916f-334255861ae5,CUST000116,Toys,5,1191.98,5959.9,debit_card,2026-03-08T08:41:22
62e8e702-4ce8-4d53-bc4d-3a4534d210a8,CUST000754,Groceries,2,473.55,947.1,upi,2026-04-13T06:03:30
62a5add3-b5be-4580-81cf-57dcfdf8aa83,CUST000661,Fashion,3,1950.1,5850.3,credit_card,2026-07-25T03:40:25
ee3a4040-9cea-4dde-a2dd-ecd7a81ca612,CUST000261,Sports & Outdoors,3,460.97,1382.91,upi,2026-06-15T20:35:35
6f4a92d9-3c9b-4d59-b065-faba4ddc3787,CUST000798,Groceries,2,1714.94,3429.88,debit_card,2026-08-05T05:57:25
e8720c4a-7b84-4643-be81-fce029d4a4b1,CUST000420,Fashion,5,204.52,1022.6,upi,2026-07-25T04:48:51
57109c3e-52df-4514-9b96-5b2f55948edf,CUST000203,Home & Kitchen,5,400.24,2001.2,upi,2026-07-08T10:46:15
b93c9cec-40e9-4067-bfd2-80a3a3d0d061,CUST000595,Beauty & Personal Care,3,1558.71,4676.13,upi,2026-06-11T00:30:13
d8dc8dd2-cbd3-466a-ac11-6c99d52c6777,CUST000414,Toys,5,1114.13,5570.65,debit_card,2026-04-27T00:47:42
ee8ac685-ec19-4472-892d-e426b621e857,CUST000232,Books,5,1496.21,7481.05,wallet,2026-06-11T02:14:03
f819751d-af98-400b-a673-ea5c90cc68f2,,Fashion,5,1069.22,5346.1,debit_card,2026-03-12T19:49:25
bf1827b6-896b-4072-a795-5b83716df942,CUST000652,Sports & Outdoors,1,367.47,367.47,debit_card,2026-03-17T10:52:31
b999b49c-9533-4a89-8e1d-2fb0e7bcdd0b,CUST000471,Sports & Outdoors,1,600.21,600.21,credit_card,2026-06-22T18:28:48
4dad477e-4c93-4604-9754-627263f431ef,CUST000002,Sports & Outdoors,1,468.02,468.02,debit_card,2026-02-13T10:47:25
b1344911-842e-4a13-8929-9de02b510cd2,CUST000503,Home & Kitchen,1,1907.55,1907.55,debit_card,2026-02-11T13:19:42
fb5dc1fe-d795-4857-8196-84211f36da4d,CUST000235,Fashion,3,76.55,229.65,debit_card,2026-04-06T03:32:21
2e0d298b-a8ba-4fc6-b1d2-a7017d494e5e,CUST000681,Fashion,3,1907.6,5722.8,debit_card,2026-02-20T00:16:11
11dd1b58-b643-4c1e-b5f4-3be7b03e3eb6,CUST000467,Electronics,4,1983.72,7934.88,debit_card,2026-07-27T01:13:52
f1bf790f-cc5b-4998-a81c-979c8cd22d7d,CUST000329,Fashion,1,887.51,887.51,credit_card,2026-07-19T12:13:23
f929fdb4-6e80-4ff1-874d-7be6ac5f2fea,CUST000627,Toys,5,1719.33,8596.65,credit_card,2026-03-29T15:57:24
4d7fa236-87da-4066-97c4-0c57f400a02a,CUST000164,Fashion,3,445.47,1336.41,debit_card,2026-05-19T00:38:53
ea0cf4a1-d990-488d-bd44-22086960c43f,CUST000721,Sports & Outdoors,3,1166.04,3498.12,credit_card,2026-07-09T21:01:08
590ffcf7-9541-422f-b512-ff6814117650,CUST000513,Beauty & Personal Care,5,643.43,3217.15,cash_on_delivery,2026-04-12T19:50:39
3d71317c-4a04-4f4e-8f54-c240ce140d29,CUST000344,Home & Kitchen,1,1988.3,1988.3,credit_card,2026-03-09T22:19:00
88d89f77-7882-4412-9764-ddc82547ddfe,CUST000173,Fashion,3,495.14,1485.42,credit_card,2026-07-05T16:20:27
df625b98-fee9-4d04-921e-f48c3a414460,CUST000628,Electronics,2,1761.27,3522.54,upi,2026-02-20T07:39:32
668afe3a-988a-4437-95ee-835f32d43a1d,CUST000460,Beauty & Personal Care,4,853.47,3413.88,cash_on_delivery,2026-04-19T12:43:17
f37535af-5ad4-4da0-9329-1701ad5d58b4,CUST000124,Fashion,3,1061.63,3184.89,upi,2026-03-01T10:51:48
313212d6-48a7-4086-83bb-714360d5c0ab,CUST000342,Toys,1,1800.48,1800.48,debit_card,2026-05-24T22:57:09
fdd720bc-676e-46c5-a368-04d0f23d5a75,CUST000744,Home & Kitchen,5,178.62,893.1,cash_on_delivery,2026-05-26T18:47:21
576acd47-002e-4e92-a114-b4e894e331d9,CUST000530,Fashion,4,1800.96,7203.84,debit_card,2026-07-19T06:17:37
74dea76a-7005-4932-bf70-02b98fc2eb7b,CUST000770,Beauty & Personal Care,5,1397.62,6988.1,wallet,2026-06-04T05:51:21
1f64d173-1dcb-43e7-a2bd-82ccf3c7de21,CUST000393,Fashion,3,1225.21,3675.63,wallet,2026-07-04T20:12:28
3362f904-c1e2-4d6a-bc9c-47675acd37e3,CUST000783,Beauty & Personal Care,3,88.85,266.55,debit_card,2026-08-09T11:09:21
e3a872e6-7c6c-4e86-9af9-aec7f56a3b39,CUST000177,Home & Kitchen,4,757.51,3030.04,upi,2026-05-09T01:54:34
c76b18dd-8ab9-454a-a275-cb359c806cae,CUST000196,Sports & Outdoors,1,825.93,825.93,cash_on_delivery,2026-07-23T19:08:19
f238dead-4b32-4070-b0f4-cda4412f8378,CUST000284,Home & Kitchen,5,1305.12,6525.6,debit_card,2026-06-28T11:06:57
1b68d500-a55c-4ea0-b8f3-58172bf67c49,CUST000421,Home & Kitchen,4,569.04,2276.16,upi,2026-04-23T09:04:24
c3dac1f1-45a8-4b4c-9fa9-899cec5729af,CUST000161,Home & Kitchen,2,34.8,69.6,credit_card,2026-07-19T06:27:24
89331b92-50b2-46a5-afed-2058cc4fb9e0,CUST000622,Electronics,4,1600.39,6401.56,upi,2026-05-29T04:21:45
f24bd6fc-c150-4884-8e11-fbb469e2885e,CUST000122,Home & Kitchen,3,319.44,958.32,wallet,2026-04-15T23:44:44
3df0b6e8-0989-484a-81ea-e9ca00da6e3f,CUST000029,Beauty & Personal Care,3,1580.39,4741.17,wallet,2026-06-02T03:38:46
42147462-bb3c-4d87-b8c5-387a2145566d,CUST000062,Books,N/A,1289.53,3868.59,credit_card,2026-07-27T11:42:25
696ad32b-daf6-4363-91e2-9f32b4d01133,,Home & Kitchen,5,572.48,2862.4,cash_on_delivery,2026-07-28T02:17:09
0e277554-94bb-452e-b0c5-eed5eb643c04,CUST000159,Fashion,5,1199.51,5997.55,upi,2026-07-24T18:31:46
3679c6bf-f20c-4bfa-815b-c2bdd4ab7ff6,CUST000533,Home & Kitchen,3,758.53,2275.59,upi,2026-06-05T06:40:47
58d67073-b8d5-4f55-acc8-ac6e7f000ea9,CUST000040,Beauty & Personal Care,4,1204.24,4816.96,credit_card,2026-08-04T07:51:04
0d1966c9-1c62-456f-8438-a03154c45442,CUST000352,Electronics,2,1535.93,3071.86,credit_card,2026-05-01T05:54:03
01fee3a8-64a2-4238-a68f-2e8ab4f845f8,CUST000295,Groceries,3,629.54,1888.62,debit_card,2026-03-24T20:42:37
6682e944-bdd1-4815-811a-046465f86c9d,CUST000611,Electronics,5,1327.44,6637.2,debit_card,2026-07-15T06:22:23
f461f678-d00e-45c9-a319-5702511549f0,CUST000507,Fashion,4,361.7,1446.8,upi,2026-05-17T00:26:09
b14a8a99-bc16-45dc-82e8-29044f3dc488,CUST000440,,5,1152.4,5762.0,upi,2026-05-03T17:45:15
581a7233-9bb0-44fd-bf78-8d3c2ef1966f,CUST000784,Groceries,3,1615.43,4846.29,wallet,2026-08-05T17:14:40
66be3a78-b150-4972-a6ca-bfb910ef8122,CUST000641,Home & Kitchen,5,1904.3,9521.5,credit_card,2026-07-18T00:13:45
64d194f0-430b-4394-8552-dc4dc914038b,CUST000638,Books,5,1534.42,7672.1,cash_on_delivery,2026-04-29T18:07:19
081356e6-e978-4970-a667-20c7ad7938e7,CUST000517,Toys,4,523.22,2092.88,credit_card,2026-04-04T06:51:49
5d3af02c-d3e8-4fd4-9a91-3d49d06a1a06,CUST000310,Sports & Outdoors,4,1382.87,5531.48,upi,2026-08-09T09:28:20
7d0ab00b-ed5e-4235-8a91-6f0a4a59dab9,CUST000657,Home & Kitchen,2,1129.51,2259.02,credit_card,2026-07-16T02:03:17
1ec6825a-0eea-431d-b314-bef345ff0c92,CUST000344,Toys,2,1601.7,3203.4,debit_card,2026-06-17T11:53:33
018ebdaa-5055-4b01-9609-35626e225784,CUST000289,Home & Kitchen,3,1930.17,5790.51,debit_card,2026-05-31T03:56:07
570cbff0-625e-4634-a1ec-6fec8b68cfe8,CUST000474,Books,5,1147.34,5736.7,wallet,2026-04-21T20:36:44
01569db7-5ab9-4fdf-b1e2-319fec597049,CUST000498,Home & Kitchen,4,424.54,1698.16,cash_on_delivery,2026-06-10T22:35:46
4286929a-0114-4f2d-8a4b-74d8e2b5b16f,CUST000667,Toys,2,680.39,1360.78,debit_card,2026-04-16T06:17:17
b337457a-1b2b-4627-bff2-49716830dfd7,CUST000467,Books,2,1451.81,2903.62,credit_card,2026-04-19T12:00:01
86d1d415-adb0-4f7c-a243-406d000be216,CUST000166,Fashion,4,1014.04,4056.16,cash_on_delivery,2026-05-25T21:15:56
77bc04a4-7998-4868-9635-2442896e0703,CUST000157,Home & Kitchen,2,1005.93,2011.86,upi,2026-05-28T20:46:15
8eb9f1ad-f1f3-4551-b0b9-edb23a1eb4cf,CUST000237,Beauty & Personal Care,4,1337.61,5350.44,cash_on_delivery,2026-04-25T17:41:26
593be0cb-e33b-4b9a-8e7f-5f525824676f,CUST000519,Toys,3,1030.83,3092.49,upi,2026-03-05T02:20:38
fede7e2a-abbb-4a25-8d45-219c4fa8d7cc,CUST000512,Beauty & Personal Care,2,1390.3,2780.6,debit_card,2026-04-14T01:24:58
07278423-d30e-437c-8b1c-6b5cc040a2fe,CUST000366,Beauty & Personal Care,5,329.68,1648.4,debit_card,2026-06-09T22:33:40
654e8a58-edcf-4656-977a-265e452ba12e,CUST000688,Books,4,104.57,418.28,cash_on_delivery,2026-06-29T23:40:27
d7ce9d5f-077d-4729-813a-f0b35fa4d00d,CUST000231,Fashion,2,67.82,135.64,upi,2026-07-06T04:44:21
71ca4506-98d9-47b2-ba51-e0484646223f,CUST000139,Toys,3,1525.74,4577.22,wallet,2026-07-04T12:45:11
ec7ff14f-2f1b-48b0-9214-332b47ddcdf3,CUST000296,Fashion,4,292.96,1171.84,debit_card,2026-02-23T08:46:40
b34d02a7-c639-4e42-8aac-673665c04ea8,CUST000788,Groceries,2,1042.3,2084.6,upi,2026-05-18T16:18:03
2994d3a2-cfbb-4360-b12f-b329e6ae1c42,CUST000763,Electronics,3,1098.56,3295.68,credit_card,2026-04-13T00:25:03
94ba28fc-9de3-4f21-8ade-c581913cc433,CUST000654,Home & Kitchen,2,157.07,314.14,credit_card,2026-06-01T22:49:34
68374497-1407-44b9-ab55-b0e81cd167a4,CUST000185,Groceries,5,1985.14,9925.7,debit_card,2026-05-13T22:01:58
d960f24c-3898-4a13-b66c-8c0da85463c6,CUST000457,Toys,5,10.36,51.8,debit_card,2026-02-14T20:08:48
9db44017-3d9d-450a-be9b-f5fcd6beb52a,CUST000323,Beauty & Personal Care,5,1033.19,5165.95,cash_on_delivery,2026-05-15T14:26:26
ceb5785d-cedd-4351-94bc-a08882dc5b11,CUST000678,Sports & Outdoors,5,1125.11,5625.55,wallet,2026-04-22T17:02:00
6f0e77a1-2eaa-423c-b4b7-7c79bf160f76,CUST000237,Groceries,5,291.72,1458.6,upi,2026-05-22T13:48:22
b61ced04-183a-487d-aff8-9351f5af70b3,CUST000283,Beauty & Personal Care,5,1240.41,6202.05,cash_on_delivery,2026-07-13T10:37:24
f5fd6f36-fe81-4d29-bd7f-d3cc236e2d2e,CUST000614,Home & Kitchen,3,1547.52,4642.56,upi,2026-04-12T21:11:17
dfb7b3f2-eaf1-4863-9828-838a6eaf896e,CUST000078,Electronics,5,1029.26,5146.3,cash_on_delivery,2026-07-19T21:11:26
7916f23c-1c3e-4efc-96f6-6ae21279ffaf,CUST000738,Books,2,956.56,1913.12,upi,2026-04-27T11:22:52
377f24c0-74a8-4fd8-8af3-703ddaa91897,CUST000259,Electronics,2,1507.82,3015.64,upi,2026-03-26T12:19:55
0bec67d2-88e3-456c-9ca2-e0d463d25322,,Home & Kitchen,4,1052.9,4211.6,upi,2026-06-12T18:04:17
957f0860-7c30-43c5-be8d-f20dda023b22,CUST000343,Sports & Outdoors,1,839.45,839.45,upi,2026-02-17T00:07:42
364ecd6c-e4ba-402c-9249-215a860df427,CUST000264,Beauty & Personal Care,1,359.97,359.97,cash_on_delivery,2026-06-23T23:33:50
6dde5825-2668-49c9-8bda-f5d0dcf61fdb,CUST000263,Fashion,2,797.54,1595.08,debit_card,2026-06-29T01:12:45
b654850e-46a4-4ca4-9373-1c54880e68b3,CUST000270,Sports & Outdoors,2,471.87,943.74,wallet,2026-04-21T23:48:38
1b977d37-2fb7-4024-ba3a-c7bbd3ec8050,CUST000484,Groceries,1,1917.81,1917.81,upi,2026-04-15T15:31:27
0f06f99c-12bd-4c07-87aa-4a4d35ce6496,CUST000207,Home & Kitchen,2,437.11,874.22,upi,2026-03-13T23:10:51
33a1ea05-9fd5-49ca-b61c-90967e179762,CUST000200,Fashion,1,1832.68,1832.68,credit_card,2026-08-03T14:38:07
14c4bb4f-9c00-4ba5-b829-e29e449c4345,CUST000127,Sports & Outdoors,4,876.72,3506.88,cash_on_delivery,2026-03-03T23:36:34
2a0f26af-d63c-49b1-b5f9-f84c29745621,CUST000142,Fashion,3,1954.6,5863.8,wallet,2026-07-21T06:51:59
2f9a7764-e8f2-4661-b545-b340c3a8e0a3,CUST000086,Home & Kitchen,1,1958.76,1958.76,wallet,2026-05-30T23:51:19
a3dd3842-39ef-4554-85b0-77a80ea2b928,CUST000507,Electronics,4,1944.72,7778.88,wallet,2026-02-24T23:10:17
d0d050b2-1954-446f-81d1-7b48dab19d7b,CUST000492,Beauty & Personal Care,3,1133.7,3401.1,cash_on_delivery,2026-08-01T06:50:05
23c03162-a1fb-4179-93ee-755a7391cdcd,CUST000030,Electronics,4,997.36,3989.44,cash_on_delivery,2026-08-04T01:42:05
d5083d30-f2a4-46b0-9cb1-6bcb4f01fe88,CUST000311,Electronics,5,410.51,2052.55,credit_card,2026-05-04T04:20:44
3c4c40a8-a849-4c4f-882b-ecb5f82a0d94,CUST000657,Sports & Outdoors,4,804.62,3218.48,wallet,2026-04-25T05:08:48
59c10aa0-91c6-4469-8e06-81af8977c799,CUST000140,Sports & Outdoors,2,1865.22,3730.44,debit_card,2026-08-02T16:18:05
f7801b97-d1de-4b2d-a01e-eba733d25196,CUST000076,Fashion,2,749.91,1499.82,wallet,2026-05-07T15:49:00
2fe977ab-ff5d-4c68-887b-f2349375d411,CUST000242,Fashion,5,451.55,2257.75,upi,2026-04-26T01:34:46
673a47a2-150a-4626-b0e1-8a0edfdffb0d,CUST000235,Sports & Outdoors,3,1279.06,3837.18,debit_card,2026-05-10T19:42:46
b4ec7026-230f-48da-9d7a-86e1ed0f747e,CUST000185,Books,4,970.96,3883.84,upi,2026-06-07T01:09:17
9f441d82-bca7-4054-a4a9-70c020a50720,CUST000485,Books,2,48.52,97.04,debit_card,2026-05-14T23:56:47
71fb6a73-ef64-4658-844a-7c8faed566ad,CUST000311,Books,5,894.73,4473.65,debit_card,2026-05-27T11:14:20
049eb507-3d64-4e41-bd94-1039899ed84a,CUST000246,Toys,3,1324.23,3972.69,upi,2026-02-26T07:31:53
81190271-b576-4f02-976c-a2dc49a8b32a,CUST000774,Electronics,1,1403.26,1403.26,upi,2026-05-03T11:48:14
d8f7c686-9285-4ff2-934c-c1a9a8e73365,CUST000791,Toys,5,1481.33,7406.65,credit_card,2026-03-03T08:12:40
fc77fd8d-d23c-4a00-aef8-0cc9cd8ab29b,CUST000694,Beauty & Personal Care,5,1453.35,7266.75,wallet,2026-07-10T13:18:18
85b99bbf-d304-4d5f-a28d-0965c47ba992,CUST000098,Home & Kitchen,4,1001.37,4005.48,upi,2026-07-05T17:21:16
7b773d88-be13-407c-9e90-7bca01005e79,CUST000796,Groceries,4,1827.14,7308.56,wallet,2026-05-12T10:12:55
1021679e-29b4-4217-b80c-130fc178b00e,CUST000768,Books,4,358.18,1432.72,credit_card,2026-06-21T10:24:34
2d502b2c-e645-4830-8fe2-fe7b00204aba,CUST000307,Groceries,3,433.57,1300.71,credit_card,2026-02-17T06:12:06
04494730-7b47-4c3b-b2e2-391c3bdefd14,CUST000434,Books,2,1647.6,3295.2,cash_on_delivery,2026-04-25T19:10:13
8b6ae6fc-da4c-4a5a-bab0-8c6a7415b430,CUST000316,Fashion,3,1902.58,5707.74,cash_on_delivery,2026-03-01T17:17:53
777dad0a-7b68-4459-a24c-8de05ad2bb70,CUST000599,Books,5,315.63,1578.15,debit_card,2026-03-04T04:58:25
d1ddd60b-6bfc-4d05-8a34-fea15bbb948b,CUST000186,Electronics,4,1430.73,5722.92,upi,2026-03-21T10:38:32
13f13d70-70a3-4e02-8a25-0fda6e72abe8,CUST000108,Groceries,5,1617.03,8085.15,wallet,2026-04-14T23:13:48
090d77b9-3bb6-4eff-9d76-4dc684c17e3b,,Toys,2,1182.68,2365.36,cash_on_delivery,2026-06-14T19:10:22
1480753b-9b51-44a5-87fa-d7aef3254b49,CUST000303,Electronics,4,62.5,250.0,credit_card,2026-05-03T23:24:04
97f4748b-f3fc-439f-8e33-ffb77767187e,CUST000328,Electronics,3,1567.62,4702.86,credit_card,2026-05-16T01:42:59
5551d4c3-30a0-402b-a071-08bbe7d927ce,,Sports & Outdoors,4,1166.67,4666.68,upi,2026-05-21T20:07:46
47570d8f-47c4-424c-9e94-b4acef61e336,CUST000108,Toys,2,1076.79,2153.58,wallet,2026-04-27T07:56:55
f2037001-9427-48d1-95d6-a7a781216317,CUST000239,Toys,5,803.33,4016.65,credit_card,2026-05-24T15:51:36
bacef7b8-1ce2-44c6-80aa-ea911ae6fa0b,CUST000738,Toys,1,1630.23,1630.23,wallet,2026-05-14T23:12:29
b27e4e92-f50b-417c-9d67-1f3a90b1232c,CUST000105,Beauty & Personal Care,1,1433.95,1433.95,wallet,2026-06-21T20:29:47
75e84d08-50a5-40df-a687-1d79b5d055e6,CUST000335,Books,5,1161.04,5805.2,debit_card,2026-05-18T19:39:50
2731037f-3960-4b94-ae35-2722398c5a0a,CUST000446,Home & Kitchen,2,407.47,814.94,credit_card,2026-07-05T09:01:43
7bb2fdca-7b36-4274-b7a4-3215901c5813,CUST000424,Beauty & Personal Care,2,1502.35,3004.7,upi,2026-02-15T04:43:58
0e5aadb5-c3d1-4212-931a-44b67ddaa077,CUST000717,Electronics,2,599.86,1199.72,debit_card,2026-07-28T00:45:06
99f9948b-c73b-49d5-8e28-62ad3bd0cafd,CUST000581,Books,3,690.86,2072.58,wallet,2026-06-25T15:58:16
4ad84df8-736e-4d4d-a650-7043ae7c14c3,CUST000324,Sports & Outdoors,4,1992.89,7971.56,debit_card,2026-05-18T22:11:19
1b8d6b9c-a769-431d-948a-1b192ac777f2,CUST000026,Fashion,4,1000.59,4002.36,wallet,2026-07-09T23:46:12
19a35dd7-db4f-46b2-800b-fc369e14f86f,CUST000164,Electronics,4,795.8,3183.2,cash_on_delivery,2026-04-02T18:14:26
9cc60424-dc16-444c-9d25-60b2563262ba,CUST000634,Groceries,5,903.42,4517.1,credit_card,2026-06-01T23:54:57
b84b7208-5765-4eba-8e46-0eba66332985,CUST000581,Sports & Outdoors,5,1797.99,8989.95,credit_card,2026-07-18T20:51:45
07a1664f-540c-42b9-9e01-51583149075b,CUST000040,Home & Kitchen,4,1736.45,6945.8,upi,2026-02-15T17:44:43
ee1581b3-4fed-4eef-b802-b003abb50485,CUST000233,Sports & Outdoors,5,1436.54,7182.7,debit_card,2026-06-09T11:18:05
19dd6a86-e012-4b16-9da3-fdead9d0c789,CUST000210,Books,4,168.08,672.32,credit_card,2026-06-16T03:25:30
ba1a1b65-8a27-4a30-92b4-35ff68a24159,CUST000728,Books,4,815.04,3260.16,wallet,2026-05-25T13:27:47
6c76940e-a1cf-455f-bf2f-69c86cfdf849,CUST000608,Books,4,1993.55,7974.2,cash_on_delivery,2026-04-26T10:45:01
fcfe13b7-847b-4a14-8d91-ca335684b0b9,CUST000554,Groceries,3,1725.86,5177.58,wallet,2026-02-25T08:22:58
1bbb774b-9961-4fa1-955e-01240a8c2242,CUST000321,Electronics,5,1734.22,8671.1,debit_card,2026-06-08T03:15:45
4ada2eb5-d0fa-4f03-9517-a0ea55d525e6,CUST000504,Groceries,3,273.74,821.22,debit_card,2026-03-24T17:20:42
e21e1b90-70c8-4bd1-b938-9623976f56c1,CUST000171,Sports & Outdoors,1,1329.7,1329.7,upi,2026-07-16T18:50:40
a425a512-f4a2-4a44-abe8-8349c5ef9348,CUST000742,Beauty & Personal Care,2,1757.17,3514.34,wallet,2026-03-20T09:50:29
cc0e277f-88be-4aa8-8ceb-227e525d7c81,CUST000350,Groceries,5,863.02,4315.1,cash_on_delivery,2026-06-08T21:34:50
6520015c-bac6-430a-8ec3-4467eb33d5e7,CUST000073,Sports & Outdoors,3,303.69,911.07,upi,2026-03-22T21:20:44
16ea1437-ea18-410e-aecc-6bc160cfa761,CUST000306,Sports & Outdoors,1,1112.58,1112.58,debit_card,2026-07-20T20:18:53
d66cea77-cd74-4d42-8c94-a0cec6837ee0,CUST000135,Toys,1,1305.81,1305.81,cash_on_delivery,2026-03-29T22:47:19
dacbf724-6357-4f66-9b06-53a163220207,CUST000129,Sports & Outdoors,1,996.41,996.41,wallet,2026-06-26T05:03:55
547ca2e5-a132-4e96-a3ae-1aef7c44a3a0,CUST000669,Books,2,1617.85,3235.7,upi,2026-06-30T14:29:45
b10c0fad-1023-41af-bf93-a070e2c94157,CUST000423,Groceries,3,11.24,33.72,credit_card,2026-05-26T07:04:52
88709647-8c56-4486-82cf-ae79a1f5cd5c,CUST000690,Toys,4,1406.59,5626.36,credit_card,2026-03-07T11:32:59
a3bb37b7-9e0f-49dc-9793-1cb2a9c93599,CUST000187,Sports & Outdoors,3,338.9,1016.7,cash_on_delivery,2026-04-04T03:35:16
46ddcf50-5b48-4e18-8685-9c660b83b7ae,CUST000747,Home & Kitchen,2,908.01,1816.02,cash_on_delivery,2026-06-06T20:56:22
43e3bb77-8647-4747-8559-76c04838a8c0,CUST000607,Books,4,1463.25,5853.0,debit_card,2026-05-31T08:04:19
ff3ae0e3-10dc-44c1-9349-3c08c981d35f,CUST000480,Home & Kitchen,4,704.47,2817.88,cash_on_delivery,2026-07-25T09:10:15
3c7198cf-28f9-413e-bd57-f0e9d884f88c,CUST000705,Home & Kitchen,N/A,1464.62,1464.62,debit_card,2026-03-20T18:26:05
8f4e0957-3ae7-4aed-9096-74057b60cf70,CUST000376,Toys,3,926.05,2778.15,cash_on_delivery,2026-06-04T20:24:02
2bfd4914-bdf4-4f46-8590-27e2216bec20,CUST000454,Beauty & Personal Care,4,1410.85,5643.4,upi,2026-06-29T16:10:53
0188e651-035a-4778-aa08-30f397fa0a56,CUST000062,Books,2,1519.59,3039.18,wallet,2026-03-13T15:20:02
d721a50c-b8c3-4b3b-8bd0-b3af27441d27,CUST000219,Toys,3,1417.3,4251.9,debit_card,2026-02-11T02:27:39
53f1a5d7-db25-4aef-a902-7fcb4e4c2059,CUST000405,Groceries,4,615.47,2461.88,wallet,2026-06-14T23:53:08
fd5c7b74-bcf8-45c4-ae59-13c5356a5396,CUST000460,Toys,2,50.38,100.76,wallet,2026-08-07T08:41:30
69bfa8f5-582a-4ba1-b785-979a53597de6,CUST000683,Beauty & Personal Care,5,1303.08,6515.4,debit_card,2026-07-29T16:38:35
3e1deed3-d204-4604-afc0-c43136dc5b1b,CUST000597,Electronics,4,642.04,2568.16,credit_card,2026-03-26T12:37:25
e5f184fb-dd11-46af-b5f4-bbd87fd724b1,CUST000039,Home & Kitchen,1,33.25,33.25,debit_card,2026-04-30T07:11:11
9c7dc190-97ef-4923-b9e6-76b317c7da6a,CUST000045,Beauty & Personal Care,5,1860.97,9304.85,credit_card,2026-07-13T07:01:28
8bdbf354-76f1-4953-9fe5-e60678a7bda8,CUST000668,Groceries,5,1029.11,5145.55,upi,2026-05-23T13:18:47
7a68a08c-4325-4d57-8785-35889b6dcb2a,CUST000152,Groceries,1,972.49,972.49,cash_on_delivery,2026-07-18T00:35:20
543ee0f8-9f28-432b-8b00-9cda16eec448,CUST000374,Toys,3,1542.64,4627.92,cash_on_delivery,2026-06-29T20:31:06
07b38e48-9866-4ff7-b55b-68940838455e,CUST000243,Toys,5,1726.35,8631.75,wallet,2026-02-22T22:40:29
3c18d019-ca5a-4ec3-b59f-3e3597201fdb,CUST000743,Fashion,3,425.66,1276.98,credit_card,2026-04-03T08:39:40
55115794-9a51-4154-993a-d3db843020b3,CUST000106,Fashion,3,1529.9,4589.7,debit_card,2026-05-24T03:59:14
3b5e41c1-e30f-4a4b-9885-7b79144ffd57,CUST000698,Fashion,1,1460.33,1460.33,upi,2026-08-07T08:10:51
22247fb9-9388-4a4c-8ef3-10cb07dc62d5,CUST000262,Home & Kitchen,1,1442.23,1442.23,cash_on_delivery,2026-08-07T03:35:27
b4ad1b34-1cb1-4c5f-bf9a-240ed23f4d6f,CUST000660,Books,5,568.52,2842.6,cash_on_delivery,2026-06-03T23:23:04
659111d9-da35-4065-93e0-9fdab5450ee2,CUST000232,Groceries,1,354.23,354.23,cash_on_delivery,2026-02-19T11:38:20
24a396aa-4608-48cd-a2fa-4b7b39124b18,CUST000043,Fashion,5,483.85,2419.25,cash_on_delivery,2026-04-22T15:31:44
9642edcb-c115-4bfc-bdd1-7003a1aae9db,CUST000321,Sports & Outdoors,3,1307.76,3923.28,wallet,2026-04-27T01:10:13
b59f0b03-b2bf-4057-a2b0-b86929570702,CUST000176,Beauty & Personal Care,5,808.93,4044.65,wallet,2026-06-19T12:05:20
3eb489dc-01cd-4d01-bfed-a126cc2b14ea,CUST000579,Toys,1,1577.67,1577.67,credit_card,2026-06-16T03:38:19
a83e17e2-b95a-4782-a563-62e379e7c2fa,CUST000767,Electronics,5,1152.4,5762.0,cash_on_delivery,2026-03-23T21:35:18
a4bf6fbd-1526-4730-b4fb-4b2a2c5ebc26,CUST000079,Home & Kitchen,5,128.21,641.05,wallet,2026-03-23T23:41:49
1153f4a9-b888-4414-a5c5-b10de5cf21da,CUST000566,Home & Kitchen,4,1578.73,6314.92,upi,2026-03-08T22:46:46
b9178a6c-b5e2-4cfb-ac17-f5821f86ddb4,CUST000063,Beauty & Personal Care,1,233.38,233.38,cash_on_delivery,2026-03-01T22:31:26
b9e36f85-e390-469e-aee0-3f0995dff43a,CUST000402,Fashion,3,1668.04,5004.12,debit_card,2026-04-10T10:34:47
8c7d3b77-f011-4e80-9608-5081400b6945,CUST000357,Electronics,3,1531.56,4594.68,cash_on_delivery,2026-06-13T03:50:30
8b300776-3de4-4cee-9303-fb9d25039f03,CUST000299,Electronics,4,1770.11,7080.44,upi,2026-06-25T13:42:36
6d4ac674-07be-40c3-9863-1b5cd63e3262,CUST000596,Toys,3,1874.17,5622.51,credit_card,2026-05-09T10:59:28
948db52a-8ad9-416b-a72a-2b0dda23ff68,CUST000025,Toys,2,143.42,286.84,wallet,2026-07-06T13:36:27
3ae82979-eefe-4f25-9e73-53fe0537a38a,CUST000203,Groceries,4,373.58,1494.32,debit_card,2026-05-23T21:06:15
4c1b0fac-8c8d-4ff1-831b-6f39f8ec712f,CUST000008,Sports & Outdoors,5,405.34,2026.7,upi,2026-04-22T15:09:45
faad7a48-871e-4b8c-a3d2-6ff76c3e2c1e,CUST000328,Beauty & Personal Care,5,830.77,4153.85,wallet,2026-06-04T11:10:59
453c49da-8954-4abe-baaf-498183519a0e,CUST000720,Home & Kitchen,5,766.53,3832.65,credit_card,2026-03-11T17:56:11
e474306e-48b8-452b-bc68-528cefb72f44,CUST000298,Sports & Outdoors,3,1359.09,4077.27,wallet,2026-06-01T01:09:23
fe9b0193-e685-4612-b6f2-33c8cc253ea0,CUST000392,Books,5,375.58,1877.9,debit_card,2026-04-14T17:32:05
61860745-f92b-43f4-bca6-4e99e88b132f,CUST000335,Beauty & Personal Care,3,1115.57,3346.71,credit_card,2026-02-27T10:14:53
3ce7915c-7e26-461b-be8a-43d7235e0c0d,CUST000094,Books,2,514.05,1028.1,cash_on_delivery,2026-05-30T19:20:12
7224d454-8b9c-4f26-8efe-10494cd99129,CUST000619,Fashion,5,360.25,1801.25,upi,2026-03-19T20:50:59
ce02f90a-c4f8-48c0-90fc-761e8400b565,CUST000091,Beauty & Personal Care,1,152.34,-152.34,wallet,2026-07-03T05:22:00
22403ca8-e8c9-40e8-96a3-4f4a34b0c712,CUST000031,Groceries,3,587.72,1763.16,debit_card,2026-02-24T05:30:44
64992a27-69cf-4a90-9a60-aad542c4d1bb,CUST000762,Sports & Outdoors,3,523.24,1569.72,wallet,2026-07-16T04:28:51
4971312c-3ebb-4bcd-977f-9e497c2fe6ec,CUST000364,Fashion,1,1404.15,1404.15,debit_card,2026-06-10T08:41:27
f02714bf-254d-436d-9714-a322710e0def,CUST000440,Home & Kitchen,3,26.04,78.12,debit_card,2026-07-08T14:08:07
3a456adb-2a82-415b-a1ca-06459b1b3300,CUST000061,Books,5,1015.69,5078.45,cash_on_delivery,2026-03-12T06:20:19
b549569d-c5df-4480-af96-c835a711f917,CUST000413,Books,4,1930.83,7723.32,credit_card,2026-06-01T17:37:20
8c3bbda9-a8d7-4ee9-b38b-bcb1c4ecaee5,CUST000178,Books,4,1512.85,6051.4,credit_card,2026-02-21T09:31:07
b2653f91-e653-48f2-93a1-88e2b47858d7,CUST000078,Beauty & Personal Care,5,507.84,2539.2,upi,2026-02-16T11:30:19
611de9a8-1d52-4323-8c19-11f1ba4a9c2b,CUST000131,Fashion,3,1706.5,5119.5,credit_card,2026-06-21T17:04:30
79a48055-2f9e-4f02-8593-44ffdb71620e,CUST000389,Home & Kitchen,4,1808.22,7232.88,wallet,2026-05-08T15:03:31
769558b9-cdf7-45d0-8578-1f05f2aa3a94,CUST000152,Books,2,900.06,1800.12,credit_card,2026-06-29T01:17:19
cb3f2dde-8738-4ec4-b517-035c8dda6005,CUST000661,Books,4,1365.85,5463.4,upi,2026-05-05T13:53:30
787f9e8a-9f9b-4a92-bae3-09139d31dac7,CUST000195,Sports & Outdoors,4,1270.41,5081.64,upi,2026-06-16T17:27:40
78bc0a58-5fce-42d4-a310-198243b0cb3d,CUST000063,Electronics,1,522.7,522.7,cash_on_delivery,2026-02-28T04:46:07
a31828f9-9a2d-4e40-8795-d634dcce497b,CUST000274,Books,1,1778.84,1778.84,cash_on_delivery,2026-06-26T03:40:07
13fc964d-2773-4077-9743-5985b34d3021,CUST000037,Sports & Outdoors,5,466.58,2332.9,wallet,2026-06-29T22:31:56
cfe97e38-284f-49a8-86ce-86f85f6da2fe,CUST000079,Sports & Outdoors,3,1208.36,3625.08,credit_card,2026-07-01T05:57:59
cf77d627-5379-446f-92e4-a0010a4b96d9,CUST000157,Beauty & Personal Care,3,648.59,1945.77,credit_card,2026-05-21T14:25:45
5a4f1fd9-4d6e-4221-9518-124c2a40db0e,CUST000739,Toys,3,641.22,1923.66,credit_card,2026-06-12T21:43:43
e086ab8b-4d48-44b8-b7fe-d37d3709e286,CUST000780,Electronics,2,127.06,254.12,upi,2026-06-11T05:56:06
b47e4dc0-b10d-48fb-aab0-83508c9d27c8,CUST000432,Electronics,1,1047.85,1047.85,cash_on_delivery,2026-02-18T09:46:51
04eaaa82-5c59-4511-93db-38e02ab47a21,CUST000408,Fashion,3,485.0,1455.0,wallet,2026-07-22T00:21:19
8b026321-df7b-438b-bc60-b7e8cd5709ab,CUST000681,Groceries,3,948.29,2844.87,upi,2026-06-24T21:48:44
80be8b2c-a522-4962-9a12-97672749bc4d,CUST000738,Beauty & Personal Care,1,1559.04,1559.04,upi,2026-06-01T23:23:18
1186209c-81e4-4524-8851-b69ede9181db,CUST000506,Electronics,4,633.22,2532.88,cash_on_delivery,2026-07-07T07:16:40
6d246454-5b20-499d-a42b-12a15ada3133,CUST000024,Toys,5,809.81,4049.05,cash_on_delivery,2026-04-02T07:27:14
3bf62502-5f23-4c73-a7c4-202317ba8c34,CUST000541,Groceries,3,1433.04,4299.12,debit_card,2026-04-15T15:42:24
c4f86686-1774-43a6-a1d3-a986365af8ec,CUST000103,Electronics,2,1663.73,3327.46,cash_on_delivery,2026-05-12T08:10:23
4ce378ff-a758-4f2f-ac40-d4126f3762c7,CUST000188,Fashion,4,99.15,396.6,debit_card,2026-05-25T19:47:03
a6c4f56d-4302-49c6-bd04-e467a2b35454,CUST000525,Fashion,1,1662.94,1662.94,debit_card,2026-03-06T16:54:51
91768ecc-b537-4f6d-8d7a-29cc1fc364a2,CUST000673,Electronics,3,1672.76,5018.28,credit_card,2026-03-21T08:51:32
0893e650-ceff-4eaf-98ce-357951af7871,CUST000258,Groceries,3,1024.64,3073.92,credit_card,2026-03-14T20:06:50
54bdaea6-6de3-4ba9-8866-d8739fec2372,CUST000474,Toys,4,1371.89,5487.56,cash_on_delivery,2026-04-13T18:16:25
fb90a4aa-55dd-4df5-9bbd-cda560d8ee18,CUST000410,Books,2,480.96,961.92,wallet,2026-03-26T18:02:34
fe5aea18-d726-4ebe-9052-3627b8cf20d4,CUST000106,Books,2,428.66,857.32,wallet,2026-07-17T03:45:44
e4efb7bd-9e7b-4075-85d4-910efffd3b6f,CUST000060,Sports & Outdoors,1,367.01,367.01,upi,2026-04-09T21:53:01
7dc8f430-ff87-401c-acd9-7dae216b7697,CUST000547,Sports & Outdoors,4,1378.43,5513.72,wallet,2026-04-28T06:19:57
7a17265d-8872-4bb1-900b-4919b8a1c55f,CUST000231,Toys,2,1297.55,2595.1,debit_card,2026-03-28T23:31:26
6c60ec17-b462-40df-b111-fe5ee0d49e61,CUST000460,Fashion,2,1045.32,2090.64,wallet,2026-04-09T03:58:31
00d11301-28b2-4c1c-8d4c-5672959297b0,CUST000365,Electronics,3,1732.27,5196.81,upi,2026-07-25T11:51:44
ba669983-e848-430d-bd8a-5785a5629ecf,CUST000600,Beauty & Personal Care,1,1835.27,1835.27,credit_card,2026-07-26T07:51:42
33be3e3c-2d69-407e-8226-715fb5750e2e,CUST000243,Electronics,4,1037.26,4149.04,cash_on_delivery,2026-02-20T17:55:36
867f1131-65e9-45be-96b0-bf5e8809d2cf,CUST000315,Beauty & Personal Care,4,722.49,2889.96,cash_on_delivery,2026-05-05T07:53:06
86bc9847-0679-4122-91e4-8266c4adc040,CUST000463,Groceries,3,12.42,37.26,credit_card,2026-02-24T08:29:45
ae0c03e5-130a-40dc-9963-0b8c6683e726,CUST000669,Books,2,838.85,1677.7,upi,2026-07-01T07:40:00
c07180f3-a1fe-4001-bac0-873c777c7e49,CUST000180,Electronics,4,1927.75,7711.0,credit_card,2026-06-26T23:56:21
0b2ce9c1-57cf-4df7-8f70-22ec4d0f2339,CUST000328,Books,3,60.19,180.57,cash_on_delivery,2026-06-23T14:00:58
3e436034-ba37-4583-9817-03f511a7ffdb,CUST000362,Groceries,4,262.76,1051.04,cash_on_delivery,2026-03-13T20:08:27
432f76e9-1732-4aa7-a4af-ce05a0b5ba67,CUST000762,Home & Kitchen,2,448.6,897.2,debit_card,2026-04-16T15:21:26
d6379de9-5af3-4331-ae00-588b34bd578f,CUST000218,Groceries,2,768.0,1536.0,credit_card,2026-05-04T03:11:40
d7287c28-df62-4dc7-8390-200d36c1a75c,CUST000153,Home & Kitchen,2,1985.83,3971.66,upi,2026-04-18T17:13:04
3890dc7f-86b1-45ab-8b6f-b9763afdb758,CUST000163,Books,2,304.69,609.38,wallet,2026-06-05T07:20:03
4df550e9-5ef6-41b9-bbd7-3a9fcef88ac7,CUST000790,Beauty & Personal Care,2,1141.12,2282.24,debit_card,2026-02-27T06:55:39
d49d010f-5afd-49d8-b241-5ca657f720fc,CUST000204,Books,5,807.59,-4037.95,wallet,2026-06-13T02:44:43
54e8533b-cf25-48e0-9e63-e4d84d8528fa,CUST000113,Fashion,1,1096.58,1096.58,cash_on_delivery,2026-02-20T06:47:13
31f2d524-6e14-499a-88df-6746da38c1b5,CUST000739,Beauty & Personal Care,3,201.55,604.65,cash_on_delivery,2026-07-26T06:22:08
4bcc4e28-854a-4946-bb70-ae55879152e6,CUST000759,Beauty & Personal Care,5,1159.37,5796.85,debit_card,2026-05-27T14:52:51
f592806c-7871-4d20-8acd-e4043eaf2011,CUST000269,Fashion,2,1414.92,2829.84,credit_card,2026-05-01T02:58:55
8030472c-2f59-4a7c-b7ea-f9fc0a3f3f02,CUST000235,Electronics,5,933.18,4665.9,upi,2026-04-23T08:09:14
b111e0ea-371b-43ca-84a4-e614f548eab9,CUST000591,Groceries,1,329.5,329.5,credit_card,2026-06-16T09:58:08
c08d8b8f-75d4-4217-bc54-6d78fceb9e60,CUST000076,Toys,3,620.23,1860.69,cash_on_delivery,2026-02-27T17:51:40
0e6749fa-bdaf-4948-8cdd-f5946af9e5b5,CUST000000,Sports & Outdoors,3,223.85,671.55,credit_card,2026-04-10T18:32:24
9047d21a-614c-4ccc-bb7f-89982b99e2c0,CUST000286,Books,1,123.34,123.34,upi,2026-07-16T10:24:14
449d6069-4ddf-4794-a0ab-c967ae43d451,CUST000470,Groceries,5,523.62,2618.1,debit_card,2026-07-28T10:19:21
af07c075-9798-47af-8f19-314118a45403,CUST000141,Fashion,4,1657.73,6630.92,credit_card,2026-07-20T13:19:16
b6c6011a-ac62-4f51-993a-51fe843a04e8,CUST000372,Sports & Outdoors,4,655.39,2621.56,debit_card,2026-06-14T05:50:47
27e716b2-bbb9-4be5-b93c-768680a48d93,CUST000172,Beauty & Personal Care,1,544.18,544.18,debit_card,2026-06-28T09:18:38
800035c3-f314-463b-b1ee-96f03721a6e4,CUST000422,Groceries,2,1707.7,3415.4,debit_card,2026-04-14T08:13:44
1ed2cbc9-dcef-4d4d-814c-abe8efa46397,CUST000161,Sports & Outdoors,5,140.29,701.45,credit_card,2026-03-16T11:54:44
72fcf4b2-13b0-49b2-8b7e-56269d9fc190,CUST000656,Home & Kitchen,3,784.28,2352.84,cash_on_delivery,2026-03-22T20:30:56
4dbd4675-7314-4e8c-b233-9379ea736099,CUST000538,Fashion,2,1818.44,3636.88,debit_card,2026-03-16T17:13:10
99fa9eea-720c-4e47-885a-b7c4d3354769,CUST000664,Beauty & Personal Care,2,795.74,1591.48,credit_card,2026-03-09T14:43:43
a16c8fa7-d78a-484e-b73f-370f190e1c2a,CUST000488,Sports & Outdoors,1,1871.97,1871.97,upi,2026-04-11T20:36:49
738bc177-cbd6-4b4d-a45e-8ab5b70bc004,CUST000150,Toys,5,1920.89,9604.45,upi,2026-07-24T01:16:52
c431973c-4b40-4e5c-8c46-b911be081108,CUST000621,Toys,2,1735.27,3470.54,debit_card,2026-07-06T02:01:22
d3a971f4-3975-4edd-92c4-2516bb14ae75,CUST000036,Books,2,452.91,905.82,cash_on_delivery,2026-05-07T07:07:45
23dc2076-2b4a-4354-a54e-bc3ba292e6f3,CUST000664,Sports & Outdoors,5,352.53,1762.65,wallet,2026-04-15T18:05:13
3bfedd6c-62bd-4129-8a04-1c1e22156599,CUST000396,Groceries,1,699.38,699.38,upi,2026-04-17T15:52:14
41aef3b1-2fde-4f39-8ea9-39b9867f6810,CUST000632,Electronics,N/A,192.11,768.44,wallet,2026-03-03T03:36:34
f8e3514d-aba8-488f-93f5-41f494bfdea9,CUST000140,Home & Kitchen,4,1812.14,7248.56,upi,2026-08-02T00:54:43
db58f6f7-9a37-4f4c-ad18-f45c3d426762,CUST000528,Sports & Outdoors,2,897.72,1795.44,upi,2026-03-25T22:29:14
8d53568e-d6c0-4d65-87ff-832ad7e5e39e,CUST000387,Sports & Outdoors,1,1094.32,1094.32,cash_on_delivery,2026-03-01T02:47:51
7d8e4157-623f-4605-8383-b435d6a26da0,CUST000783,Home & Kitchen,5,212.34,1061.7,debit_card,2026-04-23T07:14:09
26039c0b-b6a0-4773-a1ae-1bd81097a1c5,CUST000618,Fashion,5,1580.15,7900.75,debit_card,2026-03-13T21:51:53
36345976-61fb-4509-97df-598225c53d12,CUST000355,Books,2,1968.57,3937.14,credit_card,2026-04-02T13:34:10
2b32f0f1-2ba4-4a35-9ba1-91fee7bf130c,CUST000153,Electronics,5,263.82,1319.1,debit_card,2026-07-04T07:05:40
79840548-7b9e-4433-a764-591e00b3aeb5,CUST000445,Beauty & Personal Care,1,1280.74,1280.74,credit_card,2026-04-06T01:29:50
694d3d84-224e-40ed-bf08-64586ddfdc82,CUST000512,Sports & Outdoors,4,985.45,3941.8,cash_on_delivery,2026-02-24T08:55:40
fa7ce785-9ad5-483a-8725-2bc5558778b7,CUST000370,Sports & Outdoors,4,1128.44,4513.76,wallet,2026-08-01T12:12:09
85b12622-0614-4fa0-b53d-7a1cf7984cc6,CUST000460,Electronics,3,1623.27,4869.81,upi,2026-05-31T12:51:18
0bb93a72-bd3f-43c1-a3df-8482c0b859ce,CUST000089,Fashion,5,1188.87,5944.35,cash_on_delivery,2026-08-08T01:33:35
9e338abd-f5d5-4a1b-a18e-108036670972,CUST000743,Books,1,1907.79,1907.79,credit_card,2026-07-20T14:34:53
93de4cb9-6c81-48e6-a14b-243ebc82b39f,CUST000556,Sports & Outdoors,3,1745.52,5236.56,upi,2026-06-07T22:57:22
f6859f98-dc84-4332-bbdd-da278bd5061d,CUST000776,Beauty & Personal Care,1,453.14,453.14,credit_card,2026-04-23T04:58:30
c4274553-4298-40b9-8e58-36d23e0702cc,CUST000392,Home & Kitchen,2,581.08,1162.16,wallet,2026-03-16T03:24:40
6e11f7e0-f1a5-4663-88b2-41f7fbbf1a48,CUST000641,Groceries,4,1814.16,7256.64,debit_card,2026-05-14T20:38:44
90889ed9-a277-4c56-bc34-c8a4c76650be,CUST000274,Home & Kitchen,4,852.27,3409.08,credit_card,2026-05-21T18:11:54
7156aebb-3f7a-43d0-bb44-9c1ac203be42,CUST000476,Home & Kitchen,5,965.08,4825.4,upi,2026-05-19T10:57:21
8ae46726-12b1-4bc8-91a5-b0f0712256d7,CUST000483,Fashion,1,1762.3,1762.3,upi,2026-08-08T08:38:47
8ffbd1d5-6ada-4ff8-920d-1912cecd0dfb,CUST000505,Books,5,1984.82,9924.1,credit_card,2026-08-05T07:02:20
638d4eca-2505-4979-9b8c-de117ebb4602,CUST000275,Groceries,4,1165.42,4661.68,debit_card,2026-06-08T01:05:44
423f0049-fb9f-4afb-a69d-f7aa1645a42f,CUST000548,Toys,4,232.09,928.36,wallet,2026-05-26T20:57:50
431cba07-9b16-4df9-a5d6-2c4af65155c3,CUST000458,Electronics,2,596.18,1192.36,cash_on_delivery,2026-04-21T14:51:24
25905086-f0f3-4c8e-9ecd-063603e6e701,CUST000094,Books,2,1955.96,3911.92,debit_card,2026-08-01T09:28:37
692be65e-3cc0-4e03-a3d8-061f8079c338,CUST000289,Beauty & Personal Care,5,657.97,3289.85,cash_on_delivery,2026-03-13T19:05:10
911d78cc-39d0-4622-afee-3cfe62a11941,CUST000190,Books,5,175.96,879.8,upi,2026-04-17T21:31:18
8fb014a9-84ba-4349-8e28-2f06ccf9cc45,CUST000581,Toys,5,829.34,4146.7,wallet,2026-05-23T10:41:07
352086a8-bf59-4296-ba0c-8a7f4f8f9b1b,CUST000465,Home & Kitchen,4,297.37,1189.48,cash_on_delivery,2026-07-10T05:47:36
6d57cb40-77dd-47e4-9c97-36b3650c0c14,CUST000514,Books,2,1932.7,3865.4,wallet,2026-05-31T00:27:27
d705a280-32b2-4b16-b9ce-5a55a8370482,CUST000691,Groceries,1,886.91,886.91,wallet,2026-06-23T01:40:51
1c7f6271-2ee7-49ce-a82f-068a106e8091,CUST000412,Fashion,2,874.31,1748.62,debit_card,2026-07-23T12:20:43
587515f9-f773-4438-8f0b-54d2f3b274af,CUST000778,Books,5,1178.31,5891.55,wallet,2026-06-04T04:21:46
1873d214-81ce-46d4-ab0b-df98c7cb11ff,CUST000489,Groceries,3,652.0,1956.0,debit_card,2026-05-23T18:37:35
7da6ba1d-33d7-4ed4-aed8-211aa6c74431,CUST000291,Sports & Outdoors,5,40.74,203.7,credit_card,2026-07-16T22:03:53
39900141-466b-4b18-8c3e-6915d3f3a510,CUST000579,Groceries,3,700.28,2100.84,debit_card,2026-02-18T16:52:55
cb60a1fd-22f9-4bcf-82c4-4154ddcbc8bc,CUST000179,Books,2,221.51,443.02,debit_card,2026-05-20T02:44:22
9ff3c8f7-b694-4bfe-b0ec-8861c173abba,CUST000654,Beauty & Personal Care,3,1609.57,4828.71,upi,2026-02-15T18:24:45
ea8f9f9e-e2bb-42d6-bf36-0198aa25e5c4,CUST000408,Fashion,3,1358.03,4074.09,credit_card,2026-03-23T03:20:48
08a962bb-191a-4f1b-8731-3cb155f05297,CUST000188,Beauty & Personal Care,2,805.85,1611.7,upi,2026-03-15T15:58:14
3bd34f56-0eab-4712-8f44-e04fc0cd1666,CUST000729,Home & Kitchen,1,139.43,139.43,upi,2026-02-27T17:03:22
bfe63ff4-0157-4ff4-aedf-1d62d8765daa,CUST000017,Sports & Outdoors,1,665.82,665.82,cash_on_delivery,2026-06-01T04:27:10
6604b172-e9d0-48a5-a303-e45007873982,,Beauty & Personal Care,4,113.11,452.44,upi,2026-07-03T02:34:23
196e409d-450a-4522-ac00-1b4f72808e09,CUST000679,Home & Kitchen,4,339.03,1356.12,wallet,2026-06-27T14:05:19
b9656044-4b4f-4e5a-a4fd-d4024e66e0d4,CUST000188,Toys,2,485.73,971.46,upi,2026-07-28T07:23:17
1a4d3877-2280-441e-9aea-22406e4fb9ca,CUST000428,Fashion,2,828.86,1657.72,cash_on_delivery,2026-03-13T12:51:30
41331c5e-95a6-4b41-a4a9-92b2d157f638,CUST000683,Home & Kitchen,5,642.74,3213.7,wallet,2026-05-28T05:47:46
64781d2f-a0e8-40b0-b295-9439412b8af4,CUST000032,Books,3,512.66,1537.98,upi,2026-03-02T15:10:16
ad8238ee-3435-430e-b2b6-461a792fcdc7,CUST000394,Electronics,2,583.66,1167.32,upi,2026-07-22T02:48:53
07ac26d0-9a50-4911-85bc-293a1b84131a,CUST000078,Groceries,3,1916.62,5749.86,debit_card,2026-08-02T20:20:13
3a5cfd85-50ea-424e-94ec-859f8c501833,CUST000468,Home & Kitchen,4,226.16,904.64,wallet,2026-06-30T23:39:41
13141701-40fc-44ca-9d50-83925a442a17,CUST000233,Sports & Outdoors,2,1894.76,3789.52,debit_card,2026-06-29T08:53:13
8b76bf50-b388-4912-a222-1296ccb0f777,CUST000577,Groceries,3,249.29,747.87,upi,2026-06-09T23:39:42
de866513-13f2-492b-a5f7-a7a65591450d,CUST000393,Sports & Outdoors,2,1680.73,3361.46,upi,2026-05-19T13:26:09
555bf081-40ec-4fd8-8fd3-e2ea349091d0,CUST000124,Groceries,2,1585.17,3170.34,cash_on_delivery,2026-02-16T01:37:37
0a4df457-3ba7-4de1-9e83-a05f9406e6b3,CUST000515,Toys,4,1861.0,7444.0,debit_card,2026-07-17T00:34:03
88e1b48a-2615-4c42-887c-f1a535333176,CUST000172,Electronics,1,1958.2,1958.2,wallet,2026-06-04T03:20:58
5a188123-8dba-40a1-900c-0e79b0061b74,CUST000591,Groceries,5,177.52,887.6,cash_on_delivery,2026-05-18T17:21:39
ccdf6ba5-2b2f-472f-84c0-eda3b5073662,CUST000134,Fashion,1,724.29,724.29,cash_on_delivery,2026-06-17T21:07:17
c24e018d-076b-4ab7-b061-e308b1390b7e,CUST000376,Fashion,2,797.38,1594.76,wallet,2026-06-15T13:14:13
78973934-56db-461e-b276-abccf4e4799b,CUST000128,Groceries,4,1554.01,6216.04,wallet,2026-05-30T14:54:16
7970de7a-797c-4dd9-b8dc-2429b502a28a,CUST000016,Books,1,60.75,60.75,upi,2026-05-16T21:22:43
122f7759-4f74-4afa-a51f-9699a7d2a743,CUST000773,Toys,1,1793.67,1793.67,wallet,2026-04-24T20:31:19
d1412f8a-267b-4f28-8ce7-9cac25a9be7d,CUST000483,Electronics,2,577.75,1155.5,debit_card,2026-02-12T11:17:57
d9a0715e-57d4-499b-a55c-d842fba688d0,CUST000683,Electronics,5,134.59,672.95,debit_card,2026-07-29T20:03:43
f3e2b945-a1b8-456c-b4ab-8a645d654cbb,,Toys,5,1457.02,7285.1,wallet,2026-07-12T01:35:46
6e623dff-3192-4f95-a157-3dd14aeee6ac,CUST000442,Toys,1,300.8,300.8,credit_card,2026-07-12T00:49:36
f4c4f4e7-3bdc-4543-838e-59bc1d87b0bb,CUST000186,Beauty & Personal Care,5,1096.32,5481.6,upi,2026-08-03T16:04:35
b86e2471-0204-4782-ab24-cb448f841bc6,CUST000731,Electronics,1,1311.83,1311.83,credit_card,2026-07-02T17:12:03
f2912d1d-5889-459a-9e3b-47a5d73ff1fc,CUST000675,Fashion,2,1677.45,3354.9,cash_on_delivery,2026-03-08T00:08:11
da83ca1d-6a8b-4ea1-836f-c076e13e9859,CUST000168,Books,1,156.9,156.9,debit_card,2026-06-17T21:26:10
e3429cc9-83cc-4542-8a9b-4201952c905f,CUST000471,Books,3,396.23,1188.69,wallet,2026-02-16T00:44:16
731ed4fc-db0c-4c27-ae82-3d4b871bb440,CUST000142,Toys,4,1520.55,6082.2,debit_card,2026-05-15T01:24:51
9024037c-9850-4e51-ac46-80198a1ee127,CUST000007,Electronics,5,54.42,272.1,upi,2026-04-09T05:38:57
f7631368-675e-48dc-bc23-4c80d6a0c923,CUST000155,Fashion,5,459.86,2299.3,credit_card,2026-04-16T06:09:26
071a6725-a6dd-459a-9cf2-dfd194aaa93c,CUST000741,Fashion,1,505.14,505.14,cash_on_delivery,2026-06-15T03:25:05
8a4347a5-acf6-429a-896f-814e9853c511,CUST000725,Home & Kitchen,2,1409.64,2819.28,upi,2026-05-16T22:37:54
b885cd61-2b43-4b08-a9dc-80049c863516,CUST000357,Sports & Outdoors,2,1698.26,3396.52,upi,2026-03-29T10:38:18
2bbe2f28-36f1-4df4-8163-2a8eb754906c,CUST000560,Fashion,2,1895.21,3790.42,credit_card,2026-04-01T15:49:09
af227944-a119-465e-a826-63c12e3a4c8f,CUST000427,Home & Kitchen,4,980.76,3923.04,cash_on_delivery,2026-02-21T21:02:14
2e8461c7-21f7-4e2e-aac1-12ab74dddc9b,CUST000606,Sports & Outdoors,1,1589.52,1589.52,wallet,2026-07-02T07:13:05
3e5c8b02-7924-4982-a410-e539b78a4f73,CUST000721,Electronics,2,865.49,1730.98,wallet,2026-04-22T05:30:59
32b6270b-3edb-45e1-a6b3-1b210723aec6,CUST000396,Groceries,4,1050.52,4202.08,wallet,2026-04-22T12:25:40
42479179-cb54-4691-b621-a37813adae42,CUST000483,Fashion,2,545.43,1090.86,credit_card,2026-07-01T22:37:34
adc7f96f-5785-4aa3-9f50-2764ad03878e,CUST000196,Beauty & Personal Care,1,1964.16,1964.16,cash_on_delivery,2026-07-08T23:38:11
432c8381-5cdb-4031-93e7-dd018a729a22,CUST000167,Books,4,283.38,1133.52,credit_card,2026-07-30T04:26:38
b3a84624-a870-4176-b3b2-0cd6080b4083,CUST000140,Sports & Outdoors,5,1608.91,8044.55,cash_on_delivery,2026-04-12T11:36:38
9ffd99ad-859c-4d0c-a24f-0a9df4f20b2d,CUST000348,Fashion,5,51.73,258.65,wallet,2026-03-21T16:48:26
9d627cc8-e4d2-4c1c-8d47-9342f20afb9b,CUST000719,Books,4,791.87,3167.48,credit_card,2026-02-14T10:05:08
75feb720-24ff-4b47-8d35-f7cb9fdc5a73,CUST000372,Home & Kitchen,4,1198.11,4792.44,cash_on_delivery,2026-07-02T17:21:53
53b1352b-c0d6-4d4b-8fd4-a9346e840656,CUST000629,Books,2,1293.85,2587.7,debit_card,2026-07-09T01:50:09
b0891553-d0af-4872-8f2b-509cdadedf18,CUST000593,Books,2,593.91,1187.82,upi,2026-06-15T06:33:06
fb15afb7-3d12-4ead-9305-c17ff717f8e7,CUST000331,Sports & Outdoors,4,1224.51,4898.04,cash_on_delivery,2026-05-13T15:58:43
4791b794-c5c0-4314-98a5-17329b151a33,CUST000287,Sports & Outdoors,3,1156.55,3469.65,debit_card,2026-02-26T02:29:45
96625260-29d2-4cab-ae2e-d208fd479d69,CUST000070,Books,5,883.88,4419.4,upi,2026-04-09T17:15:46
da2e1e56-e0c6-4f19-8e62-9691654a1734,CUST000021,Electronics,2,57.58,115.16,wallet,2026-06-22T22:52:58
bd4c8bc6-d819-4777-805a-76e45b74db8e,CUST000272,Sports & Outdoors,4,1431.82,5727.28,upi,2026-03-02T11:50:54
4f8bd2ff-325c-48c0-84a3-dcd8ab106cfd,CUST000775,Beauty & Personal Care,5,1466.35,7331.75,cash_on_delivery,2026-05-14T02:07:21
2eb0658a-febc-4f3e-8dac-1da298773165,CUST000522,Toys,4,1618.34,6473.36,debit_card,2026-07-09T08:31:23
b7665536-a219-409c-8cfe-ea3388461ea7,CUST000536,Sports & Outdoors,5,140.02,700.1,wallet,2026-04-12T15:23:33
0c95b7ed-d03d-4f77-8566-145d6f06f308,CUST000711,Electronics,2,1141.49,2282.98,wallet,2026-06-06T18:33:38
64a7e4a2-b109-49a6-b4b2-3a5a23d45446,CUST000611,Groceries,3,1203.56,3610.68,debit_card,2026-06-23T03:33:25
c6471c9c-48f5-4eac-bea9-059b283ac87e,CUST000660,Electronics,5,1255.69,6278.45,credit_card,2026-06-05T20:09:23
0e557209-ff4e-464a-b9ef-32a39c133d7b,CUST000431,Toys,5,273.27,1366.35,wallet,2026-06-18T07:12:17
d403ca27-1ba7-46ad-beba-2187d5666e06,CUST000685,Groceries,2,1537.79,3075.58,upi,2026-02-22T17:04:51
9eaaa333-49d0-4bdf-b4d1-a5f5b0413b33,CUST000302,Fashion,4,515.17,2060.68,debit_card,2026-04-28T19:48:12
eb36f3a1-bcb7-4592-9b6f-dd6746dcb36d,CUST000647,Groceries,5,1172.39,5861.95,upi,2026-05-19T21:04:35
181f2374-16f0-4406-be4b-794a5408b38d,CUST000055,Home & Kitchen,4,1790.44,7161.76,upi,2026-07-01T11:17:58
d086a711-c5b4-4c56-a4e4-c9915c00cbf8,CUST000535,Groceries,5,1961.98,9809.9,cash_on_delivery,2026-06-05T05:20:59
3a8bd5bd-730c-4978-a1e0-ef6e889289c2,CUST000581,Home & Kitchen,3,1857.27,5571.81,upi,2026-04-06T23:17:58
f48e3b4f-4b47-4741-8ba4-9cf8e8f7b8b2,CUST000532,Electronics,1,260.08,260.08,upi,2026-03-26T05:05:12
0d96e17d-113b-4f2b-a217-0c0d35ebcca8,CUST000184,Sports & Outdoors,1,909.8,909.8,wallet,2026-08-01T21:58:14
6899441a-10ff-4790-96a3-1ce8bcdcc32b,CUST000521,Groceries,4,426.49,1705.96,cash_on_delivery,2026-04-08T16:01:03
98d53ab0-6cd1-4401-935b-7e226cb5f5cf,CUST000293,Toys,2,1265.27,2530.54,debit_card,2026-07-05T07:20:24
1d2eee51-37a8-46e8-9e11-ea50241e92d8,CUST000010,Sports & Outdoors,1,1929.88,1929.88,credit_card,2026-07-05T11:32:42
ae23b020-28b1-4b19-8f7f-0c1748636215,CUST000490,Sports & Outdoors,4,64.43,257.72,cash_on_delivery,2026-03-26T07:23:35
45755189-8b71-498b-9d32-2e7ea2219b47,CUST000163,Sports & Outdoors,1,1188.92,1188.92,credit_card,2026-04-21T21:34:28
b74e31bc-00c6-4356-a11a-92f72268191a,CUST000760,Home & Kitchen,3,1914.2,5742.6,wallet,2026-06-23T21:06:34
075d121b-1eb2-4810-8210-3256a2c58d8f,CUST000191,Groceries,1,565.87,565.87,upi,2026-03-18T16:12:48
ec1bbe16-a4b9-43ac-ab0f-b486fded78b3,CUST000169,Toys,4,232.9,931.6,upi,2026-08-04T17:06:05
98db6252-2da7-482d-810d-82de07162d8b,CUST000289,Beauty & Personal Care,4,1370.4,5481.6,credit_card,2026-06-22T07:21:17
51a32a3b-2bb5-4e09-a5ae-a81623edeccc,CUST000209,Toys,2,1165.59,2331.18,credit_card,2026-04-29T05:58:24
18e19f5d-fe33-4a63-b102-caae7ea2602d,CUST000792,Books,1,1138.75,1138.75,upi,2026-07-10T07:06:04
8f64610b-9e6e-4811-9722-b656f2b6f844,CUST000614,Fashion,2,1360.47,2720.94,upi,2026-07-04T22:48:00
7bdb5980-5bc9-4d0c-a0fd-7c4449470ecc,CUST000039,Fashion,1,1220.66,1220.66,cash_on_delivery,2026-07-02T18:01:27
f8152c0a-5466-4af2-82de-2fe143eb5dc1,CUST000579,Fashion,4,1473.16,5892.64,upi,2026-02-27T14:15:54
9601340c-4801-4d3a-bfb2-eac6bdc3feb9,CUST000226,Books,1,604.5,604.5,wallet,2026-07-17T12:26:25
77e390e9-50d2-429b-b64a-e158f5d03f96,CUST000275,Fashion,1,1431.82,1431.82,debit_card,2026-06-19T07:22:55
c18fd8b1-6f57-4364-872c-ba6b4d6ed002,CUST000469,Home & Kitchen,2,64.1,128.2,debit_card,2026-05-15T07:19:54
208d0191-5ba9-4f60-9597-dbfef7ceafa5,,Toys,3,1440.12,4320.36,cash_on_delivery,2026-07-17T12:29:15
25014a8f-6ba8-40b4-bd8b-70fdd4ca0d3d,CUST000423,Books,3,499.79,1499.37,upi,2026-03-14T14:28:44
318c91e7-4fa3-4144-93b3-03b03211f2f4,CUST000497,,2,161.5,323.0,wallet,2026-06-29T03:55:52
b01dcd36-f9b0-4126-bf7d-c5e901177df3,CUST000464,Home & Kitchen,5,1060.09,5300.45,debit_card,2026-05-10T12:02:46
849e9a1b-7bb1-4ffd-821d-2988bf3c4ed6,CUST000003,Beauty & Personal Care,1,699.68,699.68,debit_card,2026-02-26T04:29:57
7ca620b3-90ea-4a29-8275-4ed787340219,CUST000744,Books,2,601.71,1203.42,credit_card,2026-07-09T14:43:00
b97341e5-5a43-40b8-addb-58c0e3b31f58,,Sports & Outdoors,5,427.42,2137.1,debit_card,2026-08-05T17:33:55
eee4d014-9131-4b56-a73b-485d651fd183,CUST000735,Groceries,4,472.34,1889.36,upi,2026-07-04T00:09:48
c0bb1c3b-175b-41ec-a1ba-6358e9a383f5,CUST000613,Home & Kitchen,1,728.25,728.25,upi,2026-02-12T12:24:52
0977f1da-9fd3-4d24-b32c-ebbfa89b62fd,CUST000194,Home & Kitchen,2,373.98,747.96,upi,2026-06-04T01:06:04
bef6ac3d-0223-4ddd-aa4a-8a3247411bf2,CUST000164,Groceries,3,1897.01,5691.03,credit_card,2026-05-23T19:27:01
0c88d4fb-f811-4e76-8f0b-1c9f24aa8d4a,CUST000581,Sports & Outdoors,2,7.91,15.82,debit_card,2026-04-11T16:22:44
691f8dfa-ee1e-4090-82eb-fc4f4ee32ad3,CUST000170,Beauty & Personal Care,2,715.02,1430.04,wallet,2026-06-24T14:42:50
2a91852a-93f7-4c01-9ec1-70e5f2eddd09,CUST000032,Books,2,1705.05,3410.1,cash_on_delivery,2026-06-02T09:54:02
4baf4785-dca6-44c2-bcdd-14ee2bb8fc36,CUST000395,Sports & Outdoors,4,1947.58,7790.32,cash_on_delivery,2026-04-19T22:55:29
635b2ef0-247c-46f4-bf69-4af1ed7bf073,CUST000567,Home & Kitchen,5,496.4,2482.0,debit_card,2026-06-15T12:00:27
a2757e57-f081-4a9c-b0df-3a454b735956,CUST000135,Electronics,3,565.0,1695.0,credit_card,2026-04-04T08:28:40
8a044668-eab2-4e8c-ba14-c2acd571234b,CUST000516,Books,5,1563.95,7819.75,credit_card,2026-02-12T14:43:09
e543b353-dd4a-4597-9287-52fd110ad220,CUST000625,Sports & Outdoors,5,262.78,1313.9,credit_card,2026-04-10T07:24:18
97c6ce46-a6f8-4346-845c-483c05350071,CUST000596,Fashion,5,808.7,4043.5,wallet,2026-07-20T21:52:18
1d06c18f-6f36-47c8-a5eb-2e668fb2c067,CUST000175,Books,5,410.27,2051.35,credit_card,2026-04-05T20:22:08
70917eb5-361c-4cbc-97ab-eefc2f06bb0f,CUST000046,Beauty & Personal Care,5,1304.0,6520.0,cash_on_delivery,2026-04-20T03:09:46
03fb64c7-18bf-48df-acaa-1cffa2d983d8,CUST000028,Sports & Outdoors,2,1147.55,2295.1,debit_card,2026-03-12T01:59:48
31a6e7d0-2afa-4e47-97d4-dc7d0b84b772,CUST000612,Fashion,5,708.28,3541.4,wallet,2026-04-06T20:38:43
61d0915d-cd98-4852-b049-27447d10494e,CUST000346,Fashion,1,583.03,583.03,wallet,2026-07-21T19:38:10
6a3ea132-325a-4ccb-a549-7a3b951d664f,CUST000768,Toys,3,1518.0,4554.0,cash_on_delivery,2026-07-27T07:11:46
8ed54965-7c8c-4f9e-b995-ac5f7ac81d71,CUST000381,Fashion,2,76.56,153.12,cash_on_delivery,2026-06-14T01:28:03
ec740396-786d-4190-9681-7d1160cf9360,CUST000255,Electronics,3,915.62,2746.86,debit_card,2026-03-18T02:04:42
cb001c63-e45e-4c64-9eb5-569f2e82ffd5,CUST000299,Beauty & Personal Care,4,1739.37,6957.48,credit_card,2026-02-11T21:14:31
ac52aded-73e3-4532-80cc-1e6f5fe2b8d6,CUST000033,Sports & Outdoors,2,845.7,1691.4,upi,2026-05-17T05:39:11
f82d7a2f-63cf-45c5-acbc-f9b713a4bc58,CUST000583,Home & Kitchen,2,651.05,1302.1,cash_on_delivery,2026-03-05T18:20:01
5b69dd2a-8705-49f2-bead-3a607c90d1c2,CUST000393,Fashion,5,1714.76,8573.8,cash_on_delivery,2026-05-16T02:02:44
5c46a82a-099f-425a-9f80-0536ced5f52b,CUST000616,Toys,3,266.66,799.98,cash_on_delivery,2026-06-10T12:32:17
983407d7-4a25-4bd2-a4b9-854f0bfae1b1,CUST000551,Toys,2,1067.29,2134.58,cash_on_delivery,2026-06-27T15:04:28
ce6e42e9-c346-48c3-8c87-55e1b523b349,CUST000210,Electronics,1,1723.18,1723.18,cash_on_delivery,2026-06-17T01:14:00
e3725b30-3103-4761-ac99-933bee21fc82,CUST000453,Home & Kitchen,5,865.29,4326.45,credit_card,2026-07-03T04:17:00
0ec1a7ab-d96f-45fd-b83b-caf2cc7b4a0c,CUST000132,Fashion,5,402.97,2014.85,cash_on_delivery,2026-03-29T10:24:37
872b9b3a-5dab-4595-b5e8-1755670fa6a0,CUST000698,Electronics,4,1906.24,7624.96,debit_card,2026-03-28T20:22:04
5d6791ed-d453-47a0-8549-09e8a5ca218e,CUST000101,Toys,2,1900.18,3800.36,upi,2026-06-29T02:36:56
45536b86-bbec-42be-9557-1ba43ac8198e,CUST000090,Toys,1,896.9,896.9,cash_on_delivery,2026-07-19T13:23:17
ea27ce83-d4fb-4c7d-b2f5-a38af1603688,CUST000263,Electronics,1,1759.21,1759.21,wallet,2026-06-27T16:24:13
e4152207-a70c-45da-aff8-1bd3dfa8feb4,CUST000552,Groceries,N/A,1753.9,8769.5,debit_card,2026-05-28T21:40:14
06e9e683-5e10-4a0a-8f36-01bd9bc7dc51,CUST000746,Beauty & Personal Care,5,1646.97,8234.85,credit_card,2026-04-21T01:09:25
be5d19fb-dcf6-4cfd-a47c-efbfbd38500f,CUST000041,Sports & Outdoors,5,773.63,3868.15,upi,2026-06-19T14:04:32
65f475b3-6b65-4ec0-9328-b4340dfefe33,CUST000310,Sports & Outdoors,2,930.24,1860.48,wallet,2026-06-17T04:35:21
e3c13180-ef24-40c9-8c50-ccc37606e604,CUST000196,Beauty & Personal Care,1,1635.42,1635.42,credit_card,2026-06-30T07:49:36
a4e10cd1-2a59-4daa-ac67-87ea20091d1a,CUST000385,Fashion,4,520.28,2081.12,cash_on_delivery,2026-08-09T21:00:27
c375fb8c-00e3-408f-ac91-215a2ad4b327,CUST000197,Beauty & Personal Care,1,351.87,351.87,wallet,2026-06-27T01:37:21
c32478d4-7048-49b5-8245-6703afaca648,CUST000334,Sports & Outdoors,4,673.3,2693.2,upi,2026-06-06T21:08:43
8886760b-85bd-4bdd-a8aa-881b06b71e21,CUST000565,Groceries,3,980.22,2940.66,credit_card,2026-03-07T02:15:44
b74ae08c-8164-422b-a42b-cbd5e6553706,CUST000178,Groceries,2,622.46,1244.92,wallet,2026-02-25T12:44:28
f775e036-4607-4a78-a6f5-82767ebcbcb7,CUST000007,Beauty & Personal Care,3,534.97,1604.91,wallet,2026-06-22T10:57:47
36a1a6a1-b3c5-4162-a6d3-8e448ba8481c,CUST000498,,2,717.49,1434.98,credit_card,2026-06-13T16:23:55
688ed529-3b7b-4291-b914-88896f8aea17,CUST000212,Beauty & Personal Care,1,1382.94,1382.94,cash_on_delivery,2026-06-04T22:06:13
b00e5b24-eac6-49a5-9e3a-e95e351b23cb,,Fashion,5,1479.67,7398.35,credit_card,2026-05-12T20:24:36
9c92de07-a012-42ff-8819-eb9562bb11c7,CUST000774,Beauty & Personal Care,4,335.66,1342.64,cash_on_delivery,2026-05-26T06:02:40
b8eb76ed-ede1-4601-b401-fc3b38c7fbeb,CUST000197,Beauty & Personal Care,3,1878.4,5635.2,debit_card,2026-06-23T12:41:47
08e8e0c4-b0db-42bd-8620-066b38b87f9f,CUST000251,Groceries,2,1348.5,2697.0,cash_on_delivery,2026-03-22T09:43:50
919fb214-d5bc-4208-9cca-6ed471eade7f,CUST000321,Toys,2,1618.06,3236.12,upi,2026-06-14T19:18:21
c9d5121b-0023-4711-bccd-2ec4593d161d,CUST000152,Home & Kitchen,3,568.54,1705.62,upi,2026-05-20T18:34:17
1a83cecf-7b4a-47b6-a107-5f31536c1631,CUST000119,Groceries,5,320.86,1604.3,upi,2026-02-23T05:59:02
b8023a36-1703-4aec-8818-b19e9e75e1e9,CUST000736,Beauty & Personal Care,3,1017.19,3051.57,debit_card,2026-07-15T07:31:39
b16e8ca0-35db-4c40-89cf-aaf5a55b3641,CUST000326,Beauty & Personal Care,3,287.41,862.23,wallet,2026-07-10T01:23:49
b3ef1727-dad9-4672-8476-eed9b1692175,CUST000198,Groceries,2,921.95,1843.9,upi,2026-06-29T04:51:01
997368b6-d21a-4bbe-bedc-304b195c25ff,CUST000601,Toys,4,1515.92,6063.68,wallet,2026-04-08T08:52:57
63df8777-1b29-4eff-9658-6a61db2a48f1,CUST000130,Beauty & Personal Care,5,129.51,647.55,credit_card,2026-06-12T08:05:26
4055b737-be99-4c5d-b36d-8459a07a7cdb,CUST000740,Toys,1,1930.23,1930.23,upi,2026-07-15T04:35:05
b1edf5e7-8ce3-4676-a35c-39e05a4c1bb8,CUST000785,Electronics,2,1087.78,2175.56,upi,2026-03-03T06:30:38
a9b39e1b-23db-4260-8fdd-57969b716116,CUST000432,Books,4,1521.85,6087.4,credit_card,2026-04-18T20:53:46
8f4ea8c3-4303-4f34-9a48-763955abb747,CUST000477,Home & Kitchen,5,831.5,4157.5,credit_card,2026-04-17T14:09:36
9ef8d531-b5b9-4368-b12c-78bae9d1af5d,CUST000538,Beauty & Personal Care,3,222.17,666.51,debit_card,2026-06-22T11:10:43
ddc2a24b-2740-44d3-904b-9caf41cc9bf8,CUST000727,Toys,2,274.28,548.56,credit_card,2026-05-08T23:33:58
9101b215-2e85-48c3-ab38-dd8eae4556b7,CUST000765,Toys,2,830.91,1661.82,credit_card,2026-03-19T05:54:23
9a46fad5-b881-41f4-8b89-3b5480af85bd,,Home & Kitchen,5,1518.15,7590.75,wallet,2026-07-05T03:10:10
d9e487fa-7e24-4862-89d6-e8b081d25c8c,CUST000109,Sports & Outdoors,2,416.64,833.28,debit_card,2026-05-01T14:10:56
3d145bf6-7a94-4212-848f-7859ed7ae8fd,CUST000789,Home & Kitchen,4,501.2,2004.8,credit_card,2026-08-06T23:40:22
7ca91477-12ec-490c-a1b5-943e63e1a2f7,CUST000107,Beauty & Personal Care,2,1680.29,3360.58,upi,2026-04-22T00:51:36
bd560b7a-3f8b-4cb1-98b0-10566bf96289,CUST000779,Sports & Outdoors,3,1522.17,4566.51,cash_on_delivery,2026-06-26T08:37:55
60f49eda-1c68-4dc4-86cd-7dc707fa819a,CUST000197,Groceries,1,416.55,416.55,debit_card,2026-06-19T20:23:28
073ae750-4f67-48c2-b04d-2f4e049f703a,CUST000350,Home & Kitchen,3,506.93,1520.79,upi,2026-04-02T21:08:51
b91270cd-3ae0-41dd-9999-24a0e9ca2b85,CUST000514,Toys,1,1828.39,1828.39,credit_card,2026-02-21T09:25:41
c5fdcf5c-338c-46e4-9eec-75482885a603,CUST000535,Home & Kitchen,2,868.53,1737.06,cash_on_delivery,2026-05-21T15:40:20
6a262f0e-dc59-4d6d-9868-5460efe46cca,CUST000108,Sports & Outdoors,1,487.27,487.27,upi,2026-04-29T19:03:56
b10c0fad-1023-41af-bf93-a070e2c94157,CUST000423,Groceries,3,11.24,33.72,credit_card,2026-05-26T07:04:52
10ddc351-ecf0-424b-9edc-a9b0bfb91ad2,CUST000032,Home & Kitchen,1,678.78,678.78,wallet,2026-08-05T17:44:21
6bca5a99-da2a-49c0-976f-2f2af8f8ff0f,CUST000606,Home & Kitchen,4,1439.87,5759.48,credit_card,2026-06-18T19:54:22
1fb01fe2-49ae-400f-8a85-e20df85f266f,CUST000372,Books,3,370.79,1112.37,upi,2026-03-12T16:22:44
070c653d-4e2a-463f-b4e9-4ec8e4f9caf5,CUST000692,Sports & Outdoors,4,896.41,3585.64,wallet,2026-07-03T11:56:24
641fc7d9-be8b-4220-baee-e8225d36f37c,CUST000783,Toys,2,1409.85,2819.7,cash_on_delivery,2026-07-17T22:58:32
5c9eefb3-3ac1-4f47-8962-0835591a3d6a,CUST000036,,3,636.14,1908.42,wallet,2026-04-22T00:42:55
97ffeb96-1938-4ad8-bebe-149964ecde1e,CUST000560,Toys,2,999.4,1998.8,wallet,2026-04-30T21:45:40
f007bb05-7430-4b11-a73b-01b435422093,CUST000255,Home & Kitchen,5,286.95,1434.75,cash_on_delivery,2026-04-28T06:29:08
ac18a57f-8b5b-4e23-bcc0-2b5f5089b8e4,CUST000588,Beauty & Personal Care,3,570.35,1711.05,cash_on_delivery,2026-03-21T18:10:30
0d06197c-6a91-4470-8fd2-181334a32f26,CUST000360,Sports & Outdoors,3,1102.41,3307.23,upi,2026-07-12T03:25:11
fcec2ec5-20fd-4713-98e8-8e3300b56a8d,CUST000642,Home & Kitchen,5,994.81,4974.05,upi,2026-03-16T11:27:29
6c88b844-5ae3-460b-993e-54e36bf1f8ba,CUST000624,Electronics,1,694.96,694.96,cash_on_delivery,2026-05-29T08:37:04
eab91ec0-1a99-4bd1-aea9-1c4edad6187a,CUST000055,Home & Kitchen,1,114.11,114.11,upi,2026-06-04T23:03:42
11297b5d-1803-49fe-a9e6-db93c5040e4c,CUST000460,Books,2,713.84,1427.68,cash_on_delivery,2026-03-12T21:52:21
b46307b0-51d5-4f9c-8e4e-303ab9f9af45,CUST000436,Beauty & Personal Care,3,1819.92,-5459.76,cash_on_delivery,2026-03-09T07:48:55
80f4019f-ec62-4c93-b061-9d09f16fffe8,CUST000115,Beauty & Personal Care,5,720.79,3603.95,wallet,2026-03-24T19:59:43
158d419b-cdbd-47c7-a362-48f90940b692,CUST000644,Toys,3,1234.55,3703.65,upi,2026-07-29T13:26:05
ffa5f05a-ad15-40ec-842d-fedd9bebbb72,CUST000257,Sports & Outdoors,3,842.19,2526.57,upi,2026-07-07T22:09:17
2d8379c3-9e00-418d-9b39-9dbd7c65b226,CUST000329,Beauty & Personal Care,5,764.42,3822.1,upi,2026-06-02T18:30:26
cd1b4d9c-6185-48d6-b4a1-ed16df997301,CUST000449,Groceries,1,1081.82,1081.82,debit_card,2026-05-30T11:06:56
21b623cc-5fcd-4244-8e81-49471d0bdbd2,CUST000255,Sports & Outdoors,2,1817.97,3635.94,credit_card,2026-06-04T04:56:25
1ad26eab-a914-441f-9197-49e3ebb3399d,CUST000385,Sports & Outdoors,2,920.7,1841.4,cash_on_delivery,2026-02-19T10:53:48
7655a2ea-e033-49c7-99a5-daefebfb4bcd,CUST000775,Books,2,469.02,938.04,cash_on_delivery,2026-03-29T15:09:51
9d11acb9-7fa0-4b0c-b0fd-2a98827198a3,CUST000095,Home & Kitchen,4,1424.77,5699.08,upi,2026-02-27T20:38:43
32be9fc6-633d-448b-a8e3-27c159d1b459,CUST000435,Books,2,1172.48,2344.96,upi,2026-07-02T20:23:37
99575e08-a00f-40aa-be03-426a4afec299,CUST000138,Beauty & Personal Care,2,676.59,1353.18,wallet,2026-05-17T05:24:31
76b91af0-eb7a-4a6f-89cc-cb8ba55021fc,CUST000154,Home & Kitchen,4,1414.28,5657.12,cash_on_delivery,2026-06-14T20:18:44
b4d1abef-7510-4980-8ac0-2759780ca947,CUST000317,Fashion,4,1571.35,6285.4,credit_card,2026-03-04T03:07:32
8b5eea2e-3d07-49ec-af42-89f0db3a9ff1,CUST000198,Fashion,5,1530.56,7652.8,debit_card,2026-03-21T14:57:08
6ffd1605-85f8-4de9-bd5e-82f452a56fb5,CUST000090,Home & Kitchen,1,840.8,840.8,cash_on_delivery,2026-05-10T18:51:27
b47c9c60-b0dc-4194-8235-588af6d0effc,CUST000242,Groceries,5,1881.71,9408.55,upi,2026-05-16T21:11:12
f050e1b3-7b0d-4a07-b161-b5cb1acf70e0,CUST000193,Books,3,1129.04,3387.12,wallet,2026-06-28T15:17:44
4d7db579-20fe-44f2-80dc-5fdc19c76505,CUST000016,Groceries,2,1718.73,3437.46,cash_on_delivery,2026-06-18T08:19:35
b3620132-6760-410b-81bc-978859f02b01,CUST000139,Sports & Outdoors,5,1910.85,9554.25,credit_card,2026-06-15T07:23:17
c928aed0-237b-4c9d-8b52-2ea14c76732c,CUST000694,Electronics,3,954.72,2864.16,upi,2026-07-24T08:26:02
8916da41-372b-4b98-baa8-64a1850d680a,CUST000163,Groceries,1,1131.32,1131.32,wallet,2026-05-19T11:14:16
b211876b-0410-4e81-a06d-6908f086b13f,CUST000100,Fashion,3,472.25,1416.75,wallet,2026-07-15T17:08:35
1b075ae3-5db8-4047-a3d6-71d372d866b0,CUST000429,Home & Kitchen,5,220.23,1101.15,credit_card,2026-03-15T18:48:05
eb1150f4-b16f-4cda-9caf-27bc46ae4357,CUST000462,Toys,1,1925.05,1925.05,cash_on_delivery,2026-07-12T19:16:01
e9f956a7-1706-4601-bf0c-b1cec2fe41b1,CUST000377,Electronics,1,1392.53,1392.53,upi,2026-05-19T12:35:52
6565d274-7d70-4042-8b8c-870f0fece0cc,CUST000166,Sports & Outdoors,5,433.82,2169.1,credit_card,2026-02-20T09:38:08
6e643334-c412-4a0e-9a5d-2ccfbaf04e41,CUST000054,Fashion,2,1080.36,2160.72,debit_card,2026-06-19T14:29:16
4c485332-9259-49c9-83a4-4f96d6496283,CUST000750,Home & Kitchen,1,1544.0,1544.0,upi,2026-05-19T22:38:38
9e7c0379-4750-406b-bc1a-fa2ba993cfa0,CUST000488,Fashion,3,65.22,195.66,debit_card,2026-04-25T21:17:15
55068540-53f2-44de-b346-18584e5ec7a7,CUST000123,Beauty & Personal Care,3,256.97,770.91,upi,2026-04-08T16:30:46
d3e97b32-2520-47e6-8765-5f6cedea1104,CUST000643,Beauty & Personal Care,1,1439.69,1439.69,cash_on_delivery,2026-07-20T08:57:27
3a4ba692-0872-4652-bb23-3084b11fcb7a,CUST000638,Groceries,1,233.84,233.84,debit_card,2026-04-29T07:28:09
46b75aba-2704-4ab7-9d25-3a8b90da2bff,CUST000127,Toys,4,1299.58,5198.32,cash_on_delivery,2026-05-16T18:59:39
43bb8414-aaf4-42cb-a81c-1ba212063e88,CUST000382,Fashion,3,362.59,1087.77,credit_card,2026-06-22T03:27:17
94f1ef2c-0c7f-43be-9263-99f7af923367,CUST000245,Toys,2,774.84,1549.68,cash_on_delivery,2026-03-19T12:32:05
b6b37c10-b8cd-4348-8250-534f15997b4b,CUST000610,Groceries,1,465.67,465.67,upi,2026-06-23T09:17:45
f93f76ca-a16c-46d9-ad12-53eb64f2b8ff,CUST000659,Groceries,3,901.44,2704.32,cash_on_delivery,2026-02-12T19:59:26
6d2da0ce-6917-4289-8fa9-8bd485a9108d,CUST000478,Toys,1,440.6,440.6,cash_on_delivery,2026-07-29T16:24:35
22fbd88d-4eb3-46e9-83b0-c7b2730b0844,CUST000038,Electronics,3,1499.3,4497.9,wallet,2026-07-26T04:05:25
2c688c0e-ed2d-4809-8b9e-c863688de8e6,CUST000223,Fashion,2,218.09,436.18,upi,2026-03-12T08:59:45
fbd3bafb-7b52-48e2-869b-f470bf7beb18,CUST000500,Beauty & Personal Care,5,1248.74,6243.7,upi,2026-06-27T00:12:57
c19a33d5-c88c-4be0-a664-805e68cfef0b,CUST000435,Fashion,3,488.82,1466.46,upi,2026-04-24T21:02:10
0e527f5c-fd1f-42c4-b6ec-b8493ea592a3,CUST000660,Groceries,3,39.49,118.47,cash_on_delivery,2026-07-26T06:13:11
8ff118da-1544-4f5c-9bc4-80060e4a71f8,CUST000378,Toys,4,761.85,3047.4,debit_card,2026-03-11T07:22:51
253d81c5-97f4-40fb-9fbc-076c4c750915,CUST000578,Books,5,367.54,1837.7,wallet,2026-04-11T13:10:31
65d45b83-1534-4577-900a-66fc04a28ea3,CUST000445,Beauty & Personal Care,3,1441.29,4323.87,wallet,2026-02-16T04:42:48
9219e522-089d-489e-96d6-06e4b3d217b0,CUST000105,Beauty & Personal Care,2,335.48,670.96,cash_on_delivery,2026-05-01T20:15:06
2532d51e-c5af-4227-9c25-043069ffaa11,CUST000295,Toys,3,1040.38,3121.14,debit_card,2026-02-28T07:26:34
2a0e5aa0-edba-4375-a70a-97fcc841322b,CUST000214,Toys,5,902.69,4513.45,credit_card,2026-05-13T09:29:35
c6ae49d5-3717-4440-9c6c-8cd05e126ae1,CUST000368,Toys,4,897.76,3591.04,credit_card,2026-04-22T07:01:09
e88f3988-f228-4d43-93a4-84f45354a69c,CUST000331,Home & Kitchen,4,229.5,918.0,cash_on_delivery,2026-03-04T23:59:02
78786b5a-4e6e-409c-8db6-57854ee5b01f,CUST000335,Electronics,3,439.84,1319.52,credit_card,2026-07-17T17:46:11
346f217f-8bfb-433a-87aa-dbad95b13cdb,CUST000236,Beauty & Personal Care,2,1633.05,3266.1,debit_card,2026-05-12T14:14:45
abecf20b-857b-4b88-867a-3cc19df86c20,CUST000120,Beauty & Personal Care,4,1551.05,6204.2,debit_card,2026-07-19T21:25:15
5a22d1b7-fcf8-4e40-a480-7ad70178a22b,CUST000052,Electronics,1,945.06,945.06,debit_card,2026-07-27T20:10:56
c23c9233-a99b-4f1d-9e88-76873459c155,CUST000046,Electronics,3,1919.8,5759.4,debit_card,2026-06-18T12:29:08
b6407256-2769-4a49-bf11-880672abddb1,CUST000546,Electronics,1,678.09,678.09,credit_card,2026-03-01T16:07:49
a2f0efc2-17f5-48f1-948c-c65d7d6b3d99,CUST000074,Toys,4,428.97,1715.88,upi,2026-02-23T23:34:26
c665ae7f-0450-4d23-bb56-7426d01d6540,CUST000728,Beauty & Personal Care,1,596.05,596.05,wallet,2026-05-25T15:26:34
e4c32c8d-966d-451d-8e62-0c54de2d2881,CUST000034,Electronics,3,1138.46,3415.38,credit_card,2026-06-12T05:33:33
49af1b5c-88ae-4729-adf2-0585e565abd6,CUST000431,Toys,2,1102.5,2205.0,upi,2026-04-13T20:41:07
16ec03de-58e2-4a50-8f6a-f3cd246796c6,CUST000570,Beauty & Personal Care,5,474.26,2371.3,wallet,2026-03-31T08:23:17
f45dc43a-490d-4a98-ade9-e217b933d8a5,CUST000653,Sports & Outdoors,2,971.04,1942.08,upi,2026-06-11T09:34:49
381d918e-9f18-46fb-a2fa-bb09d9f3f4d4,CUST000779,Sports & Outdoors,1,251.61,-251.61,wallet,2026-06-10T16:22:32
e46b16de-3898-4ba5-8969-ed88763348a0,CUST000585,Beauty & Personal Care,1,1555.59,1555.59,cash_on_delivery,2026-02-25T03:21:15
16c8ea75-7750-4fe6-a8f5-a42ab2cc2110,CUST000441,Sports & Outdoors,2,732.21,1464.42,upi,2026-06-24T18:52:14
8d2e3d6f-a30c-410b-b64f-ba2b0911b213,CUST000724,Fashion,5,23.24,116.2,cash_on_delivery,2026-03-16T08:15:44
f22d1735-fc46-4fa3-b66f-6cf734a1531e,CUST000223,Fashion,5,342.89,1714.45,debit_card,2026-06-05T20:45:18
376a21eb-21ec-4d96-81c3-d3dcd9609e4f,CUST000206,Home & Kitchen,2,167.02,334.04,wallet,2026-05-11T11:40:03
a0fc5d00-698a-425f-8e40-441717eebda9,CUST000487,Electronics,2,1803.38,3606.76,cash_on_delivery,2026-07-02T22:32:16
4db582a8-006a-4ef8-90f5-c8c670590303,CUST000442,Beauty & Personal Care,4,292.25,1169.0,cash_on_delivery,2026-07-03T06:01:00
750024ba-79cf-40f9-9b32-f448ab7fd90e,CUST000394,Groceries,2,390.27,780.54,wallet,2026-07-12T16:27:10
b0d3d610-41c8-41c6-a5a2-0846c8ad6a99,CUST000760,Sports & Outdoors,1,1091.81,1091.81,cash_on_delivery,2026-04-14T04:02:28
01280ecf-3ba4-463b-81fe-6a839436aa96,CUST000712,Beauty & Personal Care,4,1174.45,4697.8,wallet,2026-03-22T19:33:02
6bef5a7a-0487-4ac7-b8b2-2c94d167eb2a,CUST000264,Home & Kitchen,4,1581.28,6325.12,credit_card,2026-05-08T16:43:18
faf6506e-1981-4dc2-9da3-a381840745c4,CUST000377,Home & Kitchen,3,1607.56,4822.68,wallet,2026-03-08T08:27:09
f2b662bc-3f3f-4eeb-84b4-d09846c074d8,CUST000779,Books,5,981.47,4907.35,upi,2026-05-09T17:20:47
4fd413d3-b55b-4159-9d57-99797f304ca5,CUST000484,Sports & Outdoors,4,442.26,1769.04,wallet,2026-04-10T11:40:17
57f7e3b6-599e-47d9-93e5-44617ee8d9af,CUST000580,Home & Kitchen,5,1850.23,9251.15,credit_card,2026-08-01T13:31:57
451cf2fb-27eb-4126-8c37-1395936dcca1,CUST000193,Beauty & Personal Care,1,1762.22,1762.22,credit_card,2026-05-18T13:12:12
bf67f3a4-834b-42ae-ab8b-731bb5b97ce3,CUST000646,Toys,3,1124.84,3374.52,credit_card,2026-04-13T21:30:04
bfd026af-5495-4543-b1d5-813a23d0309e,CUST000426,Toys,3,30.87,92.61,debit_card,2026-02-28T16:17:39
d47676db-524f-4a16-aa0e-4cb4fb9873d0,CUST000086,Electronics,5,561.79,2808.95,cash_on_delivery,2026-04-27T15:02:43
ad2321d8-3a15-42e6-828f-84a5a87338ac,CUST000682,Toys,4,1520.69,6082.76,credit_card,2026-05-14T18:51:56
a5e38d45-935c-47a9-a6a2-b801f09b1c08,CUST000007,Sports & Outdoors,5,381.2,1906.0,cash_on_delivery,2026-07-20T15:39:48
d4b3aa40-5df4-4a87-8663-4f63b005fba8,CUST000797,Electronics,5,940.39,4701.95,cash_on_delivery,2026-07-24T13:44:58
0ded9476-f5bc-4b47-b25d-85f54e58f4c6,CUST000621,Home & Kitchen,1,1937.58,1937.58,cash_on_delivery,2026-08-02T07:45:47
d1b542e0-2845-4938-a58e-3fde31df5f6c,CUST000357,Toys,2,1659.85,3319.7,credit_card,2026-02-27T11:19:11
fa4a2ed8-b32a-49d2-97c0-bd90aeeb6145,CUST000155,Sports & Outdoors,5,1809.71,9048.55,credit_card,2026-02-22T14:29:24
dd4ae7c0-7c38-4c0d-8ac3-051c20ea5210,CUST000139,Books,2,97.01,194.02,upi,2026-07-22T05:05:27
d7fb9873-daba-4798-a379-89398f653ce1,CUST000781,Electronics,1,268.7,268.7,upi,2026-06-21T08:27:41
8ecfd69f-846f-4297-91aa-71e9a26bc38e,CUST000767,Books,5,151.98,759.9,upi,2026-05-23T11:22:25
7dfdab16-804c-4ebb-9c9f-80f8a264fc62,CUST000541,Sports & Outdoors,3,480.31,1440.93,debit_card,2026-05-02T02:29:30
93a1b2c2-a96b-46f7-b56c-6507036ee4e6,CUST000791,Groceries,5,1466.26,7331.3,debit_card,2026-08-08T05:10:14
0ef83ef9-5666-4b57-80ca-294e9d3855b2,CUST000438,Electronics,3,1015.43,3046.29,credit_card,2026-06-23T14:52:15
5531d678-05eb-4d9d-b25e-8c9cfc9a7013,CUST000373,Books,2,562.86,1125.72,wallet,2026-07-28T09:07:55
df4f7e5a-cb23-4f5f-ba57-3e0aeb66d03b,CUST000665,Home & Kitchen,3,688.07,2064.21,debit_card,2026-07-14T17:31:45
3ed4af6f-0f3e-46ef-8fe3-45e7a8375fa1,CUST000764,Groceries,4,762.7,3050.8,cash_on_delivery,2026-07-09T21:33:47
231dbdca-522f-4d05-b72e-904f3b636d7a,CUST000163,Electronics,2,1686.33,3372.66,cash_on_delivery,2026-06-28T17:59:49
1abcba85-af56-4acb-b335-67379294f601,CUST000329,Toys,5,1419.19,7095.95,wallet,2026-06-05T23:15:11
9ecf28c1-b574-4ef7-8d0a-1c4969e48cc8,CUST000233,Groceries,4,975.64,3902.56,cash_on_delivery,2026-07-07T14:54:44
4f318404-94f3-48ae-97fc-eaa4a8ac1244,CUST000730,Toys,5,574.5,-2872.5,wallet,2026-03-19T20:39:58
67e50295-7a32-435b-86c6-928c44b61741,CUST000592,Fashion,2,1368.23,2736.46,upi,2026-04-06T09:54:29
df6b0df9-5700-40e6-936a-f3ab2f173a94,CUST000551,Home & Kitchen,3,553.83,1661.49,wallet,2026-02-11T21:02:07
95dfa5c2-d3f6-4de3-b9fd-f4963cea6025,CUST000652,Fashion,4,685.31,2741.24,wallet,2026-02-25T10:19:34
fca8b6ad-5cce-4cb2-92fc-82984920185e,CUST000030,Books,2,1840.3,3680.6,wallet,2026-06-19T12:30:48
d5f5e129-038e-4da3-a1de-de61443c4f30,CUST000510,Groceries,3,1037.95,3113.85,cash_on_delivery,2026-03-17T09:05:55
2c3de754-839a-463c-8746-d85b4f4ac037,CUST000085,Toys,5,398.81,1994.05,wallet,2026-03-19T06:34:16
0c4c2a50-6711-4647-afd3-02583588ff57,CUST000388,Beauty & Personal Care,5,495.97,2479.85,credit_card,2026-04-12T13:43:51
3e1c7335-cdc1-4824-9979-a2ce9d70b24c,CUST000339,Groceries,3,1613.86,4841.58,debit_card,2026-04-12T02:01:53
f1b35623-3bf1-4b1c-91a1-269b724e6a06,CUST000435,Electronics,2,418.62,837.24,debit_card,2026-02-23T06:26:34
7ff88ba1-1598-426f-b86e-d0086f76c0e4,CUST000438,Electronics,4,765.41,3061.64,wallet,2026-06-03T07:32:03
45ef199c-0a22-4b1e-8052-2fb55481892f,CUST000106,Books,5,1316.76,6583.8,upi,2026-04-13T20:27:15
01d8390d-bdd8-43f1-ba7a-5c3d3c7ac7df,CUST000236,Home & Kitchen,2,1151.08,2302.16,cash_on_delivery,2026-03-14T05:17:19
c09a5ba3-c70b-48c8-beb5-ab3cb18252ff,CUST000272,Books,5,1067.74,5338.7,debit_card,2026-02-11T05:14:46
aa448be2-21fb-47fa-be00-3f9fd7a5e14d,CUST000249,Groceries,1,603.45,603.45,credit_card,2026-02-28T01:59:25
0452d708-df15-40dc-abc2-72943e9aff06,CUST000218,Home & Kitchen,3,1025.78,3077.34,wallet,2026-06-17T07:00:19
ce70bccf-256b-4746-b7fb-0007b713a310,CUST000626,Books,4,56.11,224.44,wallet,2026-04-20T00:38:10
272c6134-df0e-4a21-a013-eaa7a20837f2,CUST000025,Fashion,4,1577.59,6310.36,debit_card,2026-04-28T22:21:39
99031a5d-e746-48db-b261-ae40a5db886e,CUST000394,,4,432.91,1731.64,cash_on_delivery,2026-05-14T08:21:44
25e21bc0-548d-4df0-b370-e1367b83d409,CUST000037,Groceries,2,1492.69,2985.38,cash_on_delivery,2026-03-15T20:06:38
022dafeb-26bf-4aac-b04f-16c030b10c63,CUST000204,Home & Kitchen,3,781.23,2343.69,upi,2026-03-23T03:16:20
86c5c46a-4823-4c15-a214-a7b8c595dd7a,CUST000470,Sports & Outdoors,5,296.95,1484.75,credit_card,2026-06-29T08:22:03
ee7902e4-3a0a-4376-a1d1-9778c7ad966e,CUST000652,Toys,1,1548.06,1548.06,debit_card,2026-05-22T02:57:25
e304e46a-c44d-4bd8-951c-69436890c181,CUST000148,Sports & Outdoors,3,953.07,2859.21,upi,2026-05-01T15:46:21
09f73920-fe50-4127-bd09-8fd6237d1774,CUST000185,Fashion,4,15.62,62.48,upi,2026-03-30T11:49:08
08afa59b-c98a-45ce-9c93-936d0afc01e1,CUST000640,Fashion,1,1844.25,-1844.25,wallet,2026-04-22T19:47:07
7edf9027-3a3c-48bb-8b20-5b6e203d4b71,CUST000527,Toys,5,1640.53,8202.65,debit_card,2026-05-18T07:39:55
7723ddd1-5b34-49a7-82e8-ced41e5888df,CUST000698,Fashion,1,941.31,941.31,cash_on_delivery,2026-02-13T15:33:27
51f13ba0-d042-4612-b448-ea3c8c79a0b1,CUST000153,Fashion,2,942.18,1884.36,wallet,2026-05-25T14:15:54
08ef2207-c7ef-4aff-91b5-91e041e67325,CUST000610,Fashion,3,649.58,1948.74,wallet,2026-05-17T10:23:13
c87436e4-e276-401a-8e39-09e85ef796de,CUST000181,Fashion,4,1800.2,7200.8,cash_on_delivery,2026-06-01T04:43:21
7f55bff8-5284-465f-96bf-9a908636e9da,CUST000785,Toys,1,811.03,811.03,cash_on_delivery,2026-04-20T06:13:59
4ea988c9-fc7c-4a96-b5ff-8f4b3ef057ea,CUST000711,Electronics,1,705.77,705.77,cash_on_delivery,2026-05-09T14:25:38
796c8bda-eb93-404c-81e8-826cd052e95a,CUST000445,Beauty & Personal Care,4,1633.05,6532.2,cash_on_delivery,2026-03-01T11:08:09
04c69433-fe28-4abe-b567-cb708ec38ab2,CUST000369,Beauty & Personal Care,2,986.61,1973.22,cash_on_delivery,2026-03-17T00:28:24
00f43862-9add-4f9c-8947-c419a63faa06,CUST000787,Groceries,5,1813.08,9065.4,upi,2026-03-29T16:23:09
27896a98-1830-4a87-9469-718e865459e0,CUST000717,Home & Kitchen,1,1263.52,1263.52,cash_on_delivery,2026-04-23T11:33:18
b8a92325-2991-450f-94ce-b3641c7f03d8,CUST000260,Fashion,1,875.49,875.49,wallet,2026-08-03T03:11:29
f231c672-335e-4d2a-9ea8-1789387708ef,CUST000237,Electronics,2,1826.89,3653.78,cash_on_delivery,2026-04-18T23:53:50
67c24ab7-9253-4a65-a510-8aadd35492ec,CUST000316,Groceries,5,66.6,333.0,wallet,2026-05-08T14:16:05
6cc9732b-aba7-4afe-85e4-e16570207c13,CUST000476,Books,4,1774.66,7098.64,credit_card,2026-04-19T07:02:18
27bd9008-1a8d-4290-b662-2ae6398016ab,CUST000127,Fashion,2,1446.15,2892.3,credit_card,2026-03-26T18:34:02
9385af56-7e76-493c-ada3-ea24dfeeaa0f,CUST000372,Electronics,2,950.13,1900.26,credit_card,2026-02-12T18:33:20
347753e5-d076-49b1-890a-0973dee4cf47,CUST000188,Sports & Outdoors,2,1679.85,3359.7,credit_card,2026-08-04T11:25:23
10cc3cb9-64ed-44f8-92b0-fe8124e71326,CUST000023,Toys,1,551.08,551.08,wallet,2026-05-08T15:50:29
4e8470a5-3868-476a-be5f-aa3ca3645dbc,CUST000205,Books,4,360.99,1443.96,credit_card,2026-04-30T19:48:13
7b65cde8-ae71-43bf-bc88-e41dc8b2a22a,CUST000556,Sports & Outdoors,3,819.81,2459.43,debit_card,2026-05-14T23:43:17
263b1f18-71ff-4b9c-a4a0-6ed5981c6b04,CUST000202,Beauty & Personal Care,5,292.07,1460.35,wallet,2026-04-10T14:04:13
e70a2e34-9141-4d23-8b44-218247db2b88,CUST000620,Beauty & Personal Care,4,1570.62,6282.48,wallet,2026-06-13T20:48:52
e6bea197-69b0-4eb0-af9d-3cff50bc0409,CUST000131,Groceries,1,633.85,633.85,credit_card,2026-03-25T04:09:55
b85c2bcd-de71-4db8-abe3-4348c0a097e1,CUST000315,Fashion,5,206.29,1031.45,wallet,2026-05-04T02:46:44
02308bc1-a793-4fa7-8495-4685ebf3f6d7,CUST000202,Books,1,747.62,747.62,wallet,2026-07-01T12:07:06
25305b97-ac3c-457f-8a5a-85127f248675,CUST000332,Groceries,4,337.09,1348.36,credit_card,2026-05-22T03:58:52
c34d1c88-df88-4d73-920a-742d70a83ae8,CUST000210,Groceries,1,842.53,842.53,debit_card,2026-07-11T08:32:34
bc41d24a-dece-4bc6-9aea-d0d9c59af54a,CUST000544,Home & Kitchen,5,376.9,1884.5,cash_on_delivery,2026-03-24T15:14:45
c0dfa938-181d-4713-aa22-850192746df1,CUST000260,Sports & Outdoors,4,714.81,2859.24,wallet,2026-03-02T18:11:53
fb05198f-0780-4733-8eb4-dc81c8ccdd34,CUST000277,Sports & Outdoors,2,1995.67,3991.34,wallet,2026-03-26T12:41:19
787a47a3-f03f-45dd-9a23-c6ff245c3d35,CUST000299,Groceries,4,201.82,807.28,debit_card,2026-04-30T07:20:07
385cb9dc-1080-4653-b587-e0ea7928ecf7,CUST000016,Sports & Outdoors,3,1513.2,4539.6,upi,2026-07-17T23:52:32
626392fb-fd26-425e-8266-7187c9252946,CUST000485,Fashion,5,1625.11,8125.55,credit_card,2026-05-16T15:34:01
b1e77ba5-b1cf-49f9-a7fe-678626a94a9b,CUST000466,Sports & Outdoors,1,1497.64,1497.64,debit_card,2026-07-12T06:27:59
b2e929a1-5e81-4cde-919d-ef1600fb3cfd,CUST000476,Home & Kitchen,1,176.22,176.22,cash_on_delivery,2026-07-22T19:01:37
9dbd27c9-b5a8-44e9-8da3-04241db1ccaf,CUST000770,Home & Kitchen,3,448.06,1344.18,cash_on_delivery,2026-04-23T05:23:09
a9c14864-07ec-49c0-af9f-89a89116d96b,CUST000762,Groceries,2,651.34,1302.68,upi,2026-04-28T16:38:12
1767366a-5753-4dbc-b204-3d8133e3ed12,CUST000032,Fashion,5,1744.72,8723.6,credit_card,2026-06-12T13:29:00
0f918ceb-402b-43d9-9b6c-3e106d89a948,CUST000121,Fashion,4,1950.29,7801.16,upi,2026-04-18T03:57:56
e8454e78-640f-447b-a98f-048fdb70f20d,CUST000259,Books,1,398.1,398.1,upi,2026-07-31T10:33:21
615104a7-1b77-4317-bedd-5a38c7f37847,CUST000083,Books,4,1426.29,5705.16,debit_card,2026-03-22T10:14:40
bb33bb00-8fdf-4bac-9e3e-0dbc43f19186,CUST000649,Beauty & Personal Care,4,953.19,3812.76,upi,2026-03-21T06:52:25
c18e08fc-a722-4cd4-acd3-e990f9c2049b,CUST000604,Fashion,1,1473.23,1473.23,upi,2026-04-25T11:51:16
e38e966a-eeee-4bf5-ae74-a4f52a8e2857,CUST000643,Sports & Outdoors,5,1402.32,7011.6,credit_card,2026-06-15T21:21:05
2bb20965-cdf9-4c7d-ae39-34b4d7d2d0f6,CUST000782,Books,1,1944.82,1944.82,cash_on_delivery,2026-07-18T18:57:05
6456a0fc-d131-4357-b6e1-7fb8b3080215,CUST000460,,2,1498.47,2996.94,cash_on_delivery,2026-03-16T12:26:36
ef1adb24-c1ba-4b50-92f1-dba64721b990,CUST000171,Groceries,2,39.28,78.56,wallet,2026-03-30T10:38:01
1fd9295c-f3d7-48a8-b57b-0302a1271ebc,CUST000508,Home & Kitchen,5,1268.88,6344.4,wallet,2026-05-23T17:01:59
95793c27-0822-4b36-a323-56378146891f,CUST000379,Sports & Outdoors,3,37.3,111.9,wallet,2026-05-28T02:21:56
0eecf95a-483e-4bf8-89ef-d688c0dcdd41,CUST000111,Toys,5,604.14,3020.7,cash_on_delivery,2026-07-26T01:03:27
0638ce48-fc6f-47be-866d-6e21eb4205d8,,Fashion,2,1742.47,3484.94,credit_card,2026-04-29T19:09:44
4644fbda-d62f-4134-90b6-7c4fd903eee8,CUST000769,Beauty & Personal Care,4,1115.1,4460.4,debit_card,2026-07-18T07:00:55
33e08cb9-77b5-4600-a2de-b1acf5d4410b,,Beauty & Personal Care,3,1228.01,3684.03,wallet,2026-04-17T12:41:47
168b45d3-282b-465a-8856-1094b89278ef,CUST000223,Beauty & Personal Care,5,1919.0,9595.0,credit_card,2026-03-12T04:57:56
c8d61963-adfc-46d7-88d4-6189df8e9eeb,CUST000781,Sports & Outdoors,3,348.55,1045.65,credit_card,2026-06-29T12:51:15
46d4378b-d9e9-4293-a53c-b8296acc5296,CUST000360,Electronics,4,1648.37,6593.48,wallet,2026-03-31T10:51:20
dcb79b5d-a4c6-4aad-9aa0-a787d88625e9,CUST000757,Home & Kitchen,4,1842.85,7371.4,credit_card,2026-05-27T22:05:28
0eea78cc-b493-4390-aa24-98baf326f12d,CUST000428,Toys,2,1147.57,2295.14,cash_on_delivery,2026-04-09T09:45:58
e9b23cdb-c35e-475c-aeb4-95ca18dcc7f9,CUST000710,Books,4,1569.71,6278.84,wallet,2026-05-22T17:30:51
803d732e-fa26-4333-8fad-ffcdb5b1e515,CUST000426,Home & Kitchen,4,496.08,1984.32,credit_card,2026-06-27T20:21:06
998d2161-b907-4862-be95-6aa3f2be7aff,CUST000038,Groceries,1,1462.66,1462.66,upi,2026-05-07T12:36:28
89704b68-cbaf-4625-a752-52b5215d3de6,CUST000328,Home & Kitchen,4,1398.96,5595.84,debit_card,2026-03-28T01:08:41
685a2595-3143-4982-8e49-d940ea4dc79d,CUST000450,Books,5,512.34,2561.7,credit_card,2026-05-02T03:48:31
0e18542e-7736-4bd8-8d3b-bb606934d342,CUST000325,Electronics,1,227.17,227.17,cash_on_delivery,2026-06-25T20:49:43
773eb93c-d79f-489d-814e-0ac33e964cdf,CUST000102,Fashion,5,1857.15,9285.75,wallet,2026-04-19T03:47:11
20ed75bb-54c8-463c-8ab6-b55f45003cc7,CUST000495,Home & Kitchen,5,543.53,2717.65,credit_card,2026-07-27T13:39:36
5e06a1f1-8889-4684-a2a9-4d6ac4dd6be6,CUST000202,Fashion,1,593.52,593.52,cash_on_delivery,2026-05-10T23:50:41
efd0ea96-8918-4010-9e1a-84f41ea3cd3e,CUST000063,Electronics,5,904.95,4524.75,cash_on_delivery,2026-05-25T18:51:20
4af3fc36-4506-49da-88b1-599ee54a04f8,CUST000334,Fashion,3,1016.59,3049.77,cash_on_delivery,2026-06-10T17:09:36
d5448642-9da4-4101-ad55-af14db9cd0b2,CUST000649,Electronics,5,815.22,4076.1,upi,2026-06-11T09:57:28
1d86be25-2a36-4573-8b79-10e019b7ecf1,CUST000090,Fashion,3,1232.34,3697.02,debit_card,2026-07-26T02:33:18
78fa0a5a-de01-49b0-bf5a-1ef136d54bc1,CUST000455,Books,5,237.97,1189.85,credit_card,2026-03-18T03:25:47
b880adac-c58b-4945-9391-0bee8c18c6e5,CUST000554,Home & Kitchen,5,532.24,2661.2,wallet,2026-03-30T01:47:56
a9347c27-842b-4eee-a8e3-ae683fbfbb70,CUST000722,Toys,4,875.68,3502.72,credit_card,2026-05-30T08:08:51
e02392c2-ecee-45c6-b5e7-1f179b296ed5,CUST000574,Beauty & Personal Care,5,969.28,4846.4,wallet,2026-03-30T01:03:15
e8e50c5d-1ffd-4fee-85a2-f4734c856089,CUST000509,Books,5,320.84,1604.2,upi,2026-06-26T18:54:29
47601441-59ff-4740-89d2-087f479bb9f9,CUST000580,Sports & Outdoors,3,670.21,2010.63,cash_on_delivery,2026-05-02T16:12:46
1da100d1-adc7-421c-95f4-a7a887fc5d3f,CUST000102,Beauty & Personal Care,5,1938.68,9693.4,cash_on_delivery,2026-06-02T19:04:02
d2ba4b71-d7cc-4451-8cc8-4e3a2b298b01,CUST000041,Fashion,5,1166.17,5830.85,debit_card,2026-06-02T01:05:49
56816c53-4dfb-40d4-9e8b-a15cf6e37b4c,CUST000135,Groceries,2,1664.12,3328.24,wallet,2026-02-27T23:39:11
fae397ca-75d9-4c3d-8a86-0b95adde022d,CUST000485,Sports & Outdoors,2,577.08,1154.16,credit_card,2026-05-13T16:50:13
68006bc7-b6b5-426f-98ea-e5cff7c8a19a,CUST000718,Home & Kitchen,1,1990.75,1990.75,credit_card,2026-06-15T14:19:26
d1862718-00de-4af7-a79f-f8511c1015cd,CUST000774,Toys,4,576.14,2304.56,debit_card,2026-03-04T04:56:32
dd82e5cf-be99-4fe0-8086-2742dd2f59c0,CUST000050,Toys,2,879.9,1759.8,debit_card,2026-08-08T10:52:33
fe56676b-cb8c-493c-a4ad-070c0b2e2b10,CUST000304,Toys,5,685.53,3427.65,wallet,2026-03-15T10:31:05
a5076353-e791-41ba-9784-a742788b5433,CUST000192,Toys,4,179.18,716.72,debit_card,2026-05-13T08:22:08
6a1837e5-9432-4b2f-ab97-fa654971475b,CUST000132,Home & Kitchen,4,1390.47,5561.88,cash_on_delivery,2026-07-04T09:48:14
e11701e7-927c-4ab7-926f-95e4c0437ab0,CUST000184,Books,2,1235.96,2471.92,debit_card,2026-06-24T21:44:32
92989433-bd18-47a7-80e6-c2b213fe350c,CUST000358,Toys,1,405.3,405.3,cash_on_delivery,2026-03-01T01:07:42
5e86e95e-98c1-4f6b-ae6b-a3bfb174bcdc,CUST000464,Home & Kitchen,2,1378.78,2757.56,cash_on_delivery,2026-07-29T21:07:45
b8de7ad3-f3d3-4f4a-bc56-fd74466f6107,CUST000414,Beauty & Personal Care,3,501.29,1503.87,debit_card,2026-06-14T03:18:03
3ddfadaf-6eea-4ae1-b4bb-55e71a87615d,CUST000210,Sports & Outdoors,3,318.28,954.84,cash_on_delivery,2026-03-02T10:13:53
76fb2194-15b7-4069-9ac0-ba57a083ca78,CUST000014,Home & Kitchen,3,1993.78,5981.34,debit_card,2026-06-18T03:40:25
826d8f41-ff01-4fdb-a1cf-a59a92e36d20,CUST000538,Sports & Outdoors,5,1854.58,9272.9,wallet,2026-08-01T16:09:44
feeedfe1-0de7-4386-a58c-46a10ba36d87,CUST000650,Toys,2,1729.66,3459.32,credit_card,2026-03-21T22:43:48
c228acd8-cb13-41e3-b53b-abd06028610c,CUST000545,Books,5,923.25,4616.25,upi,2026-05-23T01:28:36
51968aef-48bf-4436-87ff-76dcaae4d333,CUST000415,Books,4,312.32,1249.28,credit_card,2026-02-25T22:26:52
dfb9f05a-6de4-4cc5-a40c-1fe7ec4641bb,CUST000593,Groceries,1,265.68,265.68,credit_card,2026-04-16T09:16:04
1776529f-a5c0-4114-a84c-a14ba0e8462d,CUST000721,Fashion,2,1972.48,3944.96,cash_on_delivery,2026-03-23T02:11:33
ff6b9b6e-9350-4c78-b6ef-3e47f76b5164,CUST000014,Sports & Outdoors,4,574.4,2297.6,cash_on_delivery,2026-02-25T04:38:10
9422255f-6e39-4ea1-8cd2-9b81f542c516,CUST000549,Sports & Outdoors,3,451.56,1354.68,debit_card,2026-07-11T07:00:25
5850a7ae-89e9-4b68-9e39-945a4ffece98,CUST000348,Beauty & Personal Care,1,1957.9,1957.9,credit_card,2026-06-24T09:40:30
38515d48-6de5-437f-8449-1db32bbb3d69,CUST000611,Groceries,3,63.46,190.38,credit_card,2026-04-19T21:33:29
dcf26496-bbcf-41c2-bcbc-5c28b54f121e,CUST000190,Sports & Outdoors,2,494.41,988.82,upi,2026-04-07T15:20:26
c13ae8e3-fdd7-45b1-ba0a-c7bb2ec83043,CUST000385,Electronics,5,1526.04,-7630.2,cash_on_delivery,2026-03-04T22:09:26
3f43a595-45a2-4940-ab9c-1922990fe9b3,CUST000259,Beauty & Personal Care,2,756.59,1513.18,credit_card,2026-07-10T00:13:07
822fc907-9663-4fb2-85a4-c189134ebd0d,CUST000689,Groceries,2,701.91,1403.82,cash_on_delivery,2026-07-25T03:12:53
064f4093-41d2-4b61-9d97-40714e1ce126,CUST000681,Toys,1,1903.25,1903.25,debit_card,2026-04-09T21:44:51
88d2eada-b92b-47e0-9dce-98a5a15cbdbf,CUST000134,Electronics,3,961.64,2884.92,upi,2026-02-18T12:37:39
1e5ba4d2-3202-4a21-9f16-05f576b1e0a5,CUST000141,Electronics,1,665.04,665.04,cash_on_delivery,2026-07-26T18:55:24
e4ffe9d4-7dbf-42b1-a4bd-d2d5b8e22281,CUST000412,Home & Kitchen,1,1530.4,1530.4,debit_card,2026-06-21T01:48:58
34762bbc-f080-452c-bd0d-5466e75c57ba,CUST000753,Fashion,2,1185.03,2370.06,wallet,2026-02-12T09:26:18
24914827-5f26-49ee-a943-da188ceaad64,CUST000307,Toys,4,1945.66,7782.64,credit_card,2026-04-04T18:47:49
6db89f8c-3c4c-45e6-a156-2d82649a1d64,CUST000141,Toys,5,1389.8,6949.0,upi,2026-06-18T18:17:11
b3a8940f-e7dc-43d5-8a43-e00589085941,CUST000482,Fashion,1,1551.16,1551.16,credit_card,2026-07-05T23:24:03
65455af5-d739-4992-81d2-c221f02d346e,,Fashion,5,951.16,4755.8,cash_on_delivery,2026-07-28T11:10:12
3c0d8b54-3522-4a59-b591-5060c3a9231e,CUST000659,Fashion,5,1176.34,5881.7,upi,2026-02-11T20:00:50
5fb24ec6-e919-44c5-9108-5519e9a2f8d1,CUST000083,Home & Kitchen,2,129.08,258.16,cash_on_delivery,2026-02-28T08:11:32
6d420524-4f47-45c1-8b09-4ca79c01a6e3,CUST000523,Groceries,2,1948.76,3897.52,wallet,2026-03-03T01:37:44
5e437059-7a8b-40ea-8432-198196ff16ff,CUST000646,Groceries,4,992.58,3970.32,credit_card,2026-03-19T13:39:28
f81ed476-076c-42c4-8dd4-09f38b233a40,CUST000402,Toys,2,919.66,1839.32,upi,2026-08-07T11:38:05
18c99395-f633-4d33-8c41-0e39181d29b6,CUST000493,Electronics,4,777.31,3109.24,debit_card,2026-06-19T06:13:46
6dabca38-1729-42be-9696-e4f72af9ff11,CUST000436,Beauty & Personal Care,4,737.71,2950.84,upi,2026-02-24T09:34:40
a86af3df-8fe6-4714-8faa-c67ff8b15efe,CUST000694,Books,2,1415.04,2830.08,cash_on_delivery,2026-04-10T13:35:58
93eba815-aa92-4a84-9c5a-ea5451add6e6,CUST000397,Books,3,1176.07,3528.21,upi,2026-08-01T05:55:03
181516b5-59ca-4c48-8c05-03259acd0f7c,CUST000637,Home & Kitchen,2,1173.98,2347.96,cash_on_delivery,2026-07-26T09:16:58
64442684-d1e0-4060-a0fe-681d54721ea7,CUST000208,Electronics,1,1620.97,1620.97,upi,2026-06-08T11:33:57
e6b0c200-4fce-4e65-8dbd-03d8a071f222,CUST000326,Toys,3,1343.89,4031.67,debit_card,2026-06-15T04:55:51
23343c1a-fe7d-40f2-ae7e-55bcdcf9fbf4,CUST000141,Fashion,4,1446.15,5784.6,debit_card,2026-03-02T10:15:36
74a1f6fd-a864-415b-8801-3792510e2b50,CUST000385,Toys,2,1213.65,2427.3,wallet,2026-06-24T19:41:42
ef8c6f8b-3805-47d8-a285-c4c6ea645830,CUST000093,Fashion,5,1611.82,8059.1,cash_on_delivery,2026-04-01T01:07:16
a47f3d61-60ae-46e4-ba2c-2a8ab9c01099,CUST000175,Sports & Outdoors,2,1184.39,2368.78,wallet,2026-03-17T18:43:09
33e9b15d-64e5-47a1-bc60-d8e9d85a3cff,CUST000321,Sports & Outdoors,4,171.56,686.24,wallet,2026-03-12T13:33:50
19174f6b-1d38-49f1-9395-587a8be5b045,CUST000545,Books,4,1174.23,4696.92,credit_card,2026-05-03T14:18:14
0197e6d9-e09e-4740-b31d-8d49586c214a,CUST000372,Books,1,1693.74,1693.74,debit_card,2026-05-06T00:29:34
9e6d73f2-e104-4405-bd04-45c563758c95,CUST000155,Electronics,3,68.44,205.32,debit_card,2026-06-17T07:00:48
cc3350a9-9fe0-48d4-aea2-0c16aa9bc94a,CUST000585,Fashion,2,1372.21,2744.42,debit_card,2026-05-25T00:04:22
751e5dc5-6c3d-4880-aedb-7a27255bd6d3,CUST000404,,4,330.72,1322.88,cash_on_delivery,2026-03-18T00:15:48
a32329e5-b9ca-472c-910c-f1a63911de16,CUST000668,Electronics,1,1958.61,1958.61,wallet,2026-06-07T11:15:02
609c939e-0f23-46c1-a823-bc55818efdd1,CUST000071,Toys,3,1878.47,5635.41,debit_card,2026-04-17T06:53:21
c54b0d4b-2a77-4309-8a7b-10d32a372e69,CUST000397,Fashion,5,1670.47,8352.35,upi,2026-03-10T17:01:08
5c9ab493-32ff-4aa8-8ee8-ebf18185f1b6,CUST000706,Fashion,4,929.84,3719.36,credit_card,2026-06-29T04:32:46
1809a362-4e3a-47a5-a493-c226aa7df1fd,CUST000719,Groceries,5,1592.14,7960.7,debit_card,2026-07-28T04:03:10
b98c91bb-e5ca-4b3a-8db8-47771b7808cf,CUST000322,Toys,1,401.41,401.41,debit_card,2026-02-13T10:17:54
18494162-1484-46de-8307-f80db41a5747,CUST000791,Fashion,3,584.45,1753.35,credit_card,2026-05-16T06:37:22
dc339a95-b322-4523-93fb-a0185286cc76,CUST000423,Toys,5,361.55,1807.75,wallet,2026-02-19T13:53:40
eb1f45ca-2ef6-4694-90ad-6b841300ecd0,CUST000196,Groceries,2,1999.95,3999.9,credit_card,2026-07-05T13:18:40
6dc1edcd-04e8-4fab-b30b-3747503daab6,CUST000001,Fashion,2,983.38,1966.76,credit_card,2026-02-19T20:20:18
bc78bbf9-381b-4920-9002-8a9341973a48,CUST000120,Toys,5,112.09,560.45,wallet,2026-04-12T01:30:00
95008822-8f63-48eb-b35d-6b814863712b,CUST000038,Sports & Outdoors,5,1753.4,8767.0,debit_card,2026-04-24T07:56:07
5a85882e-176f-4883-a046-bbed8fd7813c,CUST000569,Home & Kitchen,5,1585.9,7929.5,cash_on_delivery,2026-06-28T17:00:09
7c76c767-f34a-4227-bffc-a4b25cc55021,CUST000601,Fashion,1,1283.66,1283.66,wallet,2026-07-29T03:29:42
d2ca5a75-4f7f-4bf0-8c33-e31e9129f096,CUST000353,Toys,5,975.02,4875.1,credit_card,2026-06-18T00:20:52
cacae5eb-4721-4d46-95c2-9ac4f4751766,CUST000328,Fashion,2,898.57,1797.14,upi,2026-04-05T19:41:47
692404ad-ae8c-47f4-9dad-b96961b1c019,CUST000608,Home & Kitchen,2,223.19,446.38,upi,2026-06-07T22:39:28
4d1f62ac-5082-4724-8660-e60556fcc270,CUST000782,Home & Kitchen,4,1139.87,4559.48,wallet,2026-07-15T16:25:18
a1563460-08bc-4909-aebd-d3a08a9dafae,CUST000648,Sports & Outdoors,4,370.24,1480.96,upi,2026-04-07T14:24:19
6038896d-38f6-4632-ab27-edbe5e1c7256,CUST000096,Books,1,217.3,217.3,wallet,2026-05-03T10:43:28
9a4ad932-a966-430c-878b-8b74491f9290,CUST000544,Groceries,5,685.58,3427.9,wallet,2026-04-02T21:55:50
7c6a7249-14eb-4375-91ef-cbaba5b5f520,CUST000368,Beauty & Personal Care,4,1502.2,6008.8,debit_card,2026-08-01T04:37:28
37e92d67-3353-426f-b500-3b7e63b3196d,CUST000067,Electronics,2,1611.7,3223.4,wallet,2026-06-19T13:04:10
2af5162b-4733-4eae-9b72-0bf94213495e,CUST000006,Electronics,3,1425.67,4277.01,wallet,2026-07-17T08:54:00
29511815-372f-4452-b6b6-50ad20fd805a,CUST000547,Toys,3,185.43,556.29,debit_card,2026-05-11T21:01:47
9248e16c-17b0-4805-a07e-565a1750f0f8,CUST000346,Sports & Outdoors,1,1382.58,1382.58,cash_on_delivery,2026-06-23T12:11:43
7f5a5369-60f9-4013-9d82-8e71cc1bb543,CUST000281,Beauty & Personal Care,3,927.57,2782.71,credit_card,2026-05-15T17:52:24
22f826b2-b215-4ae9-9fd8-7e0589f472a4,CUST000409,Sports & Outdoors,2,32.83,65.66,debit_card,2026-06-12T10:48:09
3e9c99bc-4c25-4448-99ab-9e6f82f401df,CUST000033,Beauty & Personal Care,5,521.8,2609.0,credit_card,2026-05-15T13:13:50
cb662e6b-9369-4e89-a4ea-0a0bbf284371,CUST000773,Home & Kitchen,5,1949.45,9747.25,wallet,2026-03-28T04:22:20
b58f9624-e104-4a5a-b893-eec688b7e2b0,CUST000473,Groceries,1,667.62,667.62,upi,2026-07-19T02:54:26
50f9b316-0d14-406d-82d8-6fe52d349bf8,CUST000115,Toys,2,392.02,784.04,credit_card,2026-07-02T11:43:37
34466cb8-1c2c-466a-a876-d2eb8d493486,CUST000006,Groceries,5,1814.16,9070.8,cash_on_delivery,2026-02-15T21:03:08
376f5a9d-1efa-45ae-9aa6-062fc6da306e,CUST000438,Home & Kitchen,3,211.73,635.19,wallet,2026-03-19T03:54:04
24a794b3-1cb1-4722-b7e0-bae30359167f,CUST000271,Sports & Outdoors,4,1776.55,7106.2,wallet,2026-02-19T05:34:51
f14a45a4-9319-40c6-bcfa-038fdd6bef5a,CUST000736,Books,3,1789.41,5368.23,debit_card,2026-08-01T17:35:11
13ba1cc5-207d-453a-a012-4e64ab29dcaa,CUST000555,Sports & Outdoors,1,1706.18,1706.18,debit_card,2026-03-25T02:38:44
5169eebe-e659-4cc8-8e3d-d3a5ef64e6be,CUST000640,Books,5,1112.75,5563.75,cash_on_delivery,2026-03-08T15:15:23
744a70a6-a9bf-41ad-9caf-5ba2295bcc9c,CUST000662,Books,N/A,535.63,535.63,wallet,2026-06-21T02:53:11
359af73e-56bb-40d4-a962-4c9780cc0237,CUST000318,Toys,3,941.63,2824.89,debit_card,2026-05-20T02:47:13
a2d95e9f-df1c-4f12-9223-183db82191e0,CUST000092,Toys,4,1726.09,6904.36,debit_card,2026-02-17T19:52:26
155e3c65-e61f-4523-9776-6bde80f9ff9c,CUST000071,Toys,5,119.62,598.1,credit_card,2026-07-30T12:22:46
08493878-bd20-469d-a87d-d1f7591de23c,CUST000101,Books,4,434.15,1736.6,credit_card,2026-04-23T03:42:55
e69aad74-3d1d-47d4-a7a4-3652d99a5d00,CUST000740,Groceries,1,11.38,11.38,cash_on_delivery,2026-04-28T19:20:00
9220ecaa-ddbc-4525-99d8-be57d3bcc06b,CUST000117,Sports & Outdoors,5,343.71,1718.55,upi,2026-04-03T12:44:12
8cb54904-de36-4555-89a3-0b3bcf55f7a0,CUST000712,Toys,5,133.11,665.55,wallet,2026-03-19T06:38:58
04f2f49a-4d00-4902-87d5-f2cd4c2a81ce,CUST000321,Fashion,3,1929.33,5787.99,upi,2026-07-19T23:51:08
572fa368-72a1-44e8-846b-b29780e8f80b,CUST000131,Fashion,2,1536.72,3073.44,cash_on_delivery,2026-02-16T14:12:24
b432a9d1-8536-43b3-b26b-cd257ad7c228,CUST000334,Books,2,1533.79,3067.58,upi,2026-02-15T09:13:46
40c101c8-4b65-43e6-af97-7bd92349f1af,CUST000719,Books,1,808.55,808.55,cash_on_delivery,2026-02-28T00:05:15
97499800-5758-4bcf-bea7-a29b9357f0b5,CUST000553,Books,2,1422.39,2844.78,upi,2026-05-05T00:03:49
b09395d9-b62f-4fc6-964d-be05dc185749,CUST000292,Electronics,1,1816.33,1816.33,wallet,2026-03-05T01:42:11
09cee450-afc0-4deb-92d5-73c3f588e888,CUST000019,Books,5,1154.92,5774.6,credit_card,2026-05-31T02:28:08
daa778e9-fd97-42f1-bc8b-f8857e4ce0b0,CUST000427,Beauty & Personal Care,1,622.1,622.1,wallet,2026-03-27T14:03:53
f2539db1-28fd-4c45-9f68-1035dcfe7b38,CUST000191,Electronics,4,1526.26,6105.04,debit_card,2026-07-01T01:59:04
ab4fb691-9448-4a13-a89e-00ffc97d345c,CUST000779,Electronics,3,335.19,1005.57,wallet,2026-04-16T10:22:48
809f6c5b-6e7f-4c77-9834-423a75fe50f1,CUST000236,Beauty & Personal Care,2,1485.11,2970.22,credit_card,2026-07-13T04:28:07
e3bdcca3-f5c7-453a-8916-89187283e3b3,CUST000628,Fashion,5,1256.9,6284.5,credit_card,2026-07-04T06:59:24
dc591443-0190-48c9-901c-c83dc8cc8a84,CUST000528,Beauty & Personal Care,4,1994.08,7976.32,cash_on_delivery,2026-06-01T10:44:38
e066512f-67a1-4d97-a765-be5c99abdd9d,CUST000504,Sports & Outdoors,3,1022.87,3068.61,wallet,2026-03-25T13:48:27
f217771b-b488-4f60-8ec7-6e04440bd046,CUST000233,Toys,3,351.06,1053.18,cash_on_delivery,2026-06-14T18:25:06
c7b233cf-a3fa-49ba-9497-281c43e2a120,CUST000367,Toys,5,904.28,4521.4,debit_card,2026-03-10T02:55:53
b41058b5-3e9a-4013-b9e8-1c6a8c54dbe4,CUST000105,Books,1,1636.02,1636.02,upi,2026-04-14T14:59:00
3b3220db-d63b-4ca2-8764-e34efaaf03a1,CUST000125,Electronics,2,261.99,523.98,debit_card,2026-07-04T18:26:48
2618edf2-fb44-4351-b0b8-4e369742dcc5,CUST000066,Groceries,4,1805.48,7221.92,debit_card,2026-06-18T11:05:08
eeef93d5-4873-40eb-b47a-6898595771c4,CUST000674,,3,365.0,1095.0,upi,2026-05-03T09:03:05
f7d2c02a-7afa-4762-80a4-568c3c4f135c,CUST000783,Toys,2,1486.99,2973.98,credit_card,2026-03-15T21:35:20
dc84f584-7c30-4e2c-8687-975d2504a0b2,CUST000297,Beauty & Personal Care,3,344.55,1033.65,cash_on_delivery,2026-05-17T00:52:12
a0fbb181-dc42-4d30-b858-6e58d88c6993,CUST000228,Toys,5,667.29,3336.45,wallet,2026-05-02T12:50:06
d01e1996-42cc-48f0-8347-35aba4072d1a,CUST000626,Beauty & Personal Care,4,1389.49,5557.96,debit_card,2026-06-11T16:43:05
6e5f1b05-98bf-4335-baa2-06f2226c2cd3,CUST000603,Home & Kitchen,3,853.85,2561.55,cash_on_delivery,2026-03-03T02:23:02
d5f68910-6adb-4850-9803-c5bcf64dcb49,CUST000091,Home & Kitchen,3,210.89,632.67,upi,2026-05-29T14:34:36
a2a7ab09-0bcc-4575-ab8b-d68d9feb4d1e,CUST000396,Home & Kitchen,2,1486.91,2973.82,debit_card,2026-02-12T14:46:14
84185137-fbda-4a92-b266-69ab017f0ef4,CUST000363,Beauty & Personal Care,5,1173.21,5866.05,credit_card,2026-07-11T02:00:58
ea7069fb-b68c-49f4-9701-55fda7cff6ec,CUST000612,Home & Kitchen,4,1775.6,7102.4,debit_card,2026-04-24T20:53:30
3fcc94ac-24d1-4546-a681-e8c692d29f69,CUST000697,Beauty & Personal Care,1,748.83,748.83,upi,2026-03-12T07:35:43
a8602c4b-1d56-4578-9e27-425fde9d76f6,CUST000772,Toys,1,1922.56,1922.56,upi,2026-02-13T16:52:46
185ab06a-0d1a-4cf0-8f6c-56a45e2c433a,CUST000143,Fashion,1,250.22,250.22,credit_card,2026-04-30T02:01:27
9d6b0f36-ee18-4afa-9d3b-a2c42f8e1145,CUST000080,Toys,2,1684.75,3369.5,debit_card,2026-06-05T11:26:36
6c6cc5d8-fd53-4223-b3ba-0915c706a87c,CUST000483,Books,2,1663.54,3327.08,credit_card,2026-03-26T01:52:31
dfe031f3-3802-4d9c-a800-0c3ae55dd0d7,CUST000270,Home & Kitchen,5,982.32,4911.6,upi,2026-08-07T12:41:38
0ea644be-0687-42bf-83f5-c86714db23b7,CUST000167,Books,1,1366.27,1366.27,cash_on_delivery,2026-04-24T14:47:55
b5eacf16-9380-416f-95d8-82f601d5a9e5,CUST000189,Fashion,4,381.78,1527.12,debit_card,2026-02-25T02:28:29
46e74e3e-7fce-49ef-8891-b3cbafd3f7a9,CUST000263,Toys,4,510.81,2043.24,credit_card,2026-04-16T07:06:29
acd8fd01-8abf-4bc0-8102-e231f65f6f66,CUST000007,Books,5,779.11,3895.55,credit_card,2026-08-05T14:32:04
988b4161-bf69-4171-ae13-fd35e0fe0340,CUST000716,Fashion,5,535.95,-2679.75,wallet,2026-06-14T16:54:57
49e4d884-a0e4-4a37-a277-a1e7c3d79495,CUST000440,Home & Kitchen,4,1441.36,5765.44,debit_card,2026-04-15T06:28:30
037b80da-14fd-485c-bbdb-a270566ace2f,CUST000652,Beauty & Personal Care,5,1780.77,8903.85,debit_card,2026-04-19T20:27:35
d75064a1-d6b6-480a-9cac-866c97e609ea,CUST000592,Toys,5,573.75,2868.75,upi,2026-03-24T14:04:21
924ec813-5ada-4680-9ee5-9ef0a7f6fe37,CUST000791,Toys,5,1854.86,9274.3,credit_card,2026-06-01T05:30:43
31c2e673-7432-4fe3-aa5c-e6bfea3abb0e,CUST000769,Books,3,185.24,555.72,cash_on_delivery,2026-03-26T21:45:00
022c9651-b208-42ee-8994-3160139e3f51,CUST000361,Beauty & Personal Care,5,1421.76,7108.8,wallet,2026-05-31T20:21:29
6961200e-b636-47b1-8d34-4c8f9b5f36b5,CUST000254,Beauty & Personal Care,3,190.55,571.65,credit_card,2026-03-21T16:52:19
04d2f7f8-611c-48fa-81c0-d66ed124a939,CUST000734,Electronics,5,1212.06,6060.3,credit_card,2026-03-19T13:24:16
a3a88bd3-ba80-44f6-882b-9ce4b74fa256,CUST000710,,5,1932.28,9661.4,cash_on_delivery,2026-02-18T03:37:56
f36b0d1c-a742-4dee-a72b-158d63225c30,CUST000772,Toys,2,1065.46,2130.92,cash_on_delivery,2026-03-13T22:06:43
b0d64de4-3458-46a2-8326-d11c36a941e8,CUST000079,Toys,2,1690.02,3380.04,cash_on_delivery,2026-04-24T10:30:59
8109e5ef-fc6e-485a-ba60-f580d92fdb63,CUST000525,Sports & Outdoors,4,269.05,1076.2,wallet,2026-04-06T07:29:32
a64ac3e9-6012-41e7-bf95-1730f1985708,CUST000211,Electronics,5,1142.3,5711.5,upi,2026-04-20T07:26:41
af518fb2-a453-41fe-a44d-79218bb459a5,CUST000000,Electronics,3,1322.56,3967.68,debit_card,2026-07-17T10:27:51
3777893c-92d0-47d2-b7a8-75aafbd2b227,CUST000145,Groceries,4,190.91,763.64,upi,2026-07-30T13:53:40
32775bf2-67ae-4a82-b0b5-ad4c0500b8f3,CUST000533,,3,49.85,149.55,debit_card,2026-07-12T11:33:50
8e6fc746-0af9-4d58-ae98-ae712f49c2f9,CUST000572,Sports & Outdoors,3,1843.92,5531.76,debit_card,2026-05-16T11:56:59
8a6a78bf-8a67-452f-839e-a49d2e17f6a6,CUST000032,Groceries,2,218.58,437.16,credit_card,2026-07-06T14:03:11
95b5c472-951b-4798-9af6-22cbb457cd36,CUST000419,Beauty & Personal Care,5,1209.74,6048.7,upi,2026-04-05T07:39:35
c80df985-6fd8-4aaf-9969-89f9fbc2e947,CUST000755,Beauty & Personal Care,5,1773.76,8868.8,wallet,2026-05-30T12:33:06
5a5edae8-ff36-4f04-9c48-84e055b3dac5,CUST000708,Home & Kitchen,2,1539.63,3079.26,cash_on_delivery,2026-07-04T20:19:42
916c111d-79ab-4be4-835b-f0c504084e35,CUST000011,Electronics,5,1477.09,7385.45,wallet,2026-02-18T07:05:17
43d66be9-9836-4d86-9d2f-46275a2576bd,CUST000064,Electronics,3,1855.51,5566.53,upi,2026-05-07T17:49:26
93b349be-7d49-40a0-b949-ebb3cfa4327b,CUST000715,Books,2,1905.64,3811.28,upi,2026-02-28T11:05:28
7abe080c-4ca9-4a0e-871b-937e35b41792,CUST000495,Books,3,615.27,1845.81,credit_card,2026-03-07T14:37:01
fd5445a1-a74a-4557-801c-c983ea1e5874,CUST000004,Sports & Outdoors,3,1828.65,5485.95,debit_card,2026-05-19T16:59:36
bfaea92b-63ee-417b-837b-3b98fae83b8f,CUST000672,Toys,4,1117.13,4468.52,cash_on_delivery,2026-02-19T21:19:05
f0cd09f5-3ceb-4d09-ac92-8fcc599b1aba,CUST000621,Books,1,1924.82,1924.82,upi,2026-05-26T20:26:33
501727df-2012-4a86-b387-45fd688daefa,CUST000348,Toys,4,461.32,1845.28,credit_card,2026-04-26T21:37:57
81a7315c-9449-4855-8f52-29687cd1d531,CUST000447,Fashion,5,425.82,2129.1,wallet,2026-03-25T20:43:19
6d1c0049-2d46-4efc-93dd-bb51a4086b44,CUST000392,Groceries,3,896.24,2688.72,upi,2026-02-19T18:56:07
e422d25e-27fc-4887-8485-fe2cc2e04308,CUST000339,Books,2,435.15,870.3,credit_card,2026-05-14T23:37:20
d62b6ea6-9748-46ac-bc92-27e7f9bebf4b,CUST000411,Groceries,1,1425.41,1425.41,upi,2026-03-15T21:12:38
4336e5ee-f590-4ad8-a2e8-6573de177b64,CUST000049,Groceries,1,485.99,485.99,debit_card,2026-02-18T19:13:33
d1ba143e-bebc-46f7-b641-6da48e2278a2,CUST000168,Electronics,2,1559.98,3119.96,wallet,2026-05-01T19:59:56
bcf6cf71-ffaf-4cf5-96b0-c13b6995ea4d,CUST000023,Beauty & Personal Care,2,1370.17,2740.34,cash_on_delivery,2026-03-05T19:57:30
dbf9b8ba-39d2-49d4-a6bd-d0cc97dfe2f0,CUST000360,Toys,5,1734.93,8674.65,credit_card,2026-05-06T23:10:22
33de8576-6371-418e-9e4f-d72cbd400c78,CUST000742,Fashion,5,1043.34,5216.7,upi,2026-05-14T16:20:47
432d1626-6970-4dc0-8990-79914bf4bb44,CUST000714,Home & Kitchen,4,930.61,3722.44,debit_card,2026-06-22T10:29:12
cd64a1dc-9529-4575-bba4-5f6aed5bcfe4,CUST000406,Sports & Outdoors,4,28.37,113.48,cash_on_delivery,2026-05-16T20:46:48
c6ba4c6a-a5dd-4dc0-8477-f00583299582,CUST000091,Books,4,777.53,3110.12,upi,2026-08-08T13:05:02
e6b1fa80-0487-4e13-be43-6d79268c59a6,CUST000557,Toys,4,1396.45,5585.8,debit_card,2026-07-31T12:54:51
6603e845-2dfe-4d31-af1f-4b4b6706a037,CUST000362,Home & Kitchen,2,1489.83,2979.66,credit_card,2026-06-06T06:36:49
50cc8489-fc2e-4a1c-b6e1-b1abb71f0f1f,CUST000321,Home & Kitchen,4,167.6,670.4,wallet,2026-03-30T02:32:14
dddd59dc-6949-4986-9dc5-a4ee6f05d381,CUST000606,Beauty & Personal Care,3,238.47,715.41,cash_on_delivery,2026-05-22T10:02:18
a73ba01e-541c-4a2f-9780-84540f698b1c,CUST000172,Beauty & Personal Care,5,1128.68,5643.4,debit_card,2026-07-10T17:12:28
8b08179e-c03f-4fb1-95ff-6d205248f811,CUST000429,Fashion,3,1147.18,3441.54,cash_on_delivery,2026-05-01T23:17:54
652eb083-85b2-4d28-a4d0-ae5d1a4cc5db,CUST000735,Toys,4,1920.9,7683.6,debit_card,2026-07-18T08:01:07
333a0e80-0888-4324-9c2c-c8c067d96a3e,CUST000438,Toys,5,1272.26,6361.3,credit_card,2026-06-18T19:40:01
61cabc0d-f4b2-4349-9067-59a82616e873,CUST000363,Books,5,1646.92,8234.6,wallet,2026-05-17T05:36:59
9b804518-d93d-4e18-b874-114f3ac8ae16,CUST000566,Sports & Outdoors,1,243.91,243.91,upi,2026-04-06T18:55:15
0db4ecb6-fee2-4fc4-808d-ce51d8156d4d,CUST000382,Books,3,1174.1,3522.3,upi,2026-06-15T22:10:16
46eebf8c-b706-4159-b67a-403cbe8c7daa,CUST000116,Groceries,5,1186.49,5932.45,debit_card,2026-03-11T15:33:35
75f60c30-e8db-462f-96dc-3d3e9c0cc606,CUST000165,Groceries,3,238.25,714.75,wallet,2026-07-09T07:06:20
6d89b9a5-4d93-4038-9c11-6c755ed491a4,CUST000257,Fashion,3,703.69,2111.07,wallet,2026-04-04T14:40:11
fbacdc43-352f-4791-84ea-a3f316b0c774,CUST000095,Electronics,1,655.07,655.07,upi,2026-05-14T20:03:31
68341717-0795-4200-9388-44ed3985639a,CUST000632,Beauty & Personal Care,2,1390.42,2780.84,wallet,2026-04-09T22:16:27
52ca7e08-3ad4-4f7b-a48e-d2f5ca747ac0,CUST000764,Home & Kitchen,5,1533.74,7668.7,upi,2026-02-17T17:27:00
b5c712a3-e01f-46e0-b711-0b02eebb289c,CUST000457,Sports & Outdoors,4,498.56,1994.24,credit_card,2026-04-15T23:03:03
501d558c-8911-421b-9b21-8fb95d66eb63,CUST000587,Beauty & Personal Care,2,369.65,739.3,cash_on_delivery,2026-02-19T02:34:16
27b628ee-c978-4b71-a792-aea4202fbc2d,CUST000211,Toys,1,699.86,699.86,cash_on_delivery,2026-07-11T01:00:30
57cd2483-59b1-49ff-9c94-a08d5242cd5f,CUST000111,Sports & Outdoors,3,1629.38,4888.14,debit_card,2026-04-24T16:23:22
621de6bd-f8b3-4de5-8dcc-ce2c07e354a1,CUST000293,Books,5,261.97,1309.85,debit_card,2026-04-24T12:20:05
b675b202-72d7-4c9c-9f14-ffd8f4ec0b1c,CUST000045,Groceries,2,415.43,830.86,cash_on_delivery,2026-04-22T00:15:36
9bf7ea0f-98a0-474e-834e-5412e9607be5,CUST000302,Fashion,5,140.98,704.9,upi,2026-06-04T09:03:40
7972c263-7f4e-484f-ae59-f83220675382,CUST000536,Beauty & Personal Care,4,1818.3,7273.2,wallet,2026-02-27T00:16:22
ce4bfba1-ae2a-4bd0-be43-956c3b2045bf,CUST000504,Beauty & Personal Care,3,1324.86,3974.58,upi,2026-03-31T14:58:28
50b2e574-bac7-4cd1-bbe6-298956fc66f4,CUST000076,Groceries,5,1707.12,8535.6,wallet,2026-04-05T01:04:17
0e7655e0-3d9d-444e-987d-d39d49710fdf,CUST000783,Beauty & Personal Care,N/A,1742.98,5228.94,credit_card,2026-04-17T13:42:05
1fa749ff-3ca4-47c8-af12-9c694b876e76,CUST000130,Sports & Outdoors,5,1564.28,7821.4,debit_card,2026-03-08T17:42:04
b875939e-b0cb-43c8-92ce-5e22a44105c1,CUST000719,Sports & Outdoors,2,1931.72,3863.44,debit_card,2026-06-09T14:03:04
ab016a91-870b-482c-89e1-88a12967b329,CUST000729,Sports & Outdoors,4,1053.32,4213.28,cash_on_delivery,2026-04-12T08:32:15
543f8a02-2c99-45e7-9126-6b1e0891ecc8,CUST000564,Beauty & Personal Care,1,1216.9,1216.9,debit_card,2026-07-10T23:33:51
9ceb69e3-d919-4ad6-8cdb-7394db6b5303,CUST000140,Sports & Outdoors,4,649.29,2597.16,credit_card,2026-07-18T21:50:41
43d85def-f884-4c38-841c-bbe01cd4ac3f,CUST000412,Electronics,5,928.3,4641.5,cash_on_delivery,2026-03-23T04:42:07
3b0136e7-33e7-424c-8f23-6d27f9595fdd,CUST000560,Home & Kitchen,5,679.21,3396.05,cash_on_delivery,2026-05-20T17:00:12
17f843f3-9af6-4fb7-a455-e17e4ed871f2,CUST000238,Groceries,4,44.76,179.04,credit_card,2026-02-27T10:05:40
5884f1ea-8c00-4433-8265-9cb356e6bd6b,CUST000535,Beauty & Personal Care,4,555.24,2220.96,credit_card,2026-03-05T02:39:46
02c8eea4-d037-4030-9b02-73977f801502,CUST000645,Home & Kitchen,3,1415.09,4245.27,credit_card,2026-03-20T22:35:45
d63cef14-7b44-48e1-bd1b-6effe0dabdec,CUST000665,Sports & Outdoors,2,1188.82,2377.64,cash_on_delivery,2026-03-29T16:51:41
5cb410f6-0276-4b89-ac11-2f193ed90500,CUST000050,Toys,2,1860.24,3720.48,wallet,2026-08-07T19:43:35
8cc54823-203e-47cd-a509-6453b2b6bf1c,CUST000033,Sports & Outdoors,2,1422.96,2845.92,wallet,2026-03-26T10:07:10
fa60fe99-cf38-47e5-805b-7294b209d21b,CUST000384,Groceries,5,1171.64,5858.2,debit_card,2026-07-31T06:19:21
c7b4a23b-4f74-4830-85a7-520657229d59,CUST000423,Books,5,1559.44,7797.2,debit_card,2026-03-05T02:40:40
8d4bf528-10c1-448d-b63a-55f38994cd3f,CUST000250,Books,4,39.34,157.36,cash_on_delivery,2026-04-15T06:00:54
651c2676-a493-4746-bed3-3a9ae7ca7363,CUST000449,Sports & Outdoors,5,119.21,596.05,credit_card,2026-07-22T12:12:35
110b90d0-c8b1-475c-967a-61009743aa1d,CUST000361,Home & Kitchen,4,146.91,587.64,upi,2026-06-03T10:16:36
778b40a0-db05-45e2-8eb0-fbaaeb85ba8c,CUST000585,Sports & Outdoors,2,1956.45,3912.9,upi,2026-08-02T02:22:14
d0ef3846-f808-469d-84b1-ad06bf808d1c,CUST000492,Groceries,5,978.28,4891.4,debit_card,2026-04-06T02:03:49
9e31eeeb-8010-4393-830a-04a41adde647,CUST000251,Books,3,971.26,2913.78,wallet,2026-06-13T00:37:38
fbc69513-2dd2-4c87-a471-4743d8bcc2b7,CUST000546,Groceries,4,622.39,2489.56,debit_card,2026-02-22T14:48:24
79ab9807-da26-423e-a115-dab2fc9d0236,CUST000663,Home & Kitchen,1,298.84,298.84,credit_card,2026-07-25T14:37:20
8cfdb277-7776-46e7-bc8d-735f173b20ec,CUST000558,Fashion,2,1897.32,3794.64,debit_card,2026-06-18T01:58:10
d7ed1c88-6069-4f95-909e-b3cdb81e372b,CUST000405,Electronics,2,1476.09,2952.18,cash_on_delivery,2026-07-08T12:33:34
cf460861-35ab-4f57-8ce0-161e418b07e2,CUST000789,Toys,5,1018.63,5093.15,cash_on_delivery,2026-03-03T14:46:23
a3a47c58-7b86-45e4-adfd-31eea3a0285d,CUST000418,Toys,5,1255.54,6277.7,credit_card,2026-04-25T06:32:08
9357c4bf-aca7-41b6-b8ab-81fbb16e5f0f,CUST000159,Beauty & Personal Care,2,1613.35,3226.7,debit_card,2026-07-17T16:40:14
30c0a4d1-81f6-48cb-a31f-c53936e49bd8,CUST000498,Home & Kitchen,4,1186.37,4745.48,upi,2026-04-07T03:02:10
09cbfd21-4d6f-4bb7-a75a-004b96db7067,CUST000605,Toys,3,1277.23,3831.69,cash_on_delivery,2026-05-20T09:44:14
1558113a-652a-48aa-8847-5d68a601f8cb,CUST000011,Home & Kitchen,5,1043.64,5218.2,credit_card,2026-03-05T03:31:00
474d7212-fdb1-41aa-a63f-9240dee74a61,CUST000394,Fashion,1,870.51,870.51,credit_card,2026-02-18T12:00:54
dcecdfa9-3d47-49c1-a3af-67efc013b0ed,CUST000793,Home & Kitchen,5,1158.35,5791.75,cash_on_delivery,2026-04-26T09:39:34
dd1d4383-7604-4218-861d-9a8ff6bef405,CUST000304,Electronics,3,1797.55,5392.65,debit_card,2026-06-10T14:23:52
f0e7fd92-bf04-4e95-b19a-f0f0ca19dac7,CUST000136,Fashion,5,828.43,4142.15,upi,2026-06-29T18:02:18
8d169874-dfe3-4aac-9023-2e69ec776a38,CUST000405,Fashion,1,656.59,656.59,upi,2026-07-02T20:52:47
0844d5aa-e959-4170-8d44-cf67d1728e53,CUST000486,Fashion,1,1155.85,1155.85,credit_card,2026-04-18T06:06:54
721772b1-e86c-4be8-8043-b522876becef,CUST000381,Beauty & Personal Care,4,1136.06,4544.24,debit_card,2026-07-02T19:37:38
46cb6d85-e5ef-44fe-bc3c-2cd256b5f5ee,CUST000372,Groceries,5,680.57,3402.85,cash_on_delivery,2026-05-25T08:09:31
f5d9c7e4-985e-44cb-9e1d-dcde00027752,CUST000619,Fashion,3,751.85,-2255.55,debit_card,2026-03-26T05:09:47
ed60a7ab-34b8-491d-b428-af278b4eeab8,CUST000788,Groceries,4,1516.16,6064.64,cash_on_delivery,2026-04-08T22:49:00
e7239c20-70df-4da8-8355-c1d3f2f6fff9,CUST000783,Beauty & Personal Care,5,622.44,3112.2,wallet,2026-02-26T02:15:20
7c176370-a1ab-4d41-b26b-08bc21207b66,CUST000093,Groceries,4,1936.96,7747.84,wallet,2026-05-30T07:34:20
cb39c2eb-5f6e-41cd-aba0-35e8aa7edc96,CUST000791,Books,2,92.53,185.06,debit_card,2026-05-18T01:37:10
e88a17ba-ea43-4d60-9722-7d3026f17e54,CUST000593,Beauty & Personal Care,5,543.78,2718.9,cash_on_delivery,2026-03-25T03:42:32
507e1141-0d93-41eb-a464-abbb1eb46bb6,CUST000312,Beauty & Personal Care,4,435.09,1740.36,credit_card,2026-03-16T23:08:10
9470484e-e139-4115-8098-d70bcc72d38d,CUST000154,Fashion,3,1984.73,5954.19,cash_on_delivery,2026-05-13T01:02:47
08d3339e-087f-4cb1-9fce-d24fdac11c00,CUST000366,Toys,3,744.03,2232.09,cash_on_delivery,2026-06-20T00:06:38
5771572a-002c-44a1-b792-88ca0a9bc44c,CUST000088,Sports & Outdoors,N/A,424.32,1272.96,credit_card,2026-06-04T08:51:40
7eb8ab58-f468-4f66-9b05-8e700ad60958,CUST000498,Toys,1,585.12,585.12,debit_card,2026-05-12T06:36:09
5ceec37c-2150-4121-adb0-355a5eb08ac0,CUST000664,Home & Kitchen,4,1079.61,4318.44,credit_card,2026-06-16T20:30:14
9e268bc9-32f8-4bee-a8a7-a8d0fd131275,CUST000526,Home & Kitchen,3,1685.91,5057.73,debit_card,2026-03-29T02:19:50
a5022659-dcec-4cab-be38-09d900c54429,CUST000347,Groceries,3,1004.22,3012.66,upi,2026-05-13T20:14:17
43d3129c-6e31-430f-8201-310f541ef15e,CUST000734,Groceries,5,1851.96,9259.8,debit_card,2026-05-17T13:13:06
dc02a6ae-f1da-4e64-b1d6-534024c1fcaf,CUST000382,Home & Kitchen,2,1674.77,3349.54,credit_card,2026-06-25T00:01:35
d8fed504-5af5-435e-b0e7-05d2678f0864,CUST000774,Groceries,5,718.71,3593.55,debit_card,2026-05-03T11:00:04
e20f6a13-7311-4e96-bdc8-3238495e9680,CUST000468,Toys,2,229.42,458.84,credit_card,2026-03-26T15:13:53
18c6eb57-99b9-46e4-8288-2fb103002b40,CUST000642,Toys,N/A,844.33,2532.99,upi,2026-07-07T02:54:19
87a4bf80-84d1-42d2-adf0-3cbf381ac31f,CUST000684,Fashion,1,791.51,791.51,wallet,2026-05-17T21:58:02
eaa701fe-f9f9-4b65-8868-da594755b420,CUST000489,Electronics,4,808.31,3233.24,debit_card,2026-04-06T07:07:34
ac0c439d-fe64-4dcd-979e-b68c45a3e6dc,CUST000133,Books,2,1919.44,3838.88,debit_card,2026-03-14T18:47:27
329f9a39-32a2-445e-8e8c-0aed83fe1a09,CUST000421,Electronics,4,839.69,3358.76,upi,2026-05-22T23:59:43
779fc268-61ab-4f98-ad1b-82cbc1c13149,CUST000116,Books,1,529.29,529.29,cash_on_delivery,2026-07-15T08:07:46
e9a32ef8-f109-4b07-9237-143538b4036e,CUST000386,Toys,5,922.06,4610.3,cash_on_delivery,2026-06-13T05:01:32
ac86742a-ac8b-47fb-88b8-62daaa58d304,CUST000657,Books,2,1752.33,3504.66,credit_card,2026-03-01T00:59:10
249a6ce6-6a0c-4c76-9592-82cd1e46b999,CUST000754,Sports & Outdoors,5,1582.58,7912.9,debit_card,2026-05-16T11:08:53
ed10e6a3-6616-4d9e-b8e4-a133b9338de5,CUST000222,Fashion,1,1775.09,1775.09,debit_card,2026-03-21T02:06:30
96cde364-e349-470f-bb2f-d2f94c9e7362,CUST000555,Fashion,2,417.48,834.96,wallet,2026-07-26T13:44:01
b3e16c6a-39a2-4ff2-bcce-ba84e879ef9e,CUST000424,Fashion,3,1304.31,3912.93,upi,2026-03-06T21:31:06
cd9c2716-ea98-4c15-b44a-aa3c555a5589,CUST000225,Home & Kitchen,3,1317.63,3952.89,wallet,2026-05-10T00:25:22
ec755bf1-0bf1-4946-ab74-e26673498313,CUST000360,Books,5,1206.22,6031.1,upi,2026-07-02T05:12:53
7db23c4a-7edd-46e9-abe6-a5c4d788b61f,CUST000274,Home & Kitchen,3,748.38,2245.14,debit_card,2026-07-26T05:59:47
6457d26c-04c9-474e-931b-8abcd90ea55c,CUST000087,Fashion,5,1125.31,5626.55,debit_card,2026-06-24T14:32:17
8f4e4a14-94a8-4c11-9821-b6ea7d05163c,CUST000472,Electronics,1,1825.55,1825.55,cash_on_delivery,2026-03-17T19:07:40
e66603c3-c584-47a2-a801-b1b753b61e75,CUST000387,Beauty & Personal Care,2,889.61,1779.22,debit_card,2026-03-28T05:07:25
bd64eb59-946a-4d35-9c74-795978e9b793,CUST000722,Beauty & Personal Care,1,1469.1,1469.1,debit_card,2026-06-14T14:44:11
ed723675-c39b-4476-8315-64148555ce7d,CUST000668,Fashion,4,6.08,24.32,upi,2026-03-09T00:41:32
4e6843b7-dd6d-40f6-921b-e9b72876daff,CUST000348,Toys,5,1466.22,7331.1,upi,2026-05-22T10:20:51
cb1c8ccd-4b74-4733-aee8-0485ad9d2970,CUST000344,Beauty & Personal Care,3,1282.99,3848.97,upi,2026-06-30T16:47:15
00b0bd3d-560b-4651-9178-0ebd1f863218,CUST000571,Toys,1,1984.84,1984.84,wallet,2026-05-15T05:57:41
10639d61-7ab1-44bd-8b20-d60e9063097d,CUST000488,Beauty & Personal Care,2,92.96,185.92,cash_on_delivery,2026-04-02T01:06:47
f665c4c8-43d6-4b0b-bf52-e3e2610fa9ee,CUST000233,Fashion,5,730.42,3652.1,cash_on_delivery,2026-06-11T00:59:32
d9206e31-b0b7-422a-9d37-ebfd898771fe,CUST000422,Books,3,64.79,194.37,cash_on_delivery,2026-06-09T05:25:46
fc20de26-ceef-433d-a9e7-0cf1b5235c81,CUST000129,Beauty & Personal Care,5,1191.12,5955.6,wallet,2026-03-02T15:58:00
22582e74-ac6c-4cbc-8d00-5a3551f6ad28,CUST000400,Home & Kitchen,2,170.59,341.18,credit_card,2026-05-05T06:40:44
6513a9c9-d5ae-4ef5-ad4f-ccf835f66e0a,CUST000728,Groceries,1,339.73,339.73,credit_card,2026-06-07T12:28:57
a9cfb9c1-55d6-4443-9ca2-2027d252a22f,CUST000035,Sports & Outdoors,3,1721.44,5164.32,cash_on_delivery,2026-05-22T19:16:34
ad7f4e26-d309-4c8c-90b7-36fb5c73342a,CUST000227,Groceries,3,432.83,1298.49,cash_on_delivery,2026-04-21T17:30:21
1d2af577-b7b5-45dd-a646-6aa06fc36836,CUST000325,Books,4,362.56,1450.24,credit_card,2026-05-07T02:37:24
1ab4c6ae-3395-410c-854e-5574e43cac96,CUST000563,Books,4,1778.14,7112.56,wallet,2026-07-04T23:49:04
b9ce50fd-e6ed-4379-ba23-0de2281c51e7,CUST000316,Electronics,3,1961.18,5883.54,cash_on_delivery,2026-03-22T09:55:04
66353152-8d72-498b-9790-65492b41704f,CUST000382,Toys,5,1865.35,9326.75,debit_card,2026-08-01T21:10:01
d34d3054-e913-4c58-a694-129340d03266,CUST000154,Fashion,3,1649.59,4948.77,wallet,2026-04-04T18:40:54
a7e9050e-a6cd-4ebb-837d-aef22e127552,CUST000418,Fashion,5,884.45,4422.25,wallet,2026-04-09T06:58:15
ee71f50a-3039-4462-9f18-93175b862d66,CUST000516,Beauty & Personal Care,5,1087.16,5435.8,wallet,2026-06-21T19:26:26
2b3223aa-34cb-4b29-950d-00ea2503cf9e,CUST000086,Sports & Outdoors,2,633.04,1266.08,cash_on_delivery,2026-05-28T20:06:14
a7336e05-2340-4b1e-a3ee-ca1f9ecff2a8,CUST000103,Toys,5,1549.35,7746.75,wallet,2026-04-09T10:50:20
8351ce8b-e557-42c2-b40c-211ea453f512,CUST000700,Fashion,4,968.74,3874.96,credit_card,2026-04-04T22:34:29
d3375b8d-2c53-4dba-a8c6-76166a3c2ec0,,Home & Kitchen,5,813.92,4069.6,debit_card,2026-04-10T07:42:40
f07584a5-8cd6-4183-9e5d-966e8e8fb048,CUST000076,Home & Kitchen,2,1810.03,3620.06,cash_on_delivery,2026-05-29T15:37:20
84849815-e4cd-49a8-b8e0-60175e72a1ba,CUST000773,Electronics,3,210.4,631.2,wallet,2026-05-02T10:50:50
fb2ab748-73fd-47a1-8f1e-643b3c9a6009,CUST000214,Groceries,5,1943.63,9718.15,credit_card,2026-06-30T20:10:46
a27d5947-b23b-492a-a515-cdd9a41c2750,CUST000307,Home & Kitchen,1,793.63,793.63,debit_card,2026-04-04T22:47:17
968187c6-383a-45d4-9f34-e040142b9cd6,CUST000224,Groceries,1,618.89,618.89,credit_card,2026-04-29T03:05:02
541a00bc-e316-42b1-816e-6a2e34ee6aaf,CUST000233,Toys,5,358.97,1794.85,upi,2026-06-03T01:54:41
751723d9-2158-42c3-9249-8cdf904badf6,CUST000676,Beauty & Personal Care,5,191.53,957.65,cash_on_delivery,2026-07-18T02:52:50
8ef802b4-cff8-4c69-868c-a7df74d9a561,CUST000634,Home & Kitchen,3,124.55,373.65,cash_on_delivery,2026-06-21T14:36:00
7984a951-7315-40b4-b470-208008da7754,CUST000321,Home & Kitchen,2,226.1,452.2,wallet,2026-03-09T18:47:10
237a4e55-18d2-417a-8059-94a107b4c416,CUST000116,Electronics,1,1622.46,1622.46,debit_card,2026-03-13T15:31:54
db2fe2bb-b74e-40ab-a4ba-957385d16be6,CUST000460,Fashion,4,1632.48,6529.92,upi,2026-03-30T10:58:04
188fb5fc-ebe8-45b9-9338-c9245d73b91b,CUST000251,Beauty & Personal Care,5,931.0,4655.0,cash_on_delivery,2026-03-29T23:59:35
884859b4-4803-48a8-a5d8-ab315f8ba06b,CUST000243,Toys,3,1479.81,4439.43,debit_card,2026-04-11T19:26:58
f0584a30-5639-4aca-8631-5d0c61b3d5ee,CUST000093,Sports & Outdoors,2,1847.68,3695.36,wallet,2026-06-29T11:49:25
b2895238-a19c-41bc-9bda-39ae6267fccc,CUST000531,Beauty & Personal Care,5,1912.74,9563.7,upi,2026-02-22T08:19:49
82939103-9958-45bd-adaa-3e66f5b69a54,CUST000149,Sports & Outdoors,4,1067.99,4271.96,debit_card,2026-05-07T05:29:21
076ae0ed-bfd8-4def-a0f4-dad9a22b8f0c,CUST000171,Electronics,5,1391.63,6958.15,upi,2026-05-31T09:55:32
fb9d0311-7073-4f20-96ca-b4c1425ec552,CUST000778,Sports & Outdoors,5,1369.07,6845.35,credit_card,2026-03-01T10:00:01
792834f2-f8a3-4491-b330-5d7b3339ff22,CUST000430,Beauty & Personal Care,4,1572.52,6290.08,upi,2026-04-11T11:38:58
8336bc73-2e50-484a-9639-02d743ff3e2d,CUST000018,Electronics,1,1981.47,1981.47,cash_on_delivery,2026-03-04T06:04:10
cf02d516-5d0f-4823-b136-9f6e4ea4ac60,CUST000554,Beauty & Personal Care,1,1567.78,1567.78,debit_card,2026-06-13T10:48:14
ac89cafd-bcab-4f3d-98bc-9b16d143ac7d,CUST000463,Sports & Outdoors,3,1903.65,5710.95,upi,2026-06-21T20:54:16
e5884ac6-ed93-454d-896b-a750a5649fe5,CUST000271,Toys,2,307.11,614.22,cash_on_delivery,2026-04-11T03:05:04
9161ba81-3595-4a8d-a56d-a0fc50b86674,CUST000696,Books,1,557.9,557.9,upi,2026-07-24T15:14:21
ab68d2ac-b2a3-4e65-abac-3c98c9fa9d76,CUST000397,Fashion,1,171.8,171.8,debit_card,2026-02-25T15:12:23
08535fa4-414e-46e5-b2e6-558b2eea2b23,CUST000359,Electronics,2,1324.17,2648.34,debit_card,2026-06-06T21:04:32
bdfc1358-f4e4-45d5-948d-82e1e8eef733,CUST000150,Sports & Outdoors,3,1132.85,3398.55,credit_card,2026-06-16T03:43:31
7e18d92a-6448-42a3-9b0c-3b8b1e15e12d,CUST000522,Sports & Outdoors,1,1943.17,1943.17,cash_on_delivery,2026-05-07T08:36:52
babd39b7-672e-4e00-9f0d-f4abedbefaa9,CUST000360,Sports & Outdoors,5,390.99,1954.95,debit_card,2026-07-13T00:15:35
aa6d89e6-4c46-4443-bb27-6afa03067fad,CUST000137,Books,3,800.01,2400.03,upi,2026-03-02T21:37:41
d354dad1-2a35-40f9-995e-a5b1a0ed4698,CUST000151,Toys,5,577.93,2889.65,credit_card,2026-05-09T21:16:48
4cb88006-b522-4077-9b9b-48bf8978065d,CUST000425,Toys,2,1515.91,3031.82,debit_card,2026-03-22T15:57:21
4e714f9c-4529-4d8b-a773-fc9c98b928ac,CUST000388,Fashion,4,1640.2,6560.8,upi,2026-08-09T16:45:40
9bde5240-98ae-43c9-9ef7-7432e6250aa3,CUST000014,Home & Kitchen,2,176.76,353.52,cash_on_delivery,2026-07-27T22:59:29
b7cfeffd-79e0-4bbb-abdc-21615dcdfb1b,CUST000232,Home & Kitchen,3,886.51,2659.53,cash_on_delivery,2026-07-02T03:43:11
f472a514-8c96-440b-84dd-cf143cdd0ff2,CUST000729,Books,5,482.03,2410.15,wallet,2026-03-11T07:19:27
16d9bd3a-e58b-4f04-9fd2-b9f500c4addf,CUST000068,Electronics,2,1511.56,3023.12,debit_card,2026-07-09T16:43:08
a51b36c1-450b-47f6-bc29-e599ed9efd09,CUST000072,Books,3,955.16,2865.48,wallet,2026-04-26T20:50:24
578f81ed-b1d0-4629-8a7c-653ab0539952,CUST000270,Fashion,2,975.78,1951.56,cash_on_delivery,2026-04-09T20:59:55
83b143cd-db08-4f05-befc-5a66b3f05a31,CUST000763,Home & Kitchen,3,479.8,1439.4,debit_card,2026-07-21T22:30:14
d7abf611-0f17-41e6-a1c6-44951377fe03,CUST000232,Sports & Outdoors,2,1702.41,3404.82,cash_on_delivery,2026-04-01T19:04:27
6a0199b9-1187-43bc-99c5-a7336a519c02,CUST000053,Sports & Outdoors,2,863.47,1726.94,credit_card,2026-04-30T07:26:26
d4448742-d68f-4689-934f-61c57f2a4938,CUST000674,Fashion,3,1924.94,5774.82,debit_card,2026-07-06T09:52:59
b354717b-7b8f-452c-9562-87173560cab8,CUST000469,Sports & Outdoors,2,501.04,1002.08,wallet,2026-05-06T00:19:05
29f5f9c3-fc1b-415f-8c76-4e7ca903c566,CUST000156,Sports & Outdoors,4,1616.36,6465.44,debit_card,2026-03-29T22:47:19
b5b7544b-8908-444b-83eb-99b008f616e5,CUST000347,Home & Kitchen,3,363.86,1091.58,wallet,2026-05-21T07:06:08
29bca579-4182-435c-a0c0-93ff59713a31,CUST000183,Home & Kitchen,5,1559.22,7796.1,upi,2026-08-09T12:21:11
b5d4a84d-acfe-4d79-9b8f-e3a04bc11b11,CUST000065,Beauty & Personal Care,N/A,1457.69,7288.45,cash_on_delivery,2026-05-14T10:21:12
2932afc4-18de-4a21-8d39-75b38f5c7614,CUST000014,Electronics,5,736.95,3684.75,upi,2026-03-16T09:47:04
5fb47a9c-7565-4bb1-b95d-322b0de69256,CUST000568,Electronics,5,1539.47,7697.35,credit_card,2026-06-25T15:30:04
c32446f9-eb25-4847-8662-c6c48eb9a13c,CUST000663,Home & Kitchen,3,1065.49,3196.47,cash_on_delivery,2026-07-23T11:52:10
0e99c432-1a0d-4751-b8c9-a9bed18a4e32,CUST000306,Beauty & Personal Care,1,1851.25,1851.25,upi,2026-05-05T08:28:11
6abac28b-3c1c-48fb-a962-84e2f79e24af,CUST000135,Electronics,5,1184.92,5924.6,cash_on_delivery,2026-04-29T05:29:02
d90e03fe-afb4-4c9d-8fd2-486b1232624c,CUST000098,Groceries,5,1106.57,5532.85,debit_card,2026-02-25T21:45:17
417e507f-1c70-4e08-9c0e-5a01191e568f,CUST000723,Home & Kitchen,2,1039.48,2078.96,cash_on_delivery,2026-07-02T14:00:38
a0a69846-e9d8-45eb-93b9-9daf89004dea,CUST000220,Beauty & Personal Care,1,881.96,881.96,upi,2026-05-19T03:40:09
215dad8e-7097-44d7-9eb8-49f7ca03dcad,CUST000314,Fashion,1,423.63,423.63,cash_on_delivery,2026-07-17T02:01:39
28eb4b7e-dc1c-46d3-9544-ed33aa984806,CUST000179,Electronics,1,1155.64,1155.64,credit_card,2026-03-02T11:28:36
7561ab01-a937-4093-a3e6-00ec65074cfa,CUST000503,Books,4,1178.9,4715.6,cash_on_delivery,2026-05-10T08:39:03
6c05dc85-ff63-48fd-9cd1-4ef96fb116c7,CUST000163,Books,2,785.04,1570.08,debit_card,2026-05-28T17:11:05
5e289d72-cf76-4be9-8c11-84ee65f15ac8,CUST000176,Electronics,5,514.77,2573.85,wallet,2026-02-17T06:11:24
527deec6-4053-465c-a516-b41912ee423e,CUST000211,,2,409.52,819.04,wallet,2026-04-12T04:20:01
c2345eb8-4d00-46c8-a3a1-6ea284e68e09,CUST000773,Books,2,609.2,1218.4,wallet,2026-04-07T07:06:09
96f66a6c-a233-4d5f-8768-1593ff0f0dc4,CUST000629,Home & Kitchen,4,1935.43,7741.72,upi,2026-07-15T19:23:07
fa944227-6d39-426f-aafc-f82ddd859b99,CUST000278,Toys,1,379.64,379.64,debit_card,2026-02-26T12:25:24
355c9964-3dd1-47cd-a057-248373976756,CUST000083,Toys,3,1688.32,5064.96,cash_on_delivery,2026-07-09T17:49:19
ea65c088-951b-46b5-a93e-9ed5181460b5,CUST000542,Fashion,5,813.34,4066.7,credit_card,2026-07-12T10:02:43
3c87dda6-3ca1-4cde-9bd5-fb6d84b2ddfa,CUST000482,Beauty & Personal Care,2,1683.92,3367.84,credit_card,2026-07-26T21:28:07
d99fa2e7-dae2-4137-ae16-07f5ff93bc2a,CUST000138,Books,2,1991.39,3982.78,wallet,2026-05-09T17:56:48
d4454294-30c6-42ef-8b23-a584cb093f0b,CUST000587,Sports & Outdoors,2,755.08,1510.16,debit_card,2026-05-08T13:50:22
fd0665ad-6d09-4535-b4a5-460c4c95d50d,CUST000626,Sports & Outdoors,4,382.99,1531.96,cash_on_delivery,2026-06-18T09:00:52
f76c6799-f2c9-4d7e-97a9-60a7cc65d273,CUST000257,Books,2,1945.48,3890.96,wallet,2026-07-13T16:13:20
8d531773-6cf7-4bd7-afbd-9dac04c191fc,CUST000721,Groceries,4,1382.03,5528.12,upi,2026-05-08T00:19:53
779b4a6f-2b8a-4ece-bac4-555bfbba8430,CUST000154,Home & Kitchen,3,175.99,527.97,wallet,2026-03-13T01:22:19
e95684b4-765b-4ce2-9370-8a5af9416d11,CUST000667,Groceries,1,1435.89,1435.89,cash_on_delivery,2026-02-12T04:59:55
b1899861-373e-49d5-9938-93686bc7a430,CUST000289,Groceries,5,1403.71,7018.55,cash_on_delivery,2026-07-18T03:43:01
d58eddd0-a396-4177-8362-22cc9b6a6549,CUST000654,Groceries,5,1233.74,6168.7,credit_card,2026-05-14T00:13:05
8dac6792-7507-4f7a-aeda-1defa9b3d43a,CUST000481,Toys,3,1305.54,3916.62,wallet,2026-05-17T03:40:25
7b0e3a75-c7db-47cd-a43a-a7b3c292cc60,CUST000381,Fashion,5,1408.4,7042.0,cash_on_delivery,2026-04-27T20:12:58
eddbdf57-f8ab-4044-bf5a-c16f2caa9da8,CUST000526,Home & Kitchen,1,253.09,253.09,wallet,2026-02-23T00:22:10
b208c8b1-cee7-41c8-9976-dd3dc1bba391,CUST000545,Electronics,1,1322.5,1322.5,wallet,2026-03-03T15:50:18
7df64134-0e9c-4982-890a-17796711e4c9,CUST000281,,2,142.41,284.82,cash_on_delivery,2026-02-25T12:59:32
dc439334-8482-43ba-afa1-74539f8b64f6,CUST000494,Toys,5,831.98,4159.9,wallet,2026-07-18T09:25:25
155450b7-c451-4a03-8f01-227740eec10a,,Electronics,2,1386.25,2772.5,debit_card,2026-06-15T08:39:48
58b94f35-288d-428b-bfb5-67b67a44622d,CUST000747,Home & Kitchen,5,788.03,3940.15,debit_card,2026-07-23T10:33:55
2d49a959-c685-464d-8b1d-7b25738a28d8,CUST000361,Fashion,4,962.44,3849.76,debit_card,2026-04-16T13:26:28
b1e05586-5c25-4931-b00d-66bff4b72646,CUST000040,Fashion,1,1082.45,1082.45,upi,2026-03-19T00:57:00
05fbf639-31ae-4fb2-ae74-ef902e66f9b0,CUST000722,Toys,4,1345.08,5380.32,credit_card,2026-06-05T16:22:17
98c6b384-a1fa-4174-9704-ef03741f7c6e,CUST000295,Home & Kitchen,3,223.18,669.54,credit_card,2026-04-07T10:57:33
423c7636-271d-4110-8ec9-211c0cbc94e8,CUST000751,Toys,4,669.97,2679.88,upi,2026-07-12T11:45:15
8aa0b06d-e105-4c14-926d-db7e87d693ad,CUST000229,Sports & Outdoors,3,1447.12,4341.36,credit_card,2026-03-23T16:28:30
f840c0ba-272d-4342-96ff-2130bae27ec8,CUST000377,Toys,2,1552.71,3105.42,cash_on_delivery,2026-06-25T17:41:40
1f57a5d4-1c30-4f5c-95aa-e336715ed45e,CUST000288,Books,1,1499.12,1499.12,wallet,2026-04-09T08:53:34
c1bdfcc4-109e-42d4-958e-11beeec3caf2,CUST000714,Fashion,4,526.35,2105.4,debit_card,2026-03-09T06:25:10
96c1dba3-b439-4d0f-a73d-245222f04d26,CUST000328,Toys,3,459.23,1377.69,upi,2026-04-12T18:49:35
d70a97b9-2087-4805-bea2-f40613346638,CUST000301,Fashion,2,1252.42,2504.84,debit_card,2026-03-03T11:34:10
a7b8b1ef-9993-45d4-b6d4-12543f5379f4,CUST000080,Home & Kitchen,2,403.39,806.78,cash_on_delivery,2026-06-20T12:27:13
df7f9ef8-ace6-4941-9ba7-ad8d34f3b056,CUST000271,Groceries,5,9.46,47.3,cash_on_delivery,2026-08-06T23:32:06
ec1f59ab-0ace-4e19-9832-1828d060197a,CUST000093,Home & Kitchen,3,1413.92,4241.76,credit_card,2026-07-15T02:10:06
22cc895e-2a46-4baf-afc9-19048ba95d40,CUST000226,Groceries,5,1563.61,7818.05,credit_card,2026-08-02T09:20:06
c5a68b3c-f383-4b7a-aef5-6c94be798e88,CUST000794,Sports & Outdoors,1,290.87,290.87,wallet,2026-04-18T20:49:49
05d78035-f7ef-46ef-9a45-1facbc21e138,CUST000609,Books,2,1262.28,2524.56,upi,2026-02-11T19:29:25
275d8d04-4fe9-400d-bcef-b074c693ef7e,CUST000737,Sports & Outdoors,1,546.16,546.16,wallet,2026-05-23T17:36:42
229faaa5-6dbc-44a0-92e1-f493d11fb472,CUST000024,Fashion,2,177.32,354.64,debit_card,2026-05-24T13:16:08
4f0770ea-6903-49cc-884a-5503f275f8e3,CUST000152,Electronics,5,658.12,3290.6,cash_on_delivery,2026-07-02T04:20:35
aaa21558-13c8-436f-9ed9-0faee4acec34,CUST000138,Electronics,2,1902.88,3805.76,wallet,2026-07-19T06:35:19
9c7c6f88-705d-4ddb-9906-b7375665b3a8,CUST000033,Fashion,3,1888.42,5665.26,credit_card,2026-07-01T09:14:52
4ba7a65b-b6d8-412f-8203-ac4e2bfa826b,CUST000006,Electronics,1,362.93,362.93,wallet,2026-05-12T13:11:42
bf75aefe-925e-439a-8284-dd4f9bee1c82,CUST000359,Electronics,4,515.29,2061.16,cash_on_delivery,2026-04-10T13:03:48
7cb991b9-240d-4af1-a1a2-ad86c49c93c3,CUST000437,Fashion,1,1852.34,1852.34,upi,2026-08-02T14:30:29
f03cc93c-8b28-4252-940e-c00d4c3467e9,CUST000556,Fashion,4,193.69,774.76,credit_card,2026-03-25T19:01:02
cfbe2db4-9de7-4004-94b8-207ed08b6de1,CUST000473,Toys,5,1780.41,8902.05,debit_card,2026-06-26T23:25:57
1686124e-0e9a-49ab-82cd-2740173c3861,CUST000596,,2,1285.94,2571.88,credit_card,2026-05-06T01:55:50
5967f4c7-7999-4850-8709-2fec9b6a5377,CUST000307,Beauty & Personal Care,5,1700.76,8503.8,wallet,2026-04-20T08:49:21
75431ded-d906-419f-9958-7676c160e44f,CUST000722,Sports & Outdoors,2,1795.79,3591.58,cash_on_delivery,2026-02-26T21:36:00
9128af8a-9376-4ce9-a927-8c38b797f737,CUST000470,,3,1178.06,3534.18,debit_card,2026-05-20T03:23:28
82e31d40-b04e-4bb9-82e9-f406ae3ea247,CUST000223,Home & Kitchen,3,1137.39,3412.17,cash_on_delivery,2026-07-11T12:00:02
cdf062bd-d5ce-49ca-822b-5018c5232b09,CUST000309,Fashion,4,1307.33,5229.32,credit_card,2026-02-24T00:52:25
21dabec1-9953-4b7a-94e9-6ebe318e5c98,CUST000358,,1,455.38,455.38,wallet,2026-05-28T08:14:11
0382e2c5-4279-4bd9-b1d7-db76d0874297,CUST000432,Sports & Outdoors,5,1324.1,6620.5,credit_card,2026-06-28T20:46:42
7f235325-5b2c-4148-bef7-b1284c58f870,CUST000350,Beauty & Personal Care,2,186.06,372.12,upi,2026-03-31T04:06:55
e71a1744-32b9-4bae-8166-f8e96f5d1906,CUST000605,Beauty & Personal Care,3,1604.34,4813.02,credit_card,2026-05-23T16:36:47
102a13d3-f691-4878-a4d9-8c226910dbc9,CUST000766,Beauty & Personal Care,5,1685.02,8425.1,credit_card,2026-05-28T02:41:12
be824ec0-327c-436d-a174-96453a25462c,CUST000747,Groceries,2,987.84,1975.68,credit_card,2026-07-10T23:54:51
2c33cd2f-af30-4857-82d7-cdddd3956ff7,CUST000280,Toys,2,880.64,1761.28,upi,2026-05-15T23:57:24
7e764d05-3dc9-4e21-bc0d-c3be3189cc67,CUST000693,Sports & Outdoors,2,1773.34,3546.68,wallet,2026-07-20T04:34:46
e544a5e7-8b3b-4e75-86d3-f0789f54d62a,CUST000776,Sports & Outdoors,4,1015.15,4060.6,cash_on_delivery,2026-06-14T00:56:38
7cdb8210-dcb7-45b1-a526-e6b95c2ff6f2,CUST000782,Toys,4,1150.32,4601.28,cash_on_delivery,2026-03-18T12:26:09
81ac3532-1cd0-481f-af3f-ef689d0e6f93,CUST000291,Books,5,774.72,3873.6,cash_on_delivery,2026-06-06T00:36:59
55160a55-bd29-4a74-9f0f-4c8356bbb208,CUST000322,Books,4,1102.5,4410.0,upi,2026-02-28T07:35:18
12811e23-ef3e-4314-9431-ff3086e6bbaa,CUST000555,Fashion,5,5.68,28.4,debit_card,2026-06-30T20:38:46
969a863a-474f-45ec-b5ef-feb25df91130,CUST000010,Books,2,1355.68,2711.36,cash_on_delivery,2026-05-02T06:36:19
f11eec39-f265-448a-be2b-cc6886629c51,CUST000367,Sports & Outdoors,2,7.97,15.94,debit_card,2026-04-04T09:27:36
9f44eb8f-716c-4cdf-92ab-d067f0cf479b,CUST000241,Books,3,302.8,908.4,wallet,2026-07-10T12:25:08
897b6533-5a8a-4280-81ff-cf3df434ec63,CUST000669,Fashion,3,854.29,2562.87,upi,2026-03-25T21:21:28
2b1aeb7c-65df-4bd0-98a2-8c73a1294d20,CUST000514,Home & Kitchen,3,583.22,1749.66,wallet,2026-06-15T01:00:22
09fc1caf-a22a-46a8-8983-33e8880948ba,CUST000084,Beauty & Personal Care,5,1685.99,8429.95,wallet,2026-03-08T21:45:03
350d2fed-b600-44e7-825b-31cb96fd6e5b,,Toys,1,328.18,328.18,credit_card,2026-07-29T04:57:40
9e691bb2-d287-4a60-84df-6f86a2ff3a07,CUST000518,Books,4,1585.63,6342.52,wallet,2026-02-21T19:49:43
0f272382-c4f5-4521-9f89-33b27311b22e,CUST000539,Sports & Outdoors,1,1505.77,1505.77,credit_card,2026-07-10T21:43:58
95220d12-7879-404a-afb6-18a68d58c3c4,CUST000542,Electronics,3,814.23,2442.69,wallet,2026-05-14T10:49:07
869f0d69-f419-44f3-a901-0f2fd97389b6,CUST000157,Sports & Outdoors,5,1195.78,5978.9,upi,2026-08-05T20:52:37
792b9c1f-0b4c-4d0e-84a3-cddcbad79858,CUST000148,Home & Kitchen,1,957.99,957.99,wallet,2026-05-03T16:38:30
ec069f98-168c-4219-aab3-ad9f4715d424,CUST000012,Groceries,3,1955.9,5867.7,wallet,2026-08-05T18:18:28
05ee2a9c-6d64-4d6b-87c6-0c41cbf13b37,CUST000308,Home & Kitchen,4,1841.27,7365.08,cash_on_delivery,2026-04-29T18:07:15
746cebf7-03c5-483c-9440-8adcf12888b1,CUST000796,Beauty & Personal Care,2,296.93,593.86,upi,2026-06-02T20:08:38
4f7dd5fe-fefb-48b4-b233-8fa870a1f9ab,CUST000168,Toys,5,491.07,2455.35,credit_card,2026-03-03T14:07:41
d69f81d8-867e-4edb-8380-d015d7fa730d,CUST000471,Home & Kitchen,2,256.95,513.9,wallet,2026-07-15T07:56:49
613e9d68-efe1-4df0-9dc0-64b4c46ac423,CUST000509,Groceries,2,1258.6,2517.2,credit_card,2026-05-14T04:26:06
7f839ef8-1cab-4cac-b724-0749ab3a7c82,CUST000410,Groceries,2,1813.7,3627.4,credit_card,2026-02-24T18:12:55
4949179e-8e95-4f87-a313-50adc9f88e44,CUST000124,Books,4,1792.04,7168.16,upi,2026-05-04T07:19:38
4ac9b244-b1d1-41c8-9f37-fd2e4b2b4a53,CUST000125,Beauty & Personal Care,3,965.05,2895.15,debit_card,2026-04-20T05:36:10
201b1316-aff9-4d54-be7a-f073ac72a958,CUST000477,Toys,3,1163.95,3491.85,credit_card,2026-03-25T09:18:15
0deab135-110f-4737-a665-6a0368828b58,CUST000554,Groceries,2,1096.59,2193.18,upi,2026-04-28T15:11:50
5b7f0401-fea5-434f-a32d-c9a1609b4d02,CUST000797,Groceries,2,218.01,436.02,credit_card,2026-02-28T00:24:35
ee1e3baa-088e-48d7-9412-75e71d095959,CUST000206,Beauty & Personal Care,3,1866.38,5599.14,debit_card,2026-05-07T19:21:01
5b4bcf70-0528-423e-8bb6-2dce3b1ab66b,CUST000306,,4,1148.21,4592.84,debit_card,2026-04-21T12:04:31
4fd5f4c8-fef1-429c-85c6-ab40cd225c7b,CUST000630,Beauty & Personal Care,3,1126.96,3380.88,debit_card,2026-04-09T02:14:35
74ce8a89-0b35-4ef4-b411-5c2b653532bc,CUST000552,Electronics,4,1794.45,7177.8,wallet,2026-07-03T07:01:40
ca1da571-b213-4a04-864e-b465b243fb47,CUST000737,Fashion,1,205.23,205.23,upi,2026-04-05T23:34:54
91bc0777-a16d-4600-9187-5d503aefe744,CUST000510,Books,2,522.86,1045.72,cash_on_delivery,2026-07-16T07:04:31
9c927b72-4bd7-424e-829f-53d613cb9d52,CUST000091,Sports & Outdoors,5,1490.3,7451.5,credit_card,2026-04-24T10:03:14
0f9aad9c-3676-4c0f-b5cc-65430860e084,CUST000553,Groceries,4,11.6,46.4,credit_card,2026-05-07T07:59:07
36b9dfc3-1aa6-4c98-ac7b-78abeb011fd5,CUST000630,Books,3,831.01,2493.03,upi,2026-04-29T06:50:06
8d405f02-6534-4adc-aa90-69d3522063ce,CUST000302,Home & Kitchen,5,1017.84,5089.2,wallet,2026-07-04T10:18:51
b5b0dd9f-0138-4c9b-8e85-ff3f5d3018b8,CUST000673,Sports & Outdoors,1,541.75,541.75,debit_card,2026-04-10T23:35:44
ffd64577-7cc9-41e1-9d3f-999c305b9e1a,CUST000115,Toys,5,792.24,3961.2,debit_card,2026-05-06T10:26:33
6f6f4600-6fc2-4f01-892e-a8c21661f2cc,CUST000716,Beauty & Personal Care,2,1381.48,2762.96,credit_card,2026-05-28T05:55:38
894d3e8c-dd70-4d55-93b9-3e967aa7c8ac,CUST000463,Books,1,1108.83,1108.83,wallet,2026-02-17T07:38:43
301e095b-633a-4bdc-8b48-ebf7ca71ef19,CUST000790,Home & Kitchen,3,1308.14,3924.42,debit_card,2026-02-17T09:23:52
acdf5566-1732-41d0-b2df-18a54948de65,CUST000716,Groceries,4,447.44,1789.76,cash_on_delivery,2026-04-10T08:48:30
d003bd77-b9a3-4fec-b09b-3f1adf39eb34,CUST000487,Books,5,1975.11,9875.55,upi,2026-05-31T06:41:32
a40a135c-df01-4148-a7b6-256008a7c931,CUST000464,Groceries,2,182.93,365.86,upi,2026-04-20T16:46:14
801a4df7-b5bf-4357-a744-aa2e958904d6,CUST000024,Toys,1,1435.15,1435.15,credit_card,2026-03-29T02:45:32
fc4034ec-2991-4495-a044-449eb7721ef8,CUST000524,,1,727.29,727.29,upi,2026-03-10T21:40:39
c9856f7f-2756-4796-bd97-be7a6c3c3739,CUST000447,Groceries,3,1073.38,3220.14,wallet,2026-03-04T19:39:04
1dbdca16-5199-4fb2-8409-5ab6176084c1,CUST000254,Fashion,4,1706.4,6825.6,upi,2026-07-07T22:26:29
d1fbe727-03d8-4a88-991b-68fe8c809fff,CUST000163,Books,1,1102.94,1102.94,debit_card,2026-05-20T18:14:56
b3e88024-3e33-4929-a0b3-9c72a6d2d850,CUST000607,Home & Kitchen,3,111.12,333.36,credit_card,2026-06-01T00:40:51
e0fb3c5f-7a3f-4417-aad6-f99b101fee8e,CUST000631,Home & Kitchen,1,1769.4,1769.4,wallet,2026-06-12T22:20:26
b7ea1a17-71a8-49f7-8222-4abf8a539256,CUST000099,Books,3,693.56,2080.68,cash_on_delivery,2026-02-16T03:27:36
479f838b-95a7-404a-bb04-518d0b227377,CUST000261,Books,2,924.91,1849.82,wallet,2026-02-16T20:25:04
ad2369e9-fffe-43a5-bd55-d3da46628552,CUST000602,Sports & Outdoors,5,1397.66,6988.3,credit_card,2026-02-26T23:22:58
78200fa9-42b4-42a6-b918-ebaba8a78222,CUST000224,Groceries,2,744.62,1489.24,wallet,2026-05-30T03:41:39
c2f9f42c-8635-40a0-bd30-d600ec638105,CUST000734,Fashion,3,361.38,1084.14,cash_on_delivery,2026-03-20T09:37:05
47ee20ca-0d76-4d83-8b48-cafc85c682fe,CUST000581,Beauty & Personal Care,2,1190.88,2381.76,debit_card,2026-07-04T03:45:14
48543dc8-ede0-4ee5-8c10-1e5c8d185438,CUST000606,Books,1,1179.76,1179.76,upi,2026-04-05T02:00:28
5ab31c37-73e1-4202-aa59-f2f369043bb0,CUST000473,Electronics,5,1852.83,9264.15,wallet,2026-06-13T23:32:29
df0cd9a6-22d7-4740-8252-b6f000bbbfa3,CUST000155,Books,3,1096.38,3289.14,debit_card,2026-08-02T02:16:03
935daf69-0b11-430c-af78-86da4729b29a,CUST000670,Toys,3,1900.96,5702.88,credit_card,2026-02-16T03:34:02
b12b2141-76be-4994-8850-c99c87141a88,CUST000007,Books,4,1607.81,6431.24,credit_card,2026-04-08T01:20:34
d8d54643-ccdc-4384-9d9d-c301c5b2d6cb,CUST000216,Electronics,4,1905.53,7622.12,upi,2026-04-01T22:30:17
0db94b70-4139-4b31-8c75-d4f8ee6eb613,CUST000516,Books,5,840.24,4201.2,debit_card,2026-03-02T05:02:09
1acd7ccb-a3ef-4621-aa5a-ee1579a4d189,CUST000710,Groceries,5,1433.82,7169.1,credit_card,2026-07-01T00:12:58
025a4a95-e149-4c3c-aa31-d2d1dc497110,CUST000202,Toys,2,681.0,1362.0,credit_card,2026-04-15T18:56:45
f784e923-951e-4128-a5da-2f8f363d901e,CUST000745,Groceries,1,1614.38,1614.38,credit_card,2026-06-26T06:57:44
6c4cdf79-2467-4a20-aae0-3de43675353d,CUST000238,Beauty & Personal Care,1,1623.09,1623.09,wallet,2026-05-09T08:03:59
92a262ed-3585-4c40-8658-cb329128b6ea,CUST000018,Fashion,3,544.77,1634.31,upi,2026-05-03T14:49:11
52cf9cc6-c240-4703-b48e-35b0caf54ef8,CUST000437,Electronics,3,1708.45,5125.35,cash_on_delivery,2026-03-17T01:08:27
8b1f847b-4d8c-4cde-91ca-8dd91bf5e2a9,CUST000303,Fashion,1,798.95,798.95,debit_card,2026-07-19T13:30:22
dc1cfbca-a9a0-44cd-86b7-5d8e4586de3a,CUST000784,Books,4,752.05,3008.2,cash_on_delivery,2026-05-18T13:15:32
168e080b-4e19-4340-ba82-3e9475604f17,CUST000234,Electronics,4,447.49,1789.96,debit_card,2026-05-03T09:40:41
68d0eb80-d285-4023-a0a6-3bf6919f2dbf,CUST000784,Home & Kitchen,4,583.68,2334.72,upi,2026-07-03T17:36:43
410370ef-02be-4ad4-b816-2245264070b6,CUST000585,Sports & Outdoors,1,722.24,722.24,cash_on_delivery,2026-06-17T03:44:50
b9db7c6f-e23f-43df-b351-757a2a0401cb,CUST000748,Fashion,4,595.59,2382.36,wallet,2026-02-16T22:54:11
3c5b6a8c-cd67-4a4c-a96c-fd6a38dd3b8a,CUST000415,Electronics,3,266.51,799.53,credit_card,2026-07-19T00:54:45
41ec4dfe-f39e-4da7-8d6a-1e4cc44104ad,CUST000216,Sports & Outdoors,4,904.46,3617.84,upi,2026-07-20T21:05:34
8c2792e2-5de2-4a54-a897-85cb57ed7142,CUST000619,Groceries,2,1649.15,3298.3,wallet,2026-04-18T16:26:48
fb53c0d7-3099-4a18-9ac3-fc19fda1351b,CUST000779,Fashion,3,436.53,1309.59,credit_card,2026-06-18T23:45:46
6a9c8632-652e-48fa-b801-ebe4122356fd,CUST000498,Electronics,2,596.39,1192.78,upi,2026-05-24T10:52:07
a0456013-2ea9-4631-b49b-79ff14e3efb0,CUST000697,Fashion,2,1538.81,3077.62,wallet,2026-07-28T18:12:09
b7b92212-a05b-480b-b41a-a9c172e5f915,CUST000046,Electronics,2,1747.15,3494.3,credit_card,2026-04-09T07:50:36
700464f2-434a-478a-81c4-6075996b53a9,CUST000180,Electronics,4,1994.36,7977.44,cash_on_delivery,2026-05-05T10:49:04
be2f8fc3-8b1d-40e6-90e9-9917db190eaf,CUST000779,Toys,4,1215.13,4860.52,wallet,2026-03-22T02:10:03
7dbcc2c9-3477-45aa-bdc5-69f3ed352a14,CUST000691,Home & Kitchen,1,1853.01,1853.01,cash_on_delivery,2026-05-24T18:36:31
7ec0b4a4-cab3-4734-8e09-bb6fc024af35,CUST000245,Sports & Outdoors,5,1554.95,7774.75,credit_card,2026-06-23T22:55:02
40cd7687-6aeb-444a-8f65-19c104de87d7,CUST000102,Electronics,1,1992.65,1992.65,credit_card,2026-04-23T08:49:29
6b38b0f5-9444-4184-b7dc-d48aaae9877e,CUST000654,Toys,3,1845.78,5537.34,cash_on_delivery,2026-03-30T12:29:20
ad6ad7b6-08bb-4f20-893c-919f2eea2a93,CUST000789,Electronics,3,609.39,1828.17,credit_card,2026-06-22T22:14:00
eb7ba625-8fbd-4011-8bef-5f6890ddb49b,CUST000143,Toys,5,372.18,1860.9,credit_card,2026-04-30T14:51:45
381f74b1-d639-4f79-a7d5-dabd11684d39,CUST000394,Beauty & Personal Care,3,916.61,2749.83,cash_on_delivery,2026-04-10T01:48:30
a1fa1c81-ea7e-4056-a37a-bad76e2d840e,CUST000799,Beauty & Personal Care,5,713.44,3567.2,cash_on_delivery,2026-08-02T16:34:58
36049f78-136b-4c5a-905a-9734fdd87944,CUST000586,Beauty & Personal Care,3,1355.28,4065.84,wallet,2026-02-25T02:55:28
d8ffeb2d-95fb-44bf-9d98-bb46f1246af9,CUST000137,Toys,1,1004.74,1004.74,cash_on_delivery,2026-03-19T08:13:16
4ea6765e-f213-47db-bf33-871861f9d8a0,CUST000268,Sports & Outdoors,4,1810.14,7240.56,debit_card,2026-06-27T13:31:42
5b2629bb-6059-447c-aa78-694bd554936e,CUST000432,Fashion,2,958.01,1916.02,cash_on_delivery,2026-06-03T15:48:22
5a3fe15a-1934-4726-98c9-a7dc2d0fb9ea,CUST000717,Sports & Outdoors,3,1989.16,5967.48,cash_on_delivery,2026-06-27T18:39:38
6c8fe616-f03c-4b78-8c1d-e331d6bedd40,CUST000785,Fashion,1,1631.88,1631.88,cash_on_delivery,2026-03-29T15:22:40
aa92b762-ea94-4b52-beb8-8d0b8dccc771,CUST000552,Home & Kitchen,5,1299.83,6499.15,debit_card,2026-06-06T23:54:52
624565c1-16dd-48b5-b890-a6905df4648d,CUST000747,Fashion,2,1466.45,2932.9,wallet,2026-06-01T16:00:51
e426f7b6-c8d4-4e22-897b-87a2d78f80f1,CUST000108,Home & Kitchen,4,1906.14,7624.56,wallet,2026-05-05T07:38:11
da204eaa-7be9-4815-9ba7-bb745155a6f3,CUST000485,Sports & Outdoors,1,843.16,843.16,upi,2026-07-25T11:23:04
1a7e1da4-5886-47c8-8505-7bc305da7e35,CUST000038,Books,4,1627.26,6509.04,credit_card,2026-03-02T20:34:13
e14c46f8-711f-497a-ac76-949fa1a97168,CUST000384,Fashion,2,1514.99,3029.98,wallet,2026-03-17T21:47:48
d4554144-68b8-4c75-a056-f69f83da1385,CUST000287,Sports & Outdoors,N/A,1852.84,5558.52,upi,2026-06-09T10:26:17
7bfbccf6-bc27-49d3-87f7-3cbede3f4428,CUST000461,Sports & Outdoors,4,1861.29,-7445.16,credit_card,2026-05-01T17:46:56
f9616628-7728-42a1-88be-0c7ebf004273,CUST000625,Toys,3,561.95,1685.85,wallet,2026-02-25T12:00:39
c9510c2a-0cc7-4518-b5d0-3ce2d6c0c844,CUST000263,Home & Kitchen,3,1423.09,4269.27,debit_card,2026-05-21T10:44:29
a759c020-9d3a-47ce-b5a5-551d70ad866d,CUST000129,Books,4,119.87,479.48,upi,2026-02-13T11:41:52
0c6358d2-28db-4114-830a-e25da6163f4b,CUST000574,Electronics,5,84.31,421.55,upi,2026-06-09T18:49:46
953fb87a-af57-4986-aeb2-cc0f01f94ed9,CUST000255,Electronics,4,1463.85,5855.4,debit_card,2026-03-30T13:38:58
385eafbf-a5aa-4d67-9de3-cf10fd36c50a,CUST000340,Beauty & Personal Care,1,1223.0,1223.0,cash_on_delivery,2026-05-23T23:47:38
7aec08de-c6fc-4e96-aafd-7f3633247af7,CUST000178,Fashion,3,1320.02,3960.06,debit_card,2026-02-19T19:08:33
58dadf61-12e4-401e-828e-bd9b7c9266ad,CUST000275,Beauty & Personal Care,N/A,540.47,1080.94,credit_card,2026-05-20T23:49:26
a2e238cd-4c90-4f54-a1d4-a02be35db682,CUST000534,Groceries,4,1268.67,5074.68,wallet,2026-03-17T03:57:45
efb76d1f-56e7-48e8-be51-cd7b928f8a95,CUST000450,Home & Kitchen,5,1491.2,7456.0,upi,2026-05-31T18:13:12
ce666d9f-7b46-4f19-b5cd-b7468d68d67b,CUST000425,Books,2,188.43,376.86,debit_card,2026-04-01T15:58:02
6ff5d704-1d7e-4952-84a1-2d529b1aaa21,CUST000433,Beauty & Personal Care,3,1247.7,3743.1,cash_on_delivery,2026-04-13T13:55:24
922e6019-0525-48ca-be09-10bd8cb996c6,CUST000157,Books,4,252.07,1008.28,credit_card,2026-05-18T05:02:08
36dd6512-18d9-4208-b8ce-cb0f51a81789,CUST000481,Electronics,4,854.27,3417.08,cash_on_delivery,2026-04-11T21:10:41
2971d35f-2e61-4b4b-845b-2b2fbc14fdf1,CUST000721,Electronics,2,929.59,1859.18,wallet,2026-06-20T04:52:40
d559880f-6631-4df1-a390-870a6d551092,CUST000334,Beauty & Personal Care,5,1375.74,6878.7,credit_card,2026-04-28T06:18:21
e410f458-3af2-4dbe-9bf2-9dac0391152d,CUST000744,Beauty & Personal Care,4,127.53,510.12,wallet,2026-02-18T23:15:16
efb76d1f-56e7-48e8-be51-cd7b928f8a95,CUST000450,Home & Kitchen,5,1491.2,7456.0,upi,2026-05-31T18:13:12
df020451-f25b-44ec-af12-07be1a5e7063,CUST000536,Beauty & Personal Care,4,500.21,2000.84,cash_on_delivery,2026-03-06T09:16:59
713a5bea-389f-4e67-a866-713666644acc,CUST000561,Home & Kitchen,1,1099.84,1099.84,credit_card,2026-06-02T14:47:38
394afcf0-ab1e-4465-aad6-9d0faf228aee,CUST000506,Beauty & Personal Care,5,1256.27,6281.35,cash_on_delivery,2026-03-29T02:33:02
b0debc9b-63b1-4935-9ed7-87dbec08edf5,CUST000492,Fashion,2,1181.01,2362.02,cash_on_delivery,2026-06-10T03:19:47
9152a607-1c0a-403b-a16f-3c67738d3595,CUST000730,Fashion,4,1694.69,6778.76,upi,2026-05-22T16:30:51
fab467a8-8b3f-4acf-a21c-b7f3e7a117d5,CUST000334,Sports & Outdoors,2,1126.3,2252.6,wallet,2026-05-21T01:47:48
265fc67f-3e98-487a-a919-84e241b8a5ec,CUST000526,Electronics,5,1294.38,6471.9,upi,2026-07-27T10:39:16
5fae252f-d2b0-4138-99b3-1a9c9bcfd0c4,CUST000448,Groceries,5,1017.73,5088.65,upi,2026-03-04T04:18:28
1f282aa6-fc59-40da-9180-5da118619e07,CUST000067,Beauty & Personal Care,3,1850.68,5552.04,cash_on_delivery,2026-05-11T03:25:12
78d7eaba-7fa3-4348-9d5e-35007fa6534d,CUST000354,Fashion,1,554.92,554.92,credit_card,2026-05-25T09:17:20
4a5d8558-c097-4eae-9431-4fc7babcf837,CUST000299,Home & Kitchen,5,1118.13,5590.65,debit_card,2026-03-05T20:10:37
a0953455-3a5a-42fa-83d9-25635224758c,CUST000027,Beauty & Personal Care,2,972.1,1944.2,wallet,2026-07-28T16:47:14
c2f2eec1-8d74-4dd2-811b-4a9f5035cd46,CUST000369,Groceries,5,875.99,4379.95,cash_on_delivery,2026-07-19T16:34:12
d40bacdd-7540-4855-980f-be9707d4623f,CUST000711,Books,5,685.97,3429.85,debit_card,2026-06-16T09:47:33
003ac6a5-a45a-4416-9fb7-96c204cd0d62,CUST000741,Beauty & Personal Care,2,1279.0,2558.0,wallet,2026-05-20T08:15:07
c5869d4f-136e-4ebd-a0f0-6825cce82398,CUST000756,Sports & Outdoors,5,1881.97,9409.85,upi,2026-08-02T16:59:30
d384a216-ffb4-408d-bef8-942af1a93712,CUST000045,Electronics,1,1331.89,1331.89,wallet,2026-06-19T11:04:58
4cb79597-44a0-420b-9c9c-4fda32a9a817,CUST000475,Fashion,5,1852.47,9262.35,wallet,2026-04-03T00:42:35
1f43f902-f579-48ee-8a4d-1f3e6ddb937e,CUST000421,Beauty & Personal Care,2,1482.32,2964.64,credit_card,2026-03-05T02:01:51
6f5231d7-9463-4f3c-ad82-be2252ee3274,CUST000152,Fashion,5,659.29,3296.45,upi,2026-07-01T02:09:22
4ec402a9-dfe5-48c2-875e-24acec7d7fbc,CUST000355,Toys,2,1735.82,3471.64,credit_card,2026-06-10T14:44:52
2518b4ea-7b2d-4582-ac73-cd85f080c8cf,CUST000027,Electronics,3,1174.25,3522.75,cash_on_delivery,2026-02-28T16:21:30
9e81bd07-c681-4475-a21d-5a2399abfe8e,CUST000178,Fashion,4,665.32,2661.28,cash_on_delivery,2026-07-07T11:14:51
85002d16-2777-4e2b-89e0-c82d65c6e81f,CUST000308,Groceries,5,1328.25,6641.25,cash_on_delivery,2026-07-16T11:34:33
71c88980-7ea4-42fe-a239-9e8dcc1ae029,CUST000768,Beauty & Personal Care,4,1090.25,4361.0,credit_card,2026-03-23T23:29:36
da4e78da-b481-479c-b606-81e495a442c5,CUST000145,Beauty & Personal Care,5,883.61,4418.05,upi,2026-03-28T20:31:30
b0675383-36a9-4bcc-ad42-8d6c338a865a,CUST000127,Beauty & Personal Care,5,730.3,3651.5,debit_card,2026-04-30T01:58:03
fc9e831a-94c5-447f-9508-832de2744e29,CUST000566,Sports & Outdoors,3,1123.95,3371.85,debit_card,2026-05-03T00:51:49
0ee5467b-815e-4636-8e59-6c6c0def5445,CUST000697,Electronics,2,140.36,280.72,credit_card,2026-03-02T20:52:01
6a3b0b9c-f706-4ff4-aea2-18ae8a05279a,CUST000155,Home & Kitchen,2,1899.76,3799.52,credit_card,2026-04-30T10:30:38
15faace2-8fba-4942-96e7-5c624dba2eb9,CUST000275,Home & Kitchen,4,1978.79,7915.16,debit_card,2026-06-15T21:20:43
aed7d6d0-5ed9-4aa8-988c-64ae4e1dbb03,CUST000236,,3,1062.13,3186.39,credit_card,2026-04-09T23:58:27
e0994418-f1dd-45f7-888a-33048f5158cc,CUST000147,Toys,1,974.28,974.28,upi,2026-02-28T14:52:46
ad1e1b35-c285-4040-a688-de15b0b35412,CUST000477,Groceries,4,590.66,2362.64,cash_on_delivery,2026-04-16T06:57:49
acdc6369-3b42-45f6-8184-a1f8f684a88e,CUST000785,Fashion,2,1578.53,3157.06,upi,2026-06-27T05:07:40
74696623-60f0-4327-8cd5-d6c431b0799c,,Electronics,2,1216.71,2433.42,wallet,2026-02-22T19:21:30
f4bbbdc9-17f1-41fb-ab65-c45f87a67ba2,CUST000247,Fashion,3,1661.68,4985.04,upi,2026-07-17T18:56:59
73166e94-57f2-435e-97cf-0d44c43ed41a,CUST000277,Electronics,4,212.6,-850.4,wallet,2026-05-05T19:49:57
db96c2b0-382f-43c4-a34f-b09cfed9063b,CUST000749,,5,1236.88,6184.4,upi,2026-03-12T05:57:14
e5d955d5-2e9b-4477-9512-c50c34f3223a,CUST000683,Beauty & Personal Care,2,389.13,778.26,debit_card,2026-08-03T20:58:16
6189bf58-6c32-452c-aaf5-cce887c828aa,CUST000336,Groceries,3,1007.25,3021.75,wallet,2026-02-19T20:37:01
d7491b8d-02ba-46a8-82b2-377f89167099,CUST000090,Books,2,788.2,1576.4,debit_card,2026-04-05T14:27:52
551a282f-13f5-4088-a37b-994dc82a1130,CUST000319,Books,5,1239.2,6196.0,credit_card,2026-07-13T02:52:27
7829181c-ff35-4816-ad55-ba8f87cb2673,CUST000272,Fashion,5,214.95,1074.75,upi,2026-02-22T22:32:09
ab50379f-27be-416e-b0db-ece8fac89d95,CUST000791,Beauty & Personal Care,4,1220.78,4883.12,credit_card,2026-06-04T16:24:24
75e96ad2-dcc6-42df-9701-1241752823e5,CUST000662,Books,1,49.78,-49.78,debit_card,2026-02-19T10:09:37
f596f4a7-c8fe-4a15-a566-90c638149501,CUST000604,Home & Kitchen,3,1345.86,4037.58,credit_card,2026-06-15T19:50:03
8a3e6e1b-16fa-419b-9a82-4c9e269f2f3d,CUST000328,Beauty & Personal Care,3,1494.92,4484.76,wallet,2026-05-31T09:52:19
da074bad-7858-4e29-83b7-ac3fc0baab8d,CUST000242,Toys,1,527.51,527.51,wallet,2026-04-24T03:26:28
550c81b6-40ca-4a73-b648-4eff18bc1e87,CUST000320,Books,2,1655.37,3310.74,credit_card,2026-03-02T02:49:22
bfd7ebfd-3dd6-4c95-a834-f368dd89ebc1,,Electronics,4,751.64,3006.56,credit_card,2026-05-21T04:20:45
ab7c6b7b-e8d9-4c3e-8d89-6d9301680f65,CUST000781,Toys,1,1314.1,1314.1,cash_on_delivery,2026-07-16T07:46:44
598a9f2d-6014-4554-9137-d29328cfcd06,CUST000580,Groceries,2,493.16,986.32,debit_card,2026-02-23T02:50:36
b48bec10-4491-4825-919a-7fcdb90eb780,CUST000515,Toys,2,1479.49,2958.98,debit_card,2026-02-12T19:18:58
3036f8e1-1928-4c99-a9ba-30bd44f79f94,CUST000629,Electronics,2,1643.75,3287.5,debit_card,2026-03-13T12:23:35
f1f41943-0b5e-4f04-8148-acab8b7f791d,CUST000669,Electronics,1,101.23,101.23,cash_on_delivery,2026-03-21T17:56:02
2357394d-787a-45f3-aa42-ccf42b24c745,CUST000414,Home & Kitchen,4,600.18,2400.72,cash_on_delivery,2026-07-20T12:10:16
14e3de95-7c54-4bb9-8fb7-2a77f87822d8,CUST000046,Electronics,2,1589.81,3179.62,cash_on_delivery,2026-06-16T13:08:34
bcbb1ab3-5e30-4dcc-859a-0b2ca0c523ca,CUST000586,Fashion,4,580.04,2320.16,cash_on_delivery,2026-02-22T05:08:12
4bfb1e36-1b10-431c-ad0a-31f3e0e67262,CUST000799,Beauty & Personal Care,5,1661.41,8307.05,wallet,2026-04-24T06:02:18
ff2f304f-42b7-4273-9720-fd01acfeb165,CUST000207,Fashion,5,333.25,1666.25,cash_on_delivery,2026-07-09T23:22:59
882fc7aa-92ec-4ed9-b382-113fde130a0c,CUST000750,Groceries,1,866.94,866.94,upi,2026-08-09T10:10:10
dcc14970-ee6f-4ff6-bc6f-131579e079a6,CUST000324,,1,518.07,518.07,credit_card,2026-07-31T05:11:40
80c7e69e-142a-48e8-a44f-294d356e326c,CUST000794,Home & Kitchen,4,138.71,554.84,credit_card,2026-02-16T04:17:10
9a6a6b33-3375-4edf-8106-0ac3632a993e,CUST000600,Groceries,1,1037.9,1037.9,credit_card,2026-03-18T08:45:08
94c16f49-063a-4e7b-9e1c-10e4c8574d67,CUST000660,Electronics,2,577.1,1154.2,credit_card,2026-04-21T17:32:46
b851e304-81c8-4b47-ad72-0c4157bddc0e,CUST000041,Books,3,1676.77,5030.31,credit_card,2026-05-27T10:20:00
c927e4ee-2dbe-43ec-8bb6-ed8f5e9587b6,CUST000062,Electronics,3,407.98,1223.94,upi,2026-04-18T03:19:40
faa8d680-3c15-450b-b7a7-b8066b7a45b3,CUST000578,Electronics,4,577.3,2309.2,credit_card,2026-05-18T08:27:22
258b2bb8-0d8a-4fee-8114-6ee17bb8ff38,CUST000783,Beauty & Personal Care,4,1513.82,6055.28,upi,2026-06-28T14:14:31
01f1c817-5ed7-465e-905e-d9fc60f52b81,CUST000282,Beauty & Personal Care,2,1989.88,3979.76,cash_on_delivery,2026-06-11T04:50:50
01d706cd-0fb2-4ea0-abe8-80050c4b0f7b,CUST000775,Fashion,2,895.21,1790.42,wallet,2026-06-20T17:22:56
2863f9d3-08ef-4724-9e1c-7daab7eb616f,CUST000235,Beauty & Personal Care,1,28.57,28.57,wallet,2026-04-06T15:16:05
00ca2e92-1161-4394-935a-aa47be1bbc1f,CUST000388,Beauty & Personal Care,2,1398.84,2797.68,wallet,2026-04-03T21:05:55
d83b26f5-71d3-492a-a5d4-d59dc8dc65ec,CUST000293,Electronics,4,1006.92,4027.68,debit_card,2026-07-22T12:47:49
86ca336d-70b0-4bd3-89ac-2997614e8586,CUST000232,Toys,4,509.58,2038.32,cash_on_delivery,2026-06-27T04:30:02
6a29c04b-88ff-47d8-9e3f-003b284fb0c7,CUST000602,Books,3,1271.37,3814.11,wallet,2026-03-01T22:13:53
afdeff89-9247-4f7c-ab87-cbb2e5bf7ea9,CUST000053,Books,1,1792.36,1792.36,upi,2026-07-12T06:26:39
8f1c02d9-4a13-4090-af98-958fe384c9ef,CUST000272,Electronics,3,1469.93,4409.79,credit_card,2026-06-08T22:46:12
af6a559b-f7f9-461f-a2b9-4863e12e5925,CUST000634,Fashion,3,273.27,819.81,cash_on_delivery,2026-05-28T14:15:41
15c29493-cfda-4ff2-81c4-e7ac5f066d0f,CUST000145,Fashion,3,244.3,732.9,upi,2026-02-20T09:42:25
e0055419-5b72-441e-b54a-16e7a5e2fcf2,CUST000743,Books,4,1527.12,6108.48,debit_card,2026-05-18T07:23:31
3558f003-3b1b-40c9-955e-c9d29da905d0,CUST000095,Books,5,761.63,3808.15,cash_on_delivery,2026-05-06T18:29:58
610a6506-8bcb-4fd6-9172-f62a64acad6a,CUST000616,Home & Kitchen,5,852.7,4263.5,credit_card,2026-05-07T01:31:45
28546b89-f2fa-4ef3-aa7e-c1f2edca02ab,CUST000170,Beauty & Personal Care,2,1394.93,2789.86,upi,2026-04-16T02:24:44
48122a80-34a7-4bd4-82c4-085966be9979,CUST000054,Sports & Outdoors,2,434.54,869.08,cash_on_delivery,2026-08-08T14:17:34
6585c7ff-798f-40c6-b3d7-5f35f359174b,CUST000779,Books,2,499.26,998.52,wallet,2026-04-25T01:42:24
cae4fc81-e9c4-4e43-a712-6b861f175bf1,CUST000456,Electronics,3,138.66,415.98,debit_card,2026-05-31T18:55:50
2fcd510b-45f7-4faa-aa2b-ed006f197dad,CUST000343,Fashion,2,328.44,656.88,debit_card,2026-03-26T12:19:01
78f4d31c-1ee6-45ca-8a50-2378c2f2e93b,,Fashion,4,1941.29,7765.16,cash_on_delivery,2026-07-13T06:24:42
eae32eaa-0585-48db-8f0e-87a3fe0d5967,CUST000264,Toys,3,910.95,2732.85,cash_on_delivery,2026-08-06T00:26:07
23a1a49f-f6a5-4779-8433-9de66fd4096e,CUST000704,Beauty & Personal Care,5,1228.69,6143.45,debit_card,2026-07-24T09:28:40
51cd9c9f-5999-4ffc-886e-0df44681e456,CUST000359,Groceries,5,1155.82,5779.1,debit_card,2026-05-06T19:36:58
b1e8b013-b82d-4f60-a011-820b9c8a4ad6,CUST000420,Sports & Outdoors,4,1002.92,4011.68,debit_card,2026-07-20T14:38:36
943425e7-2595-4502-a517-46cfe2016622,CUST000381,Sports & Outdoors,4,10.46,41.84,wallet,2026-03-12T02:43:14
4c45af42-c8aa-4327-8259-bec6bcf63547,CUST000609,Electronics,5,1861.85,9309.25,upi,2026-03-20T09:26:39
b4c4daac-29f0-4ae2-8e9c-8f1923d77c8e,CUST000796,Toys,4,1730.47,6921.88,upi,2026-03-02T13:29:16
4b903ebf-c246-4fe8-9bb2-d3486c88d982,CUST000361,Home & Kitchen,2,1051.61,2103.22,cash_on_delivery,2026-07-02T11:52:26
8ecb6f1d-08f2-418a-b9e2-7a8728d9d561,CUST000332,Fashion,2,537.2,1074.4,upi,2026-06-19T05:53:05
139ca5a0-3a28-4f2f-a1bf-6a9d3cece1e6,CUST000756,Toys,4,1927.91,7711.64,credit_card,2026-03-24T12:31:33
90b4a68e-cc00-4c24-860d-3d059ee3207a,CUST000362,Electronics,5,691.9,3459.5,credit_card,2026-06-24T07:06:58
abd44e1b-ff6f-4d27-b161-ab4e9b65ef07,CUST000128,Toys,5,1279.64,6398.2,credit_card,2026-04-20T08:32:06
42ac7f94-b1af-4cea-b0d8-183a65bdaa8c,CUST000122,Electronics,5,531.02,-2655.1,upi,2026-06-09T05:14:41
a805d812-674e-481d-85b3-55fa6bba2bd4,CUST000281,Books,5,1561.59,7807.95,credit_card,2026-05-27T16:54:44
426c61b8-6950-4776-a91f-a812991ec45a,CUST000295,Home & Kitchen,2,196.2,392.4,credit_card,2026-04-30T12:08:23
4882c787-3212-429c-b4b9-14ce31df5169,CUST000339,Beauty & Personal Care,1,1733.13,1733.13,wallet,2026-07-08T05:34:13
b64aa2cb-8111-4736-bd25-49f92e2504bc,CUST000109,Fashion,1,1187.53,1187.53,upi,2026-03-26T07:38:10
b6fd07dc-ca93-4b4d-97ec-79967c17c695,CUST000594,Sports & Outdoors,5,258.91,1294.55,wallet,2026-04-13T00:52:48
33891243-7395-4bf4-8bbc-dbdb96e93d26,CUST000004,Beauty & Personal Care,5,354.19,1770.95,credit_card,2026-06-30T00:17:13
b0beaa96-16bb-41d9-9013-0e7a153d82e4,CUST000263,Books,1,207.35,207.35,debit_card,2026-07-01T17:37:19
fe4a2b9a-5aa3-4c5f-b51a-be14f0dbee68,CUST000285,Toys,2,1974.87,3949.74,debit_card,2026-07-12T08:13:01
355814d5-351b-48e6-8c68-af28f909efcc,CUST000777,Electronics,1,1843.57,1843.57,cash_on_delivery,2026-06-27T18:48:04
2a9ac13b-d970-4d67-b1d3-b92416cd1131,CUST000329,Groceries,4,1527.36,6109.44,cash_on_delivery,2026-02-20T02:13:03
2e3b3bbe-3bc0-4c18-aa1e-e6962e35095e,CUST000561,Electronics,4,57.6,230.4,wallet,2026-05-18T13:54:08
b97be11e-2c4c-430b-9921-a786db1df75b,CUST000689,Home & Kitchen,1,870.43,870.43,credit_card,2026-06-29T15:24:53
d2ac5dd7-d23b-4e9d-97f1-71681e44781c,CUST000752,Electronics,2,608.91,1217.82,cash_on_delivery,2026-07-13T04:27:58
6c3d6f06-7a71-4cf9-9f34-aa0daa772b59,CUST000415,Toys,1,988.55,988.55,credit_card,2026-07-24T04:56:08
6ef9163b-84f4-4707-b9c6-4a439e882816,CUST000240,Groceries,1,1115.88,1115.88,upi,2026-02-20T19:51:33
891177a5-0ccd-4328-ab45-9278691d441d,CUST000600,Beauty & Personal Care,3,660.26,1980.78,upi,2026-04-25T04:10:47
d884e94f-0e91-438b-a908-7e7ed7799765,CUST000411,Toys,2,784.04,1568.08,wallet,2026-04-21T16:51:33
75bbd657-d8f1-4ee7-98b4-89e6460dd7d0,CUST000541,Groceries,1,176.61,176.61,credit_card,2026-04-18T02:33:09
61f71db6-8aee-4fbe-a6c3-975f0b5e8535,CUST000218,Home & Kitchen,2,716.37,1432.74,credit_card,2026-07-18T00:03:12
a114be0a-1e07-40ea-9e8f-acbe2b115757,CUST000067,Sports & Outdoors,3,1282.15,3846.45,upi,2026-07-03T00:23:37
cd802e84-f48e-4ec0-a8f8-03003be8f27a,CUST000704,Fashion,4,1994.57,7978.28,upi,2026-03-03T13:54:10
9d192c82-06d0-484f-8ed7-1df3de115165,CUST000711,Toys,2,181.33,362.66,credit_card,2026-03-25T15:55:26
0ab99275-c5a6-4dd5-ac19-87a8fa21c4ec,CUST000532,Home & Kitchen,4,947.59,3790.36,wallet,2026-03-18T20:53:04
8cd2fc6c-96f8-4661-890d-c8850bf58fe9,CUST000239,Home & Kitchen,5,1020.54,5102.7,debit_card,2026-05-20T18:09:18
2c8c9596-829e-4f4b-931f-87de90636f4d,CUST000193,Home & Kitchen,1,1407.22,1407.22,debit_card,2026-03-13T20:09:50
4c086b24-3d65-46ba-9e0f-cc032e5a5d0d,CUST000440,Groceries,4,1228.45,4913.8,debit_card,2026-07-11T15:09:58
75bad401-88b7-44da-bbab-2f75bb2ac445,CUST000356,Books,4,1878.47,7513.88,credit_card,2026-03-07T16:45:20
a924b2d4-7529-4082-b998-79e6febc8945,CUST000460,Books,3,1555.98,4667.94,debit_card,2026-05-08T09:26:14
a0e6c9cd-1545-4b3e-8f8b-15b1ae302d57,CUST000541,Beauty & Personal Care,2,1115.92,2231.84,wallet,2026-04-05T23:54:03
14ade0cc-5d82-430c-b3df-52e62809c575,CUST000198,Books,2,1437.77,2875.54,wallet,2026-03-06T09:56:58
2a478644-cd6d-47eb-a98a-cef6640e0c95,CUST000383,Beauty & Personal Care,5,506.16,2530.8,cash_on_delivery,2026-03-17T21:16:41
8cf74cfd-1923-4a6f-b811-8327b2fc1ebf,CUST000342,Beauty & Personal Care,1,227.5,227.5,wallet,2026-02-22T03:49:20
5bd0eb05-d6b6-46ed-b96f-5d524b67af0f,CUST000574,Groceries,3,281.12,843.36,debit_card,2026-05-18T01:38:57
d953a426-be9a-4490-a1ae-dec35b1e3d2b,CUST000635,Books,5,254.58,1272.9,wallet,2026-03-09T19:14:27
2a2f54c3-646f-40a9-834f-347a5d896a8f,CUST000278,Electronics,2,1710.0,3420.0,cash_on_delivery,2026-07-18T00:57:47
2a10a8d1-b392-4183-93f4-d25a9793185f,CUST000058,Home & Kitchen,5,1488.1,7440.5,cash_on_delivery,2026-03-25T21:24:32
68dd2ece-8fb6-4f8a-bce6-6c278051e9ed,CUST000741,Fashion,1,1454.9,1454.9,wallet,2026-06-05T01:36:49
306ca36d-b819-4ee5-9fa1-47be04974ef3,CUST000170,Electronics,1,1848.04,1848.04,debit_card,2026-08-08T06:25:22
0eee8abf-0aac-48f4-af13-074393675ed2,CUST000679,Sports & Outdoors,3,665.48,1996.44,debit_card,2026-03-24T20:17:57
563534ac-6967-4822-ae0e-acf278eb34c5,CUST000445,Toys,1,1584.97,1584.97,upi,2026-06-05T10:53:20
7c2639af-814b-44d9-bd7e-b9b817864cf6,CUST000617,Beauty & Personal Care,1,665.57,665.57,credit_card,2026-04-22T01:10:29
96636a53-529f-465d-a4a1-5268970ac900,CUST000230,Books,4,854.31,3417.24,wallet,2026-07-16T16:50:34
45ac2507-f990-4cab-8ca5-9e46f07fa3e6,CUST000277,Electronics,3,1848.7,5546.1,wallet,2026-05-06T13:40:30
88d89f77-7882-4412-9764-ddc82547ddfe,CUST000173,Fashion,3,495.14,1485.42,credit_card,2026-07-05T16:20:27
916805e4-6e63-4503-bab9-d2737557c115,CUST000059,Home & Kitchen,5,1144.88,5724.4,credit_card,2026-03-08T04:03:10
adeca3dc-e769-4147-909d-431b9d932840,CUST000488,Beauty & Personal Care,1,1295.8,1295.8,debit_card,2026-05-02T00:54:44
cd3d408d-303c-43a9-94bb-d80cced08268,CUST000756,Home & Kitchen,1,194.52,-194.52,credit_card,2026-07-25T05:25:08
cd867368-6d4a-4b36-97bc-f8aa263c0b0b,CUST000180,Fashion,4,1572.06,6288.24,wallet,2026-03-31T04:17:55
29e97100-df79-4c5f-ac5e-36275cf2c355,CUST000571,Fashion,4,1413.64,5654.56,cash_on_delivery,2026-07-12T12:44:44
8df582ac-8352-4f29-ba4c-4544ab4cc735,CUST000619,Fashion,5,941.07,4705.35,credit_card,2026-08-01T06:22:54
a3512d90-2967-4e2e-81d9-0d9f058c5fdb,CUST000119,Home & Kitchen,4,1290.57,5162.28,cash_on_delivery,2026-06-15T12:59:54
515840b2-033a-481d-bae3-b755da2b23d3,CUST000611,Beauty & Personal Care,2,1591.03,3182.06,credit_card,2026-03-24T08:11:09
9abae023-0bd4-49e2-937b-b99b94996a1e,CUST000335,Sports & Outdoors,4,1650.55,6602.2,wallet,2026-02-12T12:50:58
83b3df11-8f65-4252-9233-10d98b10c2a0,CUST000115,Electronics,5,489.88,2449.4,debit_card,2026-05-22T12:08:35
d004d4ee-832a-472f-99a9-fbc7b54f1ce9,CUST000445,Fashion,5,10.76,53.8,debit_card,2026-07-07T00:56:43
4df431c1-6582-4417-819b-937f59537613,CUST000489,Beauty & Personal Care,4,1019.93,4079.72,credit_card,2026-05-17T01:10:21
9581afd5-7c24-46fd-90f2-4c52a8cda869,CUST000272,Toys,1,813.11,813.11,debit_card,2026-07-23T20:26:31
a4ed5c1f-c504-4b2e-8430-b87837fe64ef,CUST000421,Sports & Outdoors,N/A,204.69,1023.45,wallet,2026-07-25T03:36:39
9f0a2898-bac3-4f4d-9a6d-a6c22644ce2f,CUST000489,Groceries,3,1035.57,3106.71,upi,2026-08-07T19:49:48
b382e35f-2733-489c-99c2-0c4bcbdbfae7,CUST000080,Sports & Outdoors,4,1918.8,7675.2,wallet,2026-04-22T05:37:51
0b4dc71c-7d75-4230-b454-342a54fe1392,CUST000601,Books,3,244.95,734.85,wallet,2026-03-01T00:48:40
06338fef-096f-4509-8714-b9e14206f9fb,CUST000611,Groceries,5,1903.23,9516.15,debit_card,2026-07-07T03:01:52
dc31c2b4-67b3-416e-bd0c-a72df8184d20,CUST000013,Beauty & Personal Care,4,895.0,3580.0,upi,2026-05-05T17:23:16
faa61e85-1082-4588-af25-6eac5e46f55c,CUST000240,Fashion,5,1179.88,5899.4,cash_on_delivery,2026-03-28T14:27:17
3b52d770-fcdb-4b26-ad96-448d9193eaed,CUST000523,Toys,1,44.45,44.45,cash_on_delivery,2026-07-21T05:30:12
abae4b92-c288-4fbf-81a3-79af813cbc92,CUST000365,Groceries,2,1332.74,2665.48,cash_on_delivery,2026-07-18T20:59:27
7fae426a-e052-4431-a8ff-cef7e03fa528,CUST000160,Home & Kitchen,4,262.63,1050.52,cash_on_delivery,2026-02-26T20:49:06
d107924a-2380-419e-a7a5-9fc5a678e18c,CUST000404,Beauty & Personal Care,5,1205.1,6025.5,upi,2026-07-31T04:30:15
781026dc-0231-416b-a0c1-bafc6924f131,CUST000725,Beauty & Personal Care,3,263.2,789.6,wallet,2026-07-01T14:07:19
a6b298c9-e6e0-47e8-a63e-7507a6bf3f80,CUST000587,Books,4,1610.8,6443.2,cash_on_delivery,2026-04-06T13:13:35
6fb4ca7c-9ebf-44e7-a86f-a445bfe132dd,CUST000420,Books,1,1647.56,1647.56,debit_card,2026-06-25T15:05:06
918180d5-5ca3-42d0-a0c5-9f2da819760c,CUST000460,Beauty & Personal Care,1,1770.2,1770.2,cash_on_delivery,2026-03-14T17:18:15
e52c3b0b-efdf-4075-b3f5-61592a328199,CUST000120,Sports & Outdoors,3,706.82,2120.46,cash_on_delivery,2026-02-27T14:38:19
587fa3b1-5ced-4041-8bf2-88c3a1c9ffb4,CUST000620,Fashion,1,840.56,840.56,wallet,2026-07-30T11:45:32
5e97a963-cce0-40b9-9a82-fc8b2aa9acb8,CUST000397,Sports & Outdoors,2,1870.74,3741.48,debit_card,2026-06-19T13:02:55
0d26eb73-3468-4d55-ab37-818a90881495,CUST000697,Home & Kitchen,5,364.91,1824.55,credit_card,2026-03-05T05:55:06
413be6d3-8c18-4d93-bbdd-8f8c97df471f,CUST000551,Fashion,5,1740.11,8700.55,cash_on_delivery,2026-04-14T00:39:10
bf73f015-1524-46f4-841a-b1274025de45,CUST000442,Groceries,5,1875.58,9377.9,upi,2026-07-10T14:02:21
d7544b95-3fa7-4f58-8e8d-b484dc235d6d,CUST000164,Beauty & Personal Care,2,368.65,737.3,debit_card,2026-04-22T23:55:21
5a9255b6-0f90-43e7-b0e0-2bbf0640f977,CUST000260,Home & Kitchen,5,619.01,3095.05,wallet,2026-06-30T13:27:02
5fc38940-0b9b-4acf-83fe-21eeb3ca3998,CUST000228,Electronics,1,1908.39,1908.39,cash_on_delivery,2026-06-09T09:10:28
b8ae3e90-860b-43e6-8013-96942c479037,CUST000290,Books,4,1388.54,5554.16,debit_card,2026-03-06T18:16:07
5c418aae-0379-499c-bc80-79ed85cd25b2,CUST000422,Home & Kitchen,5,931.99,4659.95,upi,2026-04-18T23:43:09
a35f0b16-c939-4379-90ee-d499e70fa8c1,CUST000390,Books,4,607.66,2430.64,debit_card,2026-07-27T14:56:22
6e151c9c-b2e7-424f-8981-32eede545f48,CUST000710,Toys,N/A,1974.89,1974.89,upi,2026-05-17T14:07:44
047718ec-ec39-4668-8be4-d3d99dc20a24,CUST000570,Books,3,835.09,2505.27,wallet,2026-07-04T02:13:29
57f42a73-0dd6-4117-9571-983b18b25927,CUST000724,Fashion,2,237.57,475.14,cash_on_delivery,2026-06-21T03:15:49
39affd14-0ddb-4929-8525-d2de7328fcbf,CUST000040,Books,3,1323.16,3969.48,cash_on_delivery,2026-03-22T14:05:29
85f44b0a-8743-4deb-832f-7910288c8fb6,CUST000301,Electronics,2,910.45,1820.9,upi,2026-08-02T07:34:41
dfdefa35-2743-4df7-a037-65850f2dbfd7,CUST000167,Sports & Outdoors,2,1514.94,3029.88,cash_on_delivery,2026-06-20T21:08:37
d29bcb62-4cd0-46e1-8366-51b77eb378a2,CUST000676,Books,1,1231.77,1231.77,debit_card,2026-06-27T14:37:15
a10c2f80-032b-47ff-91e4-b2b465055999,CUST000428,Sports & Outdoors,3,715.88,2147.64,cash_on_delivery,2026-03-14T05:15:30
867de4e6-43b4-44d2-b830-89b08dd303f6,CUST000065,Books,2,1211.67,2423.34,wallet,2026-04-22T05:18:53
c4a287cc-0bd3-42af-8a5d-fad1e2d9650e,CUST000148,Groceries,2,1959.46,3918.92,debit_card,2026-07-31T17:15:44
25a31a43-ea98-4209-8ae1-2a6d5f6595bb,CUST000111,Home & Kitchen,2,792.84,1585.68,credit_card,2026-05-02T09:42:14
f416a1b8-f1d7-4ac5-b137-98cac4b1ec6e,CUST000602,Toys,1,1334.74,1334.74,upi,2026-04-28T00:16:13
99ebd44b-4c44-4b3d-9420-fc109c2a7492,CUST000241,Groceries,5,239.43,1197.15,credit_card,2026-03-01T18:27:01
060f427f-8602-4f15-ba85-6441a50b69fc,CUST000211,Books,2,709.59,1419.18,cash_on_delivery,2026-05-27T03:03:32
4dbbf4e0-a599-49cd-b4f8-1c374fea3030,CUST000029,Groceries,2,545.35,1090.7,credit_card,2026-04-10T15:22:25
ce4c9dbc-0df8-461b-a68f-3445fefb31ce,CUST000062,Beauty & Personal Care,1,1504.84,1504.84,wallet,2026-06-19T11:27:07
c3457368-0685-4c85-a59e-bd9488adf239,CUST000544,Home & Kitchen,5,554.54,2772.7,cash_on_delivery,2026-05-29T07:03:02
5d888b3f-10ed-4a7b-8d20-788cfffcfd35,CUST000471,Sports & Outdoors,1,1574.11,1574.11,wallet,2026-03-14T21:19:06
07d6f76d-123a-49f9-a86b-caafbc373953,CUST000646,Fashion,1,1623.94,1623.94,cash_on_delivery,2026-03-13T00:22:12
ac7c682f-072b-470d-a2cb-eb691307d4c5,CUST000098,Electronics,1,646.92,646.92,upi,2026-07-02T01:14:36
d3f5defb-e5f5-44f8-bced-d3cdde8bee60,CUST000422,Books,3,1653.18,4959.54,wallet,2026-06-16T05:57:07
9726f430-76f9-4c82-b2c7-4119e5536e89,CUST000175,Electronics,5,1122.12,5610.6,credit_card,2026-03-15T04:48:20
71d41f21-f87f-46f7-881a-de4a4e2d09b5,CUST000740,Groceries,5,951.5,4757.5,wallet,2026-06-27T06:33:22
111f9e07-5ce5-4623-8569-b861dee59351,CUST000775,Electronics,5,1914.8,9574.0,debit_card,2026-05-18T03:55:53
05c0ae8b-5ac2-46df-9146-6722bae7955b,CUST000291,Beauty & Personal Care,5,572.99,2864.95,upi,2026-06-12T21:05:42
b57b9c58-8328-4e4d-a19c-1d5912b2aa1e,CUST000691,Electronics,4,1871.4,7485.6,credit_card,2026-04-09T08:36:04
736abe9b-f42c-4699-96ba-c6ca34a470c4,CUST000189,Toys,2,384.32,768.64,wallet,2026-06-10T04:05:40
3e61bfb4-97d5-4c8f-97d9-a493f36aa807,CUST000708,Books,3,1089.57,3268.71,wallet,2026-03-16T15:50:21
d21170b4-ddb8-42da-b08b-bf4a0a3669ed,CUST000440,Books,1,1101.34,1101.34,cash_on_delivery,2026-04-25T18:32:33
754410c8-0570-4a1a-bd99-74b3d9fabc21,CUST000771,Home & Kitchen,3,1445.38,4336.14,cash_on_delivery,2026-06-15T08:07:23
80ba51c0-ddc0-4281-af06-9a8c9ee4e159,CUST000287,Fashion,2,1783.14,3566.28,upi,2026-02-11T06:33:56
5f366104-377a-4850-8a28-a227acf80c44,CUST000479,Groceries,4,1505.06,6020.24,upi,2026-03-10T10:03:13
5d68d1f6-53b6-4cce-b7e0-60704b53a17c,CUST000247,Toys,2,1221.17,2442.34,debit_card,2026-02-26T07:32:33
22e779a6-5491-4e3f-bc17-a2d857cde669,CUST000495,Beauty & Personal Care,5,1977.07,9885.35,upi,2026-04-20T09:06:28
55c8f07e-0e76-4b76-b686-b07bb22e5337,CUST000112,Sports & Outdoors,4,279.02,1116.08,debit_card,2026-06-24T17:33:06
c2f615d4-5f2f-41b8-9528-2b3c9f016ed3,,Beauty & Personal Care,5,1069.15,5345.75,cash_on_delivery,2026-06-10T03:04:02
c08ea0ef-1fc5-45fa-ad69-ace0cd411ad9,CUST000399,Books,1,1769.66,1769.66,credit_card,2026-03-31T11:40:23
23fa0793-83a2-4553-8241-9cc74a6a079c,CUST000212,Books,1,1878.15,1878.15,debit_card,2026-05-08T11:22:30
1dffaef8-9910-4016-87f9-35a043457848,CUST000204,Toys,4,893.66,3574.64,cash_on_delivery,2026-03-06T15:14:59
2810128f-9998-4c41-b54e-82fadac5cc6e,CUST000763,Toys,4,874.94,3499.76,debit_card,2026-05-25T07:33:54
e0cdee31-e738-4478-83d3-3431b61d95c8,CUST000197,Beauty & Personal Care,1,78.89,78.89,wallet,2026-04-08T09:28:26
1a8f7205-663f-4c2e-b839-d143bebbd6cf,CUST000485,Books,5,1858.45,9292.25,wallet,2026-08-07T10:34:49
dd6ff350-65b0-48c9-9f8c-61e855e7158f,CUST000619,Home & Kitchen,1,594.76,594.76,debit_card,2026-07-19T15:16:45
152531a5-a128-4b58-be79-f4d0b3e7f412,CUST000471,Fashion,3,1466.88,4400.64,debit_card,2026-03-05T08:01:19
48efef17-84af-4016-a403-e6c53b409c7c,CUST000216,Electronics,3,1514.26,4542.78,debit_card,2026-07-08T20:43:24
a38a8bc8-5ef4-4a88-92ad-4f5499cc8bc4,CUST000224,,1,507.53,507.53,credit_card,2026-05-27T21:51:02
c393a3bd-438b-4a73-8637-edff39d5c6fa,CUST000508,Home & Kitchen,2,1854.26,3708.52,debit_card,2026-03-02T20:37:14
d612d5ed-edbb-4464-98bb-21646c6195d3,CUST000399,Sports & Outdoors,2,140.57,281.14,upi,2026-06-14T02:30:08
914d6285-c082-4573-87ad-0737d6b98e56,CUST000698,Sports & Outdoors,3,135.5,406.5,wallet,2026-03-10T00:09:26
9fb845d7-67e8-4d1a-82e7-d6c8535148f6,CUST000786,Fashion,3,1895.84,5687.52,debit_card,2026-02-20T21:41:14
c7e70130-5a0b-4fc9-944b-3e06914e4043,CUST000779,Fashion,2,1154.68,2309.36,cash_on_delivery,2026-04-23T09:32:18
4745c26a-48d0-4c90-8fa8-5ee542d1cbb2,CUST000490,Fashion,5,341.24,1706.2,wallet,2026-02-23T19:23:39
7455aa54-7312-409b-a453-a29a6ba4784c,CUST000561,Electronics,2,1867.46,3734.92,debit_card,2026-03-24T09:34:34
c484efff-8aec-457b-b750-96e6640a194b,CUST000619,Beauty & Personal Care,4,1777.87,7111.48,upi,2026-07-08T18:41:36
38be2133-1926-4c78-8b2b-014ac868409b,CUST000020,Sports & Outdoors,3,525.77,1577.31,wallet,2026-06-07T19:13:38
188b8b83-e6a5-45af-8adb-d7ae3fd60aaf,CUST000411,Toys,4,64.33,257.32,debit_card,2026-07-05T03:37:37
e39e26e5-e14e-418f-a1e8-a8ea1c4aeaa6,CUST000590,Toys,4,429.84,1719.36,upi,2026-06-11T07:27:12
3bcde482-80d1-4cfe-aa1b-35a5fea0a449,CUST000752,Home & Kitchen,5,1132.79,5663.95,credit_card,2026-04-24T11:00:27
2c3de754-839a-463c-8746-d85b4f4ac037,CUST000085,Toys,5,398.81,1994.05,wallet,2026-03-19T06:34:16
245ea21f-d3ec-43bc-8b61-f9219840eab4,CUST000640,Fashion,5,1119.05,5595.25,cash_on_delivery,2026-05-07T01:18:31
0772353b-da40-4c0d-8e20-b55d6df7767f,CUST000382,Home & Kitchen,2,679.23,1358.46,wallet,2026-07-31T19:02:20
915f2768-2c41-4adc-8293-907b72f0372b,CUST000465,Toys,2,1779.07,3558.14,wallet,2026-06-22T15:59:59
761d7fad-1df1-46e5-a6e1-fc2f6bc6b0de,CUST000376,Beauty & Personal Care,4,927.5,3710.0,debit_card,2026-06-09T04:38:24
98c69c93-3ae2-403b-ab83-dcc27034388b,CUST000742,Fashion,1,934.04,934.04,upi,2026-06-24T04:31:22
8f3d2648-5871-45d0-8786-9db33c19ed55,CUST000013,Home & Kitchen,3,1625.61,4876.83,cash_on_delivery,2026-04-21T06:12:11
c2f73578-8da5-43b5-a2a8-cd545b8a986b,CUST000790,Books,4,123.7,494.8,cash_on_delivery,2026-05-22T18:27:19
0b61c188-7667-4ba7-81be-681169a1614c,CUST000339,Sports & Outdoors,3,524.82,1574.46,cash_on_delivery,2026-03-29T09:52:52
03124b63-c2ad-489e-80e6-d58e60c4615b,CUST000200,Groceries,3,652.81,1958.43,upi,2026-03-29T05:13:01
2c94f159-df92-46a5-a730-7fde66860d2a,CUST000201,Beauty & Personal Care,2,1211.3,2422.6,debit_card,2026-06-23T04:05:36
388e1b6b-0b5c-4a96-942f-be4ee82a5007,CUST000615,Electronics,5,493.2,2466.0,upi,2026-07-14T10:40:50
