transaction_id,customer_id,product_category,quantity,unit_price,transaction_amount,payment_method,transaction_ts
880cb486-b094-4d8d-9c48-3e1be57a991a,CUST000398,Sports & Outdoors,1,17.46,17.46,credit_card,2026-04-02T23:45:24.232803
9c054ae7-4340-4883-ad5c-a7453597836c,CUST000378,Groceries,2,760.11,1520.22,cash_on_delivery,2026-05-15T07:59:35.750938
da4865fd-a03f-4c00-ad6d-40c01d3d3951,CUST000491,Beauty & Personal Care,4,327.8,1311.2,wallet,2026-02-18T20:15:48.835207
07ab84b5-b798-47d3-9c31-d834370d9739,CUST000040,Books,1,1710.35,1710.35,credit_card,2026-05-06T02:41:52.702789
6df51acb-24ac-468b-9c0a-41edc521a43a,CUST000171,Beauty & Personal Care,2,1800.03,3600.06,upi,2026-05-08T15:46:33.907448
d0bca451-07bc-4167-bf16-8b7169840d3c,CUST000610,Sports & Outdoors,5,260.77,1303.85,cash_on_delivery,2026-02-22T18:56:06.867741
8b5945e2-fb00-4f16-a479-4a528f62ac40,CUST000459,Toys,5,1166.58,5832.9,wallet,2026-06-16T20:10:47.868794
5f56a9f5-201c-472a-a36c-af1087662252,CUST000783,Electronics,5,282.88,1414.4,upi,2026-02-14T17:53:53.207165
c273323d-231f-43c9-9c34-1f683a1d487b,CUST000757,Beauty & Personal Care,2,798.81,1597.62,wallet,2026-02-20T14:29:59.873245
ee8abdb7-ee47-4d64-a6e2-fa4860233889,CUST000258,Fashion,4,1431.9,5727.6,credit_card,2026-06-18T12:32:54.080904
8c59b6cd-0892-4ebe-8c78-174395bd7a83,CUST000532,Home & Kitchen,3,1328.71,3986.13,wallet,2026-05-23T15:32:34.513938
25f5b3bb-44bf-4023-a51e-2a7c58cbaa39,CUST000324,Home & Kitchen,5,902.7,4513.5,upi,2026-04-26T11:35:14.679297
998ecc19-c656-4455-b43e-2e2cb9ca9e36,CUST000047,Toys,2,731.13,1462.26,debit_card,2026-03-08T03:49:26.979647
beb020c5-d91a-4436-b108-b1369267757b,CUST000473,Home & Kitchen,3,1640.9,4922.7,wallet,2026-03-04T17:21:58.121070
c228fdf4-5622-44b3-a554-bcb8b3c2fcb7,CUST000746,Sports & Outdoors,2,440.23,880.46,wallet,2026-05-17T06:44:34.045874
6ce56e29-bbb0-4d50-b25a-318352ec4d73,CUST000346,Fashion,4,1661.62,6646.48,cash_on_delivery,2026-08-03T14:36:36.901642
cfad9769-cefe-4295-ba4d-b0a82a13d2d6,CUST000411,Home & Kitchen,4,1236.52,4946.08,debit_card,2026-02-26T08:25:05.644883
2170607b-8684-4e4a-9a0b-67a2ad9b50ea,CUST000701,Toys,2,876.69,1753.38,debit_card,2026-02-23T02:26:56.628938
4a1e2e31-fc1b-4ecf-88e3-11b936423a0f,CUST000632,Electronics,3,895.75,2687.25,wallet,2026-06-15T21:56:24.426009
6fdfad54-9631-48f7-a2c4-969ec8624ae0,CUST000497,Sports & Outdoors,5,462.08,2310.4,upi,2026-04-07T16:07:29.477436
ff0c5e68-42be-4801-aaee-b720ecfd98c4,CUST000043,Groceries,4,1039.81,4159.24,credit_card,2026-04-19T16:36:19.129068
0fa4c922-90ee-422e-b422-b659fc288ce4,CUST000769,Books,1,1832.42,1832.42,upi,2026-06-29T05:59:24.500334
b1275300-03bb-4bfc-8610-8d97d56d72f3,CUST000587,Electronics,1,838.45,838.45,credit_card,2026-04-14T11:53:24.213278
419582bd-00e1-4a29-beab-00838813e1da,CUST000516,Beauty & Personal Care,5,868.66,4343.3,upi,2026-03-07T04:58:36.672768
60c89ec8-38e9-4f09-bc81-fc84441fa786,CUST000548,Sports & Outdoors,4,1839.06,7356.24,wallet,2026-06-23T11:33:27.679985
503734f2-5119-4d8c-9b2e-360ddc9ca416,CUST000708,Beauty & Personal Care,2,820.14,1640.28,upi,2026-06-12T18:58:30.827882
aa912fca-0826-4f04-bb67-0df3ce5b684a,CUST000464,Toys,4,65.38,261.52,credit_card,2026-06-27T20:14:58.631157
10029207-d8c7-41c3-a42f-a95712c7dfe7,CUST000118,Home & Kitchen,4,1790.68,7162.72,wallet,2026-05-05T03:39:57.019413
459d8691-610f-463b-848c-f3bc4f33a4c9,CUST000036,Electronics,5,1511.47,7557.35,credit_card,2026-07-21T08:56:24.383111
e2026f51-433d-461f-9bf5-772ad4e06b42,CUST000780,Beauty & Personal Care,5,1213.18,6065.9,debit_card,2026-08-02T11:23:57.294598
b9c2aea9-9ea3-4dfa-86e3-093e1adb5b69,CUST000306,Sports & Outdoors,5,1175.98,5879.9,credit_card,2026-03-01T19:40:27.329597
7a37ff19-422e-4d91-9219-c5d744696823,CUST000316,Fashion,4,1603.97,6415.88,cash_on_delivery,2026-04-13T12:22:58.151419
29f02cf1-e716-49b8-ba21-80b49073a1ea,CUST000546,Beauty & Personal Care,2,1560.45,3120.9,cash_on_delivery,2026-03-05T13:19:52.870177
effa7d0d-869b-409c-a701-04851839f052,CUST000343,Books,3,1360.15,4080.45,debit_card,2026-03-21T08:03:32.791136
67e35643-0243-4cb1-95c5-123d8fb07f30,CUST000385,Sports & Outdoors,4,1393.38,5573.52,wallet,2026-06-23T12:42:52.959464
8f9473ac-7e80-44d5-b8a7-769752440e7b,CUST000789,Electronics,4,1624.76,6499.04,upi,2026-05-21T11:34:46.192452
3b090989-d541-4460-8a91-a5618e26c36b,CUST000634,Beauty & Personal Care,3,1631.35,4894.05,cash_on_delivery,2026-06-06T22:20:11.042878
1eec7683-ca08-47d6-8993-4ba4e169dc27,CUST000582,Fashion,1,507.62,507.62,wallet,2026-07-06T09:37:31.866409
57c2a465-f432-426b-8111-8882bf0e7ade,CUST000565,Sports & Outdoors,5,1713.97,8569.85,cash_on_delivery,2026-03-26T09:31:18.903316
a86c9e84-3c5d-4fa3-95b5-4d5d3b2d4c95,CUST000010,Beauty & Personal Care,2,233.79,467.58,upi,2026-02-27T20:26:45.507780
eabc9ebd-d4eb-4fb7-8278-5f1b7cd64f7a,CUST000142,Home & Kitchen,4,1987.11,7948.44,debit_card,2026-04-12T07:58:41.385263
2fc4ca17-c09b-40f6-bab7-9934012f82b9,CUST000044,Sports & Outdoors,2,702.59,1405.18,upi,2026-05-01T18:40:13.821687
f03b42ed-cd2f-4bb1-9130-015c5e6bbcc6,CUST000225,,2,163.02,326.04,wallet,2026-02-25T00:49:01.380156
96abaa31-964d-4563-9a62-53ed55cab49f,CUST000725,Sports & Outdoors,1,1271.49,1271.49,cash_on_delivery,2026-03-29T05:00:50.982471
9d585a40-346c-4d50-8fd6-4124fe6f635b,CUST000790,Sports & Outdoors,4,59.46,237.84,credit_card,2026-02-17T14:54:05.966932
5d5f426c-dcb5-4158-928a-1c275bb06d4d,CUST000147,Toys,2,1926.38,3852.76,cash_on_delivery,2026-04-23T12:52:10.485115
8d43cf4a-4053-4a67-9a5a-f14c7ff90d42,CUST000707,Electronics,1,1213.34,1213.34,wallet,2026-03-17T07:00:59.988867
6111b6d2-e2fe-4fff-beb7-6842d52b5427,CUST000071,Fashion,3,1573.67,4721.01,upi,2026-06-27T03:50:56.940488
d00d3d5a-d82b-4b26-88bd-a4b7d7a8ee62,CUST000330,Sports & Outdoors,5,1129.72,5648.6,credit_card,2026-03-14T01:24:07.001880
11d3b158-0f46-4f1d-8da0-5e943b681cc3,CUST000043,Fashion,3,1604.23,4812.69,debit_card,2026-07-02T08:20:37.778090
022aa4b2-b6c6-43c8-ae22-d3f82a68d10d,CUST000070,Sports & Outdoors,4,382.76,1531.04,cash_on_delivery,2026-05-20T04:22:07.341067
57e4f156-1e30-477b-a1d5-552e8aedbd1f,CUST000374,,3,385.03,1155.09,wallet,2026-03-07T13:11:46.282289
38de8cfe-14f0-4c9c-a36f-48b6c0489165,CUST000280,Home & Kitchen,3,1310.9,3932.7,credit_card,2026-04-12T13:44:57.810894
acee54f4-2933-4e9e-90c0-36079294d32a,CUST000309,Beauty & Personal Care,4,990.73,3962.92,debit_card,2026-03-08T05:54:06.064904
6d0a2eb2-f92f-416c-bee9-f9acc1e380ef,CUST000751,Electronics,2,1181.44,2362.88,credit_card,2026-05-22T23:09:02.242024
dd186418-dd7c-49c7-9d61-7f2723297649,CUST000727,Books,2,336.13,672.26,debit_card,2026-03-23T09:15:51.867895
c5973262-6b8c-44d4-a81a-afd0b89743b5,CUST000515,Home & Kitchen,2,1016.98,2033.96,wallet,2026-06-18T04:05:21.100890
58083c29-ce23-4720-9999-c5b9d520e6d9,CUST000031,Electronics,1,1037.57,1037.57,cash_on_delivery,2026-06-10T20:11:15.999602
52767163-2f42-4619-b32e-6b005bcbd223,CUST000634,Home & Kitchen,4,1201.14,4804.56,credit_card,2026-03-19T08:34:10.487887
e3c575a0-7d1e-4d3f-bf46-b61890c3054a,CUST000750,Toys,3,86.08,258.24,upi,2026-02-13T02:24:05.050907
557b2fda-3f63-46fe-93e1-62e97eaf3e8b,CUST000217,Electronics,4,1342.65,5370.6,cash_on_delivery,2026-07-15T02:50:06.479144
7048303e-e9f0-4e81-9fa0-fda8df3a5d8d,CUST000473,,4,1664.24,6656.96,cash_on_delivery,2026-04-02T14:22:36.199234
8a09ac6e-764e-49f0-a70d-719fe97309f6,CUST000078,Sports & Outdoors,2,507.14,1014.28,cash_on_delivery,2026-03-13T21:06:29.772680
b9e17c73-31fb-4663-915b-88eb1f43213b,CUST000399,Beauty & Personal Care,2,325.11,650.22,cash_on_delivery,2026-06-16T21:16:27.843277
026dc6bd-3d21-4a3c-a104-7547834637fe,CUST000219,Electronics,3,396.56,1189.68,cash_on_delivery,2026-03-20T07:43:27.797753
04e5c091-42c9-43df-8957-33678f5a9f7c,CUST000535,Fashion,5,150.14,750.7,debit_card,2026-03-21T11:16:02.384565
df942aff-ec99-40fe-94cc-40f2dabc1883,CUST000308,Toys,1,1966.29,1966.29,wallet,2026-07-13T07:27:45.559726
e0238a70-ed59-41ca-8851-7e4586e839b4,CUST000586,Home & Kitchen,4,385.61,1542.44,upi,2026-05-24T12:30:00.111581
974b2390-b59a-4f65-ba6e-3ccbe87e9433,CUST000723,Toys,5,1120.25,5601.25,cash_on_delivery,2026-03-25T21:08:33.073793
27393ecd-a30f-45e7-b28d-78b03d66a107,CUST000367,,1,39.99,39.99,cash_on_delivery,2026-07-28T06:10:34.865771
33354d6e-53ed-443e-b5c4-9c9816d69673,CUST000690,Toys,1,28.94,28.94,upi,2026-04-27T12:35:15.879048
4fce7646-0c9f-4450-986e-1f9dde3bda67,CUST000692,Toys,5,1229.58,6147.9,credit_card,2026-02-18T18:20:07.625831
46784b5d-195d-4cb7-a964-1efcca60307b,CUST000525,Electronics,1,1545.21,1545.21,upi,2026-06-21T04:38:13.703230
f6d669e7-827f-4ed1-9442-c5af844e7c35,CUST000084,Groceries,1,1449.94,1449.94,cash_on_delivery,2026-05-14T04:37:52.557953
44a071d1-2c2f-4727-8fbb-984d73963d9f,CUST000253,Home & Kitchen,2,671.46,1342.92,wallet,2026-05-20T11:30:34.068094
d2358cd0-d72a-4942-9677-58adc2532a1f,CUST000269,Groceries,5,1674.97,8374.85,credit_card,2026-08-04T18:31:06.349308
3adc0d0f-c7db-4391-8c7d-3f427f679953,CUST000147,Sports & Outdoors,3,1723.66,5170.98,upi,2026-07-10T09:37:48.277217
133c8967-47fa-4378-9b80-7f70ce025839,CUST000664,Electronics,2,77.55,155.1,cash_on_delivery,2026-05-20T16:29:32.697052
de54e054-3aea-4f01-b379-2b584a344409,CUST000385,Fashion,2,909.96,1819.92,debit_card,2026-02-27T11:16:57.257315
1b7ffccc-7df2-4ea9-b2d8-63326f793912,CUST000797,Fashion,2,728.01,1456.02,upi,2026-04-18T21:47:17.886460
9b310b97-ab75-4295-9f5c-7956df3c8800,CUST000207,Home & Kitchen,4,1207.22,4828.88,upi,2026-05-13T05:34:31.204943
f765220c-a70b-4dd0-bdb4-43fd3b4172e6,CUST000194,Home & Kitchen,5,256.96,1284.8,debit_card,2026-03-18T11:03:41.823085
25a9643a-65dc-445f-9f59-64f43e6dcfa1,CUST000008,Groceries,2,648.16,1296.32,upi,2026-06-24T05:58:22.542186
b1e7ed91-bcfe-49e6-a3f9-a07dc601642b,CUST000397,Electronics,3,1085.85,3257.55,upi,2026-05-31T19:43:43.032023
8a92217e-5dd3-4d6c-99f5-6b1f13f3ee49,CUST000459,Fashion,1,1966.99,1966.99,debit_card,2026-02-27T23:17:47.165317
1d1b37cd-8300-4f1f-b66b-7191497531b0,CUST000061,Electronics,5,1021.47,5107.35,upi,2026-02-28T14:48:14.078626
7800f46a-514b-423c-a54c-8be8c40808b9,CUST000665,Electronics,4,1234.44,4937.76,credit_card,2026-03-18T22:22:20.821915
e04f04bd-24ba-47ae-b744-184ce721ffef,CUST000591,Sports & Outdoors,2,383.72,767.44,cash_on_delivery,2026-02-14T05:19:46.418135
27c8d638-9577-4ee5-ab87-95ab41822a92,CUST000261,Toys,5,1114.23,5571.15,cash_on_delivery,2026-04-24T19:01:36.176479
2998a958-25cf-47b2-a82a-4f8b32ec6c2f,CUST000268,Fashion,5,104.32,521.6,cash_on_delivery,2026-07-14T05:41:53.906437
40747edc-0fe8-49d6-9bd0-331a4df67fc8,CUST000209,Groceries,4,1017.31,4069.24,cash_on_delivery,2026-06-01T20:34:26.862155
4dda8944-124f-4f80-9516-425cd720e309,CUST000559,Books,5,1234.85,6174.25,wallet,2026-03-23T12:43:56.630444
0f1f1876-1075-4808-9b3d-6546c96a853c,CUST000519,Electronics,4,783.96,3135.84,credit_card,2026-06-26T05:33:45.399814
bee4ac6b-7425-4fa3-991a-2bd1043d2cc6,CUST000571,Electronics,4,1387.85,5551.4,debit_card,2026-05-03T05:48:16.749530
d11a5ac1-59f5-47b0-ad02-46ac68deb607,CUST000351,Beauty & Personal Care,1,740.82,740.82,wallet,2026-08-09T09:40:23.232136
5a532131-3951-4969-88f3-218fba5068da,CUST000040,Beauty & Personal Care,3,723.63,2170.89,cash_on_delivery,2026-03-11T05:32:17.617233
c7dc5a4c-9156-49f1-a961-3117a07e1428,CUST000694,Home & Kitchen,5,690.76,3453.8,wallet,2026-06-07T07:19:35.942230
cb4f412e-d84e-4d2b-bb68-b94d7fd2491d,CUST000060,Electronics,4,320.03,1280.12,credit_card,2026-07-27T16:19:40.685471
30751d19-7ce0-4d3a-bf63-11258c2dd296,CUST000558,Electronics,4,1051.74,4206.96,debit_card,2026-03-24T03:50:41.327237
36a5112c-cbf3-45d3-89c2-f69bb7f2d4db,CUST000747,Fashion,3,699.92,2099.76,cash_on_delivery,2026-04-16T18:18:20.748159
057cc71f-1eda-42c5-9997-ba16f78ae3f5,CUST000106,Toys,5,1123.54,5617.7,cash_on_delivery,2026-05-26T07:24:21.601812
84baef1a-d35f-4406-82cc-6478ac32d172,CUST000671,Beauty & Personal Care,5,1424.65,7123.25,credit_card,2026-06-26T21:55:40.259886
f85c8243-13f6-4765-b4ee-1a151235e2fe,CUST000586,Home & Kitchen,1,1617.61,1617.61,debit_card,2026-03-13T02:37:22.774307
d09a90ba-1f6f-4009-873e-4fcdeda24d9f,CUST000618,Books,3,676.42,2029.26,upi,2026-06-28T07:55:39.303255
8e80b596-9c20-4333-ad74-dfa09a8561d4,CUST000048,Beauty & Personal Care,5,1837.19,9185.95,cash_on_delivery,2026-07-09T11:32:23.274833
b0b4db25-9b96-4784-b7b6-29889f0222c1,CUST000622,Books,1,1365.47,1365.47,wallet,2026-06-29T15:01:52.764318
fbd09256-67ad-43ee-8a9f-cd52ff4bfcfa,CUST000477,Electronics,4,1931.94,7727.76,wallet,2026-07-24T15:58:24.270289
d3324d27-5b1b-4772-b1a0-b1d60b411632,CUST000053,Sports & Outdoors,1,1006.59,1006.59,credit_card,2026-05-18T17:11:37.272098
20ee0144-921b-4097-8aec-93468aa1e647,CUST000078,Sports & Outdoors,1,241.11,241.11,credit_card,2026-04-05T14:16:25.999280
18566bdd-8293-4cc7-b9d3-09c3fd157571,CUST000017,Home & Kitchen,4,461.58,1846.32,credit_card,2026-06-09T16:02:36.182148
2e72892c-ce21-4d76-8e03-4bea90b12ae6,CUST000198,Toys,1,1774.75,1774.75,upi,2026-07-06T13:12:29.337528
af7518d3-cee6-4485-9537-e514fb996628,CUST000249,Toys,2,1603.44,3206.88,cash_on_delivery,2026-04-03T12:19:25.593041
6bb7c560-5b28-4db7-a807-bf192da790aa,CUST000764,Beauty & Personal Care,4,1689.02,6756.08,upi,2026-06-17T01:23:43.354069
b5004ca9-3f51-42fb-8be5-65bdb66e93e5,CUST000308,Home & Kitchen,4,100.26,401.04,wallet,2026-06-20T14:44:35.981870
292edfb1-cbe2-44fd-aece-a25127399078,CUST000380,Books,4,1647.39,6589.56,debit_card,2026-02-22T04:25:09.011495
7c15fae6-53af-4240-8085-aef4a230ab63,CUST000278,Beauty & Personal Care,4,1485.11,5940.44,cash_on_delivery,2026-07-03T11:51:57.600408
cdcf3fd0-0482-4a81-ab5b-823c4f09d495,,Books,5,579.25,2896.25,debit_card,2026-03-24T16:35:24.937326
21356bf9-513c-46af-a401-b8dd447d1373,CUST000012,Home & Kitchen,3,617.26,1851.78,upi,2026-03-11T16:02:48.205906
3ee50313-e409-4ca2-80cb-87642740aed4,CUST000395,Books,3,1907.93,5723.79,debit_card,2026-05-13T03:14:23.252867
d21ed161-6cb8-4e6d-9607-430514df61d4,CUST000152,Beauty & Personal Care,5,473.58,2367.9,cash_on_delivery,2026-07-27T12:08:39.944113
a6bfce6a-06f5-48c8-9d88-dd20cca07389,CUST000058,Books,2,1322.76,2645.52,credit_card,2026-04-05T12:44:56.954831
bff84103-3b6c-454f-b18a-5c3ba0459219,CUST000564,Groceries,1,1278.59,-1278.59,debit_card,2026-05-23T18:55:06.753561
bb01ca98-3ee6-4d13-a44a-f8f4551e1232,CUST000741,Fashion,5,475.9,2379.5,wallet,2026-04-19T07:58:38.042665
dc9b3365-0bdd-4f69-a343-b9e228cc9d3b,CUST000586,Toys,1,1919.74,1919.74,cash_on_delivery,2026-08-02T13:40:27.549681
0e30ed8b-2b6e-465e-8a39-88f7b1b6513a,CUST000085,Fashion,5,1791.72,8958.6,wallet,2026-04-23T20:18:49.514416
657a9c08-09c5-479f-8175-b76e17628f11,CUST000310,Toys,3,1492.49,4477.47,debit_card,2026-07-03T21:21:27.836562
b3991440-9282-4d0d-98bc-caa14335e4d9,CUST000606,Sports & Outdoors,2,1681.81,3363.62,credit_card,2026-03-22T23:23:32.067904
67883fa4-a536-44cc-a2a8-6a188708a215,CUST000069,Electronics,1,404.25,404.25,debit_card,2026-06-01T07:49:20.508042
125e4c7c-833b-40a5-9b38-4cff20ebfd85,CUST000335,Toys,1,1291.75,1291.75,credit_card,2026-02-13T00:32:39.242675
c4f926c6-5c50-4203-92db-b29db853a21c,CUST000607,Sports & Outdoors,1,1362.57,1362.57,cash_on_delivery,2026-06-25T16:21:32.949994
960fa31c-edac-47af-970b-4a938557826d,CUST000563,Beauty & Personal Care,5,1783.72,8918.6,upi,2026-02-26T13:47:14.243942
f84731a1-c93d-44dc-b49e-370d0f960e8a,CUST000342,Groceries,3,657.48,1972.44,cash_on_delivery,2026-07-05T14:06:30.300517
078674f1-263e-41f4-81db-158d58594d38,CUST000129,Electronics,1,1702.49,1702.49,wallet,2026-07-08T19:43:50.148427
72a57e19-5c87-4276-8cb4-c70e8992848b,CUST000214,Sports & Outdoors,5,1505.21,7526.05,credit_card,2026-06-07T10:11:09.596257
4b60f092-0191-483e-9127-4f4e5a532880,CUST000605,Fashion,4,1253.86,5015.44,wallet,2026-04-28T05:04:16.732824
dc1650b7-26c9-4c93-9017-5b44266c3708,CUST000468,Fashion,5,1035.1,5175.5,upi,2026-04-12T18:20:58.253688
8861acea-58c6-4d17-a072-801d45bc7f27,CUST000626,Groceries,1,872.7,872.7,cash_on_delivery,2026-06-29T13:39:58.988652
ff304811-575b-4663-9e36-cb3332e30050,CUST000249,Sports & Outdoors,3,489.93,1469.79,debit_card,2026-07-14T04:56:49.560577
b631b7f0-213b-49f9-a1f9-807e2f4f2c2d,CUST000009,Books,5,1596.94,7984.7,debit_card,2026-04-21T17:12:11.047054
80f7b6a1-d22d-4f46-9c93-37cdfae04481,CUST000615,Books,1,1376.01,1376.01,upi,2026-03-23T02:50:51.465323
23da4a44-6586-4ca7-b6f7-92c2e4948f8b,CUST000711,Fashion,2,1802.16,3604.32,wallet,2026-08-02T19:40:36.518583
546ca4a9-12c3-4aff-b3ab-b162e27b9fce,CUST000273,Beauty & Personal Care,4,160.15,640.6,debit_card,2026-03-16T19:58:29.363877
cea26209-62c6-4fcd-b51f-254dbf933a10,CUST000657,Books,4,373.84,1495.36,upi,2026-03-30T14:19:27.356002
292edfb1-cbe2-44fd-aece-a25127399078,CUST000380,Books,4,1647.39,6589.56,debit_card,2026-02-22T04:25:09.011495
77e7f01d-efb3-4c47-a39d-e8da878302e2,CUST000453,Beauty & Personal Care,4,331.76,1327.04,cash_on_delivery,2026-05-28T00:45:36.412130
3d47b2f9-f397-4456-8c43-a4b7986df4a8,CUST000660,Books,4,546.14,2184.56,upi,2026-04-20T09:49:14.844058
02e2479b-b6c2-4c90-b141-93161a502b77,CUST000513,Books,1,1583.73,1583.73,debit_card,2026-06-01T03:01:16.703565
cf3a1136-5b64-4f5a-8a0b-721e2e4d06cb,CUST000141,Sports & Outdoors,3,370.06,1110.18,upi,2026-06-08T12:06:57.382121
37b4b535-8ee1-4ab9-88ed-c460fe72bd1a,CUST000393,Toys,4,28.12,112.48,cash_on_delivery,2026-08-05T08:00:29.476952
a3fadcae-dfa2-400f-9539-c5d589b4a451,CUST000541,Fashion,2,1457.08,2914.16,credit_card,2026-04-30T10:51:45.910359
25d8f921-ee74-4874-b602-d88de3acfafe,CUST000123,Toys,1,634.72,634.72,credit_card,2026-08-08T15:04:52.478212
1e155c84-3390-4802-a5f9-5960f11a9592,CUST000743,Toys,3,1569.27,4707.81,debit_card,2026-02-19T22:22:11.609337
1c1d8fc0-0e7b-4667-858c-d5175cac48b8,CUST000593,Books,2,895.1,1790.2,credit_card,2026-07-29T22:32:23.561069
106d81d0-68f2-48a6-90f4-739eab1efc0c,CUST000042,Electronics,5,1626.22,8131.1,upi,2026-08-05T07:27:04.741126
b0d30740-df28-445a-9b8c-28289d9eb5e6,CUST000240,Electronics,1,30.44,30.44,credit_card,2026-06-13T09:58:55.775314
6f6b7c3d-4a21-48d5-a28e-1e34fc459870,CUST000208,Home & Kitchen,4,191.06,764.24,credit_card,2026-05-07T05:25:41.759485
5691d447-73cd-4828-a0df-28ba500b4654,CUST000275,Sports & Outdoors,3,564.71,1694.13,cash_on_delivery,2026-08-05T04:38:02.238360
ca036a24-579e-4a8d-9c8d-45b95a434258,CUST000534,Beauty & Personal Care,3,56.75,170.25,wallet,2026-03-30T08:44:52.186252
86cdf6e9-cfb1-4680-849a-8d4226df1e15,CUST000096,Fashion,4,1454.94,5819.76,cash_on_delivery,2026-07-18T17:56:03.958011
32fa9ff3-d3fc-45bd-8dd2-9c370ee054aa,CUST000255,,5,253.77,1268.85,upi,2026-07-23T11:57:36.279388
4489db09-f0dd-4def-bc9f-9c92fd966ea8,CUST000470,Beauty & Personal Care,2,1297.35,2594.7,wallet,2026-03-10T13:07:53.582258
4258976b-a017-44fb-b535-9f3c9f502a7c,CUST000033,Fashion,1,765.27,765.27,credit_card,2026-03-30T08:15:10.354135
7167c312-7c69-4cab-a7a7-5886873b66d1,CUST000583,Toys,2,290.73,581.46,credit_card,2026-07-22T00:55:04.697874
dac52c42-f378-4b3d-bb9a-dca89eb454a4,CUST000576,Toys,3,1781.66,5344.98,wallet,2026-03-19T18:38:29.562732
6f473262-6522-4b66-afca-a44f72847ecc,CUST000015,Groceries,1,1874.63,1874.63,cash_on_delivery,2026-05-01T16:55:01.142884
2f99cc1d-c8fb-4056-bc86-cbe5705404e2,CUST000271,Beauty & Personal Care,1,1783.57,1783.57,debit_card,2026-02-25T23:27:26.818972
f82400bd-8776-4031-a468-438028418140,CUST000761,Electronics,1,1041.08,1041.08,credit_card,2026-07-08T05:31:39.459809
a58745b5-2c8d-409a-b2fe-eb16ab6848be,CUST000462,Groceries,3,909.12,2727.36,wallet,2026-07-20T10:58:41.706256
2aba6f7d-b8c9-4502-a2ce-f54930d8af90,CUST000610,Books,1,1076.62,1076.62,upi,2026-06-17T03:37:00.184059
da6a9713-ee6a-4a92-af2a-2e4e07a2027c,CUST000203,Toys,5,557.98,2789.9,debit_card,2026-04-11T12:56:24.734900
50216a91-c724-4362-9975-7a84f76f66bf,CUST000335,Groceries,3,111.25,333.75,debit_card,2026-03-08T10:17:10.441908
f8e462cf-c3fd-475e-a8ab-8e63141a4635,CUST000497,Toys,3,754.38,2263.14,credit_card,2026-06-03T07:53:38.459346
8b7ba0a8-fe29-44ec-8e71-74747c03f7f0,CUST000380,Fashion,3,108.32,324.96,debit_card,2026-07-27T02:36:33.088119
435e2ba3-1d6e-48e1-aad7-3c1c618359b6,CUST000780,Fashion,2,1932.17,3864.34,upi,2026-07-25T11:28:49.068875
3ff15e99-124d-4a6c-89be-79a6466500c5,CUST000742,Books,5,1833.76,9168.8,debit_card,2026-05-19T06:58:13.767636
4efd9e41-1c57-4207-a7a1-c1c2aec03652,CUST000499,Books,5,1516.05,7580.25,wallet,2026-03-25T01:50:02.056258
aebb3160-18a3-4400-8a53-a6b79f2af560,CUST000227,Home & Kitchen,5,793.65,3968.25,cash_on_delivery,2026-02-14T09:19:18.098747
bf7aaf56-4254-47c9-b62f-3ab838f9bbe8,CUST000702,Sports & Outdoors,1,1862.04,-1862.04,credit_card,2026-06-26T13:56:29.714314
e180e18b-f8f2-4da1-bff8-129a5161dc50,CUST000467,Sports & Outdoors,1,1865.97,1865.97,cash_on_delivery,2026-05-13T16:15:50.171755
6d543f80-9444-4bf0-9c3e-1e38f81c69fc,CUST000292,Sports & Outdoors,3,1756.4,5269.2,cash_on_delivery,2026-03-17T03:25:15.866364
d07d719d-bcdb-4415-9ea1-96441381fd1f,CUST000575,Books,3,804.69,2414.07,debit_card,2026-06-05T16:12:59.129928
af7b8b99-d192-4a42-b7bb-bc1f765864ac,CUST000172,Books,3,418.23,1254.69,upi,2026-05-15T01:52:44.329325
625911c8-cb6b-47b0-b6a5-825ea2fdf106,CUST000429,Home & Kitchen,4,229.26,917.04,cash_on_delivery,2026-05-30T23:35:49.962138
f078821e-c47e-42a4-a374-0bfb28eeb890,CUST000223,Toys,1,525.39,525.39,wallet,2026-07-24T15:13:00.477064
feee9a13-ebb6-4c91-a99c-f70f1b4f1d41,CUST000015,Electronics,4,1144.78,4579.12,credit_card,2026-04-11T19:00:53.512729
4eb2cd11-2d1d-47c9-a1d9-00dd21ab87ca,CUST000491,Books,N/A,1350.12,6750.6,upi,2026-02-13T08:04:35.410258
bf5bc4ed-ebad-4e5c-92ba-fa531c4fdedd,CUST000790,Toys,4,468.2,1872.8,upi,2026-05-23T21:56:13.206841
c75e17be-44c9-449c-8b5c-1f995a315056,CUST000028,Books,1,807.12,807.12,cash_on_delivery,2026-07-13T02:32:59.845677
6a897170-4e9f-4d99-83b5-e809beac2fa2,CUST000296,Sports & Outdoors,1,1301.5,1301.5,wallet,2026-04-12T03:16:01.698623
70e243c0-30d8-4e4f-a994-8453cf593f94,CUST000773,,5,764.97,3824.85,upi,2026-02-24T16:44:36.747134
db2ec890-44ef-4ab4-ad9b-952287c3811e,CUST000189,Home & Kitchen,5,1495.32,7476.6,upi,2026-04-15T00:21:49.403194
59d1faaf-8cd4-457a-b623-7f168d9063de,CUST000694,Fashion,2,1483.4,2966.8,credit_card,2026-07-17T08:03:01.683093
29e89c6b-89f5-4a9c-b584-97642db38bcc,CUST000102,Toys,4,1558.92,6235.68,credit_card,2026-07-02T16:11:28.691636
6973171f-9172-4a51-8729-3cf2c270e39e,CUST000452,Groceries,4,1827.3,7309.2,cash_on_delivery,2026-07-13T12:13:17.023861
7417f012-e0e0-43b2-878b-8032404f2ffe,CUST000196,Books,5,376.19,1880.95,wallet,2026-05-09T10:56:56.939656
bafe116b-f82f-4c75-88c7-1ad6701a168d,CUST000756,Fashion,1,948.61,948.61,debit_card,2026-07-18T12:40:07.426447
ba0068f5-e7f3-4cef-ade0-240bd8fc0eec,CUST000627,Beauty & Personal Care,4,1036.36,4145.44,debit_card,2026-04-16T16:18:49.082594
188d3b0b-3b92-4335-8a60-46acc812a551,CUST000288,Toys,4,1197.05,4788.2,upi,2026-05-31T09:35:41.301453
dc7c571f-87b0-430e-b8bb-39346440c964,CUST000314,Home & Kitchen,5,1881.9,9409.5,debit_card,2026-05-09T13:15:42.704930
217b0db4-40d2-440b-bae7-0b4d28e56193,CUST000608,Groceries,2,918.43,1836.86,upi,2026-06-19T04:59:26.597146
ad6ec6bc-4dc7-4444-8277-850582f1d615,CUST000454,Beauty & Personal Care,4,1506.02,6024.08,debit_card,2026-04-05T01:03:16.764933
5c85fef4-b854-46ab-a745-cba017c9ebcd,CUST000106,Electronics,5,742.22,3711.1,debit_card,2026-03-18T01:36:48.657145
7484b39f-f888-4c81-a5a0-b6ad6a6a1a43,CUST000142,Home & Kitchen,3,291.56,874.68,cash_on_delivery,2026-06-11T18:44:53.990863
1663170d-f374-4248-8567-1c7c777424e4,CUST000403,Groceries,3,88.57,265.71,credit_card,2026-04-16T15:45:25.933238
46c791ab-f2b2-4298-90f8-729f3642a43a,CUST000055,Sports & Outdoors,5,1055.49,5277.45,credit_card,2026-08-01T06:00:43.564849
fbd5cb8f-be06-4a1c-ac28-31476383d8e8,CUST000491,Groceries,5,1517.97,7589.85,debit_card,2026-05-19T02:19:05.805052
66057c2b-af78-4dad-bd8f-25ff9ddaee47,CUST000346,Toys,1,1832.75,1832.75,debit_card,2026-06-14T21:03:15.536493
e10495c3-3812-4442-9e5a-1095b7119393,CUST000696,Home & Kitchen,5,1053.39,5266.95,upi,2026-04-08T14:36:24.193413
2d95ee41-f336-46a3-8d12-bf748fff97d4,CUST000241,Home & Kitchen,5,1641.99,8209.95,upi,2026-04-22T12:19:48.271337
c7e7b589-ce70-448b-b7f6-d72cf9a64b21,CUST000361,Beauty & Personal Care,2,914.57,1829.14,wallet,2026-07-04T01:59:15.207719
5bbf39c3-559f-426d-8c6c-2280b4cbbbb8,CUST000591,Toys,5,921.09,4605.45,cash_on_delivery,2026-06-18T12:28:08.888908
2a231881-a2ac-4542-b4b5-36d33d014666,CUST000631,Fashion,2,690.14,1380.28,wallet,2026-03-05T15:06:03.408869
f3c87438-d9af-45b7-8378-f4cb2f772125,CUST000736,Sports & Outdoors,3,1932.89,5798.67,debit_card,2026-02-16T00:28:52.255823
3638cd22-9f90-4e20-b425-465360f774a4,CUST000416,Electronics,4,289.86,1159.44,wallet,2026-02-14T19:17:40.292181
d28498e6-c4b8-45c5-8cfe-8dc1124f40cc,CUST000003,Groceries,1,1158.73,1158.73,cash_on_delivery,2026-04-03T07:13:54.647618
79709d72-05ee-41d7-8df3-97deb9c21b80,CUST000006,Toys,2,517.39,1034.78,cash_on_delivery,2026-02-17T05:26:57.784737
f4fefd2f-d616-4ff3-85d1-229d757d36d1,CUST000151,Groceries,1,1135.31,1135.31,debit_card,2026-07-08T09:03:09.813638
7a2273d6-0e6f-4828-91d5-141fb919f4fc,CUST000296,Fashion,4,1600.15,6400.6,upi,2026-08-03T15:59:29.852009
3985acb5-86d0-4053-a2c2-304cd56cc6ca,CUST000652,Groceries,4,395.46,1581.84,cash_on_delivery,2026-05-03T20:50:04.003734
0b547e91-8f78-4100-bc5c-4521572810e8,CUST000342,Beauty & Personal Care,3,822.14,2466.42,credit_card,2026-05-01T06:51:56.739187
b8d1dd56-9799-4282-828e-2e143e332903,CUST000575,Sports & Outdoors,3,526.9,1580.7,cash_on_delivery,2026-07-17T23:12:46.702739
626e91e3-3ee3-4344-902e-d1cc889a5253,CUST000230,Fashion,3,1256.29,3768.87,cash_on_delivery,2026-04-13T21:46:20.688135
0bacbcf7-d4d7-4d02-8409-c741ff55d037,CUST000441,Fashion,4,57.48,229.92,credit_card,2026-05-02T15:38:37.170209
9b8333f4-d361-4b0b-aaef-8d09ef36450e,CUST000432,Books,3,1637.91,4913.73,debit_card,2026-07-08T07:36:24.259206
e6c6de98-a796-497b-84da-30ed9786f07c,CUST000547,Home & Kitchen,4,1855.73,7422.92,cash_on_delivery,2026-04-10T00:32:26.708594
d187e9cf-e55b-4109-b398-559733f3773b,CUST000046,Fashion,2,1695.59,3391.18,wallet,2026-03-04T02:18:49.204817
e456c4da-e77e-4d45-b30a-8f17eb95c974,CUST000046,Electronics,2,1704.8,3409.6,debit_card,2026-04-07T23:28:16.835092
9078fa47-7fb6-4372-8414-e523542ac147,CUST000331,Electronics,1,1767.1,1767.1,debit_card,2026-06-30T03:45:10.618978
0baf29f4-79b3-48b8-b260-54184ce373c0,CUST000509,Fashion,1,323.72,323.72,credit_card,2026-05-22T05:45:51.610967
16086b15-9490-4bb8-9e93-063cc84666a4,CUST000138,Beauty & Personal Care,1,174.2,174.2,cash_on_delivery,2026-02-18T14:12:32.826798
8818b9d8-6ef3-494a-a8e8-acef8b58e8ef,CUST000215,Fashion,3,1832.2,5496.6,cash_on_delivery,2026-02-27T13:36:17.066609
2466b64a-e086-4839-974a-a820fb381df8,CUST000120,Sports & Outdoors,1,935.17,935.17,wallet,2026-06-11T18:53:06.844758
bbc22371-38ad-41db-bbc7-392890472932,CUST000050,Beauty & Personal Care,5,626.42,3132.1,wallet,2026-05-10T08:22:39.084838
e0d41808-e90e-4bbe-ae75-7e9c96bca653,CUST000427,Books,1,923.71,923.71,cash_on_delivery,2026-07-10T02:29:20.556604
9edfeb92-38ca-4380-8b65-ef3f2f050cfc,CUST000673,Beauty & Personal Care,4,1345.26,5381.04,debit_card,2026-04-16T00:47:13.007453
775c109d-792f-4793-ab5b-ef30562e85a4,CUST000012,Electronics,3,657.09,1971.27,credit_card,2026-03-06T21:35:59.346914
efd88f75-8070-4e76-9fa5-0c6025e79295,CUST000326,Fashion,2,108.76,217.52,upi,2026-06-02T23:30:26.963554
347b316f-5cf6-4448-bab5-66116b8b954a,CUST000023,Toys,5,1446.96,7234.8,wallet,2026-05-24T11:16:40.164111
482afbac-b5f2-43f1-9e3e-aef8b1a8190a,CUST000130,Books,1,141.94,141.94,debit_card,2026-03-06T19:23:41.879992
6246fa28-14ed-4138-926a-5b66eb486de5,CUST000244,Groceries,2,1833.39,3666.78,upi,2026-05-22T10:13:11.543957
692fc2ab-9401-4be4-8cbc-d017484eed59,CUST000635,Home & Kitchen,1,682.53,682.53,cash_on_delivery,2026-04-18T04:57:51.873540
3a629f8a-07e0-479e-9590-87e0794d0a2c,CUST000344,Toys,3,1418.94,4256.82,cash_on_delivery,2026-06-04T13:16:41.258188
0a23f766-e1e6-45c0-a860-567fc911172b,CUST000721,Fashion,1,1546.97,1546.97,upi,2026-07-28T05:56:07.855973
bd394a11-c181-41ab-a84f-3e3433450d1d,CUST000224,Beauty & Personal Care,1,768.72,768.72,credit_card,2026-07-19T03:13:16.183924
76c846cf-0eb8-46b1-9e2f-28d79fe79008,CUST000410,,2,332.23,664.46,upi,2026-06-15T10:53:59.606110
e4420bb3-5518-47d8-ba4b-5eeeb1f89057,CUST000054,Books,5,977.33,4886.65,wallet,2026-04-30T07:02:55.491135
b25c2ae6-ba01-4bd5-bd58-a7bdca4675a3,CUST000713,Home & Kitchen,1,570.54,570.54,credit_card,2026-02-20T13:03:55.859222
8b47b4c4-6c8a-4250-a6d6-9792a318df45,CUST000587,Sports & Outdoors,3,844.93,2534.79,upi,2026-04-23T00:37:19.648488
302333ba-de15-4213-abe4-9664d706dba0,CUST000328,Home & Kitchen,3,659.87,1979.61,upi,2026-06-28T03:29:43.392356
c0ca217b-aced-4980-9490-1404f4386a78,CUST000464,Fashion,5,1762.39,8811.95,debit_card,2026-04-25T21:19:42.461756
c2f72c98-f57f-41ff-bde1-5bb7551ce87c,CUST000272,Books,4,147.41,589.64,debit_card,2026-07-05T15:19:24.408812
5b0255cd-3948-4477-b5a5-10a15df95d39,CUST000047,Books,4,1377.16,5508.64,debit_card,2026-05-14T20:06:06.376662
c2242476-611c-4bfc-abdb-ba03d092a43c,CUST000353,Electronics,3,1856.12,5568.36,upi,2026-07-09T08:34:34.526103
8fd7bbc5-6435-4147-bcd1-a7c4abac4523,CUST000346,Groceries,4,1454.63,5818.52,cash_on_delivery,2026-08-01T07:09:23.731087
23d50651-580e-42d1-add8-743aa847005e,CUST000353,Toys,2,960.86,1921.72,cash_on_delivery,2026-05-30T03:57:37.339611
4a04fafa-e82f-4ea6-bf74-9f19aec45875,CUST000441,Books,5,677.94,3389.7,credit_card,2026-07-23T21:19:36.527888
b9275f90-3ffa-423e-b5c5-fcf15c3d5009,CUST000571,Toys,N/A,1915.44,1915.44,credit_card,2026-03-17T11:48:34.058990
a8523c18-a166-4430-b410-3b91c73aafb2,CUST000404,Toys,1,1279.57,1279.57,debit_card,2026-06-12T20:10:14.631367
6c4f7886-e5a3-44aa-8ec1-fd8a662ea09a,CUST000635,Home & Kitchen,2,947.08,1894.16,wallet,2026-04-03T14:28:58.367744
df443cb8-5ff8-4276-b642-65c68d3f56a9,CUST000420,Sports & Outdoors,2,552.27,1104.54,debit_card,2026-06-23T04:25:07.621948
fcadf782-bf7f-43f5-8d48-2f71cbfeeb28,CUST000755,Fashion,3,1365.58,4096.74,upi,2026-05-20T11:15:04.202833
a797e962-f512-4ae6-8214-6d7fe46d35eb,CUST000631,Sports & Outdoors,3,1701.93,5105.79,wallet,2026-06-13T03:02:37.161814
bed024a7-4769-4daf-a586-61006a75dc21,CUST000216,Beauty & Personal Care,3,1773.2,5319.6,upi,2026-04-02T10:57:27.004327
a6fe5fb6-cd08-49d3-84c4-a0ddc5fa816e,CUST000679,Books,2,447.45,894.9,credit_card,2026-02-22T11:42:45.076129
5e65f464-ab83-43be-aec5-89259b8821d1,CUST000560,Home & Kitchen,2,1636.57,3273.14,upi,2026-02-18T16:54:25.410072
7bd6fc6d-012d-4f8c-b3bf-7cff1f3301b6,CUST000387,Electronics,1,346.89,346.89,wallet,2026-08-05T07:06:45.874069
e9315761-c475-455f-bc47-99ec07abc01d,CUST000283,Electronics,3,1963.6,5890.8,wallet,2026-07-21T08:42:01.411454
72df6374-caec-42e7-92a2-c708914505ec,CUST000103,Fashion,5,282.71,1413.55,wallet,2026-07-15T23:10:24.039279
c371f156-8671-45cd-a238-a4a1751b50d5,CUST000421,Beauty & Personal Care,5,542.37,2711.85,credit_card,2026-07-09T22:02:12.458933
0a8b8d89-a16e-46b2-9b42-26d13c85e137,CUST000633,Toys,4,996.78,3987.12,credit_card,2026-06-22T20:08:43.884275
ef314ce2-8140-410c-b124-ebf481497127,CUST000500,Home & Kitchen,3,1939.05,5817.15,upi,2026-03-30T01:46:24.355568
8dbe9b23-1a07-44b9-aa6b-33398414f589,CUST000162,Books,2,1708.39,3416.78,cash_on_delivery,2026-04-18T20:10:35.702845
517ebaca-69dc-42c9-8f3f-939cc3720148,CUST000143,Sports & Outdoors,1,1495.45,1495.45,upi,2026-02-16T19:34:33.656196
bcf0dbfe-7b56-493a-b2a7-1f754006b0f0,CUST000509,Sports & Outdoors,1,549.67,549.67,debit_card,2026-04-22T18:49:49.250164
488ca80e-35a7-4fdc-a0c6-6596896a4c68,CUST000248,Books,3,1655.0,4965.0,wallet,2026-08-02T04:10:01.758579
9e179afd-9c76-416e-95d7-93a4c90da7a2,CUST000337,Toys,5,672.8,3364.0,debit_card,2026-07-06T16:38:59.571898
acae4562-f839-41d3-b2d5-23b80d7e132c,CUST000557,Toys,5,691.35,-3456.75,wallet,2026-05-20T18:36:55.456175
b132f7cc-062b-4322-9a48-d53b1121f047,CUST000037,Fashion,1,980.34,980.34,cash_on_delivery,2026-04-27T02:17:30.366918
72cc1175-5233-4394-84c2-70e0c06d2cb4,CUST000572,Fashion,3,763.38,2290.14,credit_card,2026-05-03T11:22:58.901025
87360a6b-ba54-4c7b-a5b7-d20acd6eb068,CUST000754,Electronics,5,625.04,3125.2,wallet,2026-02-17T15:14:10.103144
0905a225-c5b8-494d-8709-eea7273667e3,CUST000330,Sports & Outdoors,2,1129.8,2259.6,debit_card,2026-07-03T07:44:11.651000
131c04c2-d02b-4388-9b80-63ffa8284fd9,CUST000652,Sports & Outdoors,4,358.81,1435.24,debit_card,2026-06-19T23:43:35.823109
8ca151ab-4bba-426b-a41c-aadd565d7159,CUST000302,Beauty & Personal Care,3,873.09,2619.27,upi,2026-04-16T08:20:32.564276
06b44e44-61ae-454d-80ed-2537b4541e53,CUST000269,Home & Kitchen,4,1565.0,6260.0,credit_card,2026-08-02T03:09:52.926929
11016d08-2480-4647-8bb8-e08909077fdf,CUST000663,Beauty & Personal Care,1,1187.1,1187.1,upi,2026-07-07T05:40:54.468185
d29f49f8-d6af-4e57-9f74-d9dedefd40e1,CUST000181,Home & Kitchen,5,1347.44,6737.2,wallet,2026-06-10T14:25:22.635171
f06c7133-e789-4c67-84a6-f936c5dd646c,CUST000329,Books,3,1743.5,5230.5,debit_card,2026-05-11T12:33:47.985293
99f2c389-b37a-4f0e-b89f-112eb6d7d27e,CUST000394,Beauty & Personal Care,5,1205.59,6027.95,debit_card,2026-03-22T01:53:45.208942
05e7a357-7c86-4dea-947b-c6ff5352248a,CUST000080,,3,1889.04,5667.12,upi,2026-03-07T19:21:11.101465
1bfb96a7-dff8-41bb-92a4-5d94a2b4d53b,CUST000077,Home & Kitchen,3,1517.54,4552.62,wallet,2026-06-05T04:21:07.204490
6525492c-5a5a-49fe-8f67-7603c3fe14fb,CUST000110,Books,3,854.66,2563.98,wallet,2026-05-31T10:05:07.922240
d78eb083-ea48-4576-8e91-801d50d8227a,CUST000249,Sports & Outdoors,1,1437.12,1437.12,debit_card,2026-05-17T23:17:34.436436
99df6450-73f0-4c1d-8787-3ec5c27f08d6,CUST000346,Beauty & Personal Care,4,1369.69,5478.76,wallet,2026-05-19T16:09:02.853297
48ccacd2-1909-4baa-a944-4946f6a23522,CUST000517,Home & Kitchen,3,1465.31,4395.93,upi,2026-04-03T08:51:36.267089
d1ffb1b8-4877-48d4-8296-ba8c79f03e1a,CUST000422,Sports & Outdoors,1,1035.43,1035.43,upi,2026-03-26T02:54:40.206515
6692ef59-20e7-47ff-bbc1-51d0235fc500,CUST000266,Home & Kitchen,2,629.97,1259.94,cash_on_delivery,2026-07-18T14:07:24.019109
79d8848d-6a22-4f51-8b19-10867fa1b52e,CUST000111,Beauty & Personal Care,4,1443.16,5772.64,upi,2026-04-30T17:11:33.514472
b29b0376-2619-462d-939a-a8cd3e75bb74,CUST000107,Toys,5,1103.76,5518.8,wallet,2026-05-05T08:38:45.341972
2a3ce5f5-42ab-4cdb-8ce3-2822720a1c2c,CUST000081,Toys,1,1603.03,1603.03,upi,2026-03-19T08:44:36.744012
cdbd3f22-6c42-4d46-92f2-ba251d2d59c0,CUST000175,Electronics,1,335.98,335.98,upi,2026-03-07T18:05:17.121032
49bbf997-4984-489d-b581-c43772a73583,CUST000117,Fashion,5,1343.6,6718.0,credit_card,2026-07-05T03:51:04.112163
a7911fd0-5145-4bd0-9dc3-e64a48b8195a,CUST000225,Fashion,5,1043.61,5218.05,debit_card,2026-05-02T05:07:48.835134
5bb0c953-932d-4555-ab1d-8308d8465541,CUST000001,Home & Kitchen,2,814.06,1628.12,upi,2026-02-25T01:25:07.770338
b97e4933-8ac8-4648-b404-2e59cf74b832,CUST000761,Toys,2,1374.21,2748.42,credit_card,2026-02-14T05:35:05.882875
36a620df-b9f1-4289-9bd8-ccf8c9f32e20,CUST000741,Home & Kitchen,3,1913.39,5740.17,debit_card,2026-03-12T06:48:25.425908
c165dacc-8e0b-4798-87cd-0a331453f51a,CUST000525,Books,1,916.31,916.31,wallet,2026-02-17T09:26:04.238942
4f9bb3c5-72be-44cf-9745-32bdd8d71147,CUST000489,Beauty & Personal Care,2,301.47,602.94,upi,2026-04-20T16:35:15.767826
9c12131f-0856-497b-9603-45f17d0e01d5,CUST000711,Books,2,324.73,649.46,credit_card,2026-05-18T07:26:28.758377
9171a016-a925-472e-b83a-35ded44bbb5c,CUST000102,Sports & Outdoors,1,661.89,661.89,upi,2026-03-15T00:55:35.144953
72492672-8e64-4d9b-bcb8-719680a98b72,CUST000652,Home & Kitchen,4,234.98,939.92,credit_card,2026-06-24T08:16:57.764264
e4e11fc4-0e99-4207-afcf-c02bed4a36cb,CUST000275,Home & Kitchen,5,1953.44,9767.2,credit_card,2026-05-26T16:23:52.055121
6481fbab-fcc6-424a-931d-f850a55c6a60,CUST000698,Books,2,112.7,225.4,debit_card,2026-04-28T16:06:15.666296
8a0df0c9-fe80-4c99-9b7d-11752ebbc17f,CUST000141,Beauty & Personal Care,4,109.1,436.4,upi,2026-06-23T18:10:29.534679
e04f80ce-a079-453d-acdd-e156c8145d82,CUST000763,Home & Kitchen,1,375.22,375.22,credit_card,2026-07-23T02:10:49.011974
3a001fb6-6057-4f2e-b31e-3e22f0005879,CUST000327,Groceries,1,990.34,990.34,wallet,2026-05-24T11:44:14.304374
5266bb02-7952-4c3f-9af1-2dfd9ba1edc7,CUST000021,Home & Kitchen,4,621.15,2484.6,debit_card,2026-04-29T18:28:05.978816
d148b86d-8b5e-4d99-a180-091bed5d7aab,CUST000723,Home & Kitchen,2,1378.99,2757.98,debit_card,2026-06-13T22:29:40.539196
a35a5036-eaf0-4396-b90a-b26f65c8b3ec,CUST000734,Toys,2,998.56,1997.12,credit_card,2026-04-19T08:16:22.573709
49b2cc6c-9e72-4095-bcd7-a917191f885f,CUST000019,Beauty & Personal Care,4,1735.48,6941.92,debit_card,2026-05-17T14:23:26.566918
88449654-2076-4eae-bf54-cb0f3503db7e,CUST000772,Fashion,3,1918.82,5756.46,credit_card,2026-03-13T03:45:19.673610
ce91bf90-52f6-4171-9c1f-1b0b9a30c1c5,CUST000134,Home & Kitchen,4,1626.64,6506.56,credit_card,2026-04-16T17:27:27.947630
af707544-f97e-4fff-b036-2e893abb6cae,CUST000704,Sports & Outdoors,1,820.65,820.65,debit_card,2026-02-25T05:54:45.885372
7c4a60db-1e95-4f2b-8062-e17fef8a0b27,CUST000264,Sports & Outdoors,3,95.58,286.74,wallet,2026-07-12T14:19:49.367075
f2580185-482a-492f-af02-3f1b2e3985e0,CUST000047,Books,2,944.1,1888.2,wallet,2026-07-03T19:17:17.623059
d30c2b96-ab80-4d01-8631-65e5ddc885c4,CUST000400,Electronics,3,368.25,1104.75,wallet,2026-03-07T23:05:11.890732
cb9c9259-9e97-4f3a-a755-b71f4a377636,CUST000681,Groceries,3,176.47,529.41,cash_on_delivery,2026-03-14T19:53:17.376173
dd1326cf-20f9-4d7c-b86f-24f2b7d85c63,CUST000719,Books,3,697.11,2091.33,debit_card,2026-07-27T04:30:53.829051
831ccb73-cf78-4a3a-9e25-0243b3e6cab6,CUST000232,Fashion,5,298.07,1490.35,credit_card,2026-02-13T02:18:36.688529
72344e83-f189-4260-8b3e-1b8592de73e4,CUST000690,Electronics,5,1404.64,7023.2,debit_card,2026-02-21T05:51:05.324078
f8046ac8-d4b8-4442-a215-4a361122cdcc,CUST000103,Books,4,1886.39,7545.56,upi,2026-03-19T18:45:29.808707
fe625656-d933-4c2a-9ce0-d0389d4430e0,CUST000423,Toys,5,1338.13,6690.65,wallet,2026-06-08T01:34:04.521419
2eb5c6f0-039e-4ba0-a8b4-20f15c1ff6dd,CUST000221,Toys,3,1674.79,5024.37,credit_card,2026-04-13T13:16:51.020480
c588ef18-c4d0-41de-ad90-026cc21eaea3,CUST000625,Fashion,4,1431.14,5724.56,debit_card,2026-07-15T11:37:39.446148
023001b9-9063-4cd8-bc52-9ac6a6025855,CUST000614,Sports & Outdoors,5,1704.76,8523.8,upi,2026-07-04T01:50:18.512412
6220c862-131c-4721-b7a5-fb3a1ae9442a,CUST000282,Groceries,2,19.85,39.7,cash_on_delivery,2026-03-21T12:07:21.317895
74a535ee-d200-42ce-b7f7-8b8cce3f980e,CUST000026,Fashion,1,1865.49,1865.49,credit_card,2026-04-29T13:11:41.542184
95dfd504-cb9d-44a9-93d8-09cb94f310f9,CUST000581,Fashion,2,1641.7,3283.4,cash_on_delivery,2026-07-23T15:22:26.876840
d43636bf-df33-45e8-b00f-c3390bf211c5,CUST000246,Electronics,N/A,1788.73,3577.46,upi,2026-07-24T01:05:26.620334
856e0470-63bf-40d2-9eb6-72d146f1185c,CUST000235,Toys,2,1573.68,3147.36,wallet,2026-03-03T15:55:31.186514
7424e160-6ae3-4457-bd55-46e2e4505172,CUST000741,Fashion,5,92.8,464.0,credit_card,2026-07-25T22:31:27.299668
6566d437-5a06-48eb-8fe4-a94e8ce17398,CUST000430,Home & Kitchen,3,1326.65,3979.95,wallet,2026-07-23T17:37:42.537679
c72de898-bb24-4721-abb3-a6a4ededf662,CUST000296,Electronics,2,533.7,1067.4,debit_card,2026-04-17T13:34:04.582219
a23ff863-20a9-429a-ba96-7f34dd010e65,CUST000181,Books,5,580.37,2901.85,upi,2026-06-14T03:04:31.562267
2bad28ce-5d86-4f5b-9c31-35b97186be24,CUST000609,Beauty & Personal Care,N/A,79.56,397.8,cash_on_delivery,2026-04-15T04:38:01.769899
24f215ff-09bf-47c7-82b0-9fef04a1588c,CUST000166,Toys,2,1298.33,2596.66,credit_card,2026-07-10T06:29:24.629987
3f496e80-f564-42a5-ab55-153fe06750e7,CUST000410,Home & Kitchen,5,1812.02,9060.1,cash_on_delivery,2026-04-01T17:06:52.913138
552c05c3-a63f-4112-b612-4127825bc881,CUST000380,Fashion,1,1560.13,1560.13,credit_card,2026-07-21T23:43:09.228277
de65a7cb-32bc-42d6-bf90-3100e2b339d8,CUST000336,Toys,5,923.11,4615.55,credit_card,2026-03-09T11:59:29.696684
0983a6db-4d1f-4693-b4fa-56f28a599b4f,CUST000324,Beauty & Personal Care,5,394.07,1970.35,upi,2026-07-18T03:31:10.265370
2e6a82b4-e215-4925-81d9-4414ce967f42,CUST000062,Fashion,5,1324.68,6623.4,debit_card,2026-06-28T20:48:49.010518
89943484-464f-4937-b83c-fd6725d8df6d,CUST000594,Groceries,4,862.22,3448.88,credit_card,2026-03-06T10:09:20.502226
9d2b5cc5-399c-4715-b444-f0fc97119c75,CUST000112,Home & Kitchen,N/A,1586.46,3172.92,debit_card,2026-03-11T18:20:24.704861
863c3618-857f-45df-b65c-f577c5fc1e49,CUST000412,Beauty & Personal Care,3,1390.93,4172.79,cash_on_delivery,2026-06-03T07:19:45.765249
ce560a50-0754-4f34-aaac-c1f429574d32,CUST000294,Electronics,1,689.83,689.83,upi,2026-05-03T21:11:40.216324
35dd82ff-1ab5-4cb4-9f8d-75ce40ce3de5,CUST000038,Beauty & Personal Care,1,1375.22,1375.22,upi,2026-06-17T23:51:25.224289
012fc1fe-7a67-4fed-94b7-18c2f68eb6ac,CUST000309,Groceries,1,1683.74,1683.74,debit_card,2026-07-03T18:48:37.252104
18e254fb-bcc0-4996-b67a-1cadf99fd17b,CUST000103,Home & Kitchen,1,999.93,999.93,wallet,2026-03-12T11:31:46.330281
e9eaa043-693e-41e7-9803-5335df2097d7,CUST000284,Books,3,565.26,1695.78,upi,2026-03-17T00:45:22.926346
7983376e-5ec9-4869-a797-b26d80d91905,CUST000533,Groceries,1,613.85,613.85,upi,2026-04-12T05:40:13.688615
b37d200b-ae51-497e-b07c-55e6ca419995,CUST000097,Toys,4,1921.68,7686.72,wallet,2026-05-29T13:31:48.492753
f1e28225-ff36-4d65-8e8b-d8ca4a977f14,CUST000359,Toys,4,1989.3,7957.2,credit_card,2026-04-12T23:53:07.590075
ca117d5b-8517-4a90-9869-e1429b38ec21,CUST000202,Beauty & Personal Care,5,292.07,1460.35,wallet,2026-02-27T13:48:48.348141
96948257-69ee-4f77-994a-96f5fe824b9d,CUST000129,Groceries,1,929.9,929.9,credit_card,2026-03-20T21:40:56.988193
1b9e1c6f-8f65-471d-8e24-4759eb2d708a,CUST000384,Fashion,1,759.97,759.97,credit_card,2026-07-04T05:33:14.890256
51547c4e-e51d-4a6b-be63-faee3e2d04ac,CUST000321,Beauty & Personal Care,1,1582.55,1582.55,upi,2026-03-08T16:06:37.626125
57372379-2dcb-4552-a321-2b4b9855f26a,CUST000227,Sports & Outdoors,3,450.54,1351.62,cash_on_delivery,2026-05-22T16:32:21.003354
8fb20632-3acd-47a1-bf7a-290068fabe25,CUST000538,Books,5,959.25,4796.25,credit_card,2026-06-30T11:49:39.441019
6fa49a46-bd91-4467-8e45-052d4b563bae,CUST000628,Home & Kitchen,1,837.61,837.61,credit_card,2026-08-01T03:11:24.013989
80f97e69-3795-40c2-9a08-70081fc6b4d4,CUST000581,Beauty & Personal Care,3,110.46,331.38,debit_card,2026-07-08T16:48:42.398021
583cdc85-8a67-4ff0-a517-5b1eb5f6f887,CUST000583,Beauty & Personal Care,4,1837.41,7349.64,upi,2026-05-22T12:25:50.359698
026d0033-9e96-4c73-95b5-19afc8ef4951,CUST000546,Fashion,2,92.4,184.8,cash_on_delivery,2026-02-11T11:42:57.778379
96da1ebd-704c-4853-a8c0-27d50b2a35a0,CUST000260,Groceries,4,379.15,1516.6,debit_card,2026-07-27T22:09:27.765257
c5d79fab-4e80-4c14-a05d-f6c097528ea7,CUST000171,Electronics,3,1916.4,5749.2,wallet,2026-07-30T13:00:51.263238
7e0a2781-d7a0-4ea9-8028-ebc52c4578d9,CUST000029,Electronics,5,228.77,1143.85,wallet,2026-04-15T01:47:01.360633
9f633779-5fde-4b76-9d1c-350da5868f18,CUST000006,Sports & Outdoors,5,1787.27,8936.35,cash_on_delivery,2026-06-02T02:12:17.906497
51e6be36-84f7-4c31-ab97-991eb9d1b97c,CUST000171,Groceries,2,1617.88,3235.76,credit_card,2026-06-20T14:44:33.453794
0e3d5c6c-66de-40b9-93d5-811f13efc26c,CUST000775,Fashion,1,1907.26,1907.26,debit_card,2026-04-27T17:08:55.703967
03ae5905-e110-479c-af7d-4513b3634184,CUST000242,Home & Kitchen,1,1728.06,1728.06,credit_card,2026-06-13T23:42:06.510804
b2e52f90-3c2d-4785-9169-79bcb7f88a19,CUST000551,Toys,3,568.88,1706.64,credit_card,2026-03-20T17:48:31.498197
d713ca19-0a8a-4907-a640-a19f952070b5,CUST000745,Fashion,4,538.84,-2155.36,debit_card,2026-08-03T21:16:13.708294
e51e46e9-cfaa-4d98-afb3-5e2a059f9aa3,CUST000688,Fashion,2,650.91,1301.82,cash_on_delivery,2026-04-14T01:59:03.386876
31a9d184-ba1e-494f-9cac-19651bbc5909,CUST000443,Toys,3,850.36,2551.08,upi,2026-07-04T22:58:07.499062
88896ae5-8ee5-4deb-b785-f7c7cc46fc6d,CUST000214,Home & Kitchen,3,1943.86,5831.58,credit_card,2026-06-02T23:35:52.685898
db431758-d181-4fc9-9195-09ec979f2ce8,CUST000649,Fashion,3,599.62,1798.86,credit_card,2026-08-07T19:00:45.983396
2c930117-a4fb-470c-9516-f32924e2c418,CUST000244,Electronics,1,1951.41,1951.41,upi,2026-04-28T03:27:57.118414
b766fbec-101d-41e5-9c74-d1bf957862b3,CUST000535,Sports & Outdoors,2,231.19,462.38,cash_on_delivery,2026-05-16T04:08:57.248160
a9150939-bea4-40d7-9163-378fef9ceec6,CUST000092,Fashion,2,34.38,68.76,upi,2026-05-30T16:42:02.830146
26c8dad0-8791-4bba-b6ef-a6e5b11c0601,CUST000432,Electronics,3,407.97,1223.91,debit_card,2026-07-12T15:23:35.572119
53bb11e2-cd9d-40a2-9e45-03d2db913bf5,CUST000492,Books,3,1205.48,3616.44,debit_card,2026-07-31T16:00:48.905455
e0ecd7e7-89a6-44df-8bfd-74bbd2e543ce,CUST000014,Fashion,2,1271.09,2542.18,debit_card,2026-04-04T21:32:23.154759
777fa601-a3ff-4b60-885b-d01d3daa81c2,CUST000055,Books,2,690.91,1381.82,debit_card,2026-06-22T15:28:27.812969
fdbd7d8c-4dbb-4d0f-92bf-d2e17d8afaac,CUST000130,Home & Kitchen,4,1851.87,7407.48,debit_card,2026-05-25T05:09:23.396972
c4d69dd3-440c-4157-a269-8d5b4f0ada52,CUST000287,Books,1,1507.76,1507.76,debit_card,2026-03-19T19:41:28.476937
971e60d4-850d-42e2-b830-8fcd79610e00,CUST000007,Beauty & Personal Care,3,534.97,1604.91,wallet,2026-04-21T20:09:38.440459
9333b915-a14d-4293-a119-33ec563ef1ca,CUST000589,Groceries,1,1576.45,1576.45,wallet,2026-07-28T04:29:51.887791
4ed7bf58-aa0b-42ec-9014-9d8e3df70200,CUST000499,Sports & Outdoors,2,1263.91,2527.82,upi,2026-04-22T19:36:46.750127
f5858d0b-7d19-4c12-968e-d3f2a5a5c384,CUST000558,Books,2,952.33,1904.66,upi,2026-07-18T17:14:37.533465
e95f10ec-cc7d-4b94-b56a-1cefe6a8026f,CUST000375,Electronics,3,753.51,2260.53,wallet,2026-03-31T16:38:15.050208
77287be4-4290-4fa1-9f21-247fa6564a14,CUST000215,Fashion,5,1036.58,5182.9,credit_card,2026-06-18T02:40:42.855219
f63fa351-930a-4956-a4a1-dcb847226fc1,CUST000691,Electronics,1,216.32,216.32,credit_card,2026-04-20T04:49:57.892434
ea6c2785-3442-479e-9bf4-2fcad3298536,CUST000067,Electronics,5,770.94,3854.7,upi,2026-04-12T05:26:01.603625
5f77b8d3-669a-477e-ab18-f3a234e0f107,CUST000530,Electronics,2,1239.08,2478.16,upi,2026-07-19T13:37:14.550069
42a56118-ec2c-4d34-a65e-a836a52258b4,CUST000223,Books,4,1650.57,6602.28,upi,2026-06-06T04:17:54.469354
91eef6ff-d485-4cb4-99dc-7ba405d9469d,CUST000063,Electronics,2,698.93,1397.86,debit_card,2026-06-13T22:25:57.145768
fc316547-051d-4071-9a52-bd0566160cb6,CUST000404,Books,3,442.05,1326.15,cash_on_delivery,2026-06-21T12:09:07.213368
e174eec5-0174-49f1-8b22-b2ecf7d9ae0f,CUST000693,Fashion,2,1860.2,3720.4,wallet,2026-03-06T03:50:40.164509
6311a7ef-4202-4d1c-a816-cb44ab0b0f27,CUST000483,Groceries,3,1105.86,3317.58,credit_card,2026-03-21T17:03:58.600756
dcf8c298-dd72-4d5f-90c1-04569bf28706,CUST000736,Toys,5,992.32,4961.6,cash_on_delivery,2026-03-27T18:36:52.600323
4af36ab6-2222-4f8e-bb9b-b9f64b4d9730,CUST000298,Beauty & Personal Care,4,1702.57,6810.28,upi,2026-04-22T14:02:20.447330
40e354b3-d7a3-469b-9599-fbd7314af0dd,CUST000429,Home & Kitchen,1,116.82,116.82,upi,2026-07-14T04:42:44.869714
e6e58b72-318b-4e91-bb2e-de43e2506c84,CUST000594,Sports & Outdoors,1,1724.47,1724.47,credit_card,2026-06-06T02:42:13.970768
7c82aed9-c74d-462a-9e4b-90b5d7b20251,CUST000089,Toys,3,192.76,578.28,debit_card,2026-04-24T08:04:49.001528
e63af6b2-557f-4983-b151-8cf7e3e649b6,CUST000651,Books,4,1993.04,7972.16,cash_on_delivery,2026-07-26T13:37:41.403634
17be3736-546d-43a1-a603-0f65eef4b631,CUST000270,Sports & Outdoors,3,1528.89,4586.67,credit_card,2026-06-30T12:17:54.782746
22394d87-99bc-484d-9819-aa921b014649,CUST000511,Toys,3,299.11,897.33,debit_card,2026-04-11T12:19:25.068066
048e322f-38c8-4d7e-9370-d5c50a6182f9,CUST000458,Home & Kitchen,5,1783.34,8916.7,upi,2026-05-20T19:35:03.036929
7443b324-e633-4ef4-91aa-a2b9d6aa1cc2,CUST000660,Home & Kitchen,1,907.23,907.23,cash_on_delivery,2026-06-12T03:21:28.796038
f8da893a-3a93-49d9-b0ab-2a0cdc65fd77,CUST000478,Books,1,1072.29,1072.29,credit_card,2026-05-11T12:18:08.795319
ae401a2e-c69a-4a3e-9e77-2a2512740700,CUST000735,Fashion,1,586.09,586.09,wallet,2026-06-20T07:50:34.398792
8f0f0f97-6a11-4d60-b5bf-f416ec095027,CUST000297,Sports & Outdoors,4,1248.82,4995.28,credit_card,2026-06-08T15:54:55.854937
5aa9bfbb-ac03-43db-81b1-c51b6b5f3732,CUST000038,Toys,4,1317.25,5269.0,wallet,2026-05-24T09:57:14.210407
93d9b2dd-9d6c-45c5-b352-1276140ae8c7,,Toys,5,273.14,1365.7,credit_card,2026-04-02T11:23:17.293633
eaeb49b8-45d1-4bff-8061-0ad783733ff3,CUST000601,Beauty & Personal Care,2,319.68,639.36,wallet,2026-05-17T20:34:13.273036
3fb4b198-e039-4d03-adfe-756620358e28,CUST000563,Electronics,5,1870.96,9354.8,debit_card,2026-07-23T10:43:16.159581
4157e7c6-fb38-4efa-91ce-b20d2c948e3a,CUST000216,Groceries,3,1095.12,3285.36,wallet,2026-06-05T14:13:13.059062
11a7a2ea-4fee-4922-bdd6-49bea08df3dc,CUST000371,Groceries,2,651.26,1302.52,upi,2026-04-12T12:33:18.050297
35104dfa-f678-4f05-8cac-e80b8481ba0f,CUST000532,Fashion,3,326.03,978.09,cash_on_delivery,2026-08-08T16:10:07.529207
52a0a421-1b75-42dd-b9cb-3f2895c50914,CUST000083,Groceries,4,1878.08,7512.32,cash_on_delivery,2026-07-18T16:04:59.889719
d66101ff-88cf-4e3f-b92b-715500268c93,CUST000130,Beauty & Personal Care,5,1171.12,5855.6,upi,2026-04-18T02:10:29.457930
0e862a2d-0cd0-4126-9390-77de2e6e3329,CUST000332,Electronics,1,1253.78,1253.78,upi,2026-04-18T14:02:29.202323
3a42fa02-9878-44f1-aed0-46f4d53e506d,CUST000052,Sports & Outdoors,4,20.71,82.84,cash_on_delivery,2026-04-29T02:11:31.707993
2dcaa88d-1d58-45db-97fe-c127ab5f0631,CUST000634,Groceries,4,1635.99,6543.96,wallet,2026-07-27T23:00:52.034261
a101e0b0-11b6-41da-86de-a840eb6b88b0,CUST000237,Books,2,1261.37,2522.74,cash_on_delivery,2026-02-22T15:15:52.533118
3864a254-8243-4378-b3c7-7446386faaef,CUST000597,Electronics,5,1054.4,5272.0,debit_card,2026-02-27T05:12:47.759597
0c7004a0-bfab-43cd-891f-e14dc4c99dc9,CUST000764,Fashion,1,855.9,855.9,credit_card,2026-03-16T23:28:07.724459
93ae00e2-2b03-4a39-b74b-fd7541246f8f,,Beauty & Personal Care,1,110.91,110.91,credit_card,2026-06-09T11:20:28.086626
05950165-fcfe-4e0d-80b4-4f599d9a3725,CUST000616,Books,4,1105.21,4420.84,upi,2026-02-23T13:20:44.920578
a056a336-1173-4a3d-ab32-30e7b5087e83,CUST000476,Beauty & Personal Care,1,1150.65,1150.65,cash_on_delivery,2026-03-18T03:49:07.365161
55412f1f-9d75-419b-b070-4d17c9aacaab,CUST000200,Beauty & Personal Care,2,169.11,338.22,debit_card,2026-08-05T14:58:19.087728
adff4e8e-12d8-4c1c-87ac-655186b0ede1,,Books,2,1960.44,3920.88,cash_on_delivery,2026-04-08T07:51:23.692054
a4b5c643-a40a-4441-af67-fdfb9303dc60,CUST000151,Toys,2,1267.1,2534.2,debit_card,2026-03-07T17:05:48.372446
62c5506e-8fa4-40bf-878d-486a65c3d0c3,CUST000274,Books,4,184.99,739.96,upi,2026-07-05T20:57:58.679688
533e8bc3-0f6c-4f07-9ce3-6902b2656c5e,CUST000695,Fashion,2,1837.48,3674.96,credit_card,2026-06-15T14:12:55.912906
3cd36e38-4f88-4dc3-a045-6d3e5831dd5b,CUST000374,Fashion,1,1526.64,1526.64,credit_card,2026-05-03T10:32:36.355719
4d47d07f-cb08-4df6-b567-40b58c1a5479,CUST000651,Toys,2,367.66,735.32,upi,2026-02-27T02:25:34.185216
e7aa43b9-1e00-460a-8771-b9dfa20385d9,CUST000099,Groceries,4,1598.61,6394.44,upi,2026-06-04T21:37:30.226349
b94e0c6a-bee5-4724-9984-e813d838673a,CUST000250,Electronics,4,242.01,968.04,cash_on_delivery,2026-04-12T09:10:35.778382
3d88b00e-aa07-4b2a-9da9-f2afa6caa97c,CUST000799,Toys,3,1660.82,4982.46,wallet,2026-04-10T19:52:33.396727
74a15db4-98d6-4701-b4e0-993d8b15bace,CUST000585,Books,2,55.45,110.9,cash_on_delivery,2026-04-13T18:23:18.507934
0787f0c1-888b-4585-87c7-249b124b2da9,CUST000702,Toys,1,1140.54,1140.54,credit_card,2026-04-10T05:54:08.824430
6ee40396-ca82-4175-9a17-deb50564ff62,CUST000531,Beauty & Personal Care,3,1692.64,5077.92,debit_card,2026-02-25T11:46:05.759506
de787787-b026-499a-a461-e2ca415d044b,CUST000670,Fashion,4,1788.2,7152.8,cash_on_delivery,2026-03-11T04:43:42.941958
cf818c7f-aa2d-4b2f-823a-6c9bd1150df5,CUST000697,Groceries,4,1179.19,4716.76,debit_card,2026-07-24T00:34:45.802136
c7fe78bd-42fe-4fdf-85cb-ec8e1c15d302,CUST000702,Sports & Outdoors,3,297.28,891.84,cash_on_delivery,2026-03-20T02:54:07.166953
6ce95a33-e728-47de-9856-efcf1d210dcb,CUST000304,Home & Kitchen,1,680.82,680.82,debit_card,2026-06-10T05:21:57.556637
99c27cca-b5d5-4767-9e6a-e5a96eed4e73,CUST000320,Groceries,2,460.08,920.16,credit_card,2026-07-29T17:12:51.157043
b9325b93-c0b2-4319-b1d7-96e482e38850,CUST000739,Books,3,431.68,1295.04,upi,2026-06-06T20:06:12.275950
b979788e-25db-46c2-b8c9-67cbf3c86de9,CUST000415,Home & Kitchen,5,1198.53,5992.65,cash_on_delivery,2026-07-16T06:29:43.092875
8dece3a2-368f-423c-b410-ed941ce15d68,CUST000265,Electronics,1,697.9,697.9,credit_card,2026-03-17T08:15:11.307874
8e2d31ed-ca5d-4a05-9f6b-ce9603756ff0,CUST000443,Beauty & Personal Care,5,119.37,596.85,upi,2026-04-09T11:38:11.273730
64ce7e92-5401-42f1-bfd5-a67f0e386b84,CUST000450,Home & Kitchen,3,328.37,985.11,debit_card,2026-06-14T03:59:04.705493
1c55f0ce-d915-44f5-b8a0-18bde58b8628,CUST000659,Electronics,1,1827.34,1827.34,credit_card,2026-07-19T20:39:35.570327
450c7780-87f3-4485-aa36-45c18840fa3e,CUST000523,Toys,5,1350.31,6751.55,upi,2026-02-23T00:11:21.971173
2649cff6-fe03-4a1a-ba9f-857dfa91d8c7,CUST000421,Groceries,5,1876.49,9382.45,credit_card,2026-08-03T19:51:24.749259
7ade9d13-dd91-43c4-80e5-f7fa03d2b912,CUST000076,Groceries,5,314.33,1571.65,debit_card,2026-04-04T19:58:56.290290
8f39688b-0485-41b9-aadc-6b3a86fea499,CUST000792,Home & Kitchen,3,1693.73,5081.19,credit_card,2026-02-17T19:20:28.003061
1734b8f2-55ea-4769-a44b-2bd466620947,CUST000116,Books,4,803.5,3214.0,upi,2026-06-07T21:33:35.736029
d2fa8653-d4b6-43ce-9cc5-8c2a76e3dd35,CUST000207,Beauty & Personal Care,4,102.58,410.32,upi,2026-06-24T06:12:44.872235
39f87d42-bf68-48b5-b064-821233ae10a9,CUST000360,Books,5,1161.21,5806.05,debit_card,2026-05-24T21:59:16.649265
1a25421b-0774-4e18-a905-cd4088c2810a,CUST000092,Toys,2,1653.19,3306.38,debit_card,2026-03-02T23:10:44.278511
b1eb9d59-8124-4b9c-a088-8edaaeaea907,CUST000583,Toys,5,887.28,4436.4,cash_on_delivery,2026-08-02T21:56:23.482631
5030b814-d54c-490a-8597-a8a32d433565,CUST000699,Electronics,5,199.24,996.2,upi,2026-06-04T17:22:17.088533
06c8b917-5f7f-4345-a509-1cd89bfb6c27,CUST000648,Sports & Outdoors,3,1747.5,5242.5,cash_on_delivery,2026-03-14T01:40:07.511791
16771f6d-228f-424c-a6cd-944cd1c5ae17,CUST000437,Home & Kitchen,5,592.63,2963.15,cash_on_delivery,2026-07-22T13:54:24.004340
63cf78ae-62a8-40a0-99b5-da2272924294,CUST000780,Sports & Outdoors,2,1497.14,2994.28,upi,2026-05-12T15:16:33.043390
69ca44c8-577f-436b-a403-3596782be3ff,CUST000531,Groceries,4,1123.97,4495.88,wallet,2026-05-16T00:41:09.841012
8e4df01d-45e8-4cec-9401-0bfc0d587f7d,CUST000144,Toys,5,671.86,3359.3,credit_card,2026-03-20T04:13:37.970211
b34b2a3b-5a5c-446f-a6e3-92dfe9b0193b,CUST000330,Sports & Outdoors,1,1914.03,1914.03,cash_on_delivery,2026-04-20T10:56:21.910319
b215a6ab-b94b-46a0-88a5-188b281d69f5,CUST000400,Books,1,1444.28,1444.28,wallet,2026-03-19T08:42:47.570636
f70559f6-5a4a-4467-918d-065de1356aa9,CUST000650,Groceries,4,547.36,2189.44,credit_card,2026-07-19T16:50:10.385319
58b3b9fc-e3d9-454a-af99-9ba0787e2f7f,CUST000199,Sports & Outdoors,5,1801.21,9006.05,cash_on_delivery,2026-06-07T07:23:33.609354
59ae89d1-91e7-41ea-a0e8-614a4a5c2713,CUST000630,Beauty & Personal Care,3,726.58,2179.74,wallet,2026-04-25T13:22:46.897176
723036c3-bb07-44ed-86b7-f57d32be780a,CUST000514,Fashion,5,929.04,4645.2,cash_on_delivery,2026-05-01T11:59:35.898041
65ddd0f8-1b2c-4408-ad5f-e9b1b9abad7f,CUST000086,Books,2,622.19,1244.38,upi,2026-05-18T15:04:58.367806
f6a35370-5a13-4a79-99b3-3ef969173b46,CUST000485,Fashion,1,1890.4,1890.4,wallet,2026-06-09T23:40:32.325127
be2a2951-b64e-42d9-97eb-4e36b8396738,CUST000537,Groceries,3,1340.94,4022.82,debit_card,2026-04-09T13:23:02.039855
7e5645a8-dce6-46a1-98b3-ca9ff65d588e,CUST000138,Books,4,830.05,3320.2,credit_card,2026-06-06T21:13:55.426702
d30f2830-f714-40aa-a3e0-2f7d0511cf31,CUST000251,Fashion,2,396.0,792.0,upi,2026-04-19T12:44:24.163439
e078d5ff-2dfa-4dd8-a92f-921a2f7d8f83,CUST000011,Beauty & Personal Care,2,1621.96,3243.92,upi,2026-04-10T13:08:09.336371
0780d6b2-8968-41a5-b209-dde45c5d2fbe,CUST000483,Fashion,2,1731.6,3463.2,debit_card,2026-07-10T13:02:24.229062
7208453c-91a8-408b-981a-d0bf82f41802,CUST000616,Home & Kitchen,5,1488.59,7442.95,cash_on_delivery,2026-05-10T09:28:59.207726
c9f1023d-6b37-4ec9-83f6-f5a6c213b505,CUST000461,Books,1,868.88,868.88,cash_on_delivery,2026-06-05T18:27:56.529501
c17a7fe7-519f-4acf-9028-9d1ff2f32fa0,CUST000725,Electronics,3,1502.07,4506.21,debit_card,2026-05-15T14:16:08.785723
1dc7bb3d-85ec-48ae-b5bc-834dfc80ab83,CUST000092,Fashion,1,1760.01,1760.01,cash_on_delivery,2026-06-01T01:14:17.251161
2583e4d7-cb23-492b-b81a-7702eb3cfc1b,CUST000214,Groceries,2,1609.7,3219.4,credit_card,2026-04-17T11:33:24.984661
163d7c6c-b39d-4fbe-9096-c0b6a66068cd,CUST000388,Toys,5,1921.51,9607.55,debit_card,2026-02-12T07:36:04.142155
ab9ddef2-29ea-41ce-96a4-036ff4347463,CUST000067,Beauty & Personal Care,1,1336.83,1336.83,credit_card,2026-05-01T16:40:20.304170
8b2cb193-fc68-47f5-956c-46749f2429b9,CUST000713,Toys,3,1918.0,5754.0,debit_card,2026-03-01T22:13:53.517237
98c2ac84-e1b5-4f81-9329-e54e5e01c2b0,CUST000396,Toys,4,74.48,297.92,debit_card,2026-06-14T09:23:36.895906
3cf37993-e5b4-4422-8aa2-ce0c295fdb58,CUST000181,Groceries,5,1764.62,8823.1,wallet,2026-07-23T21:23:26.626034
121de8e0-d70a-4a65-814e-19d5edfa43b6,CUST000074,Groceries,5,1610.28,8051.4,wallet,2026-06-19T23:32:11.596719
cb3cd49d-8852-400f-b390-6a378be13c8c,CUST000781,Electronics,5,1334.31,6671.55,wallet,2026-07-11T19:35:26.017395
48c0838b-5828-4fb8-9acc-fa7e7059b92e,CUST000575,Toys,2,277.12,554.24,upi,2026-05-03T04:06:09.810697
a2169c3c-9781-4317-a558-8bd5613fb584,CUST000408,Fashion,5,1522.53,7612.65,wallet,2026-06-27T09:25:35.638915
329acbcf-b141-4561-ba0f-1bdcb68f1e7a,CUST000040,Electronics,3,24.66,73.98,wallet,2026-04-01T06:04:46.128636
ede7cdc3-7abd-46b8-bdd2-1fe0a941c229,CUST000564,Home & Kitchen,5,355.66,1778.3,credit_card,2026-03-02T23:58:29.125988
c4628f0c-afcd-49fd-ae3d-a70c49a17d39,CUST000482,Electronics,3,1902.86,5708.58,upi,2026-04-21T21:52:51.039385
819acd8f-c0ea-4ecb-9f64-4c8eef14c43c,CUST000093,Electronics,5,763.8,3819.0,upi,2026-04-29T22:58:42.385860
67d00162-f169-47e6-a805-5c82d6d95a2d,CUST000371,Beauty & Personal Care,2,616.79,-1233.58,wallet,2026-03-11T18:26:43.471415
469d5ba1-2df7-4a8f-bff8-9f7b0d529c81,CUST000265,Electronics,5,376.16,1880.8,debit_card,2026-04-06T15:28:08.599261
0635ea5e-17f8-4380-9de4-67c457073baa,CUST000105,Electronics,5,183.79,918.95,credit_card,2026-05-31T22:32:31.946340
bc24b2c3-790d-42a0-9482-ec8e9a52dd31,CUST000782,Beauty & Personal Care,5,1651.5,8257.5,wallet,2026-03-25T17:17:29.157807
652aefcd-8b8f-4903-a6d7-281f3ae27afa,CUST000163,Fashion,1,330.7,330.7,wallet,2026-07-18T22:23:29.702886
213e13c9-c917-4141-b34d-3692b10a734d,CUST000028,Electronics,5,1919.91,9599.55,wallet,2026-07-12T18:49:26.827254
6cfa2c37-bfa8-4818-84d7-db632ded2150,CUST000382,Electronics,4,647.08,2588.32,upi,2026-03-03T05:00:30.875751
a3c5da94-f27d-4963-ad66-aaef4d4a67f5,CUST000737,Books,4,1441.34,5765.36,cash_on_delivery,2026-06-21T05:02:59.783233
44df522b-804b-4d59-8d58-eb271eafb6b4,CUST000410,Electronics,N/A,371.94,1115.82,credit_card,2026-02-20T08:28:24.872345
5decc199-2953-45be-942c-5870d9619cea,CUST000314,Fashion,4,1737.76,6951.04,credit_card,2026-04-17T18:07:28.783734
ca003030-29d0-48cb-892b-00bde760d5d2,CUST000474,Electronics,2,663.85,1327.7,credit_card,2026-02-23T21:39:39.874849
bc2603ba-6600-41be-8664-39ffaf31e3bf,CUST000571,Books,1,1644.94,1644.94,wallet,2026-04-08T03:03:21.237469
a5fed2ec-f74c-4586-91ab-399bb3f8c3eb,CUST000554,Beauty & Personal Care,3,1371.04,4113.12,upi,2026-03-24T20:38:58.719782
86b68650-1d6b-446f-abea-c95c4121862e,CUST000460,Groceries,5,406.67,2033.35,cash_on_delivery,2026-04-15T01:52:00.279238
b265e381-98e6-4295-917c-350fe98650f0,CUST000391,Beauty & Personal Care,5,1385.64,6928.2,debit_card,2026-08-04T12:20:03.078265
6d778861-16a5-41b1-9243-51cc26f04371,CUST000627,Home & Kitchen,2,117.05,234.1,debit_card,2026-03-14T17:41:47.810503
915a1781-2a8f-4b19-bd82-9eca585c0ea6,CUST000424,Books,3,709.04,2127.12,credit_card,2026-04-25T03:58:11.589045
bed995ed-5625-4cfb-8132-b4e5eebb6e29,CUST000607,Sports & Outdoors,3,161.52,484.56,cash_on_delivery,2026-03-23T05:09:36.485585
85420f9d-4ff6-4e36-8450-1cdcf6fd92e8,CUST000368,Beauty & Personal Care,1,208.95,208.95,debit_card,2026-06-17T12:40:34.039889
72bdf9d7-700e-4147-a9a0-851f841bb550,CUST000183,Toys,4,928.13,3712.52,credit_card,2026-05-20T11:11:32.053504
ca2b31e7-5b1d-41ab-8f06-260918529a07,CUST000292,Toys,5,563.92,2819.6,credit_card,2026-07-27T09:42:38.631973
edf1d89f-b104-48b2-b5bd-3c6c7655fff4,CUST000081,Sports & Outdoors,3,1323.53,3970.59,cash_on_delivery,2026-04-27T03:50:51.177301
94f7c173-3982-4cce-bffd-1bf21428d458,CUST000693,Sports & Outdoors,2,770.77,1541.54,credit_card,2026-04-08T09:22:40.383329
3bcd0844-3838-45a4-a04c-e2d356b589bc,CUST000475,Sports & Outdoors,4,1304.24,5216.96,cash_on_delivery,2026-07-27T17:56:42.003754
92c78efc-601c-404a-8377-ccc774621e90,CUST000788,Groceries,4,906.57,3626.28,upi,2026-02-19T13:26:09.283322
75001720-773d-4cad-90f8-4502d187d477,CUST000607,Fashion,1,674.33,674.33,upi,2026-03-02T11:42:31.301399
9c33a273-8115-4ece-a668-28638bf66cf7,CUST000280,Books,3,1927.37,5782.11,cash_on_delivery,2026-03-31T21:53:20.291457
e436a075-fad5-4f2f-9b46-6f0f0add59f6,CUST000322,Toys,2,1293.15,2586.3,credit_card,2026-06-11T12:13:40.275569
8943260d-62de-429e-bb76-46747d501774,CUST000731,Electronics,2,340.5,681.0,debit_card,2026-05-09T19:15:28.581646
86a5e2d7-049b-4bf5-9232-bd7eb5534b06,CUST000030,Books,2,1368.01,2736.02,upi,2026-02-20T00:14:02.354181
b1b7aace-a446-4225-a68e-3f4dd5ab1611,CUST000159,Toys,3,1263.85,3791.55,credit_card,2026-05-30T19:02:25.349777
7b5b191a-685c-4d07-97d5-525932157d45,CUST000346,Groceries,3,1775.29,5325.87,cash_on_delivery,2026-04-10T17:19:57.822283
4ddc5586-7caf-4c27-88b2-aaf4d866bc70,CUST000119,Electronics,2,374.3,748.6,credit_card,2026-08-05T08:03:35.051227
4734c6ac-a2ad-419e-ac04-690f26d0bb0e,CUST000088,Books,2,1340.17,2680.34,debit_card,2026-05-07T22:29:14.781002
d70756dc-aa96-44b2-bf89-1eac0fa6969d,CUST000341,Fashion,2,1656.63,3313.26,debit_card,2026-03-14T17:51:33.939514
43fb5516-5dc8-4641-abf7-f5b2b2454f86,CUST000687,Books,2,729.81,1459.62,credit_card,2026-07-17T22:36:03.860763
34839c1b-6836-4930-83e0-431072587aa4,CUST000706,Groceries,3,159.71,479.13,wallet,2026-08-06T14:39:15.065687
b0d8f307-11a5-4ab5-9761-6cfd308568eb,CUST000699,Groceries,1,291.91,291.91,debit_card,2026-07-03T19:45:19.089513
941232c7-608b-44cc-a48e-ee74c32ca32b,CUST000575,Electronics,3,1332.78,3998.34,debit_card,2026-04-17T15:27:31.193424
fe12cc7e-0ae2-450d-8f2b-60693793c1c8,CUST000725,Beauty & Personal Care,2,1106.54,2213.08,debit_card,2026-07-02T01:53:58.464337
d19bb1da-6714-4d58-a46f-57371e70c329,CUST000175,Fashion,2,1222.2,2444.4,upi,2026-03-26T01:32:08.174290
b6d09456-37b2-4da4-a269-78f4bca6e4da,CUST000241,Books,2,652.4,1304.8,upi,2026-03-20T22:14:32.470906
c11abb1f-d3b4-4302-b188-11266b71ac77,CUST000026,Sports & Outdoors,3,1110.27,3330.81,cash_on_delivery,2026-07-24T16:36:51.040369
74ce3801-d182-4454-bb01-57bc1efff09a,CUST000748,Groceries,3,563.57,1690.71,wallet,2026-04-11T13:21:16.272627
9ccecfe9-02d7-41ac-acd5-d1de7dd8acec,CUST000412,Fashion,4,1646.06,6584.24,upi,2026-03-29T04:24:27.479369
1e5f4853-e1d3-4ef8-a162-56318065d7af,CUST000347,Sports & Outdoors,2,1511.16,3022.32,wallet,2026-06-02T21:46:27.958839
49c62cd9-dc0f-4208-8f04-7a7d2bfe007b,CUST000775,Groceries,1,40.74,40.74,debit_card,2026-02-25T00:38:23.788825
e1680539-6448-4f76-a080-ac8cbd52cfcb,CUST000105,Fashion,5,1951.69,9758.45,cash_on_delivery,2026-06-04T22:25:32.248388
a4a76460-fcb6-438c-abe4-3ff650775906,CUST000121,Home & Kitchen,5,1611.8,8059.0,wallet,2026-06-25T21:41:36.133435
9c135d83-7162-47dd-9754-1a67e5537fc1,CUST000208,Toys,3,1622.67,4868.01,credit_card,2026-06-28T07:45:40.218214
e550ffab-e0c4-4152-b832-76f029673456,CUST000434,Groceries,4,1030.93,4123.72,credit_card,2026-05-23T14:50:33.972363
5abc6374-f409-4b33-8079-518609f3324f,CUST000383,Fashion,2,1409.57,2819.14,cash_on_delivery,2026-05-06T16:54:33.560347
04d679a6-0141-4fb8-835a-ee1f6c821683,CUST000397,Beauty & Personal Care,3,1327.65,3982.95,credit_card,2026-02-13T15:11:38.438350
fb03812c-152e-427d-8b0c-d1187f352737,CUST000715,Books,2,1461.27,2922.54,credit_card,2026-07-15T20:50:53.914899
81d71923-b943-44a4-af68-e569addd9890,CUST000215,Toys,3,1918.19,5754.57,credit_card,2026-07-21T18:28:20.470083
7afcb71c-2ad5-4d80-b7ff-a5722e8a75d5,CUST000215,Home & Kitchen,2,50.57,101.14,wallet,2026-04-06T17:20:33.914443
4d523026-f017-461e-93ed-857d10f0233e,CUST000323,Groceries,1,98.47,98.47,upi,2026-04-26T01:38:42.552852
fc5099aa-a0aa-4c85-8c2f-01eb993775fd,,Beauty & Personal Care,1,700.03,700.03,upi,2026-02-17T01:15:35.531801
9e2a904e-b624-43ef-9671-912e1efc4add,CUST000232,Books,3,773.84,2321.52,upi,2026-07-29T08:18:51.046657
d15d1a8c-cf44-4596-8a14-672f343fda06,CUST000262,Groceries,2,678.1,1356.2,cash_on_delivery,2026-03-04T18:22:23.273052
6e473caf-3a59-481b-b3a3-86d03c466478,CUST000085,Sports & Outdoors,3,1579.06,4737.18,debit_card,2026-03-07T02:55:45.049083
11952140-04af-4e23-8720-fc34bd849826,CUST000500,Beauty & Personal Care,3,877.71,2633.13,credit_card,2026-03-16T15:23:43.731981
f91c0218-1fd0-4f79-a788-deedc64eeca7,CUST000622,Beauty & Personal Care,2,681.24,1362.48,cash_on_delivery,2026-04-08T17:15:42.647025
ccef91f6-fcd4-4bf8-8d64-612622aaee02,CUST000330,Beauty & Personal Care,5,678.82,3394.1,debit_card,2026-05-28T07:50:42.941564
3852c0dd-d4c2-47b5-93e6-1abad077027f,CUST000670,Electronics,5,92.0,460.0,wallet,2026-06-18T23:38:03.743904
dbd07794-a194-46ee-b91a-1384b7b1f0d0,CUST000619,Electronics,2,1157.99,2315.98,wallet,2026-04-16T19:17:32.635927
4c4f15c7-1182-4afe-826a-60e49cd17dd1,CUST000674,Fashion,1,1927.89,1927.89,wallet,2026-06-06T05:42:08.592776
1bda40fd-72b8-42e3-b13f-0430af50398c,CUST000250,Sports & Outdoors,4,1043.96,4175.84,cash_on_delivery,2026-02-25T05:06:19.419662
51610126-cba4-4846-806c-290b52c905cd,CUST000051,Sports & Outdoors,3,508.39,1525.17,upi,2026-07-30T11:34:58.618553
6f854945-bcb1-4f5d-bd39-f726eb087abc,CUST000039,Home & Kitchen,3,114.55,343.65,debit_card,2026-04-25T23:57:11.584601
ba080776-1920-4064-94db-efe7cf02ebb9,CUST000136,Books,3,845.01,2535.03,credit_card,2026-03-29T19:18:16.145644
ca267230-ff15-4422-9cc2-c2c00baf4b2e,CUST000067,Sports & Outdoors,2,496.21,992.42,debit_card,2026-03-08T01:38:03.012203
5a7c66f8-35be-4367-b8e1-6025b014a2d4,CUST000296,Sports & Outdoors,3,1225.39,3676.17,upi,2026-06-15T17:53:16.854668
12cfc382-348b-4cbc-a8d6-f258cefd0bb6,CUST000758,Groceries,N/A,1490.51,1490.51,wallet,2026-05-19T09:12:39.802855
d8da858a-2f17-40ef-933c-bd1401c4ba74,CUST000438,Electronics,4,152.01,608.04,cash_on_delivery,2026-02-18T23:45:32.533115
e54ab4d1-654e-435a-ab9a-8c8dcfd5dca5,CUST000729,Sports & Outdoors,2,1110.52,2221.04,debit_card,2026-05-17T05:55:39.232595
cf538cc1-1133-4955-8bc2-a5de337bbb17,CUST000449,Home & Kitchen,5,1252.57,6262.85,credit_card,2026-04-23T23:13:41.221220
ae191602-eddf-43b1-90c7-46cdc2048f5d,CUST000786,Home & Kitchen,4,312.68,1250.72,debit_card,2026-07-08T20:27:44.884530
f14562e7-def6-4af9-af28-f12914c2b194,CUST000036,Electronics,3,357.85,1073.55,debit_card,2026-03-03T22:20:25.484111
5af45e81-8ae7-4d59-9ee2-589fba0789b3,CUST000442,Home & Kitchen,2,1206.29,2412.58,upi,2026-04-23T16:47:10.746263
c53588ef-646e-4d3b-9794-5c9a17c64260,CUST000529,Books,5,1200.72,6003.6,credit_card,2026-05-19T05:03:32.815451
3a885d65-6c5a-4c7d-8067-a3cb98606447,CUST000481,Home & Kitchen,4,1660.55,6642.2,upi,2026-05-22T20:43:39.087543
1b3cd1ac-a276-4784-80da-23481ea16f72,CUST000073,Beauty & Personal Care,1,1255.59,1255.59,debit_card,2026-05-05T11:32:19.385778
ac7e9cbd-1bbe-4b26-a204-7bd4f483e053,CUST000658,Fashion,1,966.88,966.88,credit_card,2026-03-22T20:01:45.599350
5cdce74b-d8af-4be7-a12b-2c9ce10e75c6,CUST000587,Fashion,5,273.77,1368.85,credit_card,2026-04-28T01:36:19.728077
44cb09f1-2b62-45cd-8280-96b8c391995c,CUST000246,Groceries,5,753.25,3766.25,upi,2026-05-24T08:43:24.501573
acbe872b-82be-4157-a5ed-087c571da013,CUST000602,Groceries,3,1979.5,5938.5,upi,2026-04-26T06:40:01.005013
3909b3f7-a2a2-471f-a454-6188b6a64cef,CUST000548,Groceries,1,1945.09,1945.09,debit_card,2026-03-04T16:04:10.844498
7bab367f-9026-4644-b190-cc1ced5cbf1c,CUST000670,Electronics,5,195.73,978.65,credit_card,2026-03-19T02:49:49.164394
7d353263-d2bd-4f55-9bc4-2ef763ec5c04,CUST000206,Beauty & Personal Care,5,393.52,1967.6,wallet,2026-05-05T03:24:34.671381
d0f94a10-6fbc-49a1-a07d-4e94c6578057,CUST000554,Fashion,2,574.28,1148.56,upi,2026-05-14T21:38:07.645741
c512c7ed-78e0-4a94-8334-5506331d8cef,CUST000429,Fashion,2,1595.69,3191.38,cash_on_delivery,2026-05-08T00:58:49.867269
b463b456-3478-44f2-8846-c56ff41ffd88,CUST000783,Sports & Outdoors,4,1760.86,7043.44,cash_on_delivery,2026-04-15T14:25:06.000584
9041dc81-bab2-4ba6-afef-5dd39883408f,CUST000497,Groceries,4,1256.27,5025.08,wallet,2026-04-30T03:15:13.632793
b86bc875-a7c7-4137-8a1e-4278f3aada16,CUST000127,Beauty & Personal Care,4,837.23,3348.92,debit_card,2026-05-29T03:47:32.312888
8182cddd-aeed-4cac-bf79-c26e4f3dd1ae,CUST000754,Books,3,1853.36,5560.08,cash_on_delivery,2026-06-05T01:44:38.164178
47782b85-b40c-47e1-a10e-cf68521809eb,CUST000221,Fashion,3,53.17,159.51,credit_card,2026-02-23T08:48:25.775025
98058742-518c-4f73-abbe-8e10e51be764,CUST000624,Home & Kitchen,1,494.24,494.24,wallet,2026-05-04T05:11:42.114949
bd4b2f5c-6de1-46b9-b31e-c33bd0c14675,CUST000743,Electronics,4,1910.11,7640.44,upi,2026-06-09T13:31:15.091697
b61dc1c1-0b46-416d-af6b-00e47e0adb2f,CUST000728,Home & Kitchen,2,709.25,1418.5,debit_card,2026-03-26T01:20:15.912056
b9f3f6e6-26df-4cdc-8b2a-5da16349cc0e,CUST000120,Beauty & Personal Care,2,1969.5,3939.0,wallet,2026-04-03T14:02:57.845547
2a0351a0-1126-482a-840f-c5bf9358bad1,CUST000438,Toys,N/A,1248.95,6244.75,cash_on_delivery,2026-07-27T03:54:56.573703
6783c6b7-4238-44e8-af23-19a74c283938,CUST000087,Sports & Outdoors,4,1692.37,6769.48,cash_on_delivery,2026-03-24T20:25:59.796679
99e06454-e164-4d9c-b2bc-78cb457ecf22,CUST000136,Toys,2,1451.24,2902.48,cash_on_delivery,2026-03-18T15:17:10.467422
8d1c5d67-ace7-4bdd-9917-31eb14b412f5,CUST000705,Home & Kitchen,5,550.54,2752.7,cash_on_delivery,2026-07-05T23:04:37.067797
f9f72f24-43ab-473b-b450-706f018a7b15,CUST000463,Fashion,4,589.84,2359.36,upi,2026-08-02T08:04:07.058943
ea6c9aba-fa2b-45ca-ae32-832f68d30fbb,CUST000650,Beauty & Personal Care,3,254.71,764.13,wallet,2026-03-23T05:14:24.773858
c70b04ca-8498-4be0-a79b-c023af1e7c94,CUST000081,Beauty & Personal Care,3,1813.11,5439.33,credit_card,2026-06-26T18:52:29.443962
37819595-4891-4841-ab66-6f0ad8aaf9e4,CUST000239,Electronics,2,276.9,553.8,upi,2026-07-25T12:32:31.807228
e07007ae-1522-425f-a239-01a1a3535e78,CUST000729,Beauty & Personal Care,2,1830.14,3660.28,debit_card,2026-04-24T21:17:37.842873
cc53c0a6-d63f-43c7-b4a4-6a6a5edad930,CUST000015,Sports & Outdoors,5,485.64,2428.2,credit_card,2026-07-22T01:04:00.397189
e301f3f8-8c69-4244-a3f6-efff47e2d12f,CUST000168,Groceries,3,494.4,1483.2,credit_card,2026-05-28T02:02:06.032015
8f068ebd-1b23-45cc-8b39-08f00dab7f2b,CUST000593,Sports & Outdoors,5,707.65,3538.25,wallet,2026-07-04T01:26:17.595097
6d12af39-171b-4717-8550-4f5c455e7e83,CUST000157,Groceries,1,792.97,792.97,credit_card,2026-07-14T00:50:06.990963
d3fd224d-7233-4466-9701-8a136c8e9973,CUST000726,Electronics,1,546.64,546.64,cash_on_delivery,2026-06-01T07:07:50.113281
d757d9dc-a40b-4076-95b7-7d300b277f29,CUST000640,Electronics,1,1942.43,1942.43,cash_on_delivery,2026-04-25T11:01:23.696254
71c73d63-2024-4f89-b31f-e3cadf4025a0,CUST000515,Home & Kitchen,1,838.77,838.77,cash_on_delivery,2026-03-12T16:13:15.474398
2b260241-b9ce-40ea-87e1-85e881af88b5,CUST000602,Books,5,1744.67,8723.35,cash_on_delivery,2026-02-25T00:36:21.331836
16743f53-65c7-4fac-8c18-30778b083609,CUST000754,Home & Kitchen,4,590.73,2362.92,wallet,2026-05-04T05:49:24.295706
7d5ac3f2-989b-4891-840e-c2f2e7503a4b,CUST000079,Toys,1,230.8,230.8,debit_card,2026-07-31T16:50:22.436650
90a15dc2-cba2-4184-8ddd-7142be39ba86,CUST000769,Books,4,1006.21,4024.84,debit_card,2026-07-20T15:05:45.075804
847efdc3-6e7c-4c7e-9452-b4e09d988e00,CUST000071,Beauty & Personal Care,5,219.39,1096.95,upi,2026-07-19T09:05:51.689409
0bed9aeb-2fd9-4f72-b51d-0bc5c96526a4,CUST000781,Sports & Outdoors,4,1631.51,6526.04,wallet,2026-03-01T05:29:38.554046
fcd0e2bc-379b-4f06-b1e3-324b3f68a632,CUST000752,Electronics,2,1981.4,3962.8,cash_on_delivery,2026-04-04T07:36:23.901757
dba5fc21-6158-4c26-be35-9a2d3a47a888,CUST000361,Home & Kitchen,5,1311.59,6557.95,debit_card,2026-06-10T06:27:45.934237
a04204c7-b9e9-46e2-9d5e-1bec2fb34a94,CUST000025,Toys,2,1810.39,3620.78,debit_card,2026-06-04T22:38:38.078038
c7258d9f-1e70-48e1-99f8-d42154e908a1,CUST000364,Groceries,5,16.21,81.05,wallet,2026-04-23T02:09:57.119429
000c42e1-0c53-4b39-a722-499dd3c3ad0b,CUST000113,Books,5,734.35,3671.75,credit_card,2026-05-14T16:19:35.162300
18c6ebb6-3601-4418-85b0-773090a58bd4,CUST000591,Electronics,4,1290.03,5160.12,wallet,2026-04-26T10:26:36.302885
c46935a7-d212-499c-9ccd-2a521ed35521,CUST000414,Books,2,1567.64,3135.28,cash_on_delivery,2026-04-22T17:57:49.821726
4c531bed-feac-4fd4-8fd8-845819f6d832,CUST000735,Home & Kitchen,2,31.11,62.22,cash_on_delivery,2026-04-09T10:38:26.045036
4cdfef58-affa-4b2a-8e36-e180560ae8b4,CUST000415,Sports & Outdoors,2,1091.28,2182.56,cash_on_delivery,2026-07-03T18:23:27.423651
09f89d45-ef77-4478-b958-848ad30df562,CUST000649,Home & Kitchen,3,1509.99,4529.97,upi,2026-02-24T22:32:59.286757
2b3cf3d8-1a13-4336-b3e7-6c43d990e2f6,CUST000082,Fashion,1,929.88,929.88,cash_on_delivery,2026-07-09T13:38:30.919544
eeef440c-aaa5-46e9-b146-00a19271840f,CUST000780,Beauty & Personal Care,1,1847.34,1847.34,cash_on_delivery,2026-02-11T13:02:51.865969
839e1e25-dcc5-4ff1-b08f-576e06ecdf06,CUST000770,,1,525.3,525.3,wallet,2026-07-03T18:59:57.459444
cc3b5adf-e60e-4961-8bd1-61a27b7161f2,CUST000043,Fashion,2,809.54,1619.08,upi,2026-06-22T18:36:30.711435
bd05f343-ed72-47f0-b467-7963ea23d397,CUST000510,Beauty & Personal Care,4,963.4,3853.6,upi,2026-07-26T20:15:24.235715
48511aa5-0182-4c78-87b5-79e087adf039,CUST000353,Sports & Outdoors,3,1170.77,3512.31,credit_card,2026-08-03T18:49:59.023134
2197e693-802a-4b6e-b259-8608e49da100,CUST000642,Beauty & Personal Care,1,698.97,698.97,wallet,2026-07-04T02:57:03.513973
4d9239c7-eb7d-4269-9399-4a0b935f8d3a,CUST000167,Sports & Outdoors,2,517.27,1034.54,credit_card,2026-06-19T21:31:53.046955
30bd6106-7c58-449d-89d0-63bb4ede5f3a,CUST000689,Toys,4,340.27,1361.08,credit_card,2026-05-28T06:46:57.919841
af95bc89-daee-4d7d-b92e-5cbf04cf840d,CUST000752,Toys,2,1935.69,3871.38,upi,2026-06-11T00:18:02.421685
83618d65-5d66-4ef5-9f6b-48ef36b4f8d0,CUST000559,Fashion,5,242.12,1210.6,cash_on_delivery,2026-08-05T10:51:34.011660
3a4e35d8-c5f0-445d-91a6-e257b58cb6c2,CUST000461,Toys,4,1802.83,7211.32,debit_card,2026-06-14T23:49:46.410618
97d28198-688d-4f7b-9389-0d96c522afca,CUST000153,Home & Kitchen,5,358.96,1794.8,wallet,2026-03-07T04:17:07.731644
d7916389-7c17-4f4c-9e83-6a09c08efb9b,CUST000443,Home & Kitchen,5,1588.32,7941.6,upi,2026-02-20T23:45:55.449845
0d06da97-5732-4785-9cd0-19adaabda565,CUST000191,Toys,4,94.01,376.04,cash_on_delivery,2026-06-08T19:23:08.799296
6fb36a5d-c193-4683-9d70-e81f0ee854d9,CUST000770,,3,549.66,1648.98,upi,2026-06-30T00:00:49.881068
8475b69d-fcb7-42e7-8212-b14b4f1a4a8c,CUST000215,Home & Kitchen,3,7.79,23.37,wallet,2026-03-30T12:03:06.383973
e84afceb-e53f-4bf0-99c9-ad55712c70a3,CUST000300,Toys,4,284.01,1136.04,upi,2026-06-22T22:05:27.825776
09799eec-84e9-4efc-87c9-f5d9aa38ed01,CUST000731,Beauty & Personal Care,1,1950.69,1950.69,upi,2026-05-25T03:34:21.804270
6e251dc5-9bb9-4b4f-85a8-d51a9a4c27c2,CUST000574,Groceries,3,488.42,1465.26,cash_on_delivery,2026-02-19T12:48:53.858543
c174cfc6-4f4e-4db9-91c3-a09a1a170ff5,CUST000405,Sports & Outdoors,1,475.38,475.38,upi,2026-05-29T07:20:14.651546
ed0c8526-8a22-4d64-9717-7d88a8b6089a,CUST000085,Books,2,1056.26,2112.52,credit_card,2026-03-12T21:23:04.774309
7198c5c3-8cfb-4a93-8fde-dacf7a22b315,CUST000151,Toys,2,191.91,383.82,cash_on_delivery,2026-07-11T11:24:46.753195
e68cad7f-a64e-4d12-95b1-35ea7461caf9,CUST000018,Beauty & Personal Care,2,341.61,683.22,credit_card,2026-07-15T17:51:08.852997
62a37c97-fece-467f-ae3d-5d646b4801b4,CUST000613,Home & Kitchen,1,1417.61,1417.61,credit_card,2026-03-18T18:22:08.357547
7fca3f79-3878-4ef3-9911-03f456c337b6,CUST000004,Sports & Outdoors,2,496.12,992.24,cash_on_delivery,2026-05-16T20:56:26.425586
bccf66c0-6ad9-4936-9ec3-5360a2250c77,CUST000556,Sports & Outdoors,3,232.47,697.41,wallet,2026-07-22T11:40:49.905210
ff65f056-d33c-4b09-862e-1bef6291d48f,CUST000194,Electronics,2,1310.43,2620.86,debit_card,2026-03-02T00:28:14.196423
22e49400-aaff-4c50-85e0-472ec085af81,CUST000479,Sports & Outdoors,4,858.2,3432.8,cash_on_delivery,2026-07-21T12:19:25.357726
99e2990d-2d6a-45ac-a917-1068de64ebd6,CUST000223,Electronics,3,307.51,922.53,upi,2026-07-08T09:56:28.800305
0ab07494-8b57-43b5-9b1c-c2a80059380a,CUST000608,Home & Kitchen,5,1644.77,8223.85,cash_on_delivery,2026-08-07T09:31:09.076226
36be7ed4-6d4b-4e2b-96a8-874f58f749c6,CUST000543,Electronics,2,610.17,1220.34,upi,2026-03-30T04:54:12.400542
2296e5e4-f140-431e-89cd-a455cdb06b5b,CUST000140,Books,5,402.92,2014.6,debit_card,2026-04-21T08:15:34.926085
af427f24-dec3-4dc3-b174-69129b37268e,CUST000460,Home & Kitchen,3,1611.92,4835.76,wallet,2026-02-13T18:46:59.979356
3e785938-4af2-4202-bdc4-5f920b7aa579,CUST000248,Toys,1,805.97,805.97,cash_on_delivery,2026-06-14T00:59:10.900292
d5f1763b-eb87-4178-87ef-a28f8b80c607,CUST000371,Sports & Outdoors,4,1168.98,4675.92,cash_on_delivery,2026-08-04T06:21:55.822092
2a97d3a6-a6a8-497e-af91-2d51ddba41c0,CUST000473,Toys,3,720.69,2162.07,cash_on_delivery,2026-07-25T21:43:47.679858
6a08970f-9475-455a-92f5-83e11d0d553d,CUST000364,Fashion,1,1558.98,1558.98,credit_card,2026-03-26T20:29:03.519748
7ac2a6be-0a08-41ab-b329-fd6fff049d61,CUST000689,Toys,3,282.66,847.98,debit_card,2026-03-11T03:39:19.637425
ada8b58c-8c5c-4f86-9b03-941dbd959b94,CUST000408,Home & Kitchen,3,1994.5,5983.5,wallet,2026-06-09T10:47:06.518780
d326ffec-3651-4f49-9eba-6c87708ed055,CUST000107,Sports & Outdoors,2,1035.32,2070.64,upi,2026-06-06T02:21:13.907834
6044ca93-3485-433a-803b-4470d604abf7,CUST000451,Fashion,4,1128.59,4514.36,cash_on_delivery,2026-02-25T18:11:17.380223
6fd7752e-b90b-47e8-8b77-efcdceb4d920,CUST000686,Sports & Outdoors,2,63.37,126.74,upi,2026-05-23T13:45:04.573858
6866aed7-c9b9-418d-a87f-5626d39c6403,CUST000084,Toys,4,1747.52,6990.08,upi,2026-04-14T07:38:43.474941
0b0c79f5-ea55-4033-ad29-0549b586c14b,CUST000661,Home & Kitchen,1,1732.58,1732.58,wallet,2026-06-01T00:21:17.746831
1eb5d341-b203-463b-ac62-fdb88466910f,CUST000641,Books,4,811.45,3245.8,credit_card,2026-06-22T13:29:31.590933
5b88f6be-79b4-433a-8539-2a7aeb833979,CUST000254,Books,5,1394.48,6972.4,cash_on_delivery,2026-04-25T08:20:16.619091
bc522dcb-7cf2-43a6-a745-d23689587b58,CUST000602,Sports & Outdoors,1,1664.95,1664.95,credit_card,2026-03-11T23:36:31.946744
b1befc0d-fc07-4d42-8c89-22522c36d0f4,CUST000548,Electronics,5,1147.51,5737.55,upi,2026-02-18T17:26:31.994920
304126c8-9ced-4745-8b28-01dc9d15e3cd,CUST000307,Sports & Outdoors,2,778.56,1557.12,upi,2026-02-11T15:19:37.374756
b1087fdd-cb4a-491c-a7d2-20d03ac65524,,Toys,4,704.43,2817.72,upi,2026-08-02T08:38:21.553848
f0a0db5b-cfd8-4d0b-a2cd-d56655604124,CUST000573,Groceries,2,27.54,55.08,upi,2026-05-19T02:27:44.926999
04c6a2aa-b298-41f0-b0b0-e6cfb5c0753f,CUST000674,Books,1,1569.2,1569.2,wallet,2026-06-27T02:21:46.820446
d28220ae-5425-4ce2-a7e7-663b5767337d,CUST000343,Electronics,3,1031.9,3095.7,credit_card,2026-06-24T02:08:50.466007
55d61e2c-70d9-4db5-8f97-89bd9c10071c,CUST000790,Beauty & Personal Care,1,627.55,627.55,upi,2026-04-19T12:07:08.184198
1f94489b-73da-47a6-88e5-0d053cbf6a9c,CUST000507,Fashion,3,1832.11,5496.33,debit_card,2026-04-14T08:19:30.581939
5bf30cb0-dc85-4e00-96b7-54ae9319f99c,CUST000094,Sports & Outdoors,3,1390.13,4170.39,wallet,2026-06-01T14:44:52.855918
edfc8622-5df7-4725-ab5c-13db35dd791e,CUST000572,Beauty & Personal Care,3,847.14,2541.42,debit_card,2026-07-26T03:09:35.233939
be7bcd49-836a-450d-ace4-5a0b600bfd5e,CUST000239,Groceries,2,1372.29,2744.58,credit_card,2026-03-09T23:40:51.061820
9f5c0a19-bed9-4d3a-a1fc-b546ee8c9995,CUST000469,Sports & Outdoors,4,1887.76,7551.04,debit_card,2026-07-11T19:35:50.806757
ab5a3dd8-6b43-4f4a-a2fd-3107e25e3b07,CUST000145,Beauty & Personal Care,3,385.56,1156.68,wallet,2026-06-10T03:18:48.398720
c32c7e76-c9a8-488c-aaa0-b77365c639ae,CUST000676,Groceries,3,832.15,2496.45,credit_card,2026-02-11T08:15:34.614185
d8f73be0-3619-4214-8864-b0c895a7348a,CUST000296,Fashion,4,1730.46,6921.84,wallet,2026-06-15T12:42:59.841732
d095c73b-2da4-4c6d-a37b-ac020ab0228f,CUST000461,Toys,2,1077.77,2155.54,debit_card,2026-05-05T16:26:50.497950
29da7da8-f163-4094-824e-b90a7fa6919a,CUST000249,Electronics,3,1366.69,4100.07,cash_on_delivery,2026-03-29T21:08:32.601481
086ba872-cdeb-4574-93c5-485a2616b6b3,CUST000068,Home & Kitchen,3,179.05,537.15,cash_on_delivery,2026-07-02T18:13:36.401752
a2131da2-1104-4a7b-9e81-c9e325f33130,CUST000156,Fashion,4,1477.03,5908.12,cash_on_delivery,2026-04-14T21:28:11.039903
69a867d7-c7d9-4124-888a-39dc5e8c153b,CUST000772,Fashion,1,133.98,133.98,cash_on_delivery,2026-06-12T22:36:33.170995
f6622e95-4d01-4f41-b58c-2c845b946334,CUST000454,Home & Kitchen,5,1149.97,5749.85,upi,2026-07-28T23:22:51.351769
738a3401-b55a-42c1-a5ee-d3bcada92934,CUST000432,Beauty & Personal Care,3,413.73,1241.19,cash_on_delivery,2026-06-07T12:51:34.891989
40b1c064-2abd-446d-a197-05c1f93066bc,CUST000022,Groceries,4,398.55,-1594.2,cash_on_delivery,2026-05-26T16:36:47.959151
022aa4b2-b6c6-43c8-ae22-d3f82a68d10d,CUST000070,Sports & Outdoors,4,382.76,1531.04,cash_on_delivery,2026-05-20T04:22:07.341067
701cea9d-3f4d-49ce-b9ef-35a8a6d470e9,CUST000253,Fashion,1,1882.21,1882.21,upi,2026-02-14T20:20:51.021539
cbf7ec5d-6694-4c3c-be92-c7036ff2f122,CUST000753,Electronics,4,1108.69,4434.76,wallet,2026-05-16T04:17:19.853762
19cf47ac-4730-4d61-8ab5-f06e1b9d7ab2,CUST000770,Groceries,5,6.95,34.75,cash_on_delivery,2026-05-15T07:24:32.968662
d87b0a69-35af-436e-97bb-208e111c9ee6,CUST000692,Fashion,1,414.35,414.35,cash_on_delivery,2026-03-23T20:47:26.239013
063c3e1e-bccd-4c60-9d96-ce39c12e10a5,CUST000650,Home & Kitchen,2,1363.94,2727.88,upi,2026-05-07T21:47:43.532957
5bc8aed0-6c8a-4198-be86-f90fb6f5399b,CUST000061,Electronics,5,1522.18,7610.9,credit_card,2026-07-18T19:11:09.872896
f3b0218c-dfea-4a2b-a97f-3ee600ee865b,CUST000675,Toys,5,36.38,181.9,wallet,2026-06-12T20:34:36.137273
7076df95-6e5e-4838-9683-a1b766a079c9,CUST000343,Sports & Outdoors,5,343.08,1715.4,upi,2026-07-24T08:04:46.648755
b12e3322-b150-48e2-b695-c7e8286d27e0,CUST000318,Fashion,3,299.08,897.24,wallet,2026-08-04T17:39:29.652587
9ff2e3d1-b056-4814-ae84-954d2a829a86,CUST000362,Books,5,1504.5,7522.5,cash_on_delivery,2026-07-14T22:29:11.504960
8f127f97-cff0-46ca-9d83-c99936b081e6,CUST000054,Electronics,2,1152.58,2305.16,credit_card,2026-06-05T16:44:50.949777
146292da-eb52-49b1-bfae-c9a2f01ad677,CUST000417,Electronics,3,1364.42,4093.26,wallet,2026-04-30T11:31:56.210509
e93b79b7-5710-43e6-beb1-c27c8d7f5b26,CUST000517,Toys,2,1438.49,2876.98,debit_card,2026-04-05T20:32:21.417365
57f1ec49-19e0-4f3f-8c20-b98867a7d6f6,CUST000248,Beauty & Personal Care,2,1291.9,2583.8,cash_on_delivery,2026-07-23T11:06:41.656694
e358c683-0c6d-4a2d-99df-73281629da2e,CUST000284,Groceries,4,1634.37,6537.48,upi,2026-08-04T02:53:58.665805
0110ed8e-931e-4a35-b2dc-94afee6d29e5,CUST000479,Fashion,2,593.33,1186.66,cash_on_delivery,2026-07-21T10:31:13.510431
531c218b-3002-4ae9-8a22-16ee04eeae60,CUST000651,Electronics,4,1069.93,4279.72,wallet,2026-04-13T00:32:00.542726
1a51a048-01b0-4666-8bc7-5d96f76c57b8,CUST000578,Sports & Outdoors,4,1225.7,4902.8,debit_card,2026-07-18T05:18:17.479737
273c8682-90ba-4e1a-8aed-02100adac2db,CUST000449,Toys,4,1377.29,5509.16,debit_card,2026-08-08T07:16:03.016569
d474452f-f584-436a-9212-f13cd7d17fa7,CUST000285,Beauty & Personal Care,3,512.51,1537.53,upi,2026-04-10T00:35:02.421542
9d88cdbc-300c-448f-ace5-52434bbf7425,CUST000264,Books,1,1883.45,1883.45,credit_card,2026-06-25T18:16:00.325427
37670f23-60c8-4eb5-9d32-d419d9b8162b,CUST000633,Groceries,3,1978.67,5936.01,upi,2026-06-03T17:11:25.731676
7204079a-6fba-4df7-aaa7-9b4823c3b8c4,CUST000111,Groceries,5,488.7,2443.5,debit_card,2026-06-25T07:38:25.631982
be7bd25f-5c15-4903-8b76-71732fcfdfd5,CUST000763,Toys,4,1451.35,5805.4,cash_on_delivery,2026-06-17T06:15:02.072444
dddd7198-7aec-4410-8777-e8cfaf35c8d9,CUST000717,Beauty & Personal Care,2,785.23,1570.46,cash_on_delivery,2026-08-04T02:43:14.864951
50c34191-0fa4-453b-847a-fc78c6d5739e,CUST000699,Beauty & Personal Care,4,1750.63,7002.52,cash_on_delivery,2026-04-25T22:46:08.178981
0a1ff51f-d33d-4de2-8033-98b358774d8e,CUST000432,Sports & Outdoors,1,1324.86,1324.86,wallet,2026-04-24T12:19:29.016876
0da8c712-d5e6-426f-aef1-a0aabddc2351,CUST000383,Beauty & Personal Care,2,430.96,861.92,cash_on_delivery,2026-04-25T18:19:02.469802
19ae1b9c-3f02-444c-ab11-e2dead8c3061,CUST000179,Books,5,1654.84,8274.2,upi,2026-08-06T08:22:17.977388
72a98a43-161d-44be-acb8-68ef95054694,CUST000358,Home & Kitchen,3,456.48,1369.44,debit_card,2026-06-01T20:10:32.326231
0fd182f9-0450-4d44-8759-2340868fade9,CUST000671,Sports & Outdoors,2,921.67,1843.34,upi,2026-02-14T00:37:49.585813
5a4d671c-606b-4897-bc48-6eac04e18e00,CUST000438,Beauty & Personal Care,4,276.53,1106.12,cash_on_delivery,2026-03-11T00:33:26.905478
1e7668ad-f536-4865-8273-52392fd47390,CUST000379,Sports & Outdoors,5,830.79,4153.95,debit_card,2026-04-30T02:10:32.719656
bf7c37b3-0df2-4691-b6e5-18775dfb9a59,CUST000721,Electronics,5,486.27,2431.35,upi,2026-07-17T20:51:29.422471
7ea39237-33a0-4266-bda1-af1a22ce39f4,CUST000247,Books,4,389.36,1557.44,credit_card,2026-06-13T09:54:21.653615
d7b7828e-e151-4543-904b-2ace1441ad8a,CUST000421,Toys,3,96.71,290.13,upi,2026-06-08T05:09:47.855478
2011c493-b8bf-4149-a8da-eff54966b075,CUST000524,Home & Kitchen,3,678.86,2036.58,cash_on_delivery,2026-04-20T08:35:33.116098
c9c3f9d5-abaf-458f-a31f-e70f03bef8dc,CUST000564,Fashion,1,1225.84,1225.84,credit_card,2026-07-07T19:23:27.035065
92cab744-71cf-4e90-afdd-3a3fe874849a,CUST000158,Toys,5,1798.93,8994.65,upi,2026-06-12T21:02:47.458555
cfc2e1a1-e781-4586-afd5-197986440cb8,CUST000334,Fashion,4,1838.64,7354.56,upi,2026-03-12T06:47:23.711347
22253aaa-7165-4243-a15b-44bde97e4278,CUST000654,Groceries,1,1450.09,1450.09,wallet,2026-07-18T02:23:25.667599
2aa9ae88-8c60-4f0f-8511-8200175e4713,CUST000499,Home & Kitchen,5,952.37,4761.85,credit_card,2026-03-03T20:42:41.929460
761eb11f-ae54-4f90-a5d2-9bef4b294399,CUST000200,Toys,2,725.18,1450.36,credit_card,2026-07-22T05:44:30.949681
f92d9ebe-18c2-4ce4-b054-46d6840266d3,CUST000727,Home & Kitchen,3,50.06,150.18,credit_card,2026-08-06T17:50:39.965261
4d497b13-353c-4710-927d-b021c19adb52,CUST000026,Toys,4,436.29,1745.16,credit_card,2026-04-22T00:29:06.686085
038dbc36-460e-48d8-931e-45b23356773a,CUST000295,Fashion,2,239.52,479.04,debit_card,2026-06-15T09:54:56.504045
1e59745a-c854-4e91-bd25-583fab2a332b,CUST000720,Electronics,1,1721.46,1721.46,cash_on_delivery,2026-04-13T13:19:46.240402
736b1aa7-4056-4615-a595-e2570024af92,CUST000092,Sports & Outdoors,3,1863.47,5590.41,debit_card,2026-05-14T19:07:14.051908
87b7cb33-c0cf-4182-a3b4-1b0b1fecd634,CUST000609,Fashion,2,1107.94,2215.88,upi,2026-04-27T06:19:37.939245
38f3b235-c4aa-45f0-a130-07af6961fa4d,CUST000734,Toys,2,205.59,411.18,credit_card,2026-02-22T23:05:24.242002
18a62efa-1247-416f-98dd-ca4876dbb73e,CUST000173,Home & Kitchen,3,452.92,1358.76,upi,2026-03-25T05:12:22.686990
597610ca-4d25-4b57-aff5-c5e4e48428d8,CUST000325,Books,5,365.44,1827.2,wallet,2026-04-09T07:33:12.498003
90b1e0b2-6eac-4ffd-8ea5-f9bb4cbb133f,CUST000547,Sports & Outdoors,2,227.79,455.58,cash_on_delivery,2026-06-05T10:32:35.867059
386297f1-39b0-44a0-9653-92f66b3107f6,CUST000424,Sports & Outdoors,4,367.87,1471.48,wallet,2026-04-02T20:21:17.518010
5320531f-2256-4d1f-b63b-0683d200cfaa,CUST000116,Books,3,516.9,1550.7,credit_card,2026-04-16T12:29:52.112407
2074e228-b276-4cd2-85b0-cb04fa87f032,CUST000323,Electronics,3,786.76,2360.28,credit_card,2026-05-24T16:16:05.290627
9cd9973a-5aaf-4bdf-b134-65e1d2b2d1e5,CUST000614,Books,4,1815.14,7260.56,credit_card,2026-03-01T00:31:31.078087
830d9cd1-c101-4138-ae57-6e6a305f1394,CUST000517,Books,1,1711.77,1711.77,upi,2026-04-30T06:10:11.422060
08d83184-7b80-4bda-acb7-3cb1039b3d14,CUST000370,Books,2,1957.23,3914.46,credit_card,2026-03-23T20:00:31.696335
caa9fa59-6fc6-4fd0-83d6-769a0a3ac510,CUST000306,Groceries,4,1125.86,4503.44,debit_card,2026-04-05T03:49:39.094819
883d61a2-478a-4d46-94b7-8ebf76d2ea75,CUST000753,Beauty & Personal Care,5,150.75,753.75,credit_card,2026-08-08T07:58:26.290139
4b583077-a7ba-4669-a42a-4cf8e6bfefed,CUST000471,Fashion,5,1671.33,8356.65,cash_on_delivery,2026-02-24T21:47:05.256313
fd118fb8-9a87-486b-85aa-269b61f792c7,CUST000722,Groceries,4,891.19,3564.76,wallet,2026-08-01T22:04:35.880624
9910a550-c3f3-4154-aa59-19cfad1f0f59,CUST000764,Books,1,27.33,27.33,wallet,2026-05-18T05:14:56.463842
a91c4edc-0572-42ac-acaa-ad4910e42df4,CUST000008,Toys,4,1894.18,7576.72,upi,2026-05-17T04:47:50.691376
6b9de79c-030f-49be-a3e1-26ddb3589d67,CUST000225,Toys,1,367.67,367.67,upi,2026-03-05T09:36:18.435138
acd9f2aa-0d4f-42df-9eca-4765880e0794,CUST000176,Beauty & Personal Care,2,618.52,1237.04,debit_card,2026-07-05T15:57:18.312810
b11bb0da-3d8c-4733-9d67-f6129fc37e49,CUST000387,Sports & Outdoors,4,639.31,2557.24,debit_card,2026-08-02T19:33:08.066926
b9f2795a-1e5a-4a29-8c68-cd79d6bd3279,CUST000770,Electronics,3,925.1,2775.3,debit_card,2026-08-03T01:37:53.629549
20828e52-c723-4c0d-b9bc-af34ff66bbe0,CUST000400,Fashion,4,121.07,484.28,debit_card,2026-06-28T17:34:37.748090
f1e6df09-fd8f-429e-9a2e-1edfc2d0d687,CUST000646,Electronics,5,1626.22,8131.1,cash_on_delivery,2026-03-19T04:33:00.226489
b00c9a94-17c6-4130-8807-70c2e9dfb834,CUST000145,Home & Kitchen,5,1428.49,7142.45,cash_on_delivery,2026-08-07T10:07:53.572220
e6c24579-ba21-42d1-82de-bdb9dada7df5,CUST000529,Books,2,1184.69,2369.38,debit_card,2026-03-24T03:32:48.084330
f010a24c-d8ad-4281-951e-ea30e4a615be,CUST000624,Books,2,770.54,1541.08,upi,2026-04-06T09:41:47.728589
04d447e6-a612-48cb-b6b8-c340e4cd7d9e,CUST000665,Electronics,3,1746.72,5240.16,upi,2026-03-06T22:29:13.231354
7ffbaf0b-3b49-4240-8a59-56a3a54c4652,CUST000433,Books,5,169.44,847.2,wallet,2026-04-26T14:43:07.397122
094711b9-555c-42d8-98b7-292e1c943130,CUST000428,Fashion,2,1521.88,3043.76,upi,2026-07-10T10:31:31.565686
92b12b41-47ec-4424-9551-c7c6052083ba,CUST000222,Toys,4,910.21,3640.84,credit_card,2026-07-27T03:36:02.914296
5b2e1d5b-8e52-4dda-8eb1-b3d5e359ba21,CUST000116,Beauty & Personal Care,3,1551.35,4654.05,wallet,2026-07-10T10:50:27.822183
352e7678-8413-42ea-8585-b554d60f044c,CUST000459,Beauty & Personal Care,1,1102.15,1102.15,upi,2026-05-10T02:33:45.531692
5929c698-6267-4fda-bfed-96c84aba4a80,CUST000367,Toys,5,209.45,1047.25,debit_card,2026-05-31T18:33:22.378759
847c7755-cd33-4f5d-999e-475bb8f90d66,CUST000659,Sports & Outdoors,4,1666.48,6665.92,upi,2026-07-11T04:38:33.350802
70298476-efbd-48be-92e6-d7a5ccf06601,CUST000764,Home & Kitchen,1,1013.79,1013.79,wallet,2026-04-11T11:22:23.558923
dfe0b580-cdd6-4da6-83c9-63a24fac9c8a,CUST000748,Home & Kitchen,4,750.71,3002.84,upi,2026-04-07T23:30:10.863453
55335217-6b55-4123-a7bb-d580cda9482d,CUST000593,Groceries,4,1438.69,5754.76,cash_on_delivery,2026-05-02T20:28:47.185238
f8ec98fe-388b-469b-8c5b-ea286f90d962,,Groceries,5,1783.42,8917.1,upi,2026-07-14T14:36:44.387006
8626a9fe-a57a-40ad-b92d-d7d01d89536c,CUST000525,Groceries,2,1561.14,3122.28,credit_card,2026-02-15T09:11:58.376464
abbea4a8-def0-4ec9-99d7-068ad023340a,CUST000777,Groceries,3,9.38,28.14,upi,2026-02-17T13:05:11.967958
8b063548-206c-4c87-8dc5-74f19bffc8ce,CUST000121,Groceries,5,1615.17,8075.85,cash_on_delivery,2026-07-27T00:44:03.966308
346853be-54ea-4a18-9d53-027f818efd05,CUST000599,Toys,5,931.22,4656.1,credit_card,2026-07-02T07:52:06.138175
9a23868f-f60e-4fe2-ba6e-2d3d9de2ed25,CUST000234,Books,4,965.36,3861.44,debit_card,2026-04-27T20:18:59.717848
393c4128-bbc2-463e-a4ec-701c2b05f4a3,CUST000405,Home & Kitchen,5,711.67,3558.35,debit_card,2026-05-02T01:14:43.601160
7623bb7f-549e-428e-b659-2ae623be6b6a,CUST000248,Sports & Outdoors,4,93.26,373.04,upi,2026-06-23T14:31:19.031168
d3dfb597-ab7c-4423-bf74-3927762d8cf1,CUST000424,Groceries,4,13.29,53.16,credit_card,2026-05-05T08:39:23.548814
ad27398d-51a5-4f30-8680-dfa70d1169d8,CUST000635,Home & Kitchen,2,1984.29,3968.58,debit_card,2026-05-18T20:57:18.264654
fb8edb0b-c540-41c0-b721-69a975e917e3,CUST000439,Home & Kitchen,1,1408.88,1408.88,debit_card,2026-02-18T05:11:31.808371
395ae545-7c82-4a0b-9497-9c1c8a04cece,CUST000383,Fashion,2,1157.13,2314.26,upi,2026-03-07T07:14:09.435473
d9bb9c85-2e01-4d64-b232-13ecc74ea61f,CUST000617,Fashion,3,1994.7,5984.1,cash_on_delivery,2026-06-13T22:48:40.087183
5592bbf8-508d-4ce9-adc8-8de4430b3541,CUST000099,Fashion,5,650.22,3251.1,credit_card,2026-03-08T07:10:20.235990
a5a81247-de14-4943-a9da-0d4b71edbbea,CUST000008,Sports & Outdoors,5,92.81,464.05,credit_card,2026-06-03T20:19:19.803059
6c893f00-750d-4e72-b0e6-983a7693958c,CUST000277,Books,5,776.39,3881.95,wallet,2026-07-16T11:12:46.268304
87a8fe4b-eb64-48a5-82ae-a216af3145ef,CUST000703,Beauty & Personal Care,2,812.84,1625.68,credit_card,2026-08-06T23:49:00.102527
f9704356-52d5-43a1-97f9-aeda0a0cfbdd,CUST000787,Home & Kitchen,1,1714.72,1714.72,wallet,2026-05-14T10:03:03.879920
beef45ce-7f9e-4985-ac12-12daf00171ea,CUST000207,Groceries,5,1505.51,7527.55,debit_card,2026-07-18T00:34:48.797133
d3856bbd-47af-4c02-9e91-184722275f84,CUST000473,Beauty & Personal Care,4,1447.94,5791.76,upi,2026-06-07T05:50:34.557349
1e97bfe8-f48e-4555-8b06-1ea7ea0681f2,CUST000372,Groceries,1,644.78,644.78,wallet,2026-04-07T07:37:01.365230
3bc91b29-442d-4cb5-a36c-61c37f1eb012,CUST000406,Groceries,4,896.94,3587.76,wallet,2026-04-19T22:56:49.838854
a7862546-97bb-4abe-8ca3-dc96b678031a,CUST000085,Electronics,4,206.76,827.04,debit_card,2026-03-27T22:12:11.785602
ecc86dc9-8d2e-48c8-a8df-24b75f8d789a,CUST000250,,4,340.79,1363.16,credit_card,2026-06-12T13:47:37.268708
c6939054-c6d8-4ac8-89dc-7e3bba63ebe7,CUST000669,Sports & Outdoors,5,1761.6,8808.0,debit_card,2026-07-04T05:07:02.667805
cc35c482-00a2-47db-937e-3acd77e10eb5,CUST000424,Books,3,204.83,614.49,wallet,2026-07-30T17:54:11.930536
3b6b589f-c5a9-4b65-acd3-058cc7f2c6af,CUST000481,Books,1,552.82,552.82,credit_card,2026-08-06T10:27:14.084213
8dc2178f-e758-4a7e-a343-59d012455091,CUST000446,Sports & Outdoors,2,879.03,1758.06,cash_on_delivery,2026-02-24T19:29:26.349661
22b07aa2-678f-4640-aba0-f9183f5f3c99,CUST000483,Sports & Outdoors,2,1534.85,3069.7,debit_card,2026-05-31T18:56:20.931591
01ba0282-8612-4151-b92f-5b3cd3cd4aba,CUST000450,Beauty & Personal Care,2,218.13,436.26,debit_card,2026-06-21T02:48:26.661369
161f04aa-40bf-4313-b1be-1ecd6920177b,CUST000279,Toys,3,1320.52,3961.56,wallet,2026-03-12T23:47:25.903184
e352507c-d645-4d1e-8ef9-093b697b5f4a,CUST000544,Books,1,501.01,501.01,wallet,2026-05-17T21:41:34.403198
db96ff3b-5dbf-49fb-801f-70d41028bae9,CUST000628,Beauty & Personal Care,4,1545.99,-6183.96,credit_card,2026-07-22T12:56:01.837458
05e8e2a5-9751-4b50-829f-ae91b41283e8,CUST000754,Electronics,2,1529.28,3058.56,wallet,2026-02-28T04:53:48.470657
7f273778-a076-4565-a327-967b8dd4d239,CUST000130,Electronics,1,1269.92,1269.92,upi,2026-07-12T03:13:33.316131
aa787972-1894-44f5-a2d2-7b690e96338d,CUST000308,Home & Kitchen,3,78.76,236.28,cash_on_delivery,2026-02-13T06:49:13.356880
5e061d1e-61dc-444c-b3a8-f341721918e1,CUST000512,Toys,3,1002.12,3006.36,upi,2026-02-13T09:53:21.983629
cae0209a-b8df-4d80-9738-d5fd7528ba76,CUST000093,Fashion,4,290.95,1163.8,credit_card,2026-04-17T04:39:54.797584
5a84dea5-ff1d-4189-af28-bb502b958c2d,CUST000425,Home & Kitchen,3,976.35,2929.05,debit_card,2026-06-25T18:06:30.388504
6cd84136-f0c9-4e42-b696-597d282c6aa9,CUST000542,Toys,1,1039.64,1039.64,credit_card,2026-06-19T04:59:17.185750
cb387ae8-0617-4173-839b-704aeb77aaef,CUST000310,Groceries,1,1390.04,1390.04,upi,2026-03-30T20:34:44.046398
f151acc9-4cc4-4885-8f16-96fab18c50f5,CUST000515,Beauty & Personal Care,2,610.3,1220.6,upi,2026-03-03T14:13:52.782033
aaf47379-43a7-450d-a659-ff55200951f0,CUST000058,Sports & Outdoors,1,1746.79,1746.79,credit_card,2026-05-25T10:13:21.673258
9e7257ba-7072-4cef-a7e4-e809ec2a8c83,CUST000795,Toys,1,1105.42,1105.42,debit_card,2026-02-19T21:38:55.948876
bf70b5f2-9f15-4f11-94ae-8b0265805360,CUST000281,Sports & Outdoors,5,1943.85,9719.25,debit_card,2026-04-27T19:56:30.813348
f5ef7739-f458-49c4-b690-eee4cb42ab48,CUST000577,Electronics,1,818.6,818.6,wallet,2026-06-08T20:04:12.076238
ac3706d8-fb84-4db4-9c9f-52a558c4bc28,CUST000151,Fashion,4,675.66,2702.64,wallet,2026-05-16T02:40:21.548364
abef7b48-8242-4407-b11d-4c2f57782994,CUST000553,Sports & Outdoors,2,158.7,317.4,upi,2026-02-25T13:21:32.874876
e24eb25d-6e45-486d-8512-e12b43b5d62d,CUST000549,Electronics,4,1043.69,4174.76,cash_on_delivery,2026-04-24T18:02:06.092118
346c869d-104d-48cc-b27b-85b6a54ef05a,CUST000413,Books,1,963.4,963.4,upi,2026-03-19T20:45:25.128826
d012166d-3450-4864-8bad-7fc958abfd95,CUST000413,Sports & Outdoors,3,1818.42,5455.26,wallet,2026-07-13T11:40:41.269023
db58c654-9820-47e7-a062-c335a73831ff,CUST000379,Home & Kitchen,2,1073.59,2147.18,credit_card,2026-04-05T00:23:50.492141
4f667174-b1fe-4f3c-9a92-b595caf46365,CUST000747,Toys,4,61.41,245.64,credit_card,2026-05-28T13:45:14.821114
3ee31bb6-a3d9-4560-a182-00be29f4ec18,CUST000273,Electronics,2,1344.13,2688.26,debit_card,2026-06-16T12:32:08.241383
2656213e-d52e-4441-911e-7451e23da146,CUST000465,Sports & Outdoors,1,580.38,580.38,cash_on_delivery,2026-05-05T06:40:43.289576
bbd5e828-261b-42fd-afed-aad51bb135b0,CUST000457,Electronics,3,1454.99,4364.97,wallet,2026-03-18T17:55:37.119428
756b4949-e1c4-4239-9f0c-4196a43f54f5,CUST000119,Sports & Outdoors,3,1465.05,4395.15,wallet,2026-05-20T17:28:22.947954
55ad47f2-5962-40ea-83bf-ee08c7390820,CUST000313,Fashion,2,1579.59,3159.18,cash_on_delivery,2026-04-01T21:40:56.804176
95471654-e109-4853-b055-bdf2cf31e220,CUST000625,Groceries,1,268.38,268.38,credit_card,2026-07-01T14:57:30.909710
54669205-70db-40c7-89ef-532006c02735,CUST000736,Beauty & Personal Care,2,571.96,1143.92,debit_card,2026-03-15T17:14:21.215393
bdcf8562-9b6a-417e-bd51-ec651160c69c,CUST000368,Books,4,758.55,3034.2,cash_on_delivery,2026-05-08T00:38:47.022740
3a8f1861-5a21-4d3f-8096-fad5570aa4f8,CUST000540,Electronics,1,380.22,380.22,upi,2026-06-27T20:47:36.420075
bf4d4c72-c717-4393-a056-f18e1b041bf9,CUST000052,Groceries,5,438.27,2191.35,debit_card,2026-03-05T19:41:47.307688
6bb5d9d4-b729-445b-9909-9a5cfff6f689,CUST000754,Sports & Outdoors,5,164.91,824.55,cash_on_delivery,2026-05-03T05:38:48.419556
07200813-6599-419a-a017-e0ef94a3cff1,CUST000080,Home & Kitchen,2,1905.87,3811.74,debit_card,2026-07-19T05:25:09.722488
8d5ef82e-5363-48e6-bc44-34c77cf30666,CUST000713,Electronics,5,1758.91,8794.55,cash_on_delivery,2026-05-07T01:03:28.766562
3a6c775e-84f7-43ca-9eeb-07f098f1a53e,CUST000481,Books,3,618.92,1856.76,upi,2026-04-19T19:11:40.499540
102796b3-27ac-424b-b4d5-d9d96d073256,CUST000335,Sports & Outdoors,4,1200.99,4803.96,cash_on_delivery,2026-08-01T15:31:57.923490
acdbc3de-0a0d-4cdc-959a-ab414ca2d01f,CUST000138,Books,3,1837.94,5513.82,debit_card,2026-02-24T23:54:27.239224
ce5a6440-1198-4f5a-8430-341344f52e5d,CUST000554,Beauty & Personal Care,4,414.23,1656.92,cash_on_delivery,2026-07-15T16:09:40.829504
8a6516a9-65c3-496a-b504-d5106ce283b4,CUST000435,Electronics,2,1210.41,2420.82,wallet,2026-07-05T12:31:30.143685
a0bded13-dd22-4133-a198-4a73f58ea3f8,,Electronics,2,273.18,546.36,debit_card,2026-03-30T05:04:55.588559
5e9adf33-2f7f-4100-9d1a-d0320d191040,CUST000651,Electronics,2,1239.66,2479.32,wallet,2026-06-24T15:53:13.315054
577b1094-7da7-4a0f-871d-275a83b89efc,CUST000738,Electronics,2,1203.86,2407.72,wallet,2026-05-19T02:31:33.090812
38e4b371-5260-4068-8f25-f287c0fd0656,CUST000519,Books,1,937.29,937.29,wallet,2026-08-04T04:35:58.823290
a7db3fa4-26de-4172-a49d-5bfd8f01bba7,CUST000087,Electronics,4,1833.85,7335.4,upi,2026-07-18T15:50:05.736253
0a4918a3-f855-446f-82f6-c18438dd7bc6,CUST000595,Sports & Outdoors,4,1880.18,7520.72,wallet,2026-08-05T17:07:46.899829
2afc92db-6e9b-47cc-b521-2fdb73dd08b1,CUST000629,Beauty & Personal Care,4,729.85,2919.4,debit_card,2026-04-04T11:24:52.822115
c2b3cf32-f93a-4e30-a104-7247df636bba,CUST000074,Groceries,5,993.07,4965.35,wallet,2026-07-03T06:20:31.029682
14f4c75f-6d4c-4078-8dae-e9ac9c7b5c1c,CUST000456,Groceries,4,1460.97,5843.88,upi,2026-03-30T05:07:27.391869
ad46fef6-156c-489c-a041-74b327bfb161,CUST000053,Sports & Outdoors,3,1107.39,3322.17,debit_card,2026-05-08T21:04:35.971434
715b18c0-78d9-434f-bdd2-0b5c18f3ea37,CUST000247,Beauty & Personal Care,2,507.94,1015.88,wallet,2026-02-14T18:50:17.533092
24e14424-74f7-441b-bf9f-fceee83ee634,CUST000300,Electronics,N/A,1249.26,4997.04,credit_card,2026-07-18T22:56:44.227542
0331e2e2-dbec-46f4-8d1f-123fd1b9ae28,CUST000679,Electronics,5,995.79,4978.95,debit_card,2026-05-01T13:41:08.957811
8cbfc063-c430-4b5e-b223-a3d08e35d882,CUST000268,Books,5,111.71,558.55,debit_card,2026-02-15T06:51:11.178171
7a0f6f66-bbfc-45fa-8eca-3cd268a07119,CUST000646,Home & Kitchen,1,1890.85,1890.85,cash_on_delivery,2026-05-14T10:59:43.766446
8a3489cb-702e-42d0-8c94-177248cbb86c,CUST000519,Beauty & Personal Care,3,538.88,1616.64,upi,2026-04-18T02:30:47.177643
ef325097-f4d8-4ebe-9620-dd0236e51678,CUST000412,Sports & Outdoors,4,1036.97,4147.88,debit_card,2026-05-09T18:47:29.365963
a7344fe1-8837-4c5c-8e76-f4a279d9b501,CUST000791,Toys,3,455.53,1366.59,upi,2026-05-14T21:56:27.842935
e9c39a83-fe35-44de-9929-325094e96782,CUST000166,Books,3,1981.28,5943.84,wallet,2026-05-18T06:59:06.453652
0138f2c2-2b3e-4357-ab04-ac2c6fd4f15e,CUST000524,Books,3,392.93,1178.79,wallet,2026-05-04T05:11:25.836217
76a30361-3dfb-495c-bc74-92bcb7cf429f,CUST000532,Beauty & Personal Care,2,1520.99,3041.98,upi,2026-06-25T05:12:34.833311
3edeff6b-c9c6-4574-80ba-272e4ee0c35c,CUST000095,Home & Kitchen,4,412.37,1649.48,wallet,2026-06-14T19:01:57.841471
3d39580c-ceb7-4543-847a-0954972b039b,CUST000660,Beauty & Personal Care,2,818.24,1636.48,credit_card,2026-04-08T19:32:51.622144
4f62ca89-1847-447a-a65e-e748f16d7385,CUST000325,Toys,1,547.55,547.55,debit_card,2026-05-04T02:28:08.947335
bf115400-630f-452e-9ccc-40c50551da5a,CUST000552,Sports & Outdoors,4,390.82,1563.28,debit_card,2026-05-18T20:33:53.047921
f588ed19-85f0-4b6f-b432-30a7c7e48200,CUST000272,Fashion,3,772.69,2318.07,credit_card,2026-06-28T17:07:52.235922
7f173eb9-18f1-4f63-88e0-f86c659dc11f,CUST000428,Fashion,2,820.01,1640.02,credit_card,2026-02-13T17:34:05.592101
ceec688a-31bd-4ba4-a478-87487cf4cce5,CUST000755,Books,4,1740.42,6961.68,debit_card,2026-03-09T22:27:03.189928
cf8ff11b-6422-4c88-87eb-d9864f591bd3,CUST000266,Fashion,1,610.63,610.63,wallet,2026-04-26T01:59:58.308634
e63e5fe9-c0c3-41bb-9568-8380eec00d15,CUST000491,Beauty & Personal Care,2,500.24,1000.48,upi,2026-05-24T22:09:16.295630
f215c6b6-42f8-4a66-a687-21bf04dc0d6d,CUST000674,Groceries,2,1624.39,3248.78,credit_card,2026-08-04T10:16:53.339820
511c0535-1219-4adb-8a19-7e82c9369092,,Electronics,4,1303.56,5214.24,debit_card,2026-05-08T03:28:10.393588
17e9b92c-02bd-410c-9e7e-61042a17079c,CUST000439,Sports & Outdoors,2,1583.2,3166.4,upi,2026-07-20T19:41:57.500294
a97e7a83-629f-49de-8730-6bc78155a312,CUST000334,Sports & Outdoors,2,777.8,1555.6,debit_card,2026-07-25T02:49:33.271933
b59132a6-41cb-4881-81eb-4ed6a1c4f1a5,CUST000081,Toys,5,272.5,1362.5,cash_on_delivery,2026-03-26T13:53:27.170488
f1b27bab-c70c-45f3-8567-f0fb3cd0272a,CUST000172,Books,4,1644.26,6577.04,cash_on_delivery,2026-02-18T22:40:47.719439
1f8bcfa1-9680-43cd-b42d-ba39c33e398e,CUST000694,Sports & Outdoors,5,862.18,4310.9,credit_card,2026-07-30T07:57:22.600260
e1f4a90f-6ee2-4616-96ba-952adcbdb004,CUST000455,Books,3,726.95,2180.85,wallet,2026-06-12T14:51:51.105806
f98c31e6-d457-4149-bd9a-4e3a7c3b0a5f,CUST000657,Beauty & Personal Care,1,1512.19,1512.19,credit_card,2026-05-08T00:33:17.513734
0667b94a-1c35-43e4-9a85-5a15ee7fd5eb,CUST000240,Fashion,4,342.11,1368.44,debit_card,2026-07-23T09:27:21.523896
d655b6ad-3e98-4699-a023-c7264aad8295,CUST000060,Toys,5,1622.76,8113.8,credit_card,2026-05-23T17:53:46.023537
6f811f6d-c439-4491-8ebf-576931e85db7,CUST000711,Home & Kitchen,2,1484.16,2968.32,credit_card,2026-06-27T00:32:57.642387
01c9f1c8-deef-4ec1-849f-640cb9fa8541,CUST000149,Fashion,4,81.41,325.64,debit_card,2026-03-15T08:29:14.481408
37fe0c89-07fe-488d-8996-67ebc11d0a96,CUST000207,Books,5,990.24,4951.2,debit_card,2026-04-05T18:50:24.097788
e2a1e6f2-12f0-4e47-84ec-924a36da808e,CUST000008,Sports & Outdoors,3,1711.54,5134.62,wallet,2026-05-02T22:22:55.275464
b03ebcab-d98f-44ad-a8bd-09c9b5c97d46,CUST000520,Beauty & Personal Care,1,1889.81,1889.81,debit_card,2026-07-11T05:29:34.187138
cd885a4b-54f6-4e0d-8401-35dbda399172,CUST000109,Home & Kitchen,3,15.36,46.08,cash_on_delivery,2026-06-30T07:04:45.647882
8f46943e-9a1e-4269-b6f6-c1255065e64f,CUST000636,Groceries,3,1967.92,5903.76,upi,2026-06-09T09:38:31.300935
dd794170-7dd2-449d-8d19-ad4d5c7238eb,CUST000777,Sports & Outdoors,5,1642.93,8214.65,debit_card,2026-06-21T17:36:35.442729
320da9b4-0a12-4819-b055-fa3824fd6816,CUST000543,Books,5,1779.72,8898.6,wallet,2026-02-20T11:45:31.215183
6762f517-f42d-4e5b-b7f7-53b081d12058,CUST000194,Books,3,1959.8,5879.4,upi,2026-02-20T21:52:42.375213
0716270b-a77c-4970-8bef-149123015132,CUST000599,Home & Kitchen,2,1877.88,3755.76,debit_card,2026-03-17T22:16:46.856227
fbf6eb3c-005a-46e7-a0d7-7269f56d7cd3,CUST000674,Fashion,1,1893.28,1893.28,cash_on_delivery,2026-04-03T18:48:54.639593
ac401e0c-3d1f-49a4-ad65-43b42943a5b4,CUST000150,Fashion,4,956.33,3825.32,debit_card,2026-03-27T09:51:52.615542
9cf6e297-b254-4b3b-a2df-aa6dfa77449e,CUST000431,Toys,4,1608.79,-6435.16,debit_card,2026-04-16T19:27:31.942405
1c6e3ea6-4b90-4cf6-a689-b23a6aa3837f,CUST000106,Home & Kitchen,3,1064.02,3192.06,wallet,2026-05-08T18:57:03.990375
050b2d4f-0902-4f5c-b48e-bf5096fca538,CUST000726,Beauty & Personal Care,1,780.61,780.61,upi,2026-03-14T15:18:28.378886
5680af37-ee63-4690-8c37-96b9e89e05da,CUST000631,Toys,4,1248.25,4993.0,credit_card,2026-02-23T00:51:15.428781
048f7b5f-199c-4c87-b637-f6ce50973b72,CUST000109,Toys,3,89.84,269.52,cash_on_delivery,2026-05-29T06:17:20.354615
bcd14dbe-e864-4417-a79c-23d284263993,CUST000330,Home & Kitchen,1,1260.8,1260.8,debit_card,2026-07-07T13:05:15.084540
9823288f-1d12-49d1-85a0-e0d9eaba58a5,CUST000729,Beauty & Personal Care,3,1444.88,4334.64,debit_card,2026-02-17T09:08:23.054334
f606924d-56dd-413d-b29e-2e038c9f21c5,CUST000467,Home & Kitchen,3,1337.69,4013.07,wallet,2026-06-07T10:20:10.345863
27cb0c0f-dc96-47d0-979b-40e86ba6b04f,CUST000404,Electronics,5,950.61,-4753.05,debit_card,2026-05-07T20:58:42.904682
227aa4a3-2886-4aee-b5ac-ae11c315bb65,CUST000057,Electronics,1,1407.18,1407.18,cash_on_delivery,2026-03-10T10:05:08.317083
ae82f4ce-7067-4a75-9924-1ed3f5ad51fb,CUST000009,Beauty & Personal Care,4,1655.28,6621.12,debit_card,2026-06-29T11:46:51.796257
cd0a4adf-5368-48b4-aa13-10792835aa6b,CUST000645,Beauty & Personal Care,5,194.68,973.4,credit_card,2026-05-26T09:17:07.456725
55f353d7-1355-477d-9a9c-426ec8e06a2a,CUST000227,Fashion,3,1536.85,4610.55,upi,2026-06-23T10:17:21.619828
12217461-318c-4111-86f7-46b61c36c00e,CUST000574,Groceries,2,159.56,319.12,credit_card,2026-07-12T18:41:02.820725
0337ad76-f4d0-4f84-a9d6-9a92c90d78af,CUST000617,Beauty & Personal Care,4,208.6,834.4,credit_card,2026-06-14T09:00:48.556538
2d38a533-38ca-4954-b176-fbdeada45473,CUST000782,Fashion,2,1660.38,3320.76,cash_on_delivery,2026-06-04T02:32:46.168769
9568662b-9fd4-4f49-a1ec-880676935d6c,CUST000344,Toys,3,1008.02,3024.06,debit_card,2026-08-06T00:30:48.432379
71eb0a8e-48da-4298-930e-b7e1c62fc76d,CUST000555,Books,4,766.22,3064.88,upi,2026-03-14T01:46:41.360711
570346f4-3067-4bf9-98bd-24ec308041ae,CUST000788,Electronics,N/A,1436.66,7183.3,credit_card,2026-04-27T13:21:47.684694
d38255c7-1443-4dd9-bde2-af7b1d3e1d2f,CUST000659,Home & Kitchen,2,1572.82,3145.64,credit_card,2026-06-10T00:59:25.970650
ea2ec867-c796-4b93-b0f5-aa5f84989574,CUST000764,Groceries,5,78.86,394.3,debit_card,2026-04-19T14:10:24.930213
877287bf-7284-4482-b32e-3aaef235c1eb,CUST000328,Groceries,3,665.14,1995.42,credit_card,2026-04-27T00:29:45.243874
28e0f3b1-6b28-4e6e-ad53-7b8d691390b3,CUST000402,Beauty & Personal Care,2,605.27,1210.54,upi,2026-07-13T06:59:44.254087
32df62a8-408c-473b-9e1a-0131c83a4c27,CUST000015,Electronics,3,310.98,932.94,wallet,2026-04-23T06:01:24.299937
41f6a55b-8377-4626-927e-9bb44ded136b,CUST000197,Electronics,5,1074.23,5371.15,wallet,2026-06-08T02:05:24.200576
fa6b27af-6d6b-4212-ae77-83f0eac23502,CUST000600,Electronics,3,966.53,2899.59,credit_card,2026-07-29T07:46:50.293355
3ffa9ca3-a6a6-46ba-aeaa-0d2856523b58,CUST000420,Sports & Outdoors,5,707.66,3538.3,cash_on_delivery,2026-07-01T07:03:49.513569
b954d078-2ed5-42ef-b6b2-77447a4ca56e,CUST000754,Sports & Outdoors,4,1446.53,5786.12,wallet,2026-03-04T06:15:14.908107
852ac2c8-204e-4493-9af3-ccf0371586fa,CUST000691,Sports & Outdoors,2,1831.45,3662.9,debit_card,2026-05-09T16:56:32.220517
2edea811-5522-4609-8056-d86d08d5113d,CUST000536,Sports & Outdoors,4,647.55,2590.2,wallet,2026-06-30T11:08:16.445872
f0984072-42b3-455f-9eb3-0ed3be017a6c,CUST000344,Electronics,2,1896.87,3793.74,credit_card,2026-07-20T01:08:16.962404
7ffb4362-51f9-41d7-ac33-659255930025,CUST000314,Beauty & Personal Care,2,1187.15,2374.3,wallet,2026-08-09T05:37:34.086050
3c9e9ec0-4936-431e-b1f2-77a3318525c7,CUST000721,Sports & Outdoors,1,822.97,822.97,cash_on_delivery,2026-05-30T09:25:33.534383
2f61817f-a296-4f5d-9ae6-b26904700649,CUST000738,Beauty & Personal Care,1,15.09,15.09,cash_on_delivery,2026-03-02T09:37:38.666371
c1de4e65-5e2b-4bc8-b20f-68ecfa86bdac,CUST000481,Home & Kitchen,5,424.78,2123.9,cash_on_delivery,2026-03-20T22:32:02.876310
e6939300-729d-4cae-af58-feb728994481,CUST000005,Sports & Outdoors,2,401.93,803.86,wallet,2026-02-21T23:06:52.805483
d7e155e8-b28c-43ac-9fc2-49eace3f907c,CUST000481,Books,4,162.41,649.64,wallet,2026-08-03T11:50:00.212907
852d8276-2548-4581-9ac0-77537cfb0d1a,CUST000098,Home & Kitchen,2,92.34,184.68,debit_card,2026-05-05T16:22:13.248490
106cc3cf-7de7-4ba4-986a-0183d10fe3a7,CUST000636,Home & Kitchen,1,669.13,669.13,upi,2026-02-25T07:57:15.995254
89390083-6606-4189-899a-f823484176e9,CUST000145,Electronics,4,195.42,781.68,cash_on_delivery,2026-07-06T20:43:41.028137
9c85fff8-1a02-4728-a059-ad4f5a6b8de1,CUST000229,Electronics,5,392.35,1961.75,credit_card,2026-07-19T03:56:11.001216
f2061467-1eee-45b9-be56-72873214c412,CUST000417,Fashion,5,500.15,2500.75,cash_on_delivery,2026-06-05T07:49:13.444203
5347722f-08ba-4138-8f69-0e1000e324f4,CUST000199,Electronics,1,979.29,979.29,upi,2026-03-01T11:16:24.220443
fd0906d4-c0ab-4bd0-8b36-20b6526c441b,CUST000767,Electronics,3,236.08,708.24,wallet,2026-02-18T16:21:02.000813
8220652c-9b29-4164-a465-fa09e69d12bd,CUST000502,Groceries,4,714.84,2859.36,cash_on_delivery,2026-03-16T06:57:37.265398
448e935b-8a73-4b01-9921-6772533bcf51,CUST000137,Sports & Outdoors,1,797.28,797.28,wallet,2026-06-23T22:13:31.510386
323520f3-69b9-4592-a812-548aabac7131,CUST000797,Toys,2,826.93,1653.86,credit_card,2026-06-02T07:05:01.990129
68033c83-f3a9-419d-b57a-de5a1af7361e,CUST000737,Sports & Outdoors,3,1571.74,4715.22,upi,2026-05-15T15:02:14.395928
d9739b92-a9af-4984-b118-72a2062c1a61,CUST000150,Toys,3,220.53,661.59,cash_on_delivery,2026-06-23T06:42:14.225599
a3321154-5f74-4ce6-9f01-ede0d711784d,CUST000389,Fashion,5,1893.91,9469.55,credit_card,2026-07-07T21:41:44.172913
fd8314cd-665b-4743-8317-e47d522a9c77,CUST000289,Fashion,1,401.15,401.15,wallet,2026-05-08T18:08:12.815796
23a49785-8cfd-454c-a7e5-f6456c40a155,CUST000231,Electronics,4,365.96,1463.84,debit_card,2026-03-10T18:30:05.561345
f14e1462-d707-44a3-9fde-5ac8a7fe80a2,CUST000148,Books,4,150.04,600.16,credit_card,2026-06-25T06:38:51.190801
697cb8ec-897f-4f84-a55c-a50d4b7abea1,CUST000012,Beauty & Personal Care,2,931.93,1863.86,credit_card,2026-03-07T05:47:02.394728
7009d89c-24dc-46a2-8c8f-1e8b49124a31,CUST000548,Electronics,1,510.14,510.14,wallet,2026-04-19T16:13:10.527070
81950cf2-ba61-4636-aa40-9dab85927eb4,CUST000594,Groceries,1,301.89,301.89,credit_card,2026-02-26T02:10:52.888943
972ef87a-53ee-4ce7-ae7e-8167836e36eb,CUST000421,Electronics,3,38.37,115.11,wallet,2026-04-30T16:08:21.773468
eea65201-f076-4ac7-a982-eab06079f04d,CUST000149,Fashion,3,474.41,1423.23,debit_card,2026-03-25T20:48:32.458769
55b8d8c8-e010-448b-8701-7c5538ce0dad,CUST000698,Fashion,1,1996.43,1996.43,debit_card,2026-05-25T07:50:57.099517
a8131cf0-7f01-496b-86b9-a72922ddf849,CUST000380,Beauty & Personal Care,1,1540.65,1540.65,debit_card,2026-06-17T11:28:29.528397
cce81566-35bf-4d6e-9521-e2c54cab40c9,CUST000331,Electronics,3,232.1,696.3,upi,2026-06-23T22:55:54.898159
d8e7b386-6891-4a6f-9edc-6f89d8d4f873,CUST000157,Sports & Outdoors,5,1122.63,5613.15,debit_card,2026-07-26T21:39:34.633704
a556cd4d-5b6b-4843-ba0c-a20fb25bd343,CUST000472,Home & Kitchen,3,716.03,2148.09,wallet,2026-03-31T11:02:29.774398
6f92f32a-713f-4a3f-a075-7356d3ed9069,CUST000756,Fashion,3,1945.46,5836.38,cash_on_delivery,2026-05-12T10:38:15.998893
d6294be3-e464-44d6-af54-9208d2f87cf9,,Groceries,5,700.92,3504.6,cash_on_delivery,2026-06-27T00:48:54.021020
5910190f-3b0e-4a93-832b-4b0a0bead74c,CUST000641,Fashion,4,1144.11,4576.44,debit_card,2026-02-24T11:37:53.770590
57cab510-e749-434f-998e-a09fc58fddcc,CUST000719,Toys,4,233.08,932.32,credit_card,2026-07-15T06:48:25.348849
bf2ea431-2782-4a42-8c92-b533239d8806,CUST000311,Fashion,2,328.12,656.24,upi,2026-04-21T07:28:13.467829
80ce0b14-3d29-465d-bc97-f8a7c8b4817a,CUST000367,Sports & Outdoors,2,708.0,1416.0,upi,2026-05-09T06:09:11.853220
a01d0fd1-9842-4c3e-85a1-00d23ff7288c,CUST000650,Home & Kitchen,3,1713.32,5139.96,debit_card,2026-03-29T16:20:49.659682
65665c15-a07e-414d-a0c1-a71411798aa8,CUST000529,Sports & Outdoors,5,1031.05,5155.25,cash_on_delivery,2026-03-25T08:03:35.684067
80e97c92-4dce-49c2-a2ba-a7f56a145f5b,CUST000598,Beauty & Personal Care,3,344.77,1034.31,debit_card,2026-08-01T20:35:39.870903
c22e28e5-409a-455b-93d8-5f28c9123193,CUST000521,Books,1,1002.66,1002.66,credit_card,2026-02-22T02:33:34.812524
c904d051-9245-44db-bb50-7a1b44e14ce2,CUST000511,Sports & Outdoors,4,1593.15,6372.6,wallet,2026-03-19T17:38:27.935355
74a6f2e5-f158-4ba4-b2b5-13b674188211,CUST000718,Fashion,1,414.96,414.96,upi,2026-02-19T22:32:21.966698
ad4a5efb-91e9-4c33-a4c4-d83eb8924154,CUST000063,Home & Kitchen,2,933.46,1866.92,cash_on_delivery,2026-07-30T15:36:25.303875
b3b21800-2832-4742-99dd-82118c8c087f,CUST000148,Groceries,4,1856.13,7424.52,debit_card,2026-05-08T16:48:13.906012
29c6cf5e-4086-4a1c-86ea-10b5bcae77c2,CUST000421,Sports & Outdoors,2,939.82,1879.64,cash_on_delivery,2026-03-09T05:41:24.036523
b0c9d1b9-0008-4ea1-b23c-8d843ef6d860,CUST000056,Home & Kitchen,5,1096.58,5482.9,cash_on_delivery,2026-04-13T15:28:23.181330
07c5661f-52f3-4eb7-a25f-701b278d06c5,CUST000202,Books,3,1469.21,4407.63,credit_card,2026-05-25T23:14:12.025831
fc023474-8c67-408d-8540-28a0ad42595a,CUST000589,Home & Kitchen,4,1289.75,5159.0,cash_on_delivery,2026-07-11T09:45:47.267085
2219ccfa-a16e-4c79-b750-b4bf0460492f,CUST000268,Books,N/A,1531.16,1531.16,wallet,2026-05-01T03:52:18.094356
69970747-31b0-44b0-8e4e-e816504bf65a,CUST000616,Home & Kitchen,3,1738.67,5216.01,debit_card,2026-04-21T17:13:05.056111
5303fa9e-0dda-404d-a106-6063ec2e1db3,CUST000255,Fashion,4,1800.43,7201.72,cash_on_delivery,2026-04-23T03:00:31.883596
e5368414-f3f9-47b0-be93-d38c7bde3878,CUST000403,Groceries,1,143.56,143.56,cash_on_delivery,2026-06-16T03:59:14.230676
981cc42f-b0a7-4199-827d-7e8b9777201f,CUST000616,Groceries,3,1185.61,3556.83,debit_card,2026-06-17T03:54:33.385768
1f550f32-249b-4182-9e8f-e52de553e166,CUST000300,Home & Kitchen,3,944.21,2832.63,wallet,2026-05-09T19:43:33.892563
da7b36e6-c45d-4b50-b2aa-1c8560bb47a1,CUST000158,Fashion,3,297.32,891.96,cash_on_delivery,2026-02-11T19:37:11.155349
a161abf5-89e5-4343-adaa-dd91d2a7d117,CUST000041,Sports & Outdoors,2,1946.68,3893.36,debit_card,2026-04-17T23:05:57.397011
fc1daa44-4674-4ba5-9d3a-037d2d37f805,CUST000208,Beauty & Personal Care,5,1883.9,9419.5,cash_on_delivery,2026-07-24T19:43:56.591305
fb072e2a-8af9-4862-b101-509e8c540625,CUST000461,Sports & Outdoors,3,1234.6,3703.8,wallet,2026-07-02T12:40:26.968131
8dea874d-f4a7-4e3c-a497-b88a6ec5e728,CUST000764,Fashion,4,332.66,1330.64,credit_card,2026-07-21T00:30:42.698527
4fe0d20d-8585-4440-b2ae-a7c37b0daacc,CUST000645,Beauty & Personal Care,1,1124.28,1124.28,wallet,2026-02-20T16:57:23.093364
1b4468da-5c94-4a9b-975e-65fa2f4e1ad7,CUST000586,Fashion,3,116.54,349.62,debit_card,2026-06-16T20:53:43.624167
abebf4b4-56f1-4e64-9da6-fb5f5775dfdf,CUST000258,Beauty & Personal Care,3,1426.92,4280.76,cash_on_delivery,2026-07-16T23:29:59.282532
a1c3d511-a65e-43c3-ab75-42374619e647,CUST000209,Books,2,220.38,440.76,cash_on_delivery,2026-06-01T00:38:12.157406
cba6450b-c9fc-4b2e-b475-2392c1766c62,CUST000218,Books,5,692.5,3462.5,upi,2026-04-09T21:49:23.424272
1d982f8f-776b-40c8-8cc7-7f6a5e520371,CUST000233,Fashion,4,1604.53,6418.12,cash_on_delivery,2026-04-21T10:22:26.445729
0eefd37a-1dc9-4831-8c8d-58f47d8a1a96,CUST000312,Sports & Outdoors,4,610.0,2440.0,credit_card,2026-06-07T18:32:22.416893
ed754c13-345f-4ba6-ba4b-98a75e29cf20,CUST000523,Groceries,2,1701.37,3402.74,cash_on_delivery,2026-05-01T13:16:07.055923
6667dd57-4c86-4cc5-b8b6-8f53f8a23c51,CUST000109,Sports & Outdoors,4,975.57,3902.28,debit_card,2026-04-19T15:49:59.202132
c708af56-45f8-4be6-90cc-2099a256dda2,CUST000050,Beauty & Personal Care,2,1790.95,3581.9,credit_card,2026-03-21T15:02:09.060194
368f65cd-5661-40b6-806b-45c8d22bb568,CUST000377,Electronics,2,139.33,278.66,cash_on_delivery,2026-02-27T08:34:49.788394
ffd26ce4-4e94-4570-ab46-4043c25e6bc4,CUST000120,Fashion,1,758.03,758.03,cash_on_delivery,2026-03-19T03:31:26.642128
cd369bf4-7755-4ede-9c61-55708440f687,CUST000167,Toys,2,1513.79,3027.58,debit_card,2026-05-03T12:39:46.772038
74e7a8f4-9370-446c-863f-634e4f947219,CUST000763,Groceries,2,204.39,408.78,debit_card,2026-04-02T18:21:01.507114
b621bdbe-c36a-4fad-ab27-10e641f81192,CUST000466,Groceries,2,364.62,729.24,debit_card,2026-04-29T23:11:14.092763
56480e8d-cb1b-4d48-951f-2ccf1179706f,CUST000694,Books,1,540.93,540.93,credit_card,2026-05-12T13:26:50.341046
7ad940aa-c8e1-4300-9caf-d4fbe91f5a1f,CUST000374,Sports & Outdoors,3,59.21,177.63,debit_card,2026-07-03T22:05:37.989979
982e9afe-5ee4-4f20-b26b-c664ec6212bb,CUST000511,Toys,1,1933.32,-1933.32,credit_card,2026-05-26T14:31:36.986852
91d1f4cd-6608-464f-bb5e-adfdf7e39bf1,CUST000495,Fashion,5,1641.44,8207.2,upi,2026-07-01T03:45:48.200498
6ccd0190-732a-4e05-8070-fc79710b520b,CUST000504,Sports & Outdoors,4,1337.06,5348.24,cash_on_delivery,2026-05-07T17:36:07.091428
e6e966be-9665-4e37-a600-920a4810e6c1,CUST000782,Electronics,2,827.72,1655.44,credit_card,2026-03-11T14:22:31.571896
ceb08c42-ef03-4bc2-972b-c571fe593aa9,CUST000673,Beauty & Personal Care,2,1479.55,2959.1,cash_on_delivery,2026-06-29T21:40:22.938808
c2f4681a-c1f7-49bd-9f9b-1a46b8309a9b,CUST000042,Toys,4,1769.78,7079.12,cash_on_delivery,2026-05-09T08:55:41.086768
fa98daf4-80d9-4621-92f3-36001e5d9432,CUST000767,Home & Kitchen,3,136.75,410.25,wallet,2026-02-22T17:16:23.218571
b90273cc-4a62-4cde-bc90-7bfc507fcee2,CUST000172,Beauty & Personal Care,4,1122.92,4491.68,upi,2026-02-14T16:02:10.705650
64b20471-37cb-440b-ba13-6d387fbb341b,CUST000322,Fashion,2,544.61,1089.22,debit_card,2026-04-17T18:13:23.952392
3f7ff10f-c73b-4dde-9e89-8f88ae887b66,CUST000121,Home & Kitchen,2,1447.41,2894.82,cash_on_delivery,2026-03-03T08:29:20.413924
3dc270fb-74bd-4adb-b6fd-1d6e011a58f4,CUST000399,Groceries,4,746.71,2986.84,credit_card,2026-07-19T11:32:14.413462
fa5ce366-4c56-449a-a8fe-1f2db0637d48,CUST000110,Toys,4,1179.68,4718.72,cash_on_delivery,2026-07-18T19:14:31.599657
5c7f0f38-24c4-4bbe-a817-96cc8c20a38e,CUST000074,Fashion,4,833.03,3332.12,debit_card,2026-08-08T19:37:32.683315
729e6f56-f229-4e1f-9771-3911d0abb453,CUST000703,Toys,2,1989.39,3978.78,cash_on_delivery,2026-03-22T20:40:01.110921
fa04fb8a-ee81-47f4-b7ab-fcf74df65d9e,CUST000307,Electronics,2,1941.17,3882.34,upi,2026-07-06T22:06:50.805777
3c1f474a-eb1b-4612-8010-be04918a8e15,CUST000172,Fashion,3,349.36,1048.08,credit_card,2026-05-12T01:29:49.885597
9f1df2f8-dd45-46dc-927e-5e64e691eb85,CUST000624,Fashion,5,1178.04,5890.2,wallet,2026-02-12T23:53:49.183267
d5aac72d-5df6-4acd-964a-57b356cce932,CUST000694,Home & Kitchen,2,161.8,323.6,credit_card,2026-05-17T21:40:58.218000
a20b1bf5-ee7a-4a01-b63a-dfecb49b33ba,CUST000662,Toys,5,1705.2,8526.0,wallet,2026-03-25T00:24:52.863697
61cfdc6e-46bf-4ed6-a29d-96a4968ce684,CUST000789,,1,1182.48,1182.48,credit_card,2026-03-28T03:28:31.231418
544136a0-12b4-4904-9867-e4d429423d2e,CUST000258,Electronics,4,1428.66,5714.64,cash_on_delivery,2026-07-13T17:26:59.268236
b40a3827-8af8-45d6-a4e1-1e08cd99ada1,CUST000255,Groceries,5,1698.37,8491.85,debit_card,2026-06-10T22:20:50.256746
1ed0de4b-0034-4f9f-9036-0cb9466b1811,CUST000536,Electronics,1,1678.94,1678.94,credit_card,2026-06-25T18:47:31.451241
bb44f80e-e288-489b-8021-3dcd417fd927,CUST000686,Toys,1,972.09,972.09,credit_card,2026-03-01T03:28:21.086389
b0c23f7c-ea0c-484a-87f2-0764073961dc,CUST000046,Groceries,2,587.23,1174.46,upi,2026-05-06T13:42:46.132272
976d13e4-7e26-4eb3-b56f-49e1698ebf00,CUST000174,Fashion,5,1883.49,9417.45,wallet,2026-06-02T08:29:10.601380
35e2c1c4-2988-470f-85d9-7400d9f1b1c6,CUST000235,Toys,1,19.27,19.27,wallet,2026-06-14T00:33:04.275210
1dde809a-309c-4b13-95ab-215716698a80,CUST000677,Beauty & Personal Care,4,1216.91,4867.64,credit_card,2026-02-16T03:38:19.157205
d0c61d71-42b4-4b70-ba1e-cc581e9bb60d,CUST000045,Home & Kitchen,1,1091.56,1091.56,wallet,2026-08-03T14:44:40.053857
ca6bfeb3-479e-4aae-9b06-b8273337ce3a,CUST000634,Fashion,4,27.1,108.4,cash_on_delivery,2026-06-19T16:11:46.587434
07a8e1a8-107c-48a9-ac3e-17af30061615,CUST000433,Toys,3,1618.88,4856.64,cash_on_delivery,2026-06-14T22:31:58.798261
c7b7c988-2d95-4ea7-8c88-9695417b3b33,CUST000678,Groceries,3,1142.7,3428.1,upi,2026-03-21T00:31:57.542801
2d8b6727-be57-4ddb-8d24-c4cab1b10a56,CUST000261,Fashion,2,1798.19,3596.38,upi,2026-04-05T20:27:34.683638
ec79bc14-1293-45b8-bc41-5976280b737a,CUST000025,Home & Kitchen,1,1591.23,1591.23,cash_on_delivery,2026-07-31T15:24:56.538383
f43c4caf-912b-4df6-b4b8-8eae87da6b17,CUST000314,Toys,3,513.55,1540.65,wallet,2026-06-24T06:12:24.387094
22e842d8-8393-4257-8d77-18cd76b9344d,CUST000713,Books,4,1411.11,5644.44,cash_on_delivery,2026-06-21T01:56:04.145028
c3fd376b-fe46-474e-a1cf-7494a7845b0b,CUST000591,Sports & Outdoors,2,477.62,955.24,wallet,2026-03-30T19:27:58.261116
b45a0192-1efb-45f1-aa11-738c2771e4e6,CUST000089,Beauty & Personal Care,1,1703.64,1703.64,credit_card,2026-06-10T14:19:46.523672
1bbe22d9-f67f-439b-b23d-c79d582e61b2,CUST000699,Home & Kitchen,4,942.0,3768.0,wallet,2026-07-15T05:00:46.515274
4e9db66e-9fe7-42e1-a37d-54581dd04501,CUST000054,Groceries,2,229.79,459.58,cash_on_delivery,2026-06-25T05:38:16.285746
11802c86-f1e0-45fb-a652-c804906add83,CUST000198,Beauty & Personal Care,4,229.53,918.12,debit_card,2026-07-24T15:00:02.911938
5dd87836-19af-4163-a633-12427c9f95b4,CUST000396,Fashion,2,640.12,1280.24,cash_on_delivery,2026-07-12T13:18:51.555290
fa89edbf-6c62-40dc-9fe7-7983d7e218ee,CUST000782,Electronics,2,755.35,1510.7,credit_card,2026-02-13T17:39:33.669698
653b3c49-0e68-4184-987c-43981563a423,CUST000640,Beauty & Personal Care,5,1855.97,9279.85,credit_card,2026-06-14T17:41:29.055597
e682d6b0-6208-44d4-a97a-d90d0ee30996,CUST000089,Groceries,4,1457.07,5828.28,cash_on_delivery,2026-07-26T03:56:29.481113
16079737-b0a0-4d10-9c44-a8958c5ef77b,CUST000660,Books,3,20.17,60.51,debit_card,2026-03-18T15:23:13.180348
10332947-bc06-4d6a-8a6a-87cb7f265228,CUST000701,Books,2,163.96,327.92,cash_on_delivery,2026-03-13T12:15:33.371505
c8b068b1-932f-4714-ac00-3141c7170525,CUST000352,Home & Kitchen,1,1084.62,1084.62,credit_card,2026-07-15T23:40:16.425858
9bf979b1-d3f4-4110-ac73-62f889a7c673,CUST000298,Home & Kitchen,2,701.36,1402.72,wallet,2026-08-03T07:42:50.173056
ad439069-4899-489b-a77d-fa789c86b2e8,CUST000749,Sports & Outdoors,3,431.52,1294.56,cash_on_delivery,2026-07-05T06:22:46.560302
75ba3d3a-dd48-42af-9c75-4b23361c0c95,CUST000577,Toys,4,1331.65,5326.6,upi,2026-04-17T22:34:47.571476
ee45a552-b080-4dae-820f-0c41328809be,CUST000764,Electronics,N/A,1199.77,3599.31,wallet,2026-06-01T08:17:41.906687
0a61e2d7-2aae-4486-b5a3-18894b98e01e,CUST000598,Books,2,1612.65,3225.3,cash_on_delivery,2026-06-29T04:48:45.619983
3e79a9d6-9268-417b-82e1-2f10d0f26bae,CUST000608,Books,2,956.34,1912.68,upi,2026-06-05T07:33:34.650778
8b4a8641-a1b4-43f7-beb0-d4065a86e5ed,CUST000021,Electronics,2,790.64,1581.28,credit_card,2026-05-24T15:43:21.937124
06ce017c-bb54-401f-a8e8-0a7d301979b6,CUST000523,Toys,4,853.68,-3414.72,upi,2026-02-28T08:09:38.571172
18ed7582-7eac-4ebf-aebc-9c98af4cdabb,CUST000121,Electronics,2,912.09,1824.18,debit_card,2026-05-09T21:11:16.171572
74678fd8-6068-4986-ac02-cf235c4dee3a,CUST000130,Beauty & Personal Care,2,1867.46,3734.92,wallet,2026-06-19T07:48:09.507083
a6333f45-ae06-440e-b3af-9797dbbe5884,CUST000781,Sports & Outdoors,5,1874.76,9373.8,upi,2026-04-02T16:31:33.658581
5eb255fd-ed64-49f3-906b-24b2cfeaf524,CUST000365,Home & Kitchen,1,692.88,692.88,wallet,2026-03-24T22:07:31.790304
3d075b98-bcef-4cf2-99d1-a67486209943,CUST000216,Fashion,2,952.37,1904.74,wallet,2026-03-31T04:57:45.720821
0bd70156-96b0-43e8-a6f6-f366054b5217,CUST000613,Beauty & Personal Care,3,785.87,2357.61,wallet,2026-06-21T08:44:32.130064
95340adb-38cc-45cb-99d6-452c0f400c58,CUST000781,Sports & Outdoors,1,1215.03,1215.03,debit_card,2026-02-19T00:44:09.806232
639411e9-3cdc-4f3f-8419-f244a343ca68,CUST000080,Sports & Outdoors,2,226.43,452.86,debit_card,2026-06-01T08:57:55.782154
2892abb6-aa70-4518-bacb-906d45e2c0dc,CUST000660,Home & Kitchen,5,500.09,2500.45,wallet,2026-05-20T00:07:39.024127
3ceb4a07-3f54-4b45-a465-9a8d653edfa7,CUST000399,Books,4,1788.02,7152.08,upi,2026-06-21T11:16:55.615812
b943211d-20bc-4589-a944-39575d5287d5,CUST000303,Groceries,2,307.58,615.16,credit_card,2026-05-11T02:29:55.636148
f1e752de-65b0-48b3-aa57-88a3a2c53d0e,CUST000104,Fashion,2,1880.54,3761.08,credit_card,2026-03-07T15:41:19.598971
60d773ab-24bb-420a-a59a-57f201c1fc18,CUST000413,Groceries,2,69.6,139.2,credit_card,2026-04-27T00:00:25.863438
3005e55d-97b9-4299-a54c-aeee30e0602f,CUST000366,Books,1,594.23,594.23,wallet,2026-04-11T06:06:04.432475
a44e3dd1-03c1-4b0c-87e8-783fa1366fe5,CUST000043,Groceries,5,426.78,2133.9,cash_on_delivery,2026-04-18T13:47:58.021419
e7123cdb-298d-4df8-9a47-28682693a0f0,CUST000046,Fashion,1,246.5,246.5,upi,2026-03-02T01:23:31.096650
0e2c92e1-0cd4-419b-aac2-fc2fb509cf81,CUST000463,Books,2,1293.53,2587.06,cash_on_delivery,2026-06-11T05:27:59.781175
0e0cdfd8-8c81-4de2-91fe-f39bc27e5e91,CUST000312,Home & Kitchen,5,794.07,3970.35,wallet,2026-06-23T21:17:54.283016
d5c46f51-5b5c-462e-b928-c4b2abed5bd8,CUST000359,Groceries,2,1258.02,2516.04,cash_on_delivery,2026-05-24T18:51:55.772441
d25011ba-361e-4fcf-b194-ce666435bf57,CUST000377,Home & Kitchen,3,859.1,2577.3,credit_card,2026-03-29T06:01:14.611760
e2449ac9-57fa-490e-9270-1b202ca3976e,CUST000445,Books,1,997.52,997.52,upi,2026-07-20T13:36:29.715168
8a025483-9634-42ee-9332-5c20105b7153,CUST000771,Groceries,3,644.33,1932.99,wallet,2026-05-04T23:18:24.257353
7ee06812-1b26-416f-bd2b-7feef42df1c0,CUST000571,Books,1,1034.67,1034.67,debit_card,2026-05-07T11:34:29.317251
1e581309-cbc6-4a1f-a878-d67b6ae8673d,CUST000122,Beauty & Personal Care,4,906.04,3624.16,wallet,2026-07-08T23:41:46.999727
0ff85b23-48e9-4871-825c-bbcb83e1aacc,CUST000661,Groceries,2,280.47,560.94,credit_card,2026-03-21T22:09:09.446770
2258e87b-d12f-43f0-b714-96ee037d348b,CUST000512,Sports & Outdoors,4,112.12,448.48,debit_card,2026-04-01T23:10:21.245495
e3f58f24-77b5-45a0-971d-79faf3e8da94,CUST000059,Fashion,N/A,642.76,1285.52,upi,2026-07-26T06:00:29.820907
4d49ba33-1867-4860-8b9c-45659447dcbb,CUST000584,Books,2,531.02,1062.04,wallet,2026-04-07T15:58:56.641040
982a0c57-b930-48f7-994b-9415b7e0a7cf,CUST000281,Toys,5,369.83,1849.15,upi,2026-05-18T22:59:42.548128
caf9c1be-a696-4c92-b001-e861f73da081,CUST000684,Sports & Outdoors,5,894.11,4470.55,wallet,2026-05-24T22:03:46.509168
9f27970e-edd0-4233-b469-8688e6ed7ede,CUST000430,Fashion,4,622.65,2490.6,credit_card,2026-03-22T00:27:28.848406
2e4440f8-2a35-4071-adf7-d9ce2e36f6cd,CUST000211,Home & Kitchen,1,652.52,652.52,upi,2026-06-09T04:47:23.616546
534fdb6c-ddb9-4b66-8cab-1801b4c821aa,CUST000407,,2,1501.59,3003.18,credit_card,2026-06-26T14:10:44.542438
6989e8a6-f0fe-44b7-904f-45d7c7cdf1bb,CUST000248,Groceries,2,796.28,1592.56,wallet,2026-05-02T06:49:58.467192
3f707add-1d90-4ab6-8796-d5c28bfced53,CUST000607,Fashion,1,437.9,437.9,cash_on_delivery,2026-07-11T11:53:44.874247
a655eacf-1c89-4254-be92-a619aa96bc88,CUST000336,Electronics,1,572.14,572.14,cash_on_delivery,2026-03-21T05:12:44.143867
ac0e78b7-9148-41c7-963e-7565fd92af8b,CUST000723,Books,5,513.72,2568.6,cash_on_delivery,2026-03-22T12:11:31.412773
d81f553b-bea6-46bb-bdbb-14f49976daf4,CUST000409,Beauty & Personal Care,1,1603.05,1603.05,credit_card,2026-05-31T23:17:16.764383
857f09bc-ce2b-40dd-a7d1-7fdcf8bac3d3,CUST000120,Groceries,5,423.71,2118.55,upi,2026-07-29T01:18:00.835411
dbc4e9c7-646d-4860-9aa2-3b737a7150bf,CUST000309,Home & Kitchen,4,485.34,1941.36,cash_on_delivery,2026-06-09T09:43:30.267191
64ddb84d-852d-4a65-8d46-2d6877c0719a,CUST000007,Electronics,4,7.38,29.52,wallet,2026-04-06T04:22:59.104058
82395196-2c51-4060-be45-079c5420fa63,CUST000697,Books,3,82.37,247.11,debit_card,2026-04-26T03:13:13.627437
73e1e05a-0da4-4d82-9c4c-d5cc8917639f,CUST000650,Sports & Outdoors,5,1700.96,8504.8,cash_on_delivery,2026-02-27T14:50:36.583853
40924930-7c48-4603-a625-34a7080f27da,CUST000342,Toys,1,91.42,91.42,wallet,2026-03-22T14:05:23.561049
7fd387db-4587-4eda-93aa-707c858a9bdd,CUST000494,Fashion,2,1385.18,2770.36,debit_card,2026-07-20T20:50:08.956550
c95eca21-75a3-4a33-8893-b8e9d0e950bd,CUST000169,Books,5,1121.58,5607.9,debit_card,2026-05-17T17:37:35.978816
e32b5c5b-7c90-48e8-b76e-5f296c4f469e,CUST000563,Sports & Outdoors,4,518.37,2073.48,cash_on_delivery,2026-06-11T14:44:49.840074
662b7928-7721-42fe-8e26-441137557be5,CUST000572,Electronics,4,565.34,2261.36,debit_card,2026-04-12T06:13:22.849396
e4c652fa-4a1b-4b10-816e-646d12bc89e0,CUST000441,Books,3,156.62,469.86,wallet,2026-02-12T03:19:49.227779
22535125-f3d9-4007-b26a-8b9b2cafe1e4,CUST000464,Electronics,2,1525.14,3050.28,cash_on_delivery,2026-07-04T00:33:41.115227
b2ed6cec-4d57-4a91-aca6-f975cdbc45f7,,Toys,1,979.96,979.96,wallet,2026-06-29T00:02:58.024186
f56eb1d0-bf8a-4fd7-8d34-c760b0beae2c,CUST000669,Groceries,3,1056.05,3168.15,upi,2026-06-14T05:37:46.923972
72faf62f-d2c1-4d53-b9f8-19cb6d15567d,CUST000567,Sports & Outdoors,5,961.98,4809.9,credit_card,2026-06-21T08:18:56.202630
1e2ce8e3-044a-400e-aa35-a26b39355a23,CUST000574,Fashion,4,419.33,1677.32,wallet,2026-02-24T23:46:51.425179
00e6bafd-d89c-485c-a10d-8ad830c9f0a8,CUST000726,Beauty & Personal Care,1,1488.25,1488.25,cash_on_delivery,2026-04-30T15:19:21.269503
8c3b7a05-1d60-43e1-9c7d-12d685eb8840,CUST000350,Sports & Outdoors,3,1353.36,4060.08,wallet,2026-08-01T09:56:12.000031
3dedc062-8cfe-4bdf-88eb-e46ac142a1a4,CUST000484,Home & Kitchen,3,1175.04,3525.12,upi,2026-05-03T18:18:52.532637
48ac8825-af69-43de-982e-691494304e50,CUST000441,Toys,5,1116.19,5580.95,cash_on_delivery,2026-03-21T10:10:37.256190
45183784-b0c4-4767-80e8-f6efe59bf910,CUST000085,Toys,5,1998.35,9991.75,debit_card,2026-06-18T00:21:17.896000
bdd9cb00-af97-442d-9784-decae6bacf72,CUST000736,Beauty & Personal Care,2,1894.77,3789.54,cash_on_delivery,2026-02-21T15:32:13.578243
316de1ba-93ad-4514-84d5-686abbd177ab,CUST000177,Sports & Outdoors,2,1600.06,3200.12,credit_card,2026-04-09T22:00:36.806423
d556bd87-0f1b-429c-9915-dfbfe87d08cc,CUST000680,Sports & Outdoors,2,1964.06,3928.12,wallet,2026-06-16T04:13:41.059104
07bacff2-d23a-497c-9619-7ed62a7dbb15,CUST000112,Fashion,2,64.81,129.62,upi,2026-02-18T23:51:56.110082
7626539c-ed2a-45ef-90fd-28609bd174bc,CUST000765,Electronics,4,1269.6,5078.4,credit_card,2026-03-15T22:19:08.963538
e04b6e2f-b333-45da-bcd3-a65d8f3d0a8e,CUST000037,Groceries,2,1492.69,2985.38,cash_on_delivery,2026-02-20T22:02:30.918954
9a8af1a7-bf65-4ead-88a3-802f6a3e1545,CUST000653,Toys,3,1813.52,5440.56,wallet,2026-06-17T16:24:17.369683
11bd3ed7-c20f-4a83-b96e-c4e2d5cbd185,CUST000667,Sports & Outdoors,1,691.38,691.38,credit_card,2026-02-11T01:07:25.468068
89e4f8d3-f6af-4cba-94da-a628a7cbe12a,CUST000390,Books,3,836.05,2508.15,wallet,2026-04-24T18:57:04.308364
8c1c1a81-18b8-4a79-bd90-e20514d015c4,CUST000276,Electronics,4,1352.42,5409.68,cash_on_delivery,2026-02-12T15:36:35.314447
e3881b25-e81b-485b-83f9-3ffb5b0bde9c,CUST000183,Electronics,4,590.17,2360.68,cash_on_delivery,2026-06-14T14:47:58.774703
e2e65587-c918-430d-b442-9a13f89add84,CUST000109,Home & Kitchen,2,1051.15,2102.3,debit_card,2026-03-25T06:43:58.156297
118d0427-2fd1-4fe3-8cf0-1261ca7a6f4f,CUST000727,Groceries,2,1975.04,3950.08,upi,2026-04-11T05:48:13.549060
da281845-14d5-4cb8-82fc-41e69d15bb55,CUST000788,Fashion,3,665.77,1997.31,wallet,2026-04-05T08:00:12.872744
31c92839-cb73-4b5b-9e94-227d0e776018,CUST000301,Electronics,1,640.84,640.84,credit_card,2026-05-09T23:22:13.132935
40b0646d-23ab-4c68-bc6f-0b4bc1944254,CUST000636,Books,5,322.81,1614.05,cash_on_delivery,2026-02-12T23:58:13.158544
e3f475b9-3265-4a0c-af73-81cfeb1cd17a,CUST000459,Sports & Outdoors,2,1461.02,2922.04,debit_card,2026-07-29T09:40:30.665405
b9045894-752d-49d2-9cd7-679f6e6a4eaf,CUST000157,Fashion,3,1784.09,5352.27,upi,2026-06-27T20:31:18.711695
bc25292c-461c-44a2-97c2-49102e787874,CUST000029,Sports & Outdoors,2,367.67,735.34,wallet,2026-04-13T19:34:49.392704
7ab51021-7746-49e3-8355-15f16a23e3d9,CUST000633,Sports & Outdoors,4,606.45,2425.8,debit_card,2026-02-20T14:41:37.453717
df5986ff-bb5b-4b20-a76c-e8573bee3455,CUST000485,Books,4,1741.27,6965.08,upi,2026-08-02T06:54:03.167418
8b76e247-5b19-4292-bd51-7829467f7873,CUST000148,Toys,4,1852.09,7408.36,credit_card,2026-03-05T17:22:19.902041
6d7cf0e2-7ff7-4731-bccd-0f93c6f0d6f9,CUST000170,Books,1,210.5,210.5,cash_on_delivery,2026-04-25T06:54:44.718054
966169ed-59e7-4422-a07d-ccd072b5d4ba,CUST000223,Books,1,121.88,121.88,upi,2026-06-14T16:16:25.293162
1ea667b5-5c01-49bf-8659-f6fcb764273f,CUST000636,Home & Kitchen,5,1183.62,5918.1,cash_on_delivery,2026-03-18T16:01:31.595829
df91cbb8-6b00-4857-8bc7-105e38a0a422,CUST000048,Sports & Outdoors,5,1081.22,5406.1,debit_card,2026-05-20T08:32:33.801390
9e26a8c5-9bcb-4d8c-8019-d62f1a490ccc,CUST000566,Home & Kitchen,3,1296.31,3888.93,upi,2026-05-24T16:35:45.184122
4d77f722-d78a-4409-9afb-78977d0bb5c9,CUST000247,Electronics,5,1082.16,5410.8,credit_card,2026-06-26T08:31:57.814157
609f37af-0cf2-4bd8-840e-59542086f826,CUST000324,Fashion,5,776.74,3883.7,cash_on_delivery,2026-04-24T21:33:08.975931
042ad6e2-aa48-4bc1-93ce-7472e6b097f3,CUST000266,Toys,4,1054.34,4217.36,wallet,2026-06-14T15:21:19.106161
660c9426-4172-4cb8-8412-746ba5969734,CUST000438,Home & Kitchen,3,949.4,2848.2,credit_card,2026-05-07T02:30:07.280647
b88e5cef-6434-43c7-bde1-490dc9dd8454,CUST000305,Groceries,3,1883.26,5649.78,upi,2026-07-02T08:32:02.647066
09b9c360-f10a-4827-85ba-c4e41216e21f,CUST000267,Groceries,5,972.41,4862.05,credit_card,2026-05-28T19:00:36.677291
69a309c8-6ed5-43f4-9d2e-1ab0e59fe72e,CUST000492,Home & Kitchen,1,1551.06,1551.06,cash_on_delivery,2026-05-02T05:58:15.180872
15064e9d-9e5d-49f3-be58-d8deec3480b8,CUST000012,Fashion,5,641.46,3207.3,wallet,2026-06-18T16:08:43.492120
24cf8429-65ba-40ba-905e-ce8c5c51dcd8,CUST000240,Sports & Outdoors,5,1370.27,6851.35,wallet,2026-06-13T22:19:22.391091
eb79f377-9fe6-4729-a61b-ae1ae7da4935,CUST000189,Electronics,1,956.93,956.93,debit_card,2026-04-11T06:14:58.376297
c218caf8-8723-40aa-88ef-93cc9306a656,CUST000759,Beauty & Personal Care,5,1159.37,5796.85,debit_card,2026-04-26T13:52:00.972432
e81926f4-b892-47cf-a720-acc5bcbae52f,CUST000370,Home & Kitchen,2,1358.24,2716.48,cash_on_delivery,2026-02-23T20:34:09.537448
1d03f3ea-9675-41c6-b32c-8cf4101f902c,CUST000017,Toys,5,884.1,4420.5,upi,2026-06-25T02:25:15.467842
c352ba95-c5f8-4f52-9860-eb06416a12cf,CUST000599,Toys,4,446.67,1786.68,upi,2026-03-18T08:04:36.397750
3a5bfb64-4c0f-47cd-96ae-944b2a6a43eb,CUST000590,Electronics,2,743.96,1487.92,wallet,2026-04-04T19:46:09.126151
bcd76b4c-c3f5-4dd3-abb4-104463f78a09,CUST000428,Toys,4,58.43,233.72,wallet,2026-06-29T03:13:52.515099
a4b7b522-bb45-4f9a-a82f-b33f251b9f59,CUST000101,Fashion,5,1010.99,5054.95,cash_on_delivery,2026-05-02T02:23:58.583912
7e99718d-b0db-4edc-913b-9afb279fad64,CUST000694,Books,1,848.01,848.01,upi,2026-05-17T04:08:06.424006
8d5fb945-acc5-4eeb-ad3c-b58778502413,CUST000460,Groceries,2,191.5,383.0,wallet,2026-02-25T05:47:47.608145
14a27dc0-b10f-4b38-aa2f-398ffd5bcd31,CUST000355,Beauty & Personal Care,2,338.09,676.18,upi,2026-04-23T13:41:18.674770
b33b59df-5741-4ab0-9e99-59ff96e319b4,CUST000556,Toys,2,1309.55,2619.1,upi,2026-03-12T10:01:59.859175
d8ec5481-3b25-4d81-8721-2793cc2c0edc,CUST000430,Sports & Outdoors,2,635.03,1270.06,debit_card,2026-05-11T17:52:05.924360
16a4916b-f3f8-49e1-97c2-1068e3e3d71d,CUST000755,Electronics,2,1466.22,2932.44,debit_card,2026-04-20T11:38:49.857369
bd5f3d86-2f9e-4ffb-9ced-e45522c107ac,CUST000379,Electronics,1,291.26,291.26,debit_card,2026-04-30T23:35:42.594155
cd69b256-6a33-4dc0-a5dd-6504fc834917,CUST000780,Beauty & Personal Care,2,1675.49,3350.98,upi,2026-08-02T16:40:50.923015
ac339ce1-58b8-4687-a97a-141b6a48db51,CUST000437,Beauty & Personal Care,3,293.61,880.83,debit_card,2026-08-06T16:44:00.091468
5be8f183-607e-43fe-8571-275e508db71d,CUST000740,Fashion,2,309.67,619.34,debit_card,2026-04-23T21:47:34.075110
cd1bc8cd-e4d1-4945-95a7-986471cfa2ab,CUST000579,Fashion,4,392.49,1569.96,upi,2026-04-20T15:37:28.200408
4b00ab84-534e-46bc-a6d9-f8d7f345755a,CUST000793,Toys,1,1224.37,1224.37,debit_card,2026-07-27T03:50:01.793762
1141a8f6-e907-415a-aefe-6cdd9588cf3c,CUST000537,Fashion,1,1511.21,1511.21,credit_card,2026-05-22T10:14:58.315794
6893283a-4e08-41bd-9c26-d110319b9512,CUST000558,Sports & Outdoors,2,695.49,1390.98,upi,2026-06-23T13:05:46.177701
3a8820c5-c326-4364-9743-c142edd71938,CUST000361,Electronics,4,848.33,3393.32,debit_card,2026-04-27T08:08:05.020288
1bc8fbd8-f9eb-4782-a0ee-863869775cea,CUST000444,Books,1,1860.84,1860.84,debit_card,2026-05-20T04:18:46.504344
a36d0260-a9f7-46a5-971d-de1156039a9e,CUST000003,Home & Kitchen,1,560.92,560.92,credit_card,2026-05-22T12:48:57.874743
3712c514-8113-4738-a483-7f1ef3e65e99,CUST000062,Fashion,5,1762.55,8812.75,wallet,2026-04-24T23:49:22.390428
a9a6a430-8b2e-48a3-90d2-77a108f2bc16,CUST000284,Sports & Outdoors,1,1288.99,1288.99,wallet,2026-04-28T14:25:16.814598
70144111-fb60-4729-b4ac-d71c8fb11c38,CUST000495,Beauty & Personal Care,3,856.97,2570.91,upi,2026-07-27T23:58:21.070820
8bfa7fbe-5dc7-4410-8b47-889b6bb7acac,CUST000251,Toys,4,1818.72,7274.88,credit_card,2026-02-28T04:59:17.162191
73a45b5e-3eb9-4209-9fa6-3b545e310b4c,CUST000150,Electronics,5,630.51,3152.55,cash_on_delivery,2026-05-26T11:58:48.736207
7a0effe8-6115-4c65-87e0-1512d587b304,CUST000087,Groceries,5,1910.56,9552.8,wallet,2026-06-10T16:41:47.610420
4f866af1-aaae-425b-9c5a-316f6fd1182e,CUST000345,Electronics,1,1651.35,1651.35,credit_card,2026-06-19T10:45:18.846281
883abfb9-8cba-44bc-86ad-12e581a06d64,CUST000514,Fashion,4,52.25,209.0,cash_on_delivery,2026-07-02T05:39:14.042576
c0b9702c-30df-47ea-94a9-95d7db4d2ea8,CUST000755,Electronics,3,1002.1,3006.3,upi,2026-06-29T10:15:58.236723
029dc216-0273-4895-9dac-7a6b90982f1c,CUST000003,Groceries,1,1468.0,1468.0,cash_on_delivery,2026-03-08T19:56:11.879120
6c5cd5b0-c0a9-4f7f-b679-3a597edfa784,CUST000707,Fashion,5,1155.35,5776.75,credit_card,2026-06-03T08:37:41.517710
a404175b-9763-4ef9-a283-3328efd1cc68,,Electronics,4,1389.47,5557.88,wallet,2026-03-07T01:14:26.394498
c74d3619-4c8d-42ba-b97a-7f3d23910cf8,CUST000074,Toys,N/A,1897.51,9487.55,wallet,2026-04-28T18:38:22.715204
931a2acc-7f16-4dd3-ab10-1fe7342974a8,CUST000080,Groceries,5,1381.96,6909.8,wallet,2026-04-21T17:56:36.332078
cf6b29ae-039d-46c2-9c17-04f8e06d7c4d,CUST000526,Home & Kitchen,1,708.72,708.72,upi,2026-05-28T15:48:03.341818
8432ebb9-522e-47f8-8469-dd133364efd3,CUST000646,Books,3,317.56,952.68,upi,2026-07-21T07:47:28.636429
5006c939-241c-4e29-9010-bd1339fc402a,CUST000583,Home & Kitchen,4,1154.58,4618.32,wallet,2026-03-15T19:19:04.970409
d10a208a-4928-46ca-bd52-9e025455c43c,CUST000203,Groceries,5,1557.03,7785.15,debit_card,2026-02-28T20:05:16.659073
b76adf9c-424a-43ca-91fb-a5a436f7cb0b,CUST000005,Toys,3,1561.59,4684.77,upi,2026-07-29T14:31:36.394115
089d164f-0506-47d9-adda-75d0a5a88cd4,CUST000757,Groceries,3,636.49,1909.47,credit_card,2026-03-10T05:34:44.449866
df9e32d7-1d05-4f2e-9fbe-aed29688212b,CUST000687,Groceries,1,269.23,269.23,debit_card,2026-05-14T18:59:17.682018
96f3f224-1c98-4605-9ab0-511ed0b122f5,CUST000062,Electronics,2,1182.97,2365.94,upi,2026-05-31T15:33:49.554338
0fae7a07-7999-41ae-a744-7c4e45246d7e,CUST000166,Beauty & Personal Care,5,467.84,2339.2,upi,2026-03-10T21:22:58.415403
4991ecc0-ebf0-4131-a777-faf6372f45e6,CUST000460,Groceries,5,1367.35,6836.75,upi,2026-03-11T03:00:59.549044
8ac04007-7eb4-45c3-94a1-930e9f8424ef,CUST000752,Fashion,4,844.16,3376.64,wallet,2026-03-15T14:41:04.498742
62ca5f5e-527a-4719-a4e2-8a6fa80793e5,CUST000084,Home & Kitchen,1,1049.17,1049.17,upi,2026-05-28T21:32:06.636017
83cf87fd-0109-4952-b759-95a871bd568a,CUST000523,Fashion,4,781.23,3124.92,credit_card,2026-07-21T05:32:40.712631
bac68da5-b661-466c-90c8-6219b26e9913,CUST000493,Electronics,2,1006.16,2012.32,cash_on_delivery,2026-04-07T06:31:31.059844
d8ab0d1c-7415-4a91-93d9-9bcf878ca081,CUST000381,Home & Kitchen,5,907.28,4536.4,credit_card,2026-05-20T21:22:25.100451
6af33bc8-3516-4bea-99d4-05a62288099d,CUST000224,Beauty & Personal Care,1,357.59,357.59,wallet,2026-04-20T11:04:33.549814
7fed6f5d-b632-4369-8232-147142a6a41c,CUST000276,Home & Kitchen,5,1065.28,5326.4,cash_on_delivery,2026-05-31T20:23:57.682559
5f4fbec5-ce3b-4457-9641-2b5691b1bc44,CUST000216,Electronics,3,1604.11,4812.33,upi,2026-02-12T06:03:47.073386
928f1a51-9773-4d1b-955e-0c057bd48e1f,CUST000656,Books,2,1152.26,2304.52,debit_card,2026-07-21T03:28:43.386687
2e784fe0-bb28-4da8-a7c2-6442d506d125,CUST000149,Groceries,3,100.25,300.75,wallet,2026-05-29T02:16:44.075939
c512f0bb-5495-4e86-b11d-a405f55b9c0f,CUST000539,Books,2,1051.67,2103.34,wallet,2026-07-08T12:37:00.411570
7563d707-8c98-4abc-a264-56326040c422,CUST000563,Home & Kitchen,3,1462.01,4386.03,wallet,2026-07-07T08:25:57.328017
06673d7c-3f8f-49af-a152-6ae4d46d8b8b,CUST000747,Books,2,1473.68,2947.36,debit_card,2026-07-01T23:16:45.001566
19785b85-acbc-49e6-a0d1-b9c203935390,CUST000225,Beauty & Personal Care,3,1856.06,5568.18,debit_card,2026-06-28T08:50:45.685179
81a9440f-c313-4222-aded-77f0189105f8,CUST000041,Groceries,3,1672.67,5018.01,debit_card,2026-05-29T08:30:49.926750
63224515-638a-4acc-bbac-2da89707f6fd,CUST000057,Books,5,530.47,2652.35,cash_on_delivery,2026-06-14T20:17:23.546762
ce96ccb1-fa44-436b-8ccf-45cfd3f7699c,CUST000006,Beauty & Personal Care,3,499.58,1498.74,cash_on_delivery,2026-02-11T23:49:34.633348
970d23a7-13e9-4f49-a122-0fca9027ede7,CUST000257,Toys,1,983.37,983.37,wallet,2026-07-21T00:22:35.835757
027524d0-75c3-4082-a82d-f3386154921f,CUST000781,Beauty & Personal Care,4,1676.37,6705.48,cash_on_delivery,2026-04-08T01:03:31.870884
18b660a4-c41a-4483-9102-366e3659e4c7,CUST000763,Toys,5,183.86,919.3,upi,2026-05-28T01:19:57.784695
ba81b090-99b2-432a-ada5-ae7e44791db7,CUST000708,Toys,1,830.01,830.01,wallet,2026-05-27T03:19:56.771444
e96c9565-c8a8-421f-855f-94392a7220ea,CUST000522,Electronics,3,1573.41,4720.23,cash_on_delivery,2026-07-17T15:16:19.636117
bba28315-eb65-43a0-95f0-7eb710c3a818,CUST000072,Electronics,4,123.35,493.4,wallet,2026-06-01T13:21:47.925477
7bd97e48-f06c-4702-b6c8-0ec220aa78f2,CUST000525,Toys,1,467.65,467.65,wallet,2026-03-27T09:40:11.703434
70c835bc-e2ec-4561-9d33-91915c7d7f4e,CUST000446,Toys,1,1818.83,1818.83,cash_on_delivery,2026-02-28T22:27:48.192128
9a506e78-0514-4fe5-991c-31d888790dbf,CUST000233,Electronics,1,92.86,92.86,debit_card,2026-05-02T17:29:15.178557
6f04c869-8bce-40b1-a967-cb6a1c9090ba,CUST000579,Groceries,3,703.92,2111.76,wallet,2026-04-28T01:04:40.057390
7532a7e5-51d5-4db6-8a28-c908636077c9,CUST000788,Beauty & Personal Care,4,1421.25,5685.0,debit_card,2026-05-13T16:47:58.169402
00d7643a-d419-46fb-8761-ffeae1d5b0c1,CUST000208,Home & Kitchen,3,1260.99,3782.97,debit_card,2026-05-23T22:45:29.803107
aaf5e0da-169e-45cb-b2ec-5d25107093c8,CUST000643,Beauty & Personal Care,1,1190.44,1190.44,upi,2026-05-15T07:13:55.048109
826a87f0-6bb4-410c-bf14-5b7014fac910,CUST000534,Toys,3,1446.96,4340.88,wallet,2026-07-16T13:00:07.099275
48bcc953-03f5-40a9-8b0e-4e6f3e162f0e,CUST000296,Beauty & Personal Care,1,607.57,607.57,upi,2026-06-09T05:28:33.988830
9705052e-9b26-477b-a7b7-5d9d7fa8651c,CUST000223,Fashion,2,1009.25,2018.5,wallet,2026-07-16T14:17:19.734279
6febc2fb-43af-4214-a9d0-0a25f2a4d410,CUST000022,Books,3,969.37,2908.11,wallet,2026-06-07T18:39:05.993383
bf9cc577-5751-4c0e-94b7-cf0cedeae75f,CUST000013,Books,3,1832.7,5498.1,credit_card,2026-08-02T18:36:22.997998
d5b9a2cc-2a28-47fe-9452-352495e2f6d0,CUST000040,Groceries,3,408.88,1226.64,debit_card,2026-04-15T08:36:31.120570
087b38b1-bd3f-4e7b-95a5-4e91f586b8a9,CUST000641,Toys,2,854.69,1709.38,cash_on_delivery,2026-08-08T00:21:46.525037
d3551b89-c269-47e2-9e1a-57b1f2d82573,CUST000137,Home & Kitchen,3,530.28,1590.84,upi,2026-06-21T18:13:40.195995
471c6d44-4185-4913-9e95-87d85f31f520,CUST000532,Groceries,5,1887.38,9436.9,wallet,2026-02-19T01:38:39.542226
ffcaa838-23ca-4a60-a254-3f4bbb49c95e,CUST000564,Sports & Outdoors,3,691.78,2075.34,credit_card,2026-08-02T00:06:50.774641
1b7ef7ad-2239-42bb-806e-dcbbc04dfdee,CUST000109,Books,1,1203.37,1203.37,credit_card,2026-03-25T11:35:02.756905
85e47e1a-3378-4442-a0b1-5c1abfc7c3f1,CUST000309,Books,1,1171.05,1171.05,wallet,2026-07-05T11:00:42.148328
0492a9c9-a22f-4ffd-816d-0cdf8d2f900b,CUST000724,Beauty & Personal Care,3,1070.59,3211.77,cash_on_delivery,2026-04-11T14:54:26.751296
b592d9e2-b12b-4467-801d-6948783ec1fc,CUST000790,Toys,4,987.81,3951.24,cash_on_delivery,2026-06-26T05:04:12.083943
8f2736f2-b147-402d-a68c-e40176a1fc93,CUST000567,Groceries,3,393.64,1180.92,wallet,2026-02-13T22:18:42.434304
3b738f09-ab18-43d9-8c0f-7c8341c82f3c,CUST000291,Home & Kitchen,3,1527.42,4582.26,cash_on_delivery,2026-06-09T22:46:01.499600
5db9fcb2-a265-4618-9e3a-798a0d207fb6,CUST000513,Electronics,5,1041.54,5207.7,credit_card,2026-06-17T10:52:46.168809
b89449cb-a8c5-402f-9b2a-2997001e9147,CUST000275,Books,5,1853.5,9267.5,upi,2026-07-30T18:16:23.141659
bd2d10f6-d118-4982-864c-c2d6dfad1af6,CUST000107,Beauty & Personal Care,1,834.87,834.87,credit_card,2026-05-10T17:24:27.171175
266a55f1-eea4-4dec-9758-2d0854db2bba,CUST000186,Home & Kitchen,3,1258.39,3775.17,wallet,2026-04-19T07:30:18.940374
a58b6853-3a65-47fa-8d48-0fa7d1f05acd,CUST000096,Toys,2,208.31,416.62,credit_card,2026-02-12T06:33:33.017292
da51a804-5652-4d72-83f6-d5f9e45a0004,CUST000049,Sports & Outdoors,1,1856.61,1856.61,cash_on_delivery,2026-02-24T15:07:26.535990
6c8588aa-cca7-4bdc-bf8b-2d6b4abf2bf8,CUST000377,Toys,4,1238.61,4954.44,wallet,2026-07-29T03:19:22.211088
a5cb478f-6a1a-4c2c-aad9-accb32dcaf34,CUST000525,Toys,1,1802.16,1802.16,credit_card,2026-03-19T05:12:46.748040
9f35a737-b58c-4788-95bf-1649d6f5465e,CUST000655,Home & Kitchen,1,594.36,594.36,upi,2026-05-17T22:02:15.204826
3a631e14-18f0-4287-9734-86a8f47522d1,CUST000445,Fashion,1,977.25,977.25,upi,2026-06-28T15:44:35.462855
cb37593c-0a16-40e2-9e0c-64b85e3811a5,CUST000484,Fashion,1,799.0,799.0,cash_on_delivery,2026-07-27T21:56:12.644706
93844a7c-f67e-4735-8206-a857dce08b50,CUST000058,Groceries,5,1823.75,9118.75,cash_on_delivery,2026-06-24T00:05:19.942814
27e9ddec-b428-4c6a-acf4-a95bacf23224,CUST000627,Home & Kitchen,1,783.34,783.34,credit_card,2026-02-17T17:36:16.204535
5a4e992c-5029-4c3f-9bfc-f3a9f4e59322,CUST000350,Groceries,1,415.61,415.61,debit_card,2026-07-24T07:06:25.165240
f8e462cf-c3fd-475e-a8ab-8e63141a4635,CUST000497,Toys,3,754.38,2263.14,credit_card,2026-06-03T07:53:38.459346
a9522a8e-abc7-4880-9b2f-a149b01fdf81,CUST000049,Groceries,2,184.5,369.0,credit_card,2026-03-30T02:44:26.186810
74a6f2e5-f158-4ba4-b2b5-13b674188211,CUST000718,Fashion,1,414.96,414.96,upi,2026-02-19T22:32:21.966698
10954fb0-9c97-443e-b26a-98fd638a27ce,CUST000668,Sports & Outdoors,1,78.26,78.26,wallet,2026-05-19T13:07:31.420359
628ccb4a-2afb-4404-958b-c32c125ab780,CUST000185,Home & Kitchen,3,1219.93,3659.79,debit_card,2026-05-07T12:42:10.574937
c6223df0-b9a7-4c3e-97e7-bf01199774fe,CUST000064,Toys,2,1376.53,2753.06,cash_on_delivery,2026-04-17T13:11:20.406291
817338d1-db13-42bc-859c-f29c10a05c67,CUST000284,Books,3,332.57,997.71,wallet,2026-05-11T07:53:00.227356
4858ed5d-7202-41a3-a995-1fa3cd8cfa20,CUST000558,Home & Kitchen,2,26.84,53.68,wallet,2026-05-29T13:53:12.213566
be1d3729-bd99-4480-87eb-427383cb48d6,CUST000360,Home & Kitchen,2,1982.44,3964.88,upi,2026-07-11T01:19:08.976588
46ae7242-8429-4441-ae13-30b4bd406581,CUST000394,Toys,2,1600.8,3201.6,credit_card,2026-06-26T20:46:06.795925
3073c4bb-a324-4755-b4ba-caefbac81b9c,CUST000097,Books,5,1501.63,7508.15,upi,2026-07-05T13:45:11.801214
94f4adfb-c947-4e2e-bd5b-49a23c64f8df,CUST000548,Electronics,5,1265.75,6328.75,debit_card,2026-04-17T09:00:22.488562
4eba801e-cc93-4f62-b94d-dfab2af2a14d,CUST000268,Home & Kitchen,4,1234.48,4937.92,upi,2026-07-01T04:04:55.836158
f25a17be-d0bb-4599-b1b2-8ddc998904f6,CUST000229,Electronics,5,1896.48,9482.4,wallet,2026-05-20T07:36:51.447246
d4c5932c-4f23-4bb4-8eeb-710a3c4414a3,CUST000701,Sports & Outdoors,5,196.19,980.95,upi,2026-03-16T11:29:55.115575
318040ca-f065-48ab-a855-c1f4b1db6977,CUST000261,Books,5,69.37,346.85,credit_card,2026-06-12T09:30:18.562256
cdfca3f4-a75a-4363-8282-e1b8ef96da85,CUST000534,Groceries,N/A,1144.32,4577.28,wallet,2026-04-29T05:06:37.965301
35b90f46-047c-43bb-b339-9db194365ad9,CUST000361,Books,3,1655.8,4967.4,cash_on_delivery,2026-07-15T08:46:09.469866
f02ae983-746b-41fd-9ee9-441403e55c50,CUST000123,Books,3,698.98,2096.94,wallet,2026-03-07T10:51:15.787111
33dd88c9-e6b3-4432-9417-b43814356d54,CUST000050,Toys,3,1842.07,5526.21,credit_card,2026-03-19T12:02:41.449383
7f50fd0f-b70e-43b5-9e8d-eb4d18db1fa5,CUST000202,Toys,4,872.6,-3490.4,upi,2026-05-23T00:16:59.848493
705e46f3-0685-4b47-9247-9b428e080700,CUST000629,Home & Kitchen,3,111.53,334.59,cash_on_delivery,2026-03-02T01:42:39.980355
a1eeefab-4bad-41e6-ba6b-60f119c5a80b,CUST000734,,5,693.29,3466.45,debit_card,2026-08-09T06:36:46.983444
443c26ff-c1ca-4805-9367-4d85e81a8a4f,CUST000758,Books,4,582.14,2328.56,debit_card,2026-04-13T11:47:41.784369
8b22176b-a830-40b5-afc8-ef8e49d27f5b,CUST000260,Groceries,2,1206.29,2412.58,credit_card,2026-05-23T14:50:44.141225
7ab78028-e4c9-4fc0-a223-e9c61646ad8b,CUST000148,Sports & Outdoors,5,1160.66,5803.3,debit_card,2026-02-19T15:16:57.674923
b46f16f2-0955-44b7-a438-40ca35d4e6e3,CUST000537,Toys,4,354.9,1419.6,credit_card,2026-06-30T01:26:53.092206
147e07ce-2a51-47a7-b9db-44c56373048d,CUST000467,Groceries,3,742.43,2227.29,debit_card,2026-03-19T17:40:20.887433
f41f0436-ca86-4851-85f0-234c31bf8de8,CUST000084,Home & Kitchen,1,1593.41,1593.41,debit_card,2026-06-06T02:32:28.310972
bf2cdd52-9b30-44e7-9a48-f932ed8f6c68,CUST000027,Electronics,3,312.28,936.84,cash_on_delivery,2026-04-21T17:23:38.764309
1d8d400d-ddc1-4d62-934e-258c0c028dee,CUST000030,Home & Kitchen,1,1417.92,1417.92,upi,2026-06-02T04:58:16.456965
cb6f188d-8851-41b6-8385-79b70e83c412,CUST000211,Home & Kitchen,4,391.72,1566.88,credit_card,2026-07-17T15:49:12.074622
db50a165-1ca7-451d-9240-92c0c231ec4c,CUST000667,Books,1,413.16,413.16,credit_card,2026-05-06T16:50:29.001694
770b1c83-adaf-4eb2-8a06-8e5d63e968d3,CUST000580,Books,4,1697.27,6789.08,credit_card,2026-05-29T03:42:15.014445
ba49a5fa-3fe3-405d-ba83-b2c075eab5c1,CUST000669,Sports & Outdoors,N/A,241.67,1208.35,cash_on_delivery,2026-07-04T16:23:31.183932
80328095-6ba9-4eef-8dc9-eb67026b258b,CUST000680,Sports & Outdoors,4,1299.19,5196.76,credit_card,2026-07-24T09:46:50.855168
d7a20dee-eefa-4f2f-853d-ef4f7e87ac8d,CUST000702,Sports & Outdoors,4,303.07,1212.28,wallet,2026-04-25T23:02:56.533733
e2b4a8e4-5148-490c-9fd9-34c1e435235a,CUST000385,Books,1,733.77,733.77,wallet,2026-05-23T07:19:44.750655
786fff40-4797-49e3-ab8b-12cbb0b28801,CUST000436,Beauty & Personal Care,5,526.3,2631.5,cash_on_delivery,2026-08-03T08:20:11.341472
43ba417b-6291-43e5-abb8-48226c124ff1,CUST000714,Home & Kitchen,4,112.73,450.92,wallet,2026-02-12T11:25:42.331480
8362f0a3-ad13-4984-833d-4520c49ed1d1,CUST000159,Beauty & Personal Care,4,456.06,1824.24,upi,2026-03-23T09:45:00.578261
6b604cc8-80a6-43d8-815f-70cb421d420d,CUST000642,Electronics,5,589.87,2949.35,debit_card,2026-07-19T18:12:48.366969
f5ff5d9d-b2a4-4600-aa1a-5aa59ab29110,CUST000253,Groceries,5,644.63,3223.15,cash_on_delivery,2026-04-13T21:17:17.155035
2e24f999-7788-4053-9dc1-cf1614dd285e,CUST000230,Beauty & Personal Care,4,815.75,3263.0,credit_card,2026-03-14T22:17:28.341264
c087fe52-7d4e-40d7-927d-76c371a72769,CUST000367,Groceries,2,826.11,1652.22,debit_card,2026-02-19T00:09:59.958942
1eaefd71-afc1-44d5-b12a-df309c481f81,CUST000688,Fashion,2,135.39,270.78,credit_card,2026-07-05T08:41:30.045388
e0a019d3-f3cf-4602-bd05-c60fccb77d6c,CUST000056,Toys,2,1719.42,3438.84,upi,2026-03-26T07:32:25.213284
81563dc0-2f74-481e-9c22-92862d00de81,CUST000393,Fashion,1,1398.55,1398.55,cash_on_delivery,2026-02-19T14:41:58.004766
d2dfa6fd-c981-4a6c-9cbd-0aa4d7084582,CUST000223,,3,505.64,1516.92,debit_card,2026-02-11T00:25:03.600759
cdbf3591-2f05-4e4c-a1a6-d20ba6581399,CUST000452,Toys,3,1391.72,4175.16,credit_card,2026-07-04T18:51:20.553688
c81aaa88-e762-44d1-b917-ab37a23c83e8,CUST000493,Toys,5,960.65,4803.25,debit_card,2026-03-22T00:33:59.152482
f5036c21-a34f-4756-84b2-dd62a2e8eee0,CUST000704,Home & Kitchen,1,1326.92,1326.92,debit_card,2026-03-14T18:55:57.302705
add41bd2-e98f-476b-aac7-198eb1eb8339,CUST000302,Toys,4,664.67,2658.68,upi,2026-02-18T02:46:21.591179
93c3f9f1-b728-4025-8886-c641a992884e,CUST000455,Electronics,5,1463.26,7316.3,wallet,2026-03-07T15:51:59.145995
2050e96d-433a-46ca-932c-fbbff889b8f5,CUST000571,Sports & Outdoors,3,1264.89,3794.67,wallet,2026-05-30T19:19:16.455766
99f8cc3b-d7be-4179-b801-97df25918c75,CUST000342,Electronics,1,100.59,100.59,cash_on_delivery,2026-03-17T13:30:31.653328
5ac18a27-1464-4974-8443-83c3d449a039,CUST000323,Fashion,3,1633.22,4899.66,debit_card,2026-05-07T20:08:42.743960
6b3ba324-e71b-4395-9be2-05bfa0da5b18,CUST000145,Fashion,5,1839.69,9198.45,credit_card,2026-07-06T11:24:28.849570
f90f97ef-734f-42bc-830e-0dd1963fc00c,CUST000794,Books,1,1468.65,1468.65,wallet,2026-06-07T13:42:32.279604
3c81191b-85fd-4782-9d5c-1a3d4292446b,CUST000519,Groceries,4,1103.24,4412.96,cash_on_delivery,2026-07-11T13:41:09.235178
73ebf3c0-eecf-4611-bf15-d624cab6955a,CUST000485,Groceries,4,153.02,612.08,cash_on_delivery,2026-05-07T23:00:35.238675
0e7161e7-8c71-4399-85b7-8d5e2c2b293e,CUST000752,Sports & Outdoors,3,271.15,813.45,wallet,2026-03-25T20:26:26.469162
61d41ac8-9bd5-4b8f-9df9-ca7d2829be76,CUST000353,Home & Kitchen,3,102.58,307.74,cash_on_delivery,2026-03-05T07:24:18.691704
030c0bc9-3d57-4f5c-8194-c62abec7d490,CUST000460,Sports & Outdoors,4,1706.48,6825.92,cash_on_delivery,2026-07-16T13:17:15.395292
75572f21-6420-4fd0-881e-c6a9fb131c0f,CUST000043,Toys,2,1378.37,2756.74,upi,2026-06-24T06:24:20.357325
1fc43000-7483-44d0-95d5-41033cd304f4,CUST000157,Groceries,4,1027.83,4111.32,credit_card,2026-04-03T16:33:53.634620
b85cffd8-1dca-42c0-98d4-a53376befb53,CUST000322,Groceries,2,1318.04,2636.08,upi,2026-02-15T01:50:43.817791
ba898dd8-3129-4799-b3b2-34e037a01f64,CUST000333,Beauty & Personal Care,3,910.09,2730.27,upi,2026-06-25T09:12:16.477853
5b8ce60a-2fcb-4a51-bef2-e69273f113fd,CUST000751,Toys,4,890.57,3562.28,cash_on_delivery,2026-06-12T08:13:26.038059
396aff90-fc9b-450b-97f7-34708c748bb8,CUST000159,Fashion,5,533.65,2668.25,debit_card,2026-06-21T01:00:11.182360
8c227dd4-1dd7-4d7a-8881-59a855eaac24,CUST000473,Home & Kitchen,4,701.13,2804.52,wallet,2026-04-12T14:48:51.298352
a36ed50e-fdee-4201-bdc7-0cc67bddace9,CUST000098,,1,1073.04,1073.04,wallet,2026-07-09T13:28:10.005968
db8a0d8c-c564-45f9-92bd-1303b44530f7,CUST000006,Books,5,667.77,3338.85,cash_on_delivery,2026-08-09T07:24:22.907366
df2366e4-c08b-4b9a-adf6-33744d18b164,CUST000003,Beauty & Personal Care,4,29.35,117.4,cash_on_delivery,2026-05-23T19:44:25.053998
ee339ffe-d72f-4008-96cb-5daf0aa51e7e,CUST000718,Sports & Outdoors,5,911.83,4559.15,wallet,2026-06-09T12:08:45.102698
8028d617-00f4-4249-9e46-1e31361a78e9,CUST000105,Beauty & Personal Care,2,1855.47,3710.94,wallet,2026-03-03T10:49:53.788208
11f90112-3d3b-4612-a814-4f0ebc95bb3f,CUST000676,Beauty & Personal Care,1,598.31,598.31,credit_card,2026-04-26T18:41:12.270210
a4cef17a-b281-4417-929e-003b7a4695f0,CUST000326,Books,3,819.48,2458.44,cash_on_delivery,2026-08-08T22:03:24.659655
6d51c72f-59da-4e48-bd4d-7b16cfb5414c,CUST000718,Sports & Outdoors,5,1425.19,7125.95,debit_card,2026-04-11T07:47:17.073928
bd06a281-df89-4667-8eca-9c3f23a34f44,CUST000650,Electronics,5,625.77,3128.85,upi,2026-06-04T18:49:53.751946
388f0884-3637-4264-9923-bf285e2e37d3,CUST000594,Books,4,1948.62,7794.48,debit_card,2026-02-20T11:39:29.694770
429199ec-1b72-4d5d-9a87-1cf3161f477f,CUST000568,Toys,5,405.57,2027.85,credit_card,2026-04-19T22:25:57.977268
50743c8b-e808-4b77-ba39-2c75a9d96088,CUST000040,Sports & Outdoors,5,210.93,1054.65,upi,2026-03-06T13:13:56.372898
c777b1d8-f5e7-4ab6-ad0e-cc668cf32eed,CUST000391,Groceries,1,1009.32,1009.32,debit_card,2026-07-27T03:28:54.595504
467039bc-e7eb-40c9-965e-5ffb8466d250,CUST000759,Sports & Outdoors,5,673.5,3367.5,cash_on_delivery,2026-07-26T22:54:38.135336
c17ab86c-7c56-4cf2-9c1c-d1db089e7ff2,CUST000355,Beauty & Personal Care,5,883.11,4415.55,upi,2026-05-11T03:40:02.984555
ee62440b-f264-4b26-b332-791cb7c52d56,CUST000701,Toys,2,954.44,1908.88,wallet,2026-06-23T13:43:15.096131
d8d9d8b6-612c-480e-9fbe-6b6423662a88,CUST000238,Home & Kitchen,2,1310.93,2621.86,wallet,2026-02-26T19:43:30.160326
26c8adbe-c284-46cc-a884-5b5ec5cd58a4,CUST000528,Toys,4,1308.71,5234.84,upi,2026-06-06T09:48:53.261731
b9549c7a-f7b1-4fea-8230-1f48f5b18215,CUST000380,Electronics,N/A,1404.3,7021.5,credit_card,2026-07-08T20:42:33.839298
073a08e1-bcdf-4714-a4b1-f44489eab01d,CUST000678,Fashion,1,123.02,123.02,upi,2026-07-25T17:09:29.687160
a056a336-1173-4a3d-ab32-30e7b5087e83,CUST000476,Beauty & Personal Care,1,1150.65,1150.65,cash_on_delivery,2026-03-18T03:49:07.365161
0b6c5abd-3565-4501-b58f-727298cc7851,CUST000480,,2,223.14,446.28,credit_card,2026-05-27T14:00:19.082707
472dc3b8-df7d-4e93-9c1b-77a3b9b0fa50,CUST000770,Toys,1,1993.28,1993.28,credit_card,2026-05-26T15:27:47.608183
975c2673-2ef2-44b5-956e-94f8958608e0,CUST000795,Beauty & Personal Care,2,1764.82,3529.64,wallet,2026-06-17T08:46:31.808357
a320f289-e42e-4158-9a56-7fb7c450d4a1,CUST000117,Electronics,5,1287.61,6438.05,upi,2026-03-09T21:23:03.967399
68c62780-2560-47f2-90c9-fde0dc3697de,CUST000746,Home & Kitchen,4,645.32,2581.28,upi,2026-04-05T19:57:52.633119
61ca2922-2715-4e92-b872-1f750d42dd71,CUST000157,Toys,2,719.38,-1438.76,credit_card,2026-03-22T19:31:03.039560
06471cc5-cfde-4f11-a08a-47a99a2b9fc7,CUST000104,Electronics,3,1120.72,3362.16,cash_on_delivery,2026-04-07T17:26:49.781985
3e708396-2908-4f9a-83c2-1b9f155db55a,CUST000303,Home & Kitchen,5,1681.87,8409.35,upi,2026-05-05T14:20:27.364831
715dfa58-38bb-4cc3-8963-31a8d5e5117b,CUST000177,Beauty & Personal Care,4,1169.38,4677.52,cash_on_delivery,2026-05-25T00:50:32.820616
76104e2e-aa10-4f87-8910-1c77fe146602,CUST000139,Beauty & Personal Care,5,1063.05,5315.25,upi,2026-06-01T20:55:45.184055
a3b2c226-ec31-4fde-a85a-868a1047e2ce,CUST000413,Home & Kitchen,1,552.32,552.32,wallet,2026-02-21T20:35:04.619678
f1babb1c-53a9-4125-941d-68393c27034d,CUST000027,Electronics,3,1174.25,3522.75,cash_on_delivery,2026-03-11T15:54:58.698288
9bea6f6f-bdc8-43e8-9217-3e3a49a4fc35,CUST000522,Beauty & Personal Care,4,986.99,3947.96,wallet,2026-07-04T22:55:15.261062
2d5aad27-d3ee-4a47-bf8b-5bb52972df34,CUST000178,Fashion,2,1485.22,2970.44,upi,2026-06-25T01:44:28.434753
1c2c9366-ed68-4886-8a55-83c891d71002,CUST000022,Sports & Outdoors,4,758.59,3034.36,upi,2026-05-29T05:39:28.730877
40017002-afd5-41e0-85fa-ecc599cebca2,CUST000567,Books,3,1370.56,4111.68,credit_card,2026-02-15T22:06:17.079858
4b46118c-4ead-4e74-bd37-b6c083613875,CUST000012,Fashion,2,1404.49,2808.98,cash_on_delivery,2026-04-13T23:14:00.960022
df0160d3-9e4e-4f3c-9581-9338bd29af9d,CUST000720,Books,3,373.97,1121.91,cash_on_delivery,2026-02-14T20:48:01.711639
57d05d16-0495-4a19-aa8f-75594930a9d6,CUST000206,Groceries,5,299.87,1499.35,upi,2026-05-06T23:23:43.509524
2dce46ee-0e1b-46f6-887e-05c39524099b,CUST000146,Books,4,1551.28,6205.12,upi,2026-05-26T03:45:32.035280
8bc179b8-2d47-4725-b8c1-10bcfe930584,CUST000011,Home & Kitchen,5,296.15,1480.75,upi,2026-02-19T09:20:13.097090
2135f37f-d380-4163-8c6f-9a84d083832a,CUST000705,Toys,2,58.54,117.08,credit_card,2026-05-03T03:30:52.380226
ef36f59a-23ca-4045-9773-e419009cd8a1,CUST000010,Home & Kitchen,2,757.43,-1514.86,cash_on_delivery,2026-05-11T02:45:08.020664
dce2c5dc-2e48-4650-8cb2-46996a0da6a8,CUST000416,Sports & Outdoors,1,1344.99,1344.99,cash_on_delivery,2026-06-03T19:23:02.988755
24961bd7-8abc-4164-a14b-8d32e2835ef0,CUST000153,Fashion,5,318.93,1594.65,credit_card,2026-03-28T14:29:16.670939
d8ad0c6f-c01d-417e-ac82-2d3d8b676318,CUST000363,Sports & Outdoors,1,1891.73,1891.73,cash_on_delivery,2026-04-24T14:26:53.617993
0d7fadb9-a7f0-4cbb-bef0-142cb0506581,CUST000083,Home & Kitchen,4,1377.47,5509.88,credit_card,2026-08-04T23:46:36.187886
4f2f24ca-2288-4a48-a312-cc77e79b8929,CUST000661,Fashion,5,516.61,2583.05,debit_card,2026-03-09T03:00:16.032145
e92ba868-a3fd-4d12-bd8e-26c02c59e88b,CUST000439,Beauty & Personal Care,3,1050.09,3150.27,wallet,2026-05-14T11:56:49.045247
fc70af62-8311-4163-842e-5db884c8dd26,CUST000457,Fashion,5,205.06,1025.3,cash_on_delivery,2026-08-08T12:19:51.061559
d7d0af1a-a0c6-4b5d-b623-47a0bde584f7,CUST000396,Home & Kitchen,1,13.2,13.2,wallet,2026-05-21T08:21:20.698430
41b39bc4-a786-41db-b31d-423c82e5d9e0,CUST000135,Beauty & Personal Care,3,488.35,1465.05,debit_card,2026-03-18T00:43:28.153274
8c4e430f-cd68-4c28-a6d9-ea67cf377d53,CUST000707,Home & Kitchen,4,160.08,640.32,cash_on_delivery,2026-04-25T10:41:35.385817
25f2ffa4-e055-4b1b-8cf7-bd001f23cea9,CUST000218,Home & Kitchen,5,746.2,3731.0,credit_card,2026-06-24T06:13:11.945826
c735a614-b5b4-4127-8ee3-dc529271660b,CUST000608,Books,4,69.54,278.16,debit_card,2026-03-29T12:26:00.284971
1fe83a24-171a-456e-92ea-3caa89761cfa,CUST000103,Toys,4,1591.91,6367.64,credit_card,2026-07-14T11:44:27.271058
adc17d6f-2aa1-4190-88d6-14199bb9b897,CUST000380,Books,1,393.49,393.49,credit_card,2026-05-27T13:33:41.316413
78453d35-98d7-4325-b32f-257cd09156eb,CUST000242,Electronics,2,795.47,1590.94,cash_on_delivery,2026-03-17T16:30:46.309291
791c4f1d-f741-4050-990b-196ff2d48af2,CUST000065,Groceries,3,1664.33,4992.99,upi,2026-08-08T08:26:15.769123
5deec006-d7a9-40ec-87ae-3fd1e1841282,CUST000523,Toys,5,767.91,-3839.55,debit_card,2026-05-25T11:37:53.625635
4e97051d-0034-423b-92bd-363e615c1467,CUST000155,Home & Kitchen,4,1473.07,5892.28,debit_card,2026-05-11T01:14:22.843153
37915bae-8540-40d1-bc77-7421e7c22a87,CUST000561,Books,4,678.13,2712.52,upi,2026-02-21T12:30:52.334166
7443fc76-56d4-41db-929d-289acfadb12a,CUST000591,Groceries,3,643.81,1931.43,upi,2026-07-08T16:28:33.196366
a4782bc7-3423-4b12-9eb5-98f15434333f,CUST000224,Toys,2,1541.81,3083.62,upi,2026-03-22T18:16:38.789153
835d609a-91ea-45c8-aad4-34c7a2282f55,CUST000413,Groceries,2,1737.33,-3474.66,upi,2026-07-06T07:15:59.909445
926e6f72-ee28-4d91-80f9-0d913357ae31,CUST000223,Fashion,1,1416.59,1416.59,debit_card,2026-05-08T08:49:04.750731
bd4e9b1c-2354-45f2-b2b0-c2eada67604d,CUST000208,Sports & Outdoors,4,1142.88,4571.52,credit_card,2026-07-01T02:47:09.813633
38fe51b9-eb26-41b5-a0ed-7e5c8fddfa0c,CUST000382,Home & Kitchen,5,79.76,398.8,wallet,2026-03-29T10:05:47.780550
2119cd97-2ad6-435d-9160-868869fb6d20,CUST000096,Toys,1,1054.79,1054.79,wallet,2026-05-23T19:23:03.366645
588e081a-82f2-4cd7-9125-12199eb4de8d,CUST000596,Electronics,1,514.64,514.64,upi,2026-07-25T02:19:08.624036
7c4b06fd-2ae3-4c9b-9908-7a565a93afbd,CUST000289,Home & Kitchen,3,503.31,1509.93,debit_card,2026-03-10T22:33:00.669979
8c7c3f58-921a-4435-a30f-a69d21c1b5c0,CUST000619,Fashion,5,755.04,3775.2,debit_card,2026-08-09T07:25:02.124960
97c47c3c-b89a-4e91-a2ea-588042502831,CUST000001,Toys,3,233.5,700.5,debit_card,2026-03-07T05:41:22.589807
fd49cda0-8248-4ce2-b842-2338fcef08ad,CUST000140,Groceries,1,824.42,824.42,debit_card,2026-07-02T05:33:58.468287
da64d178-994b-4ad4-85af-e4581fbdb265,CUST000377,Sports & Outdoors,5,171.08,855.4,upi,2026-06-06T08:05:43.981265
8aa8d0d5-108c-48f6-bfd8-a41e7f01f2f0,CUST000114,Groceries,5,1165.78,5828.9,wallet,2026-04-08T04:19:14.269980
5cb06e9e-07ff-4d09-b498-b3ab9bc60e69,CUST000481,Beauty & Personal Care,2,1245.72,2491.44,upi,2026-07-23T15:52:46.979293
da149d25-7056-4247-9131-3475e0194535,CUST000419,,5,39.27,196.35,debit_card,2026-03-03T09:06:27.126194
b4a53955-b816-45f1-8a6c-8cf75053ed9d,CUST000487,Toys,1,583.62,583.62,wallet,2026-04-29T00:37:21.776634
c0069064-ace5-47d5-b8f7-8a9bdeafd54b,CUST000010,Fashion,5,1321.03,6605.15,credit_card,2026-03-22T15:28:09.949746
9a9b6842-67db-430a-9f78-a1e443091113,CUST000074,Fashion,3,1297.44,3892.32,cash_on_delivery,2026-03-19T19:20:11.441255
3f70c04a-6e4c-448c-9b0b-656b5aff6af7,CUST000248,Beauty & Personal Care,1,410.66,410.66,cash_on_delivery,2026-04-10T19:50:48.367872
d2e419f5-26e3-4d15-80aa-d1a9502c760d,CUST000712,Beauty & Personal Care,2,1632.31,3264.62,upi,2026-03-10T19:55:57.167599
6b5b01cb-4f6a-48dd-b450-2fa9b8aa5e6e,CUST000778,Groceries,2,1962.75,3925.5,credit_card,2026-05-12T09:38:46.916515
d2458bcd-3a00-46ba-8381-3ac30d2aeb95,CUST000517,Home & Kitchen,4,1829.7,7318.8,wallet,2026-04-28T11:31:55.449544
039be521-091c-4e9d-9066-7f5ce4b1a529,CUST000409,Beauty & Personal Care,4,803.47,3213.88,credit_card,2026-03-14T23:41:59.432569
5fce142e-4b5a-4442-9834-8adc33aada54,CUST000728,Fashion,3,1480.61,4441.83,upi,2026-03-03T23:57:37.001871
10896df8-63cd-4790-8be6-61ab05d06c3f,CUST000740,Beauty & Personal Care,2,1329.84,2659.68,credit_card,2026-04-28T06:14:49.924663
cc8b32b6-66f5-410a-a184-43ecaa7d2530,CUST000511,Books,3,60.84,182.52,upi,2026-05-14T16:59:10.237188
90ec329c-14eb-483d-aaf4-7917128a2957,CUST000010,Home & Kitchen,5,718.98,3594.9,credit_card,2026-06-15T14:59:00.459411
9b6c6a32-f667-44eb-91b3-94814b0982c3,CUST000568,Books,2,1713.34,3426.68,debit_card,2026-03-25T10:39:29.548848
b72c62f2-c68b-4196-9d4a-e9505a05a719,CUST000554,Beauty & Personal Care,4,703.14,2812.56,debit_card,2026-06-08T22:32:04.872892
b68c3ba8-2715-4022-a645-975d400e87bd,CUST000258,Sports & Outdoors,4,1203.88,4815.52,cash_on_delivery,2026-07-19T10:50:24.098134
4deaa93d-9e46-450f-8006-8a82ac4e413e,CUST000000,Beauty & Personal Care,4,924.24,3696.96,cash_on_delivery,2026-07-05T12:53:28.059824
acb55ab5-c620-4e61-92f2-ba1a34697535,CUST000264,Toys,1,1948.65,1948.65,upi,2026-05-09T09:38:53.194448
bec8bf41-7b7c-4ebb-b3d9-820fadb94a93,CUST000416,Groceries,4,42.34,169.36,debit_card,2026-03-09T03:48:12.323468
0d1bb25b-43c9-4a87-8610-513497a5cab5,CUST000046,Electronics,3,1136.7,3410.1,debit_card,2026-06-21T08:02:20.580274
11d3764e-af80-4c00-bbd3-fa4dc2e94fd3,CUST000573,Books,1,741.62,741.62,cash_on_delivery,2026-07-01T05:21:33.913348
fafba23c-532a-444b-b0a3-c1fbbdf909b0,CUST000270,Sports & Outdoors,2,471.87,943.74,wallet,2026-05-01T23:43:04.828896
2e2bce3f-7fc9-43a9-bde0-ff579c7c2edc,CUST000657,Beauty & Personal Care,5,1553.32,7766.6,credit_card,2026-03-14T08:47:06.529948
00873ffd-05de-4fde-a3aa-4b11f3f8a1c4,CUST000272,Fashion,5,207.32,1036.6,wallet,2026-03-10T12:50:55.590914
9a14f513-274f-4f6c-aebc-469a9c7083fc,CUST000072,Groceries,4,1822.42,7289.68,cash_on_delivery,2026-06-15T01:17:13.949617
eb500991-85a4-40ca-80b8-a152a8221536,CUST000653,Home & Kitchen,2,1903.34,3806.68,credit_card,2026-03-23T12:49:45.817586
b1535d9e-395c-4002-80f2-010baaa0bf2e,CUST000413,Electronics,2,110.32,220.64,credit_card,2026-04-09T20:05:36.126831
02b45d30-4778-4392-9093-bee6dfa38d1c,CUST000486,Books,N/A,423.43,423.43,upi,2026-07-07T12:48:51.448133
7aca7766-ef0a-4853-9814-d62453dd3e24,CUST000609,Home & Kitchen,3,1729.86,5189.58,upi,2026-05-30T17:33:42.294256
735721cb-9f30-4263-b76c-5216568ff4a3,CUST000787,Home & Kitchen,1,1589.89,1589.89,debit_card,2026-03-20T19:41:10.393639
739dd608-c611-4705-b454-d8d3a807de75,CUST000005,Beauty & Personal Care,2,1404.42,2808.84,credit_card,2026-06-08T15:05:14.736340
77ac5382-ef3b-4f43-ba75-a808876482f9,CUST000778,Books,5,208.14,1040.7,upi,2026-04-26T03:10:03.375805
479b3337-2f0e-4002-922e-54b3baac3290,CUST000355,Sports & Outdoors,3,713.98,2141.94,debit_card,2026-04-03T09:43:38.120166
8b1fee26-7d1a-4949-8a22-b4a2bda332e6,CUST000794,Sports & Outdoors,4,358.76,1435.04,wallet,2026-05-16T04:34:07.882740
70f7a852-7358-4aff-9afa-227b5c156853,CUST000115,Groceries,3,32.02,96.06,debit_card,2026-07-20T20:30:56.743521
e500cc47-1f36-46cb-ba50-16061181331b,CUST000212,Fashion,4,1505.75,6023.0,credit_card,2026-03-07T14:04:32.316949
bde7f3b0-2a34-4af5-9b95-706987d26263,CUST000101,Toys,2,37.48,74.96,cash_on_delivery,2026-03-13T14:49:10.089764
d6246f93-2f17-429b-80af-1a4db4dd08b0,CUST000142,Toys,5,1780.0,-8900.0,wallet,2026-03-17T22:11:16.301896
acdbd6f7-ec3f-4a4a-8cea-f3c4e5957561,CUST000747,Home & Kitchen,5,375.39,1876.95,credit_card,2026-07-21T07:36:41.727604
898b4dee-f932-454b-b3b3-a67d9f1ecef3,CUST000107,Home & Kitchen,3,355.58,1066.74,wallet,2026-04-11T09:52:49.363734
fdefddc5-5f08-4577-a573-789a4835a0a9,CUST000798,Books,2,573.45,1146.9,credit_card,2026-06-15T17:26:48.129451
4175c25a-b941-4d43-99b0-d892b2d4b76a,CUST000527,Toys,4,958.89,3835.56,credit_card,2026-06-11T22:29:46.450055
c26a311b-7d76-4d59-880b-da400ec5e4f3,CUST000038,Groceries,3,25.27,75.81,upi,2026-06-14T04:37:49.021508
d20f1e08-43dc-4996-93a8-464e83f50127,CUST000059,Fashion,1,537.66,537.66,debit_card,2026-03-04T13:05:57.540182
82af65d4-c45c-40b6-b1f3-acd24cc63d08,CUST000385,Beauty & Personal Care,2,861.92,1723.84,cash_on_delivery,2026-04-11T08:41:54.590893
048d6944-164c-4156-a6fd-e8523e37d6ad,CUST000477,Sports & Outdoors,5,815.99,4079.95,upi,2026-05-26T19:16:45.629601
f71965ab-b932-4ccb-a569-ccc41ec5ac04,CUST000472,Beauty & Personal Care,4,266.46,1065.84,credit_card,2026-08-03T18:26:59.787833
5f872a51-6cd3-435d-86e3-89ecd5053fdf,CUST000179,Sports & Outdoors,N/A,1956.15,7824.6,credit_card,2026-07-30T09:53:06.840247
a237d270-6bd6-4461-8024-60cc7a837772,CUST000223,Sports & Outdoors,3,198.23,594.69,credit_card,2026-06-16T05:59:28.052622
9fa07869-21db-4b9d-b419-9cf95479c0c8,CUST000583,Toys,3,1279.81,3839.43,credit_card,2026-04-16T07:02:04.359218
df28c725-b602-4e06-b427-0a88e749ed29,CUST000297,Electronics,3,1809.27,5427.81,debit_card,2026-07-26T00:34:09.033572
fcd67dc9-8b07-43b7-aa03-0b621a903550,CUST000445,Fashion,2,439.33,878.66,credit_card,2026-05-16T13:18:56.052888
6e5c648e-0bd8-45f5-84b0-b8543e943219,CUST000229,Groceries,3,385.14,1155.42,upi,2026-02-19T01:42:22.379843
06d09335-ede8-4156-93bd-d75f5b5c4180,CUST000686,Toys,3,1057.79,3173.37,wallet,2026-04-25T11:59:08.219131
f4a7f926-46c6-4756-81a7-48fe6556dc58,CUST000502,Fashion,3,1805.01,5415.03,debit_card,2026-05-08T20:30:50.135173
941ff5f5-81db-4d29-8d5e-c3d2b78613e4,CUST000327,Electronics,4,1975.68,7902.72,credit_card,2026-08-04T20:25:05.787048
4142d33d-d403-4008-8e46-1f19d78df2c2,CUST000257,Electronics,1,13.15,13.15,debit_card,2026-05-12T16:26:27.330291
452d88bc-251a-4d94-baa2-60b90d9e8ab3,CUST000008,Fashion,3,1706.85,5120.55,cash_on_delivery,2026-03-31T03:31:01.888101
8a122cc2-3e58-4186-8c75-3f4a066bdd12,CUST000576,Books,2,1515.06,3030.12,upi,2026-07-17T19:06:57.037933
1638b23f-b4a9-4afe-aa9d-77375c52ebc5,CUST000407,Sports & Outdoors,2,1300.87,2601.74,credit_card,2026-06-18T20:29:05.996155
981a3aeb-3efd-435c-8612-9ff80ace31c7,CUST000715,Electronics,3,1411.94,4235.82,wallet,2026-04-21T20:03:38.793287
638a2c98-ce39-4eeb-a8dd-716a092edcaf,CUST000285,Beauty & Personal Care,3,1022.17,3066.51,cash_on_delivery,2026-03-24T17:43:50.982354
c387e0b8-f123-44a6-b22f-9f64459701de,CUST000788,Home & Kitchen,4,1244.23,4976.92,wallet,2026-06-04T01:48:32.439229
2b3231b2-7250-4060-9eab-8ac80e32f410,CUST000179,Home & Kitchen,2,329.95,659.9,credit_card,2026-02-23T11:32:33.418394
51a8e318-8963-4374-9cee-665a59b96c96,CUST000240,Beauty & Personal Care,2,490.26,980.52,upi,2026-08-01T23:43:14.590747
05f117d2-5c5e-4836-8f8f-62b8e56a51e7,CUST000795,Beauty & Personal Care,4,672.37,2689.48,wallet,2026-07-12T23:51:07.206132
d7959cec-fd73-4097-a033-62dbca293f0a,CUST000565,Toys,4,1446.41,5785.64,upi,2026-05-03T07:08:48.119212
ddad2af0-489f-4b89-9f24-81d19eae718b,CUST000643,Beauty & Personal Care,1,1334.98,1334.98,debit_card,2026-07-08T10:01:11.705108
646ba32d-36cb-49fd-9004-8dda3ec44e1e,CUST000075,Toys,1,1172.26,1172.26,cash_on_delivery,2026-08-09T09:18:30.785649
4fec1577-c8dd-47fa-a70a-64bc3e232839,CUST000537,Sports & Outdoors,5,136.9,684.5,cash_on_delivery,2026-04-08T04:11:42.704151
454d6983-ba2a-4b8c-98a6-1b590c9fb6c0,CUST000452,Groceries,1,534.92,534.92,upi,2026-05-28T08:13:20.911406
708c535e-65b7-4c78-a402-8acfc30ab43b,CUST000555,Sports & Outdoors,3,1422.15,4266.45,wallet,2026-06-20T03:34:36.793586
7aa46d18-5b6f-4cdd-8bd6-f5b6a97246fd,CUST000713,Home & Kitchen,2,907.62,1815.24,credit_card,2026-06-20T18:14:47.805886
0475c748-7048-4acf-815b-2371024a7699,CUST000021,Fashion,1,1948.87,1948.87,debit_card,2026-04-04T16:22:47.590091
bd927b26-0d98-4c42-9af4-6a30aa360760,CUST000548,Toys,3,1982.91,5948.73,credit_card,2026-02-17T14:48:34.977949
09b8d524-d3e1-438b-b297-76e383bc750d,CUST000650,Books,3,1962.17,5886.51,credit_card,2026-07-01T21:15:01.189931
10f549f8-7b78-4231-9345-64804cd81a5e,CUST000782,Beauty & Personal Care,5,572.93,-2864.65,upi,2026-05-02T18:18:42.715297
c7204eb9-87ee-4f5e-bfb3-efcc9ba02bb8,CUST000505,Electronics,3,1117.86,3353.58,upi,2026-06-26T22:27:42.381160
cefb33f2-0978-46fa-959a-df800ef23d11,CUST000276,Home & Kitchen,1,288.12,288.12,wallet,2026-04-21T18:42:30.680582
1cedf808-f418-4a70-afaa-73cf582e627a,CUST000450,Sports & Outdoors,3,1558.87,4676.61,credit_card,2026-06-12T16:08:47.812750
08d9b6fa-7abd-4eb4-80f4-4362c5fd0dbd,CUST000613,Electronics,4,909.56,3638.24,cash_on_delivery,2026-05-04T00:22:34.528290
9e583841-e269-4016-9d2e-163f087ad534,CUST000034,Sports & Outdoors,2,807.58,1615.16,credit_card,2026-04-12T04:13:59.174100
5f5174f0-c63b-4a89-89c8-9afef9dbbd0e,CUST000275,Books,1,1211.93,1211.93,debit_card,2026-05-06T16:34:06.174083
cb7d391c-abb0-4625-b1c5-5284f1ac9549,CUST000431,Electronics,3,1277.93,3833.79,upi,2026-02-23T23:13:02.386210
4060d9f6-362c-4d96-82a4-eee8ada3dd35,CUST000466,Beauty & Personal Care,4,1370.53,5482.12,cash_on_delivery,2026-02-27T06:36:03.707084
92e25ef1-e0c0-4ef8-afa7-78232fe6cd0c,CUST000556,Home & Kitchen,5,1885.89,9429.45,cash_on_delivery,2026-07-11T03:57:14.745502
aaffe021-5082-4f4e-97ec-9663a76fba9f,CUST000601,Toys,4,306.29,1225.16,upi,2026-02-20T17:40:25.557336
3238cd5d-73a8-40e8-b04a-7e61baa3a4db,CUST000365,Groceries,4,877.34,3509.36,cash_on_delivery,2026-06-03T05:23:07.254930
1aaaeab1-9dab-4960-959d-1805f89ee73a,CUST000512,Beauty & Personal Care,3,627.36,1882.08,credit_card,2026-06-08T11:51:52.182014
565c915b-3820-4337-9bac-ff57fa4cbf2f,CUST000348,Sports & Outdoors,4,696.0,2784.0,debit_card,2026-05-03T06:26:27.734355
ae95bf51-5331-4040-8a4c-938e12d563bd,CUST000651,Sports & Outdoors,5,1471.81,7359.05,debit_card,2026-07-22T10:18:12.608234
98f81c73-94dd-4ea2-b794-a38fe73af593,CUST000390,Beauty & Personal Care,3,1955.16,5865.48,debit_card,2026-07-24T11:52:18.996997
79a40d43-7397-4f25-adca-cde03c90139a,CUST000526,Home & Kitchen,3,417.12,1251.36,wallet,2026-04-04T23:16:19.683925
8e75e26a-a66e-40d8-8242-b63f9e82d02c,CUST000786,Books,3,402.94,1208.82,credit_card,2026-04-07T18:32:01.480131
a2ff727d-a4e5-4d27-8674-bf64c57ca590,CUST000784,Groceries,3,1615.43,4846.29,wallet,2026-06-22T23:24:36.860562
7ca57bce-7b27-49a6-8f12-027430340496,CUST000092,Sports & Outdoors,5,1823.14,9115.7,debit_card,2026-07-21T20:34:23.270524
940d211b-9317-4162-a0bf-348b05b0f3dc,CUST000135,Electronics,2,1963.23,3926.46,credit_card,2026-04-03T12:07:52.824202
b3acbfb7-16bf-44f6-adad-61487a740b73,CUST000544,Groceries,3,1666.16,4998.48,debit_card,2026-03-28T03:25:26.258323
b3bf5792-cc1a-4a74-a238-8a42fa8ae78b,CUST000100,Toys,3,1524.45,4573.35,debit_card,2026-06-01T11:23:28.251155
98d46395-78d6-48ed-b46e-61764876f574,CUST000514,Books,4,454.07,1816.28,cash_on_delivery,2026-04-26T18:47:56.125362
4598c035-36f4-40df-9336-4f317bb2c3cd,CUST000210,Beauty & Personal Care,4,867.24,3468.96,debit_card,2026-06-17T15:33:27.111033
645802e1-af37-4ed5-818a-249d94bb55b3,CUST000614,Electronics,3,320.98,962.94,credit_card,2026-03-20T00:18:38.296701
329e7449-919f-487b-9f26-2dbc753eaedf,CUST000334,Books,1,1174.94,1174.94,upi,2026-03-08T15:52:53.484961
7c7c71f4-3311-4fcd-b6cc-4f5852f481b2,CUST000089,Electronics,3,334.62,1003.86,upi,2026-04-24T15:51:03.343076
cf266cdf-0995-4afb-a65d-80d63ce8fce7,CUST000391,Home & Kitchen,3,864.66,2593.98,debit_card,2026-03-03T15:38:39.270789
0a4fcde1-6603-49f4-9dd9-0fbf01fc2f4c,CUST000315,Toys,5,822.57,-4112.85,debit_card,2026-06-02T02:01:31.177616
657424c0-3fde-460e-bea9-655bb6be7972,CUST000793,Books,2,1649.5,3299.0,wallet,2026-05-09T10:13:44.836937
ded64846-6b96-43fd-a0f5-1ee011ce3f44,CUST000120,Sports & Outdoors,4,1987.51,7950.04,wallet,2026-03-23T07:43:00.460384
86df8133-102a-4e3d-bd69-5bb6c3eee247,CUST000407,Electronics,3,233.73,701.19,cash_on_delivery,2026-06-18T11:42:12.191163
1cd77408-b534-40c8-ac58-769d201e2158,CUST000194,Electronics,1,1898.62,1898.62,debit_card,2026-07-19T04:37:04.233599
659a951d-575e-43ad-94ff-b2bfd00aec18,CUST000318,Fashion,2,1444.74,2889.48,cash_on_delivery,2026-06-07T07:28:31.684173
4647a638-e8c3-4a72-92ff-9bc71a911205,CUST000169,Sports & Outdoors,5,937.2,4686.0,upi,2026-06-27T18:15:35.570124
adb068cc-359a-440d-880c-8fae234fed1f,CUST000125,Groceries,N/A,1677.03,6708.12,upi,2026-05-01T05:56:11.047945
733c33cb-12b4-4009-82a0-b0b3f67da947,CUST000208,Groceries,4,688.38,2753.52,debit_card,2026-05-29T14:26:35.861506
a1654a56-fe07-41af-8d2b-d2007080dca3,CUST000617,Books,4,337.46,1349.84,upi,2026-03-11T23:19:26.710320
cdd7350d-6263-4f28-aa46-85bfaf999c39,CUST000456,Electronics,3,652.4,1957.2,debit_card,2026-04-10T21:41:16.208471
e76c41d9-a1dd-4dd7-a1a5-eab25f4e28a9,CUST000644,Home & Kitchen,2,86.87,173.74,debit_card,2026-05-20T17:46:31.276770
d8d66376-bcad-4a16-8252-85ff591619b4,CUST000081,Fashion,3,1157.79,3473.37,cash_on_delivery,2026-05-18T14:49:38.918986
422f7894-3a70-45fe-9dbd-102e3f3bfe44,CUST000029,Books,1,1268.91,1268.91,upi,2026-07-22T18:47:22.778258
9fbaa3ea-26fd-4455-a0c4-16bf0db8c363,CUST000024,Electronics,2,1287.59,2575.18,cash_on_delivery,2026-02-28T20:26:11.060128
1d16401b-0f33-4f83-a389-5da4c7aa075b,CUST000020,Electronics,4,1416.02,5664.08,wallet,2026-07-01T04:05:52.382049
4e46dde2-1c50-4619-9c63-bbedbf8b979f,CUST000482,Toys,3,1790.28,5370.84,credit_card,2026-05-29T05:52:56.347304
c49202a0-db63-4640-a944-5371dc468a91,,Fashion,4,409.22,1636.88,credit_card,2026-05-12T15:30:20.122429
3358abfd-830f-437f-b667-3a9adea59510,CUST000746,Beauty & Personal Care,1,387.74,387.74,wallet,2026-06-08T19:52:15.634843
eb5bd09f-9d21-4006-9491-cde8500cbcbb,CUST000252,Sports & Outdoors,2,1790.74,3581.48,credit_card,2026-04-25T11:19:18.472154
9d0ece2b-43e2-4bd9-b66a-8ccf76551159,CUST000671,Electronics,2,1540.51,3081.02,upi,2026-06-04T07:51:50.028655
dc64c805-aca2-4ff9-8929-09b219312a70,CUST000664,Fashion,4,1301.23,5204.92,wallet,2026-07-22T04:30:51.490111
cd90f13f-795d-4790-b0a8-307fe8ab33fc,CUST000389,Toys,3,615.17,1845.51,cash_on_delivery,2026-06-06T11:29:30.078729
9a15bd31-a20f-4d53-86f9-c8bbb9cfd6b5,CUST000104,Fashion,5,1594.78,7973.9,cash_on_delivery,2026-06-28T22:28:17.850693
b8711db2-b826-4331-bfc4-0127da9895cf,CUST000221,Fashion,2,267.92,535.84,wallet,2026-04-15T04:45:04.309150
7882b743-8624-4131-b058-9b2da48bc8ed,CUST000334,Groceries,3,1820.74,5462.22,cash_on_delivery,2026-02-12T01:57:56.163305
4b9c767c-29c2-4a7e-a1e9-97482ccacd0c,CUST000736,Fashion,3,1976.86,5930.58,cash_on_delivery,2026-04-29T22:48:39.989697
5cf39dd8-2fd8-4b1d-a75f-2ec50050e575,CUST000606,Books,2,780.73,1561.46,debit_card,2026-06-19T20:23:09.324027
af479a62-53f8-4254-a960-04d5f9e9ba9c,CUST000357,Groceries,4,1027.74,4110.96,credit_card,2026-07-07T00:15:48.970520
65ef108c-e189-4f95-bf30-c8373b601e78,CUST000216,Sports & Outdoors,4,1313.9,5255.6,debit_card,2026-02-27T12:37:50.343160
4b4f7521-b351-4117-8f2a-cc6fb330aca1,CUST000101,Electronics,4,1661.47,6645.88,credit_card,2026-03-27T08:34:09.829921
cf7723fb-b6ad-4b51-a63d-3659730c91e3,CUST000714,Sports & Outdoors,4,322.71,1290.84,upi,2026-04-14T07:38:25.007396
b179ca02-2977-4b32-a13e-ee16057cbee7,CUST000792,Books,1,1472.89,1472.89,debit_card,2026-03-04T03:43:41.017621
d95b69ed-a767-4294-aee2-f9893ad241eb,CUST000371,Books,4,1486.33,5945.32,wallet,2026-05-13T16:21:11.261137
d6521183-ecb1-49fc-a81a-a52f10113a00,CUST000127,Beauty & Personal Care,1,133.2,133.2,wallet,2026-03-27T09:58:30.903832
24d7e20b-138c-4f65-a190-2acd29fb1e12,CUST000383,Books,3,1533.08,4599.24,credit_card,2026-03-07T12:01:27.612076
823e0b9a-c384-4b02-baf1-cb6ba4924fbd,CUST000301,Fashion,2,1278.41,2556.82,wallet,2026-06-17T07:32:08.460694
94a58500-0223-427c-9f4d-eab5f90d273f,CUST000463,Toys,2,950.96,1901.92,debit_card,2026-06-15T23:19:11.359774
ec43a98e-83cf-41d2-bbfe-64b7a8289841,CUST000093,Electronics,4,1104.7,4418.8,credit_card,2026-06-17T15:26:23.936898
d00ed353-d4ca-4b01-a612-f722a74c1aa5,CUST000780,Toys,1,1466.44,1466.44,debit_card,2026-06-05T15:44:54.394351
ef998ef5-8ee4-4ce9-89fc-8fffbbea287d,CUST000622,Groceries,2,1168.95,2337.9,upi,2026-03-03T08:42:55.204526
7595045e-de72-486f-8a35-c18b53da3830,CUST000245,Home & Kitchen,1,1226.31,1226.31,wallet,2026-06-07T13:59:24.390038
44dd7bf6-6a2b-49d4-bc8d-d9e0f5159bd2,CUST000688,Home & Kitchen,5,1590.41,7952.05,upi,2026-02-13T12:19:30.952341
78d8abcc-2bf9-44a4-8921-29804db9be98,CUST000512,Fashion,5,1449.41,7247.05,wallet,2026-04-27T04:23:15.851939
2bccfadb-9a87-4c42-b746-a2e510791652,CUST000296,Electronics,1,1047.94,1047.94,upi,2026-06-28T04:21:39.687274
8e34185a-9dac-4d0b-8bb2-8d2b0d3c658f,CUST000669,Home & Kitchen,4,1295.03,5180.12,cash_on_delivery,2026-07-18T17:42:37.083754
d04fdfa1-6b6e-4f32-961f-f8f5ceee4949,CUST000495,Groceries,3,1914.89,5744.67,wallet,2026-05-19T17:40:00.640801
6f84a440-fe71-4320-b4be-ad4f5512ee1f,CUST000767,Toys,4,1382.08,5528.32,debit_card,2026-07-27T19:17:07.718651
d4260b4f-ed2c-4c9f-bc44-aaea0eb49218,CUST000244,Beauty & Personal Care,3,238.31,714.93,debit_card,2026-02-24T03:37:32.387390
a16e3e72-63dd-4478-aea2-68b6def8b0c1,CUST000708,Fashion,1,1294.65,1294.65,wallet,2026-06-12T03:25:58.951669
182d8a04-8b9d-448c-9571-1612a3c42e54,CUST000029,Toys,4,1325.46,5301.84,upi,2026-04-24T15:06:00.009254
17f40597-3d62-4552-bce1-416fbab4e6f1,CUST000205,Sports & Outdoors,2,927.66,1855.32,debit_card,2026-06-08T20:42:16.902719
aaf26b98-61f3-4f90-b8e9-2d90846e302a,CUST000603,Toys,3,1984.51,5953.53,cash_on_delivery,2026-07-19T19:30:24.082861
41a3ad01-88a0-478d-bd13-034fd41209d3,CUST000125,Fashion,4,1706.39,6825.56,debit_card,2026-03-11T15:46:55.422184
93efe7ac-7f3c-400b-9367-17808878482c,CUST000232,Home & Kitchen,4,1126.15,4504.6,upi,2026-06-07T02:41:10.335215
612ebd08-f2b3-4fb7-b905-a841bfae7597,CUST000220,Beauty & Personal Care,1,955.7,955.7,cash_on_delivery,2026-04-01T07:53:51.771750
782bd896-4921-4a6d-9392-4dcd78e494f7,CUST000578,Home & Kitchen,4,1145.91,4583.64,upi,2026-07-30T00:25:14.408087
caa1277d-7bd2-46b7-b8e7-b6c7f867c7c8,CUST000652,Electronics,5,729.73,3648.65,credit_card,2026-07-12T18:20:47.326803
35de5256-2022-4a61-b4eb-f0ffd4279e3b,CUST000191,Sports & Outdoors,2,1513.79,3027.58,debit_card,2026-07-23T03:48:24.920969
9e64c573-2864-4eaa-ba23-22a469c19484,CUST000203,Home & Kitchen,5,1446.83,7234.15,wallet,2026-07-25T05:15:44.989872
984b68c0-02be-4f22-b964-8ad4e403f83e,CUST000445,Fashion,5,902.63,4513.15,debit_card,2026-02-12T13:19:10.111147
6338e1c5-fe2d-4b58-8c5d-77a450a7a9f6,CUST000630,Fashion,3,558.55,1675.65,credit_card,2026-05-05T09:37:22.437722
ba4563a0-739e-41ed-b36b-f9bcc38dc8d2,CUST000398,Toys,1,1860.1,1860.1,upi,2026-04-16T08:44:27.265599
8f7306f8-8926-42c1-adef-e987f4d074df,CUST000245,Sports & Outdoors,4,1331.83,5327.32,wallet,2026-07-31T09:44:22.141272
992d0325-3258-4c92-981e-f5d06ccc065f,CUST000514,Sports & Outdoors,2,790.47,1580.94,cash_on_delivery,2026-03-08T00:37:06.464187
0b1591b5-b482-4117-bbde-ca4170edfdde,CUST000473,Home & Kitchen,1,18.73,18.73,cash_on_delivery,2026-06-23T17:20:12.905406
bfccdfd1-1749-4507-a5de-8b0be9fc5e40,CUST000209,Beauty & Personal Care,4,1664.84,6659.36,cash_on_delivery,2026-07-09T12:13:20.171834
b9d62d26-c70e-4683-825b-02cfd33bc2be,CUST000231,Sports & Outdoors,1,627.62,627.62,cash_on_delivery,2026-07-27T02:57:15.795151
40a8762f-3e47-4dd3-9986-0c0e886a1360,CUST000078,Home & Kitchen,2,284.19,568.38,debit_card,2026-03-12T18:27:17.629621
e947661d-c3f7-4255-8096-1d87723bdad8,CUST000630,Electronics,5,504.53,2522.65,upi,2026-03-31T07:04:34.785573
24342928-fe78-4dec-bcbc-03d48eecb089,CUST000642,Books,1,753.47,753.47,credit_card,2026-04-01T04:51:40.468537
c316688b-55fb-4208-aebc-87e0c5017d5e,CUST000507,Groceries,1,1286.52,1286.52,cash_on_delivery,2026-05-04T23:35:27.689250
3a6ad192-ab8f-4d07-9c2e-684f919d4c65,CUST000224,Home & Kitchen,3,1926.02,5778.06,cash_on_delivery,2026-07-17T02:25:41.491944
79296f0e-9392-4722-adef-34c6dd142ba1,CUST000667,Beauty & Personal Care,1,462.57,462.57,cash_on_delivery,2026-04-08T18:05:56.832543
5da5d4e9-85e9-4412-b2de-2a97e14eed50,CUST000117,Home & Kitchen,4,236.29,945.16,cash_on_delivery,2026-06-02T22:46:27.072920
eacb6c98-0c90-4baa-bf00-59d9261c77db,CUST000074,Sports & Outdoors,5,66.12,330.6,cash_on_delivery,2026-07-06T03:26:11.374976
94a89e5d-bf91-4a66-89c0-c551e8ab0704,CUST000054,Groceries,2,1059.88,2119.76,cash_on_delivery,2026-04-21T12:47:29.392984
f761d5e1-3a3a-40e6-966b-543217e47efc,CUST000751,Books,2,591.26,1182.52,debit_card,2026-06-23T15:50:48.532629
3a365129-de95-4a0b-a7eb-7e82298586a4,CUST000543,Sports & Outdoors,2,1839.91,3679.82,credit_card,2026-03-18T21:37:57.326567
8314cc77-8a70-465a-90af-14383814b375,CUST000786,Fashion,4,430.51,1722.04,debit_card,2026-02-16T00:47:40.381721
94437786-c68c-462b-9681-0719901440ec,CUST000786,Groceries,4,772.67,3090.68,debit_card,2026-06-11T15:53:56.521805
13b10586-bf8f-4d3f-a4a2-dda2e95a9229,CUST000748,Toys,4,471.56,1886.24,debit_card,2026-06-24T19:48:40.475921
be6b76c2-dee8-4c44-8dcf-f76f6111435b,CUST000381,Home & Kitchen,1,1006.57,1006.57,debit_card,2026-07-16T08:25:14.200836
8e87a924-6593-4d84-a7bb-2fe4959f8fd5,CUST000034,Beauty & Personal Care,5,1463.52,7317.6,credit_card,2026-06-21T20:11:44.426848
118ade98-a598-45d2-9160-5a9109b8486f,CUST000330,Beauty & Personal Care,4,1107.49,4429.96,debit_card,2026-05-18T14:58:31.512456
5b03f37a-c6f2-4dfd-aea8-017dca1a99b7,CUST000355,Sports & Outdoors,1,573.43,573.43,wallet,2026-03-21T14:03:05.837714
c4b681d2-b142-44b2-8aca-118dc4b43ebd,CUST000735,Electronics,4,455.94,1823.76,wallet,2026-04-21T01:54:40.374565
8b75a56b-5ca0-4d07-a7a1-aebe52c3d899,CUST000660,Sports & Outdoors,3,826.33,2478.99,upi,2026-02-11T14:27:25.073808
16416355-2907-472d-9ee6-afc53c82ed84,CUST000729,Sports & Outdoors,1,207.3,207.3,wallet,2026-02-28T07:50:47.916117
40f03376-883f-4375-933d-9c6feae96b4d,CUST000069,Toys,5,840.91,4204.55,credit_card,2026-06-03T07:37:32.512087
ec2c7d7a-d4b6-4f9f-99ed-a7ffb8bebecc,CUST000212,Sports & Outdoors,3,611.55,1834.65,cash_on_delivery,2026-03-23T04:14:26.469375
ca9a206a-fa80-4fea-838a-899f930ad311,CUST000485,Sports & Outdoors,5,716.19,3580.95,debit_card,2026-08-09T02:33:10.401179
d60441a8-59ab-44db-a20b-346e42b3652a,CUST000103,Home & Kitchen,3,90.22,270.66,credit_card,2026-03-29T02:55:36.731211
bf9400d9-30c7-410a-8895-3e94a4ce4614,CUST000550,Electronics,3,781.98,2345.94,debit_card,2026-04-18T03:29:32.367704
e5454d6b-7cab-4520-a7c4-f71a0958776b,CUST000370,Fashion,5,961.22,4806.1,cash_on_delivery,2026-04-04T10:48:49.221895
c1435fbc-4b08-4a5b-9485-05e2ad498404,CUST000065,Books,1,380.74,380.74,upi,2026-03-04T12:48:55.734942
655c3166-3c11-48c3-9d81-f3e5edb2bf6a,CUST000587,Toys,1,302.54,302.54,wallet,2026-03-07T13:05:25.315874
df64b594-8c20-41cc-9875-34295ceedfe5,CUST000412,Fashion,2,1787.54,3575.08,wallet,2026-03-22T09:00:00.631224
444a62fe-4910-4067-b73a-f07814bfd4e3,CUST000107,Fashion,1,1827.0,1827.0,credit_card,2026-08-08T09:58:40.698320
de18c6ee-d80e-46d9-bd0e-044f86d6d47b,CUST000446,Beauty & Personal Care,3,327.85,983.55,upi,2026-04-28T18:16:23.986549
48ec0146-062f-4161-a307-55e2f60741e8,CUST000563,Fashion,1,875.3,875.3,cash_on_delivery,2026-04-09T18:22:36.113443
fb4e7cd8-3b07-4184-8e04-5a7064c88ce9,CUST000433,Groceries,2,459.77,919.54,wallet,2026-04-07T03:19:24.289659
b2fbea74-d65a-4a6f-aa81-565a4bf3bee2,CUST000027,Beauty & Personal Care,2,1883.32,3766.64,credit_card,2026-04-16T15:22:46.101359
753b4a7a-ea72-43c2-8c46-df364590be20,CUST000621,Books,1,88.99,88.99,wallet,2026-08-01T01:53:06.623465
3df10796-2664-46f5-ac0b-86c14d30f465,CUST000376,Fashion,4,1707.39,6829.56,wallet,2026-03-14T09:38:16.850658
e56e37e2-ffce-4c33-9425-5d8e7d061466,CUST000536,Fashion,1,1019.95,1019.95,debit_card,2026-06-11T03:31:21.251346
2ca8b1fe-4bcd-4468-a61c-f1b57d888e5f,CUST000791,Toys,2,1495.81,2991.62,debit_card,2026-02-25T14:57:54.408050
7d9c4816-06cd-448b-9419-35540e4d20f3,CUST000507,Electronics,4,1726.23,6904.92,cash_on_delivery,2026-07-22T13:16:46.177649
3d0a1928-7af4-4274-9ab8-ac4c4b2e9a00,CUST000633,Sports & Outdoors,5,1726.15,8630.75,wallet,2026-02-28T13:12:47.199063
569e3a13-1b33-463d-a416-0d282aa5945d,CUST000502,Groceries,1,1589.14,1589.14,upi,2026-03-11T11:04:25.043406
8c3aeeb9-900f-45fc-8198-042cd1febf2e,CUST000002,Fashion,3,1487.19,4461.57,upi,2026-04-28T20:49:59.655055
fdde1354-78be-4f1a-89a6-986daea1d943,CUST000775,Electronics,1,475.06,475.06,wallet,2026-05-12T15:14:59.040909
95a929b6-ba1a-4b71-93e9-e4d1f69b3a13,CUST000746,Groceries,5,967.85,-4839.25,credit_card,2026-08-08T13:55:15.300510
e0ad3113-af4f-4fb4-beba-18fe2fa3254d,CUST000332,Beauty & Personal Care,3,727.25,2181.75,credit_card,2026-07-19T23:49:49.102546
5b749568-65c0-46d9-b13a-66ffb0f6647a,CUST000525,Beauty & Personal Care,5,1752.85,8764.25,upi,2026-02-16T14:24:41.681480
b32c66a8-4083-4e95-bf43-6847db4eb254,CUST000183,Home & Kitchen,1,390.65,390.65,upi,2026-06-25T21:44:52.515488
6ff1a18c-3178-4839-9428-41c5483bffa2,CUST000443,Groceries,1,424.39,424.39,cash_on_delivery,2026-05-29T18:25:42.168933
49e56e6d-8847-42dc-b4dd-70900e1f2132,CUST000369,Groceries,5,821.49,4107.45,wallet,2026-05-21T14:34:00.535418
3f2efdd6-9529-4344-b7f4-c1a19033c1c8,CUST000478,Home & Kitchen,5,1326.47,6632.35,credit_card,2026-03-08T13:22:20.417983
83db0c47-dcc5-4b53-886d-a1040be6a2b1,CUST000239,Books,1,1860.07,-1860.07,wallet,2026-04-06T06:35:19.620561
52184af7-64d5-4c04-845c-0045d7fd6adb,CUST000211,Fashion,5,1281.45,6407.25,cash_on_delivery,2026-06-07T05:09:54.560949
00edccc7-e64c-4b5e-86d9-64deee64fcec,CUST000569,Beauty & Personal Care,5,264.48,1322.4,upi,2026-05-07T17:50:04.139715
728849c2-5de0-474a-9abf-10b4679dc3dd,CUST000228,Sports & Outdoors,2,1067.07,2134.14,wallet,2026-04-30T03:27:35.685182
29f0bbed-0bed-45f8-898e-697baf9b025c,CUST000259,Books,3,621.99,1865.97,credit_card,2026-05-26T13:16:50.630692
3ee068ac-2b3c-45ea-aa25-a4fee3fc6f48,CUST000032,Sports & Outdoors,5,468.05,2340.25,debit_card,2026-04-05T17:09:47.999352
91bcc52f-4729-485f-ab42-aa1444c59c4d,CUST000412,Toys,4,1738.02,6952.08,cash_on_delivery,2026-06-29T03:53:39.841488
9220e3af-1cfb-4d48-a1f3-0291a0c133e9,CUST000548,Groceries,1,1560.21,1560.21,wallet,2026-04-29T17:08:08.651358
a482b4ba-d787-4bda-a77b-9e3013fef220,CUST000419,Toys,2,333.85,667.7,wallet,2026-07-14T15:06:37.489481
1651e0eb-dd11-4d66-a527-6d172b1cb5b3,CUST000395,Fashion,1,1371.39,1371.39,upi,2026-03-10T13:04:51.304657
ccb6eb30-46fc-41f4-ae59-35048ce2aba7,CUST000522,Groceries,4,894.33,3577.32,cash_on_delivery,2026-07-03T08:57:23.356000
99bdaa8e-e49e-49ff-a1b5-54a7bbd3df49,CUST000631,Sports & Outdoors,3,1534.11,4602.33,upi,2026-07-15T18:57:47.324395
5d2e0541-f06a-467d-a750-eb838bfba382,CUST000229,Fashion,1,560.24,560.24,debit_card,2026-07-12T13:35:50.987537
ac024c30-3a42-484e-9b88-99d745fd886a,CUST000568,Fashion,2,981.84,1963.68,debit_card,2026-03-05T21:38:17.866307
9fe702a7-14ec-4460-9962-d5eccd261005,CUST000759,Sports & Outdoors,4,156.82,627.28,credit_card,2026-06-30T01:13:16.649118
69d17485-d551-42db-b7ea-cd4d543cd50e,CUST000147,Electronics,3,278.21,834.63,upi,2026-07-12T08:36:32.050251
d299ecec-61d8-4f3d-85c9-ec457816e22b,CUST000316,Books,4,1999.19,7996.76,wallet,2026-07-20T00:50:00.240862
65ae5f1d-87fa-4685-af3b-370e419c3995,CUST000766,Toys,4,275.89,1103.56,credit_card,2026-03-10T02:10:37.434716
dfa1f68d-f2ab-4212-9fa3-b59b64f3d25d,CUST000671,Electronics,4,884.75,3539.0,cash_on_delivery,2026-04-19T03:50:40.421447
bd61cc92-b5c4-4f41-9308-950704eb98a6,CUST000532,Home & Kitchen,1,1541.49,1541.49,wallet,2026-02-16T18:11:01.874813
a90f8d52-93c0-4e97-ae50-803bc7bed0fd,CUST000061,Electronics,5,1255.13,6275.65,upi,2026-03-29T06:49:24.797777
7721742b-a0a4-4925-b312-3f1128b7d8b8,CUST000165,Fashion,2,928.03,1856.06,cash_on_delivery,2026-05-23T21:35:06.492851
f1ead7ed-4629-4363-b08d-d2fc7aa322c0,CUST000030,Electronics,1,1532.13,1532.13,credit_card,2026-02-20T04:15:03.026698
a1b9c0ce-2dbf-4630-bbc7-d28449b87bad,CUST000348,Electronics,4,1223.08,4892.32,credit_card,2026-05-21T10:42:18.465926
20bb956a-df89-411d-8394-bd7db3716669,CUST000490,Electronics,3,960.47,2881.41,wallet,2026-04-07T05:56:49.572437
fecfe7a4-8f47-41e5-bd5e-16db755508fe,CUST000283,Books,4,1076.0,4304.0,cash_on_delivery,2026-05-22T04:32:30.194758
c88a3872-a4b6-45e6-b828-5c24cef7696b,CUST000450,Sports & Outdoors,2,88.7,177.4,credit_card,2026-03-02T16:17:39.627503
4e4d2aad-8ff9-43f9-b795-0cdeb3b1d5d3,CUST000441,Fashion,4,508.26,2033.04,upi,2026-05-19T00:34:28.712347
bcff0922-5f1d-498d-848a-5898c6634b19,CUST000701,Sports & Outdoors,2,14.86,29.72,upi,2026-05-30T06:08:18.241367
d64b352e-effb-4c70-8962-309ee44249c5,CUST000620,Electronics,5,15.7,78.5,wallet,2026-08-09T00:37:52.156956
1c876e58-e097-4508-9f11-7c41ac1befab,CUST000485,Beauty & Personal Care,5,1934.31,9671.55,wallet,2026-04-04T05:31:39.953881
7b831feb-ea9b-4536-aeb0-3287192f0862,CUST000142,Sports & Outdoors,2,1494.48,2988.96,upi,2026-02-20T20:01:02.780587
15eb58ce-62a6-48ec-b820-49621a42d213,CUST000550,Beauty & Personal Care,4,340.58,1362.32,wallet,2026-05-12T07:36:15.606861
20c9283b-2aa7-46aa-bd1a-1fce4732eb59,CUST000426,Toys,N/A,1605.52,6422.08,debit_card,2026-04-03T04:13:37.387928
a1e6b9e4-f63d-4764-984e-fc9f402dd01b,CUST000674,Fashion,4,953.04,3812.16,wallet,2026-06-15T07:53:07.066729
9e62956f-a01e-40ed-8838-56f7da448991,CUST000364,Books,N/A,1670.5,1670.5,upi,2026-05-25T21:01:40.393271
6c16af6e-0907-417c-8228-082179cc46ce,CUST000414,Fashion,1,1720.9,1720.9,upi,2026-04-03T00:11:44.717324
d9b20c47-576d-42b0-8fd9-2b6155cc981d,CUST000625,Fashion,5,1932.76,9663.8,upi,2026-07-13T21:04:48.036821
7c4b06fd-2ae3-4c9b-9908-7a565a93afbd,CUST000289,Home & Kitchen,3,503.31,1509.93,debit_card,2026-03-10T22:33:00.669979
5abab040-18ac-459d-8126-c1e8f563eade,CUST000436,,5,362.07,1810.35,wallet,2026-07-01T21:38:19.663646
33553d10-910f-4aad-95a1-5217615e71fa,CUST000443,Home & Kitchen,5,1865.07,9325.35,upi,2026-07-16T01:33:36.445399
00ba55be-becb-45f6-93d3-f6fb099814e1,CUST000121,Toys,5,1251.22,6256.1,credit_card,2026-03-18T20:22:16.908390
197131d6-d06f-46fd-84f7-699bf19909d2,CUST000385,Sports & Outdoors,3,1371.77,4115.31,wallet,2026-06-07T12:16:27.502572
70e87e44-a54b-4ce9-bf83-19e4d740c3f1,CUST000726,Beauty & Personal Care,2,917.78,1835.56,wallet,2026-03-02T18:24:35.046764
55a5891a-a687-4edd-9675-bad24dd2bf6c,CUST000422,Books,3,755.01,2265.03,credit_card,2026-06-23T17:44:03.401487
c58b2099-e7f4-49da-a593-424c64c65b23,CUST000053,Electronics,4,102.09,408.36,debit_card,2026-06-14T07:59:06.395177
0945caa5-0d7b-4c6e-8161-9c47049e9fb4,CUST000485,Fashion,2,331.75,663.5,credit_card,2026-04-05T19:07:23.606566
b760d91f-f5e6-450f-8d19-30b5d44f0b78,CUST000050,Beauty & Personal Care,2,524.03,1048.06,credit_card,2026-06-11T20:31:18.429760
15b06f3e-9925-49e8-9ed6-018a98111a09,CUST000309,Electronics,3,526.8,1580.4,debit_card,2026-06-19T16:32:50.735736
7162c553-23e8-44b8-b57d-fb19057b7fb9,CUST000488,Home & Kitchen,2,269.74,539.48,wallet,2026-07-16T06:46:03.092075
28283247-5373-4314-b07d-29a930789514,CUST000780,Books,1,857.66,857.66,upi,2026-04-20T17:51:31.572726
b132f7cc-062b-4322-9a48-d53b1121f047,CUST000037,Fashion,1,980.34,980.34,cash_on_delivery,2026-04-27T02:17:30.366918
8890cb6d-cf94-456b-ac5c-298d26210f73,CUST000576,Groceries,4,1674.21,6696.84,wallet,2026-04-17T14:39:08.316208
057f2d92-b051-455b-8e56-c8e7b776b950,CUST000140,Books,5,1721.0,8605.0,cash_on_delivery,2026-04-01T11:23:17.027161
de5b66a8-5772-4b76-afcf-046cc2db2b34,CUST000440,Sports & Outdoors,1,1322.21,1322.21,credit_card,2026-06-02T12:27:39.820786
5ab25035-fddf-4477-bc23-4fbc0a0fac95,CUST000409,Sports & Outdoors,2,816.44,1632.88,cash_on_delivery,2026-08-02T07:04:49.343715
7fe5050e-3a6a-4d07-afec-10b3f428e8c6,CUST000032,Books,5,1317.55,6587.75,wallet,2026-06-20T20:03:33.890201
3fa1ec92-18cc-459d-a63b-2bbdbc13d5ba,CUST000706,Toys,1,1621.66,1621.66,wallet,2026-06-01T12:51:12.657662
7fd94422-e656-4961-9b54-f30990ffaa20,CUST000224,Sports & Outdoors,4,774.22,3096.88,wallet,2026-03-07T23:43:41.717381
ee8d2f56-ed4b-4972-b758-21ee531518d2,CUST000030,Beauty & Personal Care,3,1893.28,5679.84,credit_card,2026-07-03T04:34:43.301490
9475c355-e899-4227-98b4-64e84b89f542,CUST000684,Home & Kitchen,3,688.02,2064.06,debit_card,2026-06-03T08:49:00.336117
99bc76d2-2589-4d87-aa0b-ecbb5a608f69,CUST000514,Electronics,1,1215.51,1215.51,upi,2026-07-08T17:34:32.839056
81736fcf-42bb-4b94-a380-1b4ed7ef7154,CUST000089,Sports & Outdoors,1,936.42,936.42,credit_card,2026-04-19T09:04:38.641660
2dfa7114-e370-4d3e-81b6-ebc71f2c0c15,CUST000236,Beauty & Personal Care,3,1838.27,5514.81,upi,2026-02-20T13:55:12.632392
9fb6c525-55b3-40a1-8e51-9ebef772b158,CUST000647,Sports & Outdoors,4,1467.11,5868.44,upi,2026-06-26T07:30:08.837220
6a8f2dd9-7179-445b-a40f-30c58912496d,CUST000037,Beauty & Personal Care,5,988.21,4941.05,debit_card,2026-03-15T00:20:38.441967
8d12fe5c-a088-40cf-a4dd-a0287ab56cc5,CUST000764,Home & Kitchen,5,429.12,2145.6,credit_card,2026-05-10T16:04:20.444187
3645d00f-c6d1-41b0-bf34-f181f7bd056b,CUST000700,Toys,2,555.18,1110.36,credit_card,2026-02-28T07:24:32.127000
4b06e8cc-db51-4f1b-aad0-0395a3bcb6df,CUST000184,Home & Kitchen,5,324.33,1621.65,credit_card,2026-03-25T19:58:56.383320
121f7ebb-43bd-4f15-9712-537e0d8bb291,CUST000406,Electronics,1,862.87,862.87,upi,2026-03-24T02:03:01.819579
d1b6e3db-57fa-4eef-87f8-2fbe6baf2b4f,CUST000351,Books,4,1712.27,6849.08,credit_card,2026-05-20T19:45:18.112416
b683a739-3f01-44d9-b7c7-5b00593a250d,CUST000065,Groceries,3,1692.7,5078.1,upi,2026-03-06T16:27:26.196102
49aa4f66-8d09-4774-85bd-8cc159d393fa,CUST000187,Beauty & Personal Care,1,816.12,816.12,credit_card,2026-05-03T08:04:56.184097
08a64d46-8e09-481b-a0ae-651c17c943a6,CUST000566,Books,3,1905.18,5715.54,wallet,2026-05-31T10:07:14.139116
874f42c2-ac90-4c20-9f6d-6ad9d319dede,CUST000299,Electronics,1,1762.75,1762.75,cash_on_delivery,2026-08-05T23:12:01.765076
c756af90-5a24-4283-9255-612eeb1af93c,CUST000797,Toys,4,1164.16,4656.64,debit_card,2026-08-04T22:08:37.138189
9c0f66a5-e0c1-4fd8-9d5b-ff814caa7b04,CUST000513,Toys,1,1746.27,1746.27,debit_card,2026-06-11T01:55:16.170206
9428d593-22ee-44cb-b18f-381b497cc15a,CUST000064,Fashion,4,434.87,1739.48,cash_on_delivery,2026-05-15T01:39:17.844007
79db7ead-ae3d-4c3a-9f80-2fe9573e9efe,CUST000494,Beauty & Personal Care,5,1335.18,6675.9,wallet,2026-08-03T22:09:57.295202
0f84601b-b5ad-4728-8e7c-e17608082f0f,CUST000305,Toys,1,989.21,989.21,upi,2026-06-13T23:53:51.088851
94dfb4cf-4ab2-43cc-8762-002ba0320b3d,CUST000726,Home & Kitchen,3,1102.24,3306.72,upi,2026-05-14T04:54:59.780265
96089d90-e2c6-4d14-b3f0-d196d46dcb28,CUST000657,Beauty & Personal Care,4,968.47,3873.88,upi,2026-02-17T16:42:09.228252
60be23f6-3d03-4604-b239-d16dab016878,CUST000408,Books,2,1548.78,3097.56,debit_card,2026-02-24T04:20:24.558762
33142e95-78e3-49dc-8445-944af67be019,CUST000219,Fashion,4,553.59,2214.36,debit_card,2026-05-22T22:16:53.887061
3672e9c8-6584-4e7b-8fca-6bd10abbf42b,CUST000308,Fashion,4,664.68,2658.72,credit_card,2026-05-06T08:20:11.864285
99c115d6-57b0-413f-8cfd-3af193dd96c9,CUST000409,Groceries,3,1469.86,4409.58,cash_on_delivery,2026-05-04T18:00:50.583867
ddcf7339-531a-4192-95d2-9ecbd77d5494,CUST000728,Toys,2,1983.32,3966.64,debit_card,2026-03-27T00:45:01.093302
9d6eb379-b297-460e-9230-98bb45163513,CUST000527,Books,3,1809.0,5427.0,debit_card,2026-08-01T17:13:04.561765
5bc84bb2-3b16-421c-a1c4-d529336be8cc,CUST000077,Beauty & Personal Care,5,642.92,3214.6,wallet,2026-05-11T05:06:45.682803
b264839d-59c9-4691-9282-7f5b4a8d451c,CUST000059,Groceries,5,467.91,2339.55,credit_card,2026-03-02T06:16:58.377682
27068401-4e5b-4abf-97d5-32da1d48798c,CUST000684,Fashion,2,1293.28,2586.56,wallet,2026-03-23T10:26:00.763132
408f8b56-726b-42be-bebe-076a08ca8b9f,CUST000667,Fashion,1,1981.38,1981.38,cash_on_delivery,2026-04-07T07:00:30.635526
c17e0d55-971e-4b9e-ac7a-8c298e0f2ed3,CUST000151,Books,2,1713.25,3426.5,upi,2026-03-22T19:22:04.611049
9846cb3c-2d6e-4797-b38e-508e59e4814a,CUST000785,Electronics,3,1174.42,3523.26,cash_on_delivery,2026-05-30T23:25:28.764544
26d060ae-e069-4df8-8ef9-197a19983e1c,CUST000653,Groceries,4,109.72,438.88,upi,2026-04-16T01:52:41.967557
d2425e81-164c-4421-b351-0731dae6bb53,,Electronics,1,1840.74,1840.74,upi,2026-07-26T20:12:11.732428
2d1c6483-eb1d-4219-941c-d718ce067138,CUST000658,Home & Kitchen,2,995.35,1990.7,upi,2026-06-18T16:18:19.560534
3af81e78-c36c-43e2-a521-0ebc450c29e2,CUST000189,Books,3,1749.19,5247.57,credit_card,2026-02-28T09:24:28.667770
f9af6717-7e73-47ab-aa7d-c5e3fad24390,,Home & Kitchen,4,1947.5,7790.0,wallet,2026-04-21T22:23:58.961377
ade9329a-0b34-45c0-be04-4863f6c9070b,CUST000666,Groceries,3,1513.04,4539.12,upi,2026-06-09T01:55:25.628968
1259026b-1499-4d4c-92c5-fe3c803b9ba3,,Beauty & Personal Care,5,916.88,4584.4,cash_on_delivery,2026-05-17T21:10:25.039403
e4c8f690-19d9-434b-ae35-f4b32507acd3,CUST000042,Home & Kitchen,1,426.08,426.08,cash_on_delivery,2026-07-03T05:22:39.122596
4cee58db-462a-4130-abbf-5be9cdb40f85,CUST000083,Toys,4,1662.24,6648.96,cash_on_delivery,2026-05-28T15:55:41.534872
d700b92e-f4c8-446e-86ae-cbe58565b754,CUST000319,Fashion,1,134.2,134.2,debit_card,2026-07-08T16:58:13.318009
9398ca27-8f6a-4d7a-87e3-4be868ec0136,CUST000433,Sports & Outdoors,4,982.61,3930.44,upi,2026-06-30T12:28:49.311914
8d4b2e2b-ec11-41c7-ae4c-14583529badb,CUST000165,Fashion,4,668.0,2672.0,wallet,2026-06-27T15:53:59.195378
7f77840a-8248-4759-8447-bfbfe5f826be,CUST000231,Home & Kitchen,5,1436.83,7184.15,credit_card,2026-05-14T09:30:19.898820
61bd1bdc-cbd2-49a3-8d37-e296d212cf90,CUST000221,Fashion,2,1721.41,3442.82,cash_on_delivery,2026-05-31T10:14:14.849506
c83b528b-edbe-4778-838b-cd289255d83f,CUST000137,Sports & Outdoors,2,702.38,1404.76,cash_on_delivery,2026-06-10T23:10:29.751519
2e6ef782-344e-46e3-a1a8-02e144b1a3a0,CUST000535,Sports & Outdoors,4,759.07,3036.28,debit_card,2026-05-29T05:45:20.923488
f9221e3b-cef5-467e-adcd-169295bf4747,CUST000265,Home & Kitchen,3,1849.41,5548.23,debit_card,2026-06-21T13:19:43.615221
f903bdcf-dced-4b7a-8648-69a8bcb76e09,CUST000280,Sports & Outdoors,5,1647.9,8239.5,cash_on_delivery,2026-08-09T11:07:24.849442
1b3202ee-ad64-4982-a110-a092b0e80e2a,CUST000509,Electronics,4,492.51,1970.04,upi,2026-03-23T00:00:33.895597
b7d9a2ff-83c9-42eb-80f7-7a14292b941b,CUST000170,Toys,1,256.85,256.85,debit_card,2026-03-18T02:13:33.106258
1d622fbe-7788-4120-b72f-f21f68c52c7d,CUST000568,Home & Kitchen,2,1644.94,3289.88,upi,2026-07-02T00:00:29.039580
5a0e46c5-cba2-4b4a-9460-063c1eee3438,CUST000310,Fashion,3,1170.55,3511.65,upi,2026-07-29T13:12:31.693723
8a0d6c8b-ca02-407d-a56b-8d2aa7defe78,CUST000317,Beauty & Personal Care,5,664.41,3322.05,wallet,2026-07-07T01:50:52.602184
1730302c-d9cd-4c98-9beb-08d04e77fbbf,CUST000177,Electronics,3,1595.64,4786.92,credit_card,2026-06-20T18:51:46.972502
8b953aed-1557-4a2e-bd07-50d840c02dc7,CUST000507,Sports & Outdoors,1,1036.93,1036.93,debit_card,2026-04-09T09:21:09.259401
1cdc0e8e-9be2-41e2-b5bc-392a9c6c175c,CUST000051,Books,5,1144.7,5723.5,debit_card,2026-05-18T09:10:40.789495
9f8ef888-dbc2-4388-8004-278be88020d3,CUST000032,Toys,4,568.63,2274.52,credit_card,2026-06-22T01:18:39.138678
5db7a57e-21be-4f20-bd66-f99f48dabcdb,CUST000377,Home & Kitchen,5,1512.02,7560.1,upi,2026-08-01T04:17:24.429323
eced6c29-037c-4e7c-bfe0-df5be791118d,CUST000791,Toys,4,1655.38,6621.52,credit_card,2026-06-28T00:10:12.556715
2e795cfb-bc0c-4fbc-9a3f-ba9305adf687,CUST000551,Home & Kitchen,1,430.37,430.37,credit_card,2026-06-27T07:42:07.794845
79895505-2537-41ca-b3c2-a772c759206f,CUST000662,Home & Kitchen,1,682.74,682.74,wallet,2026-07-21T06:14:34.679950
26185378-ae9f-4e9b-b33f-7cd240c9e995,CUST000173,Electronics,5,387.3,1936.5,wallet,2026-05-05T05:53:37.878170
efd3d6f5-d83f-4ccb-bd1f-65bdfa21368c,CUST000772,Electronics,4,138.81,555.24,debit_card,2026-06-20T13:09:20.024821
33ed25a6-56bb-4363-b16c-38e56330a463,CUST000006,Beauty & Personal Care,2,725.17,1450.34,wallet,2026-04-10T15:08:43.473291
3e64536d-1e14-46f9-9a04-ef82a2b1a1c7,CUST000626,Electronics,2,622.03,-1244.06,credit_card,2026-08-07T15:29:37.441952
3d4dc7ff-6c49-4bf1-b554-b5ff656a0b41,CUST000626,Fashion,1,1903.0,1903.0,debit_card,2026-03-20T02:06:19.231827
ae0a0e21-a8b9-46ab-a8ac-9d39375733dc,CUST000087,Beauty & Personal Care,4,1135.5,4542.0,wallet,2026-08-08T10:10:31.808113
b4b0b351-98b6-41eb-a891-556c498fe366,CUST000625,Books,2,13.36,26.72,cash_on_delivery,2026-07-16T02:13:51.446614
91f6e3e4-8fb6-40f2-87a5-5822a0e4b579,CUST000541,Books,5,384.68,1923.4,upi,2026-02-21T20:50:09.509742
3ed28a81-445e-4e6e-ba61-1c4fd17cb0ed,CUST000578,Sports & Outdoors,4,196.7,786.8,wallet,2026-02-27T00:53:01.481930
df7f5dfb-35c0-4f11-a884-15d0f1e84f06,CUST000618,Beauty & Personal Care,5,1177.05,5885.25,cash_on_delivery,2026-05-30T09:29:58.270691
7f0a6dcc-6c90-4843-b328-0890c0c7a8a5,CUST000754,Home & Kitchen,4,579.38,2317.52,upi,2026-06-18T19:25:57.858130
64baf583-9ba6-41a0-a0eb-1480195b9351,CUST000625,Fashion,1,1671.53,1671.53,credit_card,2026-06-17T02:17:34.432289
72c3fbaa-badc-4e5d-b4f8-7a97d9feeacb,CUST000571,Books,2,1305.92,2611.84,credit_card,2026-05-20T09:15:21.926507
0945119f-c00a-46d8-a274-d321ec9719b6,CUST000777,Beauty & Personal Care,2,1666.69,3333.38,wallet,2026-02-26T16:00:02.000211
43f5a915-451c-4d5f-bc48-ac6e207f9cb3,CUST000336,Groceries,5,71.23,356.15,debit_card,2026-03-15T03:50:42.686657
a7427f9a-1848-495c-b531-0491ce0900e6,CUST000436,Toys,4,937.76,3751.04,upi,2026-06-05T12:00:16.255868
de7b78d2-d2de-4873-879e-617ef18734ed,CUST000614,Beauty & Personal Care,3,302.76,908.28,debit_card,2026-07-02T16:42:16.418869
0507fb2a-64f4-45c7-b99f-e1299ece3ca7,CUST000589,Beauty & Personal Care,2,204.02,408.04,credit_card,2026-02-28T09:05:51.595749
a1e05f56-5926-4220-b1b6-43cc9427ff12,CUST000537,Home & Kitchen,3,523.02,1569.06,wallet,2026-05-20T17:25:05.298691
73b556cf-6689-4112-8418-27a8775dc1ef,CUST000214,Fashion,2,10.33,20.66,debit_card,2026-06-19T19:11:44.275545
b7e9fe6c-2906-4027-896d-6dc51a0184b0,CUST000656,Fashion,2,11.14,22.28,upi,2026-04-23T09:21:55.182070
ea69ac18-fff3-40cc-ad9b-96a86e4666d5,CUST000584,Beauty & Personal Care,1,814.23,814.23,wallet,2026-05-30T11:44:30.585254
dd1486ff-9140-4669-9c3d-5171f6b9c368,CUST000013,Home & Kitchen,4,443.4,1773.6,debit_card,2026-06-28T18:29:04.838842
63020cda-e133-4d36-a945-58d71b3958ab,CUST000306,Home & Kitchen,1,792.63,792.63,wallet,2026-05-08T06:46:17.484327
b8bbe249-f33f-4e94-bc4e-1445900c5e0d,CUST000141,Fashion,4,1516.88,6067.52,upi,2026-07-24T12:32:37.349988
fe2249db-e8be-47e7-b28a-033600247c9b,CUST000611,Books,2,312.73,625.46,wallet,2026-08-09T19:07:54.411394
1d153d96-9467-48e8-ad67-4f7d9300a12c,CUST000091,Electronics,5,1224.92,6124.6,cash_on_delivery,2026-08-08T11:49:38.072392
e472a655-7cf7-4f55-8d35-ef942a387139,CUST000358,Fashion,1,807.13,807.13,credit_card,2026-07-02T18:32:46.874094
7d2e7195-7737-41ff-be5b-3f68097a0865,CUST000067,Beauty & Personal Care,4,1420.59,5682.36,debit_card,2026-06-17T20:10:54.410424
0409c77e-548d-4a0c-b685-b8d6703fab2b,CUST000104,Electronics,2,1017.07,2034.14,credit_card,2026-04-21T06:15:30.458723
2d5e3e34-bb4e-4c11-b978-95451e1a198e,CUST000493,Sports & Outdoors,4,1243.23,4972.92,wallet,2026-04-30T19:33:07.644253
8ee2261e-5868-410c-a96c-01dbcc0c1cae,CUST000213,Electronics,4,651.33,2605.32,credit_card,2026-05-07T10:55:29.585188
b51f03d3-e01f-4654-8460-7961f331f4d8,CUST000749,,3,1621.68,4865.04,upi,2026-04-03T21:42:49.166167
fbdbd090-b245-4ff2-8408-4c7eddcf4614,CUST000109,Fashion,2,568.51,1137.02,credit_card,2026-02-15T17:49:08.018890
c2dab4e3-70ba-4503-968c-c515d20f3ac7,CUST000365,Books,3,39.95,119.85,upi,2026-06-12T03:57:52.687105
b386baa1-85f4-4421-9d95-a314ac71ced0,CUST000204,Electronics,5,1865.42,9327.1,cash_on_delivery,2026-04-16T22:02:01.907222
1f56c34e-29df-46f1-97c0-0b3ec5eccc37,CUST000269,Toys,2,1860.6,3721.2,credit_card,2026-05-10T18:54:15.008719
45bc3da9-7bda-45cc-9b95-9d917dbb14f9,CUST000452,Beauty & Personal Care,3,1581.26,4743.78,cash_on_delivery,2026-03-05T15:24:28.903481
71d10b6f-5c66-4b35-8309-4f1f4429798f,CUST000304,Toys,3,1748.32,5244.96,credit_card,2026-03-31T20:49:26.933428
fd1fb127-d4fc-4c98-9caf-57fe8c93e15f,CUST000694,Home & Kitchen,4,619.62,2478.48,wallet,2026-04-21T18:09:15.785715
2282a52c-d5ce-4c91-96db-680825950a97,CUST000145,Electronics,4,1333.73,5334.92,upi,2026-05-22T06:51:51.586662
b1189da5-3c91-4662-a8a1-18cba9f96e39,CUST000522,Books,5,339.46,1697.3,debit_card,2026-07-04T23:29:05.759954
6ee25e71-61f8-4cd4-9fe2-fd535f55f5d9,CUST000703,Fashion,1,1937.29,1937.29,debit_card,2026-04-12T22:34:02.193202
b50a7e29-c8a6-427e-a468-5827d9ae9bfb,CUST000324,Groceries,1,131.74,131.74,upi,2026-07-17T05:03:13.270121
30468340-a808-4af0-af60-89221ebcf7c5,CUST000382,Electronics,5,1237.58,6187.9,cash_on_delivery,2026-07-13T13:29:03.108662
41e17a9b-18cf-4173-a2e4-a09f41038641,CUST000763,Beauty & Personal Care,5,385.33,1926.65,debit_card,2026-07-13T23:10:47.952425
5aa6efb2-de5f-4444-b868-7823ef12cb32,CUST000422,Groceries,3,264.33,792.99,wallet,2026-08-06T03:56:16.419776
bdad0508-a1d5-41f0-bc50-7490564c9855,CUST000636,Electronics,4,631.66,2526.64,credit_card,2026-03-26T13:22:43.310597
3999395f-5776-4649-abda-76e4f46ba661,CUST000034,Beauty & Personal Care,4,1733.56,6934.24,cash_on_delivery,2026-08-04T18:55:19.340219
bfde5438-3f3b-4762-ba1a-f78d4e4ca591,CUST000765,Books,2,1265.6,2531.2,debit_card,2026-07-13T16:55:55.596632
8abbdcd1-ceca-45c4-8f03-dcd7da7383d1,CUST000692,Books,2,1880.7,3761.4,wallet,2026-06-29T13:13:12.265375
43a5adaa-00ff-4847-bd04-b76998d5471d,CUST000422,Sports & Outdoors,4,1502.95,6011.8,cash_on_delivery,2026-03-04T05:40:59.809444
bf4506cb-4279-4edf-85da-3ea023153221,CUST000443,Toys,1,321.42,321.42,cash_on_delivery,2026-02-23T02:59:49.392519
c6db2c4a-274c-46eb-91ea-96de5d2189e3,CUST000043,Electronics,2,441.91,883.82,debit_card,2026-05-13T07:16:36.782547
6f215f77-e11c-42fc-bc5b-bae841c3ffaf,CUST000683,Fashion,5,550.27,2751.35,debit_card,2026-05-14T01:50:59.074449
cf1e38b2-ab1c-40bb-8ed0-e3534a210a75,CUST000643,Toys,5,1927.87,9639.35,cash_on_delivery,2026-03-21T23:18:56.300523
75c3a88c-e49c-4bbf-870d-99ee61c24b38,CUST000021,Beauty & Personal Care,5,40.58,202.9,credit_card,2026-08-09T16:46:03.715710
2810d3fc-d89d-4fee-a1b1-ed2a7a4cce9e,CUST000247,Home & Kitchen,5,202.72,1013.6,credit_card,2026-03-22T11:55:12.881925
edd53685-3f32-414c-b774-d3a955e3e55e,CUST000485,Beauty & Personal Care,5,1164.47,5822.35,credit_card,2026-04-26T03:38:17.408048
ab9f3356-ba7d-482c-84ad-48a7db27558b,CUST000223,Books,2,209.32,418.64,upi,2026-04-06T13:03:02.889742
69fbc869-445e-4971-bd95-b6c0d98f7e2c,CUST000183,Home & Kitchen,5,1235.78,6178.9,cash_on_delivery,2026-07-31T09:40:53.368607
341d14c3-06e9-4cd0-a845-a9a750064076,CUST000079,Sports & Outdoors,3,663.25,1989.75,credit_card,2026-04-17T05:20:02.220750
801a1d80-e8b9-4dbb-88e1-e59db6417281,CUST000263,Groceries,2,60.87,121.74,wallet,2026-05-05T17:47:02.971835
9e80d77a-4b05-467f-a9a7-faec27187f16,CUST000748,Home & Kitchen,2,1086.41,2172.82,credit_card,2026-05-01T08:24:17.340685
8db15bce-0037-4f59-a15d-86c9421c426f,CUST000426,Sports & Outdoors,2,1592.97,3185.94,wallet,2026-02-15T15:06:51.164386
0e03801b-ff98-4b0a-a6c8-08052e63eeb9,CUST000704,Home & Kitchen,4,455.5,1822.0,debit_card,2026-05-22T10:36:16.858770
5b3898c0-a89c-4744-9831-5d82a92f5867,CUST000611,Sports & Outdoors,1,1728.12,1728.12,upi,2026-06-15T17:13:44.929466
b4c08e75-7a92-4d99-b332-8320b027f442,CUST000387,Home & Kitchen,5,197.02,985.1,upi,2026-04-18T23:27:58.862820
230ef2c0-8a28-41ad-9447-4447f5040717,CUST000305,Sports & Outdoors,5,1693.04,8465.2,wallet,2026-05-24T12:31:09.925201
ec79560a-b7fc-4658-b538-6c7bc3bd97ab,CUST000719,Books,1,1294.89,1294.89,debit_card,2026-07-26T23:03:02.728906
600a4295-54b6-483c-add2-293c1e407299,CUST000053,Sports & Outdoors,4,1862.47,7449.88,upi,2026-04-28T19:19:32.727079
bff367b4-fa71-461a-ba4e-e6bc8acfd8f2,CUST000245,Sports & Outdoors,5,1554.95,7774.75,credit_card,2026-03-01T08:38:13.203772
5e41ac26-7eef-4cc7-8cce-a1e13fc250cc,CUST000274,Toys,3,1457.73,4373.19,credit_card,2026-06-14T16:26:12.039135
7409674f-5d9f-46f9-b0a0-ee7ee346ccb6,CUST000764,Fashion,1,557.32,557.32,wallet,2026-08-06T20:05:33.785640
c48f08d7-d9a1-40d3-9c18-be473c0ef0c7,CUST000264,Groceries,3,1665.3,4995.9,cash_on_delivery,2026-04-23T10:29:05.571462
7d65240a-7037-4fa3-bf79-cf38c01fe994,CUST000068,Sports & Outdoors,1,1319.95,1319.95,wallet,2026-03-23T14:55:50.701450
872831fb-8860-4541-8701-55642aa07661,CUST000598,Fashion,1,897.43,897.43,cash_on_delivery,2026-05-06T15:44:20.050836
5a08b8ac-9b69-4353-8051-4752159fe65b,CUST000423,Groceries,4,1109.44,4437.76,wallet,2026-03-23T18:13:10.239847
60a4015c-3ad6-4bed-abdf-fbc01b38444b,CUST000322,Toys,3,1240.72,3722.16,credit_card,2026-07-10T00:44:41.579962
47968354-cf9d-430a-bd61-5b29d84b4bda,CUST000029,Home & Kitchen,4,1530.61,6122.44,credit_card,2026-05-25T06:23:41.609887
07830de4-9139-44a4-a1da-1100c911e3fa,CUST000285,Home & Kitchen,5,1156.81,5784.05,debit_card,2026-05-07T23:03:57.789402
e4c70848-4593-45b9-a34b-577fc53e5f39,CUST000705,Fashion,3,1764.88,5294.64,debit_card,2026-07-23T03:52:35.898678
11e431f9-7e53-4767-8c33-7c46fcc4ea75,CUST000414,Home & Kitchen,4,30.4,121.6,cash_on_delivery,2026-03-14T06:46:14.104328
e9eb4d84-0e49-41bb-8ecd-3e9919d7de29,CUST000331,Electronics,5,48.72,243.6,debit_card,2026-02-18T01:08:02.300560
7fa45cbe-4d31-4c18-9fe2-e37c4d6178f1,CUST000199,Fashion,1,1348.3,1348.3,credit_card,2026-08-08T22:42:05.153512
bb67e4ac-8179-4616-a094-9305bbc9c912,CUST000728,Fashion,5,360.53,1802.65,credit_card,2026-03-15T02:07:16.116173
165534d4-5a60-46b8-a05b-32736de9ca3d,CUST000081,Sports & Outdoors,3,377.27,1131.81,cash_on_delivery,2026-06-06T09:46:21.897341
4c3f2258-22e9-467f-af2a-7a24e6619c76,CUST000791,Sports & Outdoors,4,1796.55,7186.2,wallet,2026-05-20T09:45:16.466583
6a4064a9-527f-4384-8bed-220c97bffee6,CUST000432,Toys,1,939.78,939.78,upi,2026-03-31T08:18:47.345807
88656cf3-d171-4e2d-a6f2-54bdde65a35f,CUST000006,Sports & Outdoors,5,1577.47,7887.35,wallet,2026-05-15T17:16:26.100891
7a357038-6269-4c99-b61e-6b631b28d604,CUST000479,Home & Kitchen,1,1891.26,1891.26,cash_on_delivery,2026-03-20T12:39:37.835751
522ab33d-7a90-42ca-8e58-72b95f7d96d8,CUST000563,Sports & Outdoors,5,221.91,1109.55,debit_card,2026-03-22T01:01:14.857819
07845eed-ee6a-4e08-a224-b244df2f4d13,CUST000072,Books,1,1770.57,1770.57,cash_on_delivery,2026-02-14T07:36:08.300629
dbd7ff9f-00e8-423f-b2bf-225be1a0844f,CUST000083,Toys,3,928.07,2784.21,credit_card,2026-04-25T09:26:36.640209
a24ffeaf-3e70-4157-9ac0-177224b45c2a,CUST000696,Sports & Outdoors,5,387.07,1935.35,upi,2026-04-17T07:36:40.470943
7b594431-87f9-4fa5-9cf7-c36af4c26a6e,CUST000453,Fashion,2,266.9,533.8,credit_card,2026-03-26T04:12:55.275500
e2b4a8e4-5148-490c-9fd9-34c1e435235a,CUST000385,Books,1,733.77,733.77,wallet,2026-05-23T07:19:44.750655
cb03ae49-ed3b-4b4c-a221-cce8e6f7f455,CUST000581,Sports & Outdoors,2,1719.42,3438.84,debit_card,2026-05-12T00:05:05.561259
cd4d2fc0-7e73-410c-a978-9645d49b1ebb,CUST000306,,5,1130.1,5650.5,cash_on_delivery,2026-04-17T20:27:23.601465
29082584-c183-4394-a868-e2be3502e6f0,CUST000045,Beauty & Personal Care,5,738.45,3692.25,wallet,2026-04-06T07:07:27.609456
fd7e2df6-e4a2-476d-930e-21e1e6452bb7,CUST000195,Home & Kitchen,4,605.33,2421.32,debit_card,2026-03-08T00:05:22.377787
f91cb300-aacb-4688-bac6-81b39fc3703c,CUST000120,Fashion,4,219.81,879.24,debit_card,2026-06-25T10:08:28.792304
67a03eb7-926c-47e4-9f57-b079e142ebb3,CUST000258,Fashion,1,171.76,171.76,upi,2026-06-24T16:07:08.075052
df03f294-c276-4a12-8ee6-b154120dc782,CUST000135,Fashion,1,1204.28,1204.28,debit_card,2026-06-12T10:59:06.102605
6748d022-30ee-40f3-8fc5-cbac4a8d2d39,CUST000052,Fashion,4,291.2,1164.8,wallet,2026-05-29T16:34:33.142352
3b1e7800-980f-4ebf-93a9-84f85330d113,CUST000591,Electronics,5,951.76,4758.8,wallet,2026-06-18T02:03:11.896346
070ad63f-90ed-40ea-9cc5-39dab2a7da58,CUST000076,Fashion,4,1135.97,4543.88,credit_card,2026-05-06T22:47:38.972015
976a4720-90e3-42eb-b13c-a60d1b21ab26,CUST000281,Beauty & Personal Care,1,33.34,33.34,wallet,2026-07-09T00:54:18.054655
021e7fe0-4152-4add-a0b2-d9f1d36a18a4,CUST000715,Beauty & Personal Care,3,943.02,2829.06,cash_on_delivery,2026-06-21T16:19:03.998776
a13307a1-8b40-4bdf-ad39-58da7590bdbc,CUST000266,Fashion,4,1920.81,7683.24,debit_card,2026-07-10T11:18:27.656527
941a7db0-5a54-4574-b5cb-f474e7081e2b,,Fashion,4,1282.38,5129.52,credit_card,2026-08-05T22:18:45.097026
75d04162-219f-4ce5-91a2-54607ae213a4,CUST000015,Fashion,2,687.93,1375.86,wallet,2026-03-25T17:29:18.762483
7e55d722-adc6-4aa8-af7e-fb37a67aeef7,CUST000034,Groceries,4,393.83,1575.32,upi,2026-06-09T18:14:25.435903
de245c8f-a6a8-4ae9-8f6a-f233b4c7d8e5,CUST000161,Beauty & Personal Care,5,1547.79,7738.95,credit_card,2026-03-04T20:31:38.730074
406fefc0-bdc5-4cb6-9b02-8c3ced132977,CUST000146,Electronics,1,1585.84,1585.84,credit_card,2026-06-26T23:07:35.493488
10e79524-c7d1-4074-b855-a28b19bf11a2,CUST000377,Beauty & Personal Care,2,1896.24,3792.48,upi,2026-03-16T23:23:10.487257
ac978657-3beb-4f0f-b3e9-b47b75616ea2,CUST000557,Fashion,3,749.67,2249.01,wallet,2026-06-08T16:54:55.344661
e63d8c65-9669-47d9-9a60-a3ef68e6a173,CUST000516,Beauty & Personal Care,2,1391.81,2783.62,wallet,2026-06-15T03:16:31.932140
9bcb2bde-08ac-43ce-9b58-5328e9677d7f,CUST000204,Home & Kitchen,2,56.34,112.68,upi,2026-07-17T18:42:03.422799
f7454aef-95c2-4537-aab0-95ae036686a8,CUST000511,Sports & Outdoors,1,1866.1,1866.1,credit_card,2026-05-24T14:54:10.433343
1f793589-003e-4dd6-a530-d4b989742ae8,CUST000549,Beauty & Personal Care,5,1877.28,9386.4,cash_on_delivery,2026-02-10T22:58:51.567797
0fbaa541-a0c5-45e5-9616-4f40d743288c,CUST000331,Home & Kitchen,1,1792.43,1792.43,debit_card,2026-05-03T06:10:22.758428
9d6708b7-afc4-4734-a87d-277e4e829af9,CUST000506,Groceries,2,1667.33,3334.66,debit_card,2026-04-11T11:35:05.003024
b6a247ff-09fb-416b-9628-11362c0fb588,CUST000660,Toys,1,1333.41,1333.41,cash_on_delivery,2026-03-11T17:50:42.252324
41226772-0a93-499b-b831-b6ea013d3bf4,CUST000407,Toys,4,44.75,179.0,upi,2026-03-25T03:43:40.972384
74a8321b-a91e-49fa-9983-c08a6a3b5045,CUST000610,Toys,5,1736.67,8683.35,cash_on_delivery,2026-05-04T01:14:19.560786
3c408a33-d2ba-4c12-aa48-3eb50e111589,CUST000042,Electronics,5,1248.45,6242.25,cash_on_delivery,2026-03-31T15:56:07.957849
1af09d0d-a40e-44d0-98b5-a2a4bbcd8cf3,CUST000472,Fashion,1,198.31,198.31,cash_on_delivery,2026-04-21T13:03:40.392703
86595bae-f43f-4cef-973f-458fd01d90e8,CUST000420,Fashion,2,1998.13,3996.26,debit_card,2026-05-10T02:02:35.282875
fe1ce622-ab02-454c-9cd7-d47848dcad5c,CUST000535,Electronics,5,737.73,3688.65,debit_card,2026-08-02T16:18:25.694232
a419c300-7aa9-437e-8719-2dae81ef9f2a,CUST000039,Groceries,4,58.16,232.64,wallet,2026-06-19T01:05:58.850955
93b532e7-cb59-4694-92a6-21f6e673ec65,CUST000284,Electronics,5,336.87,1684.35,credit_card,2026-07-19T19:31:50.805217
be7fe876-12b6-4284-9b33-f7fd9084ab29,CUST000043,Toys,3,1259.74,3779.22,credit_card,2026-06-21T03:13:58.992176
2e0d83af-54ab-4386-940b-53989f46d4d0,CUST000566,Electronics,5,1523.3,7616.5,upi,2026-05-01T08:08:03.622013
ba9315ff-aec2-4210-981e-0b20cd0d0e05,CUST000670,Toys,4,1146.19,4584.76,credit_card,2026-05-01T04:31:09.781305
b3be114e-c4a9-403c-97e0-481e2cae134b,CUST000400,Toys,5,219.54,1097.7,upi,2026-04-13T15:41:41.583115
f4d5b106-5fdd-45e2-acbb-3e989d9d7959,CUST000034,Beauty & Personal Care,4,559.54,2238.16,upi,2026-06-16T22:22:14.136155
03d2a439-9bad-4b5f-b85c-040c7ba93827,CUST000251,Toys,5,173.87,869.35,wallet,2026-03-07T11:59:15.873127
4eb7d548-77ce-42af-b6bf-3d2ff8bbc813,CUST000422,Books,2,1116.79,2233.58,cash_on_delivery,2026-03-01T06:27:20.661827
90a53c69-e8de-4dc6-a3e7-1d5dba5627a9,CUST000613,Groceries,4,1692.58,6770.32,upi,2026-03-16T11:43:52.777251
c89f2260-953b-4133-8052-a2479b292437,CUST000508,Home & Kitchen,5,1681.56,8407.8,debit_card,2026-05-24T21:27:01.737261
2a210184-ca18-4492-af57-528313bbf58f,CUST000192,Fashion,1,80.13,80.13,upi,2026-03-26T13:12:05.315556
2c4e4c89-6941-4564-967a-edfe3ddd808e,CUST000354,Books,5,1891.9,9459.5,credit_card,2026-04-22T12:47:17.937952
7c99dbc6-1d16-4db2-a9e1-b8b439c94ff5,CUST000233,Books,3,1842.67,5528.01,cash_on_delivery,2026-03-20T10:19:58.845627
9f20b0b8-5da7-453c-aeb5-48f792166bf0,CUST000224,Fashion,3,224.1,672.3,wallet,2026-04-09T12:24:49.182515
e2c07e0f-4485-4a1e-9573-1f9d1f314368,CUST000597,Beauty & Personal Care,1,1594.53,1594.53,wallet,2026-06-20T03:20:39.385827
883069ac-88ab-4a12-a45f-a7f6131e6d60,CUST000282,Groceries,4,1414.06,5656.24,upi,2026-03-14T23:18:05.185498
faedb2c4-1ec5-4a1c-b3cb-8ee63d440ef9,CUST000048,Fashion,5,1133.02,5665.1,credit_card,2026-04-28T16:11:48.249045
0fe141fa-862f-4bf9-bf48-51337779cf03,CUST000091,Electronics,2,1705.43,3410.86,cash_on_delivery,2026-07-15T15:54:10.235461
a6fe63aa-b674-48b3-a18c-89787e92084d,CUST000410,Groceries,2,421.93,843.86,wallet,2026-08-09T01:46:25.635743
7fbd937f-ddeb-4a29-bc79-25e2e011003a,CUST000037,Beauty & Personal Care,5,264.45,1322.25,cash_on_delivery,2026-04-09T12:37:52.554674
6c014214-b243-45d4-a687-d60d645c8a79,CUST000721,,3,421.18,1263.54,upi,2026-07-04T02:50:42.820076
5036aa59-7c89-43f2-bb5d-01df123e93a6,CUST000142,Home & Kitchen,3,1569.01,4707.03,upi,2026-05-30T00:29:18.043194
bc63f112-7d63-4c49-a6f2-d0b32953221e,CUST000305,Electronics,5,57.52,287.6,upi,2026-04-20T07:18:36.170589
94cfc09e-f881-4192-9765-e1f14271de38,CUST000700,Books,3,1902.41,5707.23,cash_on_delivery,2026-06-12T00:51:50.657912
412bcf93-8d45-4bac-8ac0-9ad92ff5709c,CUST000621,Groceries,5,654.93,3274.65,upi,2026-06-05T19:21:10.773948
f9149d95-d7dc-4dcb-b4b2-63f957200925,CUST000241,Groceries,2,494.82,989.64,credit_card,2026-02-28T11:40:46.338346
7ed76ac3-daba-49bd-b27c-87dfa4083b62,CUST000569,Toys,N/A,132.54,662.7,wallet,2026-05-22T22:58:29.120231
f92e06f9-9932-4cf8-a734-ef7aa149952b,CUST000482,Home & Kitchen,2,1098.25,2196.5,debit_card,2026-05-18T03:48:03.092542
c726ce67-7663-473a-a87a-8955e942c5ac,CUST000336,Fashion,5,1341.88,6709.4,credit_card,2026-02-14T01:59:19.323734
09981951-70a4-4dca-9ded-858e17da9139,CUST000205,Electronics,2,1501.08,3002.16,upi,2026-05-26T22:03:53.681526
83f579c7-cca1-43d0-a08f-d91c7355d051,CUST000635,Books,2,245.33,490.66,credit_card,2026-05-05T13:33:25.914128
b47b8b49-688f-42e1-8c8e-d177f04d0c27,CUST000210,Books,2,1516.26,3032.52,cash_on_delivery,2026-02-22T00:44:46.531828
c0d0ce8c-2ed2-40a0-af8d-34ecec9a987a,CUST000486,Fashion,5,1525.09,7625.45,cash_on_delivery,2026-03-25T18:08:46.661037
f68cee02-5090-4174-b61f-a059c08b0ce2,CUST000259,Toys,1,64.22,64.22,wallet,2026-04-01T11:01:36.995004
3049d047-d521-4f65-9186-c65ecdded44b,CUST000681,Fashion,3,1213.06,3639.18,upi,2026-07-21T01:17:39.363521
ad368ba6-4685-4026-950c-a2c1fb30b960,CUST000307,Electronics,2,1941.68,3883.36,wallet,2026-04-27T03:51:52.127206
de2650ed-aeb2-4a84-b3c7-9999ab8080a6,CUST000712,Toys,2,262.13,524.26,credit_card,2026-04-01T00:43:57.143159
d4a59b4b-7514-49ab-9b41-61c324d5ef4e,CUST000143,Sports & Outdoors,2,830.9,1661.8,upi,2026-02-11T13:58:16.785476
efa900cf-0bbe-4581-b0b9-ab8d30ef6168,CUST000651,Home & Kitchen,3,1644.22,4932.66,cash_on_delivery,2026-04-22T12:47:47.750499
50e8d320-c01c-4d09-a185-01cfdf95952d,CUST000645,Electronics,1,1095.68,1095.68,cash_on_delivery,2026-03-15T22:00:40.182325
b885c10a-f1a8-46d1-aed7-f3b169257676,CUST000481,Beauty & Personal Care,3,906.7,2720.1,credit_card,2026-03-16T08:25:27.462012
ce2b7c6c-f1d5-47d6-b042-f40feb142cff,CUST000198,Home & Kitchen,2,1526.89,3053.78,upi,2026-06-26T04:27:02.184749
fd9224a1-e5f8-407a-bab2-a4ed9ce17b03,CUST000236,Sports & Outdoors,2,1670.43,3340.86,cash_on_delivery,2026-06-02T01:26:02.974027
b047b6a7-e060-430f-a4eb-a64197719b35,CUST000798,Sports & Outdoors,4,1503.96,6015.84,upi,2026-05-25T08:13:25.124490
8536dea4-b716-4c9c-a221-fff1b9426db2,CUST000513,Beauty & Personal Care,3,1624.73,4874.19,cash_on_delivery,2026-05-12T04:48:21.733481
91fde142-8d42-45f3-aa4f-29df2d2a2298,CUST000132,Home & Kitchen,5,665.98,3329.9,credit_card,2026-07-01T02:51:57.127188
b0a66051-4a9a-4ed5-a104-375a4daee60d,CUST000117,Toys,5,113.53,567.65,debit_card,2026-06-26T13:12:40.070364
65fec43b-07d3-4d88-a008-fd8353cc4cba,CUST000180,Groceries,5,609.69,3048.45,cash_on_delivery,2026-05-11T14:26:40.318666
a183b163-3d9b-4725-b1b8-09578036a082,CUST000018,Electronics,4,131.42,525.68,debit_card,2026-05-25T20:35:35.910327
955efe9b-4595-4473-9f5d-51822f841670,CUST000341,,2,789.83,1579.66,credit_card,2026-05-18T05:37:16.976673
7249d8b0-0dca-4f75-a2aa-3b20f992975e,CUST000169,Books,3,509.48,1528.44,wallet,2026-02-15T11:49:29.274742
9b820296-a638-4716-b5bb-660edf7b2bd7,CUST000116,Toys,5,678.37,3391.85,wallet,2026-07-29T01:49:02.954527
3de8b0dd-1ea4-4ac5-acd2-ebb5b608b8e3,CUST000410,Electronics,2,441.72,883.44,wallet,2026-07-25T21:22:20.036501
ceb3f0f2-c16e-4b73-9dab-6459ce65cd75,CUST000618,Electronics,3,164.96,494.88,credit_card,2026-06-03T13:33:29.940811
132e4312-f866-40f5-ac8e-3e131d03933b,CUST000028,Sports & Outdoors,5,1895.38,9476.9,debit_card,2026-05-22T05:03:58.748808
c303e330-aa20-4844-a421-54d452cce405,CUST000056,Beauty & Personal Care,1,855.81,855.81,credit_card,2026-03-12T12:03:33.283239
0ffda1e8-dfdc-4531-a015-8d4f7f045519,CUST000328,Groceries,3,103.84,311.52,wallet,2026-04-29T09:47:39.435351
33c31898-7dab-42ce-9193-14c30c7f4940,CUST000238,Home & Kitchen,3,1224.37,3673.11,cash_on_delivery,2026-04-20T23:56:38.088091
9c727574-fb82-4e52-969c-f22e185d073d,CUST000130,Home & Kitchen,2,1345.14,2690.28,wallet,2026-04-30T22:06:19.859590
2abb002e-6603-4ed0-b9c5-f9d1327f8ec0,CUST000038,Beauty & Personal Care,5,1294.94,6474.7,cash_on_delivery,2026-05-15T12:44:01.911031
6effc69e-0be7-431e-92c2-75c090887320,CUST000683,Sports & Outdoors,5,469.18,2345.9,credit_card,2026-02-24T00:52:52.148908
83c9d98a-9b43-4875-a354-7f829721ae4a,CUST000669,Groceries,5,769.45,3847.25,cash_on_delivery,2026-05-02T15:05:03.977196
5f69ef82-c324-4e45-bcf5-677b517b6b63,CUST000452,Groceries,2,1480.77,2961.54,debit_card,2026-02-15T14:47:17.705966
88753ff0-27bc-458f-87c1-20375d4c90c1,CUST000505,Books,5,56.22,281.1,cash_on_delivery,2026-07-08T21:43:31.459901
369d61b7-9fb6-4da6-a610-7ee19efc2e1d,CUST000789,Electronics,3,1264.92,3794.76,wallet,2026-02-28T00:01:29.437617
ea07b732-d551-43a1-9d40-78571b1d4e18,CUST000111,Books,2,1987.5,3975.0,upi,2026-03-15T02:02:39.234078
7b7634a5-f832-4782-9c06-f559645dd98d,CUST000536,Beauty & Personal Care,1,411.66,411.66,upi,2026-03-07T09:26:54.960073
c5885754-ddb9-4adb-aa5c-e0f76dd10d7a,CUST000470,Sports & Outdoors,5,798.78,3993.9,credit_card,2026-03-03T20:00:05.812870
317d82b7-a076-403b-b34c-43d712ebedb6,CUST000559,Groceries,2,1553.41,3106.82,upi,2026-04-23T22:49:56.651556
75b0e183-4f0a-4167-a732-98f28acb3e29,CUST000503,Books,4,273.3,1093.2,cash_on_delivery,2026-07-06T22:35:34.368684
8fa7117d-6a6d-49a6-b290-1536d7e40cb0,CUST000102,Fashion,5,1398.47,6992.35,credit_card,2026-06-16T07:31:16.182568
dc2206f0-71ca-44af-ae07-bf56deed5669,CUST000099,Beauty & Personal Care,2,1966.89,3933.78,wallet,2026-03-21T14:34:45.971946
098cbbe9-eb29-4d64-99b6-8fe6459154a1,CUST000285,Toys,4,1533.15,6132.6,credit_card,2026-07-22T08:33:41.080045
0ff235f0-590e-4cc2-aa88-7c3efb7e55ab,CUST000146,Toys,1,74.42,74.42,debit_card,2026-02-20T04:38:58.300315
4a5db5a5-6c85-4a07-b4fd-83acbcbe852b,CUST000148,Beauty & Personal Care,3,670.78,2012.34,upi,2026-03-26T16:33:58.052458
aa26722e-58e7-4e2a-a3d2-5f12f3c018da,CUST000793,Toys,4,1779.82,7119.28,wallet,2026-06-12T23:25:59.917348
9b97c574-1dbb-4bdf-ae3c-8a15bf8d5281,CUST000038,Books,N/A,1861.72,7446.88,wallet,2026-07-11T01:39:43.704672
b900cc43-b51f-4bc6-aa92-03b94c17cba3,CUST000242,Fashion,4,1268.45,5073.8,cash_on_delivery,2026-07-04T07:36:28.257999
31fa3e8c-3a9b-4b7f-b7c6-c62179838de1,CUST000096,Fashion,2,650.73,1301.46,upi,2026-05-09T01:23:48.446591
cd7d9b0e-4410-4e97-9a8f-bba77ae28daa,CUST000584,Electronics,5,654.24,3271.2,credit_card,2026-06-14T01:18:02.945987
28e3ca61-55a0-4666-a743-bd3fe9bd8517,CUST000499,Groceries,5,636.9,3184.5,upi,2026-06-16T00:20:17.995284
11834a29-62ca-45d8-a50a-c778dd796a40,CUST000047,Groceries,3,1709.6,5128.8,debit_card,2026-08-04T20:41:19.237765
031354b2-4a0b-439f-9019-df01b0635001,CUST000391,Electronics,1,267.17,267.17,wallet,2026-02-13T18:09:35.182999
4a597ca8-001f-42aa-b0a8-e2f86c9d662c,CUST000464,Electronics,4,337.71,1350.84,upi,2026-06-07T07:07:51.034341
08d7d064-a578-4f0e-b660-3e7c853c92d0,CUST000230,Sports & Outdoors,3,865.87,2597.61,debit_card,2026-04-19T08:03:50.712975
81ad9a10-e328-4e41-b649-34cb482e300e,CUST000036,Home & Kitchen,3,1538.18,4614.54,upi,2026-02-13T14:52:32.696425
2a5753ed-7b2f-4653-9b04-d9ffdb5c90b5,CUST000194,Fashion,3,1089.52,3268.56,cash_on_delivery,2026-04-09T16:36:34.617284
9bc8a47c-d9bf-4a86-aa83-e0215a14e3dc,CUST000730,Home & Kitchen,2,1508.25,3016.5,credit_card,2026-07-20T22:18:20.571864
af0f969b-69cb-4677-a85d-44b700bee34c,CUST000566,Beauty & Personal Care,5,151.7,-758.5,cash_on_delivery,2026-03-04T17:37:03.463907
6d4519fd-9cd3-456b-b895-eeb12bc01c8f,CUST000110,Toys,3,877.16,2631.48,credit_card,2026-04-08T13:50:01.721675
2a99a636-af95-4b9e-bda5-cdd7570c0246,CUST000663,Home & Kitchen,2,802.42,1604.84,debit_card,2026-05-18T08:16:44.922534
41741c41-a94c-4c2a-9014-613935f761c0,CUST000630,Home & Kitchen,3,1664.45,4993.35,debit_card,2026-04-08T05:28:31.049832
dcc006fd-e890-40df-afe9-64ade97ce027,CUST000325,Home & Kitchen,2,990.51,1981.02,debit_card,2026-04-03T17:25:36.997108
0536ad3c-6295-4fc4-a820-22732dc54481,CUST000175,Home & Kitchen,2,1351.4,2702.8,credit_card,2026-06-29T11:05:15.116039
f1956027-f5aa-41e3-a973-a49f2993cceb,CUST000136,Groceries,2,839.66,1679.32,cash_on_delivery,2026-05-22T03:35:45.625216
f198fec9-1102-4817-9a97-992b9eed855d,CUST000479,Fashion,5,138.21,691.05,debit_card,2026-04-13T03:43:22.525362
06a25807-89bf-4ad4-8af3-3fd9d19a11c2,CUST000050,Electronics,1,375.95,375.95,upi,2026-02-20T01:52:15.655981
f5dd281f-6c0b-4c2a-a1f4-a6be4a9d9f5e,CUST000500,Fashion,1,850.49,850.49,wallet,2026-07-26T19:26:22.839119
7c55aa32-4642-4216-86af-cd25f6a5d728,CUST000183,Beauty & Personal Care,5,492.32,2461.6,debit_card,2026-06-01T03:33:42.300529
bda5ea74-8d41-40a5-9e69-0f07d0a8d51e,CUST000363,Electronics,3,639.0,1917.0,debit_card,2026-06-17T16:17:13.148126
26249508-d401-4d7a-97d8-2edfcef5c255,CUST000711,Home & Kitchen,4,154.91,619.64,credit_card,2026-02-21T00:29:57.736213
2c0f6b60-ad22-42b3-86e6-7c618ec634c6,CUST000739,,5,819.64,4098.2,upi,2026-04-21T13:20:59.723903
68e50d40-a7c1-4512-89c3-607f6d834fa9,CUST000636,Books,3,1983.45,5950.35,upi,2026-05-26T16:15:50.732396
6801db56-00ed-4063-b63d-8caf1b6bfe10,CUST000541,Home & Kitchen,5,1393.68,6968.4,cash_on_delivery,2026-04-09T06:40:48.833360
d05b45f9-44e5-4d69-b136-31102a9ba31d,CUST000181,Beauty & Personal Care,1,1419.74,1419.74,credit_card,2026-03-02T11:28:44.985465
11f2dc16-c4c4-49b9-b871-7ce2a33360b6,CUST000210,Fashion,3,1572.53,4717.59,upi,2026-04-16T07:56:25.391738
e4b8f33c-26ec-4bde-a22b-9e1b4b9cc229,CUST000049,Beauty & Personal Care,1,586.87,586.87,wallet,2026-03-13T23:36:25.643015
aadc0908-ca2c-4977-976f-08c3f4918bd1,CUST000328,Home & Kitchen,3,923.13,2769.39,debit_card,2026-07-05T13:43:32.591561
193119fd-f54f-48ff-8f50-307b482a4b34,CUST000431,Home & Kitchen,1,1748.32,1748.32,debit_card,2026-05-04T19:13:18.845220
c2e62818-8519-4308-989f-f7f3687878c2,CUST000674,Books,4,1049.1,4196.4,cash_on_delivery,2026-04-26T18:40:16.117278
b543151e-447b-48e7-a9b5-9e61363fd04f,CUST000472,Fashion,3,19.61,58.83,credit_card,2026-06-14T20:50:29.868958
1180d88c-af36-47ed-ad5b-e40381cbdb86,CUST000728,Beauty & Personal Care,2,190.59,381.18,wallet,2026-05-05T19:52:26.711051
3c1f6be2-2b6d-4ced-8de0-9fd96ed4da81,CUST000653,Books,1,1869.6,1869.6,wallet,2026-04-01T17:16:13.625407
7917ce1c-94f1-49c5-8ea6-fd0decf1526d,CUST000783,Books,3,848.99,2546.97,credit_card,2026-06-01T15:28:44.766565
8098f864-e18e-4aa0-8029-722d49a503df,CUST000175,Toys,2,815.26,1630.52,credit_card,2026-06-12T20:13:43.656301
4a437558-54c9-4356-a437-13fcfb8971f2,CUST000561,Groceries,4,1428.6,5714.4,debit_card,2026-07-03T16:29:27.119668
9bb9d108-a18c-4264-97bd-ff90ff74189c,CUST000645,Fashion,3,92.47,277.41,wallet,2026-05-17T23:55:42.866768
74c14fe1-0ccf-4c93-82af-3e45f0f542a5,CUST000689,Home & Kitchen,5,1071.99,5359.95,credit_card,2026-07-30T02:46:43.220496
fe8622ec-7822-4b50-9bd7-11f039748bee,CUST000001,Toys,4,1747.07,6988.28,credit_card,2026-06-24T04:00:08.601679
cf2bac56-c918-4a1e-bbe0-e5ca17521973,CUST000632,Electronics,5,998.59,4992.95,upi,2026-03-09T02:09:56.819693
c43fcfd3-805f-4b6a-89a0-e10b1bfc8e65,CUST000012,Home & Kitchen,2,1187.81,2375.62,wallet,2026-07-02T00:18:14.243253
f9faf144-ad80-4aaf-aa9d-05f5b0e7265c,CUST000322,Fashion,1,857.67,857.67,upi,2026-05-24T19:29:36.814600
c33512b9-c663-4f3c-b2da-dc23fe230d78,CUST000649,Books,2,1659.88,3319.76,debit_card,2026-07-17T14:31:13.261851
36443d9e-c814-4226-b12c-5badf381b3be,CUST000260,Fashion,3,1480.72,4442.16,cash_on_delivery,2026-07-26T06:04:45.253089
c4a42273-7afa-4e3f-ab27-0bd1a4f7fc84,CUST000085,Home & Kitchen,5,790.33,3951.65,debit_card,2026-06-03T19:31:07.901343
fb95db43-fb68-42d1-ab08-c1ca9cbac2e1,CUST000771,Beauty & Personal Care,3,333.24,999.72,cash_on_delivery,2026-05-30T16:44:33.467944
b7086c0f-d39d-45ad-b814-ba030a30295d,CUST000479,Beauty & Personal Care,1,389.66,389.66,upi,2026-06-06T12:06:35.423185
a9492b68-fc83-43f0-8bd4-451964d5c341,CUST000222,Toys,3,421.73,1265.19,upi,2026-03-12T19:08:17.495169
1712b415-3eaf-4778-8784-5728a4e683d8,CUST000689,Home & Kitchen,2,415.14,830.28,cash_on_delivery,2026-03-09T10:23:39.276325
3eaa008e-2435-465c-8705-8a66d6e200b1,CUST000181,Fashion,5,1839.49,9197.45,upi,2026-02-26T14:06:30.148874
aee04c33-8665-4830-ae04-eaa89e594574,CUST000181,Books,4,1758.73,7034.92,credit_card,2026-03-09T13:19:38.161082
ceb5f096-9514-4137-b76e-5d047dd04e51,CUST000212,Sports & Outdoors,4,109.46,437.84,credit_card,2026-05-06T05:40:07.574761
b4e52928-1ae9-4fa4-9982-fe4aff2a6906,CUST000343,Sports & Outdoors,4,1607.28,6429.12,cash_on_delivery,2026-02-23T04:38:02.734785
4cbc4914-5c76-4094-9590-ad51a5baef55,CUST000798,Books,4,709.49,2837.96,cash_on_delivery,2026-04-20T01:42:25.630862
9bd0803a-8593-45d4-86c8-91683bc14e42,CUST000222,Electronics,2,658.44,1316.88,credit_card,2026-07-16T10:26:02.673087
5c88b8ea-02e4-48ce-858e-5b8e1650665f,CUST000580,Groceries,2,1483.28,2966.56,credit_card,2026-06-08T18:36:12.108678
caebc06e-361e-47ff-b0c9-9fcdca4d6ce0,CUST000191,Sports & Outdoors,3,1335.09,4005.27,wallet,2026-06-29T07:23:32.689411
0447504e-5b3e-4901-a3b1-018cc426f1f8,CUST000154,Electronics,1,1865.13,1865.13,debit_card,2026-06-20T14:30:27.325042
fd2bcecd-514b-4908-b7de-3c435edc3c0f,CUST000759,Books,3,1513.68,4541.04,upi,2026-06-15T13:40:59.816170
30ef6d24-640c-48b9-9ebc-6e09df2b6038,CUST000296,Home & Kitchen,5,1275.6,6378.0,cash_on_delivery,2026-05-18T05:10:41.861272
a6559ed6-9a54-4b62-8647-6ae1d1f98263,CUST000475,Books,5,615.81,3079.05,cash_on_delivery,2026-05-04T18:38:38.909919
72e33c19-b67b-4444-9c2d-99c4192731b1,CUST000634,Home & Kitchen,N/A,118.48,592.4,debit_card,2026-07-28T13:45:46.357055
e18544fd-ccf3-47c9-a39c-c2f870a04467,CUST000665,Toys,1,1906.32,1906.32,cash_on_delivery,2026-06-02T21:43:09.024804
3831a467-6c63-4d0d-b151-c81640addd5e,CUST000329,Sports & Outdoors,1,402.23,402.23,credit_card,2026-06-05T23:06:37.787562
85d6eed7-297d-419b-b9af-3df32b83c046,CUST000005,Electronics,1,523.08,523.08,credit_card,2026-04-10T07:49:29.716987
d5f4bade-14a5-41a1-b5a6-52de01d0bd83,CUST000138,Books,4,948.26,3793.04,debit_card,2026-03-21T18:54:58.835055
7b6c5533-5ce1-4f8c-9513-d3201ac027f6,CUST000708,Groceries,5,1326.32,6631.6,cash_on_delivery,2026-07-26T05:47:49.114359
d100f6f3-fbb1-4fbd-88b0-4f4eb06223b2,CUST000165,Beauty & Personal Care,4,1453.79,5815.16,upi,2026-06-20T14:43:43.743544
babcbfaf-07ae-4d86-ac4a-ba5e229029d5,CUST000786,Sports & Outdoors,1,640.03,640.03,debit_card,2026-05-18T02:51:35.906828
8a927580-f585-454f-a5d6-31529bbdfacf,CUST000459,Books,5,821.04,4105.2,cash_on_delivery,2026-05-28T02:57:56.116138
f05e1ee6-0c8e-4380-bb80-3dca1ef054a5,CUST000562,Beauty & Personal Care,5,1453.65,7268.25,wallet,2026-05-04T17:08:02.331988
f37c46fd-033f-4d78-a043-fa69322fe428,CUST000279,Books,1,1258.41,1258.41,cash_on_delivery,2026-02-24T15:16:39.861182
a18d910a-7773-44d7-887a-c4de912ba1d0,CUST000476,Toys,2,1779.26,3558.52,upi,2026-07-11T05:18:21.289096
2ac3891b-f701-47fa-8b6d-d30b694de7c9,CUST000485,Electronics,5,561.41,2807.05,cash_on_delivery,2026-04-20T16:22:52.320536
cb57d444-b734-4d9f-8d35-beb040d1e940,CUST000058,Sports & Outdoors,2,1561.44,3122.88,upi,2026-04-25T21:45:36.406336
e7eaf87b-6bb5-46d8-8c0d-99a4e9b38472,CUST000170,Beauty & Personal Care,4,1424.14,5696.56,wallet,2026-06-04T20:38:56.678664
f9d66a5d-0bcf-4d9a-b61b-f53e41a0bbb5,CUST000756,Home & Kitchen,5,1961.51,9807.55,credit_card,2026-07-22T00:39:08.510776
f2c8ffd4-0877-40bc-a993-75fc95e7a6c0,CUST000118,Beauty & Personal Care,1,458.66,458.66,wallet,2026-07-31T15:58:19.014708
b49befcc-88a0-452e-830b-4cc9d45a18e4,CUST000575,Sports & Outdoors,2,1399.76,2799.52,debit_card,2026-02-17T06:03:42.342971
4fca9973-ebbb-4acf-ae6b-69eeae37f7c5,CUST000464,Books,5,1548.44,7742.2,debit_card,2026-07-31T08:26:50.014557
1c5e09e8-be0e-4316-8253-70862dafaf8b,CUST000046,Home & Kitchen,3,835.42,2506.26,upi,2026-05-23T04:39:02.967432
7d2b2a33-9583-4833-82bf-3ff509d32086,CUST000075,Groceries,1,1080.31,1080.31,upi,2026-06-24T20:26:34.647774
8a932a68-85d9-4c7c-bb92-7fd9799a78fd,CUST000717,Electronics,2,1846.7,3693.4,cash_on_delivery,2026-07-05T05:42:22.962235
9b23c09f-2704-4853-aeea-b6d8e2b56ab2,CUST000099,Groceries,1,413.5,413.5,debit_card,2026-06-22T08:46:42.886727
a52ef0e1-58d9-4c44-875f-b31014a3eb50,CUST000171,Electronics,4,1852.83,7411.32,debit_card,2026-03-30T18:31:41.648836
a65d5b25-d962-470e-846f-e04302160b7c,CUST000514,Electronics,5,1663.62,8318.1,debit_card,2026-04-19T02:44:47.056384
a37ee180-f697-4118-a52d-291452817ead,CUST000006,Books,1,11.82,11.82,cash_on_delivery,2026-03-24T04:47:34.393248
340f1993-0cb6-4358-925c-4cf20bf94ac5,CUST000755,Groceries,2,258.81,517.62,cash_on_delivery,2026-04-16T07:32:43.161303
b36c6f16-4080-4b56-a640-b109be83d218,CUST000234,Toys,4,1315.42,5261.68,credit_card,2026-07-31T08:12:33.498153
35092177-eef0-4a97-bed2-1cf6e6edca75,CUST000672,Fashion,4,180.15,720.6,wallet,2026-04-29T07:18:32.541330
ff8ed585-a804-47a5-8c8a-c94b818b44dc,CUST000580,Home & Kitchen,5,33.16,165.8,cash_on_delivery,2026-07-21T17:58:51.241816
b85dfdf2-f6ec-4f8b-a7be-668f869d4df4,CUST000590,Groceries,1,1166.55,1166.55,debit_card,2026-06-14T14:23:56.476347
9fc250a4-9a00-409e-97b4-e19c184e8ada,CUST000516,Books,5,45.21,226.05,wallet,2026-05-06T06:33:39.542685
3f088969-d712-4bca-93eb-617db8299a2d,CUST000178,Books,3,747.36,2242.08,upi,2026-02-26T10:23:37.421151
344a328b-8ccd-496d-8011-7775ed51f93d,CUST000748,Groceries,3,1397.33,4191.99,wallet,2026-06-26T12:35:24.932122
8701db69-af1f-4daa-9005-31c8b4324310,CUST000314,Electronics,4,617.94,2471.76,cash_on_delivery,2026-03-14T05:17:03.052185
0877d1dd-9122-44ef-8252-1a01bd7fd539,CUST000778,Toys,2,1865.14,3730.28,wallet,2026-06-11T02:07:06.570151
4c4094b7-c8f7-4fdc-a350-dbd4d17514be,CUST000535,Home & Kitchen,4,242.84,971.36,cash_on_delivery,2026-05-19T08:51:36.632037
212660cf-73f8-40cc-8653-3895ca88714d,CUST000011,Beauty & Personal Care,1,423.32,423.32,upi,2026-06-01T18:30:53.581157
be4e431c-1e30-4c0d-80e2-5db33006aa46,CUST000151,Groceries,2,1689.75,3379.5,debit_card,2026-04-03T00:44:32.997411
99a70523-99f7-4424-96d1-30a854f40cac,CUST000132,Groceries,5,1355.31,6776.55,cash_on_delivery,2026-06-01T19:53:32.538351
541cc8b2-0e9e-46d8-9d9c-7a0ba4498211,CUST000016,Electronics,2,595.09,1190.18,debit_card,2026-08-03T03:38:22.633116
3ff0f184-ed4f-4a6c-8010-eda7d4d47cda,CUST000181,Electronics,3,253.9,761.7,debit_card,2026-02-13T00:19:02.111875
c5dcca5a-8b36-48fe-bf64-6b446c46dfcf,CUST000731,Sports & Outdoors,5,1129.47,5647.35,wallet,2026-03-15T13:49:33.469523
aff1f8b9-f573-430a-a347-4ce956b34188,CUST000113,Fashion,4,510.4,2041.6,credit_card,2026-03-15T04:31:06.010490
02c15e8f-d1ba-4002-a256-536f97d53985,CUST000637,Sports & Outdoors,4,899.41,3597.64,credit_card,2026-05-29T23:32:55.408544
bdf5f677-d10d-4d8f-bea5-832a5cf0ac28,CUST000007,Sports & Outdoors,5,1896.66,9483.3,upi,2026-06-27T17:46:51.186204
81b24332-e13e-4418-a080-b7e0f56fd367,CUST000460,Groceries,1,286.05,286.05,upi,2026-06-01T13:32:14.095407
436e358b-3629-482a-98df-8f91cf1c065d,CUST000338,Beauty & Personal Care,5,1933.48,9667.4,cash_on_delivery,2026-05-29T19:01:18.309034
6dca7370-aa1b-488e-96af-ff9d3108ffaa,CUST000492,Fashion,2,1530.36,3060.72,cash_on_delivery,2026-03-08T10:38:19.981350
66ec9c4f-e92a-49e9-940a-6632af60779f,CUST000106,Electronics,1,64.83,64.83,cash_on_delivery,2026-03-20T13:45:58.122039
93c1f11a-edaf-459c-8224-72a2ac06e4d1,CUST000058,Books,5,370.17,1850.85,upi,2026-05-24T00:04:57.228719
ad4a0783-cfb5-4bdc-90e1-f5c608e37c13,CUST000473,Toys,2,425.22,850.44,cash_on_delivery,2026-06-01T16:49:22.582640
6b1a9a2f-f696-47ae-9529-e01f342e3906,CUST000433,Home & Kitchen,4,1976.62,7906.48,debit_card,2026-06-30T05:31:52.531175
7f6c99ef-2bad-4261-bcc5-b5aac930cd12,CUST000680,Electronics,4,436.94,1747.76,upi,2026-04-02T07:26:33.816827
5d1f2027-d9af-47f6-95df-c2966b016e37,CUST000580,Sports & Outdoors,1,751.05,751.05,cash_on_delivery,2026-05-31T07:16:42.066809
ce3972dc-8037-4b15-8aeb-676ee61cc501,CUST000336,Electronics,4,403.43,1613.72,credit_card,2026-08-04T07:55:43.625627
066b4943-595f-4747-bb84-b22d95033d8b,CUST000676,Fashion,3,913.41,2740.23,wallet,2026-05-16T15:00:17.455932
33453ea5-9365-4d0e-a66b-6da63f4057fa,CUST000689,Home & Kitchen,4,287.29,1149.16,wallet,2026-03-02T03:09:53.040062
ceb376fa-98a4-4e56-ab54-105c65e01800,CUST000789,Sports & Outdoors,4,1021.67,4086.68,upi,2026-06-19T04:59:38.637810
4459f880-7a4c-4735-8f3a-c5901d34613a,CUST000645,Fashion,4,1667.62,6670.48,cash_on_delivery,2026-03-15T23:14:56.064633
f29f10e8-2c3d-4fc5-af7a-3827652774b6,CUST000437,Books,5,1553.55,7767.75,cash_on_delivery,2026-06-07T18:46:36.514299
20b5a78e-a35f-4503-8169-d5c19a008fe9,CUST000303,Beauty & Personal Care,1,931.23,931.23,debit_card,2026-08-05T19:48:25.390428
9733d09c-1232-4e7f-8f39-1de9037fca3c,CUST000629,Groceries,2,442.16,884.32,cash_on_delivery,2026-03-19T02:06:21.120596
2b11cca1-5d13-43da-8b5c-9f63de4ee519,CUST000325,Toys,1,1108.48,1108.48,cash_on_delivery,2026-03-04T01:14:16.113831
8e67c333-abd9-4a90-9d82-5f53e627d0a1,CUST000068,Books,2,786.8,1573.6,wallet,2026-02-26T10:11:57.152195
3192e099-2d92-4403-b23c-0694a9a11579,CUST000672,Fashion,1,1166.33,1166.33,wallet,2026-04-26T00:54:46.719489
7734a278-4fff-4d2b-9522-841eea22dd5f,CUST000739,Electronics,4,169.08,-676.32,credit_card,2026-05-13T17:54:52.604297
e8f52345-5d65-42dc-9c1b-4545e324fe40,CUST000502,Electronics,3,985.02,2955.06,wallet,2026-07-29T20:28:11.616613
44e14b77-7d41-4f1b-ba8f-0def48784ddd,CUST000248,Groceries,1,1656.5,1656.5,debit_card,2026-06-13T18:20:05.299366
ad077758-11d3-4c93-a3ec-59cee1f85d7a,CUST000783,Books,3,871.43,2614.29,debit_card,2026-02-24T14:24:40.072809
7c21d485-02c4-4cc2-8a29-d43a9ba40f5b,CUST000760,Books,3,479.0,1437.0,credit_card,2026-06-05T18:31:41.549605
4190db16-ea15-49c7-9b72-e2818f2a3dd3,CUST000706,Home & Kitchen,2,95.72,191.44,wallet,2026-04-02T02:19:43.622816
f0317b67-7938-41ac-b91e-2eeb3ab78d23,CUST000011,Beauty & Personal Care,5,73.0,365.0,cash_on_delivery,2026-06-22T07:40:47.863025
2643e69d-09e7-4a90-841c-046d6963d75d,CUST000747,Beauty & Personal Care,1,932.55,932.55,wallet,2026-06-01T19:14:31.053741
99b10afe-85ae-42a3-965a-ece7d4899286,CUST000672,Sports & Outdoors,2,288.19,576.38,cash_on_delivery,2026-08-03T01:07:33.072075
7046464d-eb72-43a3-a921-f1baa5e31275,CUST000047,Home & Kitchen,4,1545.43,6181.72,cash_on_delivery,2026-05-03T14:01:14.863494
d4424a22-57b7-4713-8cec-70ad8330cdd7,CUST000460,Beauty & Personal Care,1,1755.43,1755.43,wallet,2026-02-19T16:10:11.251351
dbea7cf0-a359-4ea0-aa0b-b9f6fc64c1a9,CUST000344,Home & Kitchen,2,507.6,1015.2,upi,2026-07-11T00:05:05.460083
5719418b-f04b-4e96-bcf3-613fe07c03f6,CUST000457,Home & Kitchen,1,1407.47,1407.47,cash_on_delivery,2026-07-24T14:27:01.983584
966db95d-b0b4-4ac6-a141-14f7c294baec,CUST000284,Sports & Outdoors,1,425.17,425.17,debit_card,2026-02-22T00:50:47.006272
7c67cbbc-bf5b-4765-be78-6d3afeed8e64,CUST000108,Books,1,1986.76,1986.76,debit_card,2026-04-15T02:29:58.773209
dc2b62b0-5b6e-48de-b532-4f6b24687780,CUST000784,Groceries,1,1820.62,1820.62,upi,2026-05-02T12:54:47.487170
d6dbb845-433a-454d-8fcc-0736d0ef6c60,CUST000629,Books,3,1263.57,3790.71,cash_on_delivery,2026-02-14T11:22:15.145972
8f95fae0-9cd8-4576-9fa9-dcd5f0b094f5,CUST000268,Fashion,4,1063.23,4252.92,credit_card,2026-04-09T05:54:26.963290
ca1a36c2-ec8b-4ff7-a024-ddb627b5de18,CUST000034,Sports & Outdoors,1,1004.09,1004.09,cash_on_delivery,2026-08-03T10:42:14.047937
61f070f4-beb1-4549-81a3-83f832b77aed,CUST000525,Home & Kitchen,5,811.96,4059.8,credit_card,2026-03-12T08:20:10.282401
a5fe16f5-f2f9-45e3-a7d3-72a2ea729097,CUST000230,Fashion,2,154.87,309.74,wallet,2026-04-30T16:20:37.637898
e8265bb4-addc-4b14-808f-bed405eca19d,CUST000119,Groceries,4,922.23,3688.92,cash_on_delivery,2026-02-14T21:15:17.056568
566aff25-e848-451b-bf87-bc94bee48388,CUST000277,Home & Kitchen,1,1941.02,1941.02,cash_on_delivery,2026-02-23T22:04:40.131290
5a649391-fec7-45cd-a03b-801d5d7e8a9b,CUST000386,Books,5,165.1,825.5,debit_card,2026-03-31T23:31:42.658283
a3c70b40-b045-45d5-9064-fbc3d09cb6ed,CUST000234,Beauty & Personal Care,3,5.19,15.57,upi,2026-05-19T13:49:19.214888
4a41c839-681f-4aee-b6ca-d7af009c8004,CUST000756,Books,4,1701.92,6807.68,credit_card,2026-04-14T07:31:15.931763
e9ddf8a1-45f3-47bc-9ec3-3112594634e0,CUST000200,Electronics,4,171.76,687.04,credit_card,2026-04-15T03:48:27.544535
fa4c5919-bc55-4e92-85f2-74e8fe9f2ab8,CUST000707,Sports & Outdoors,4,822.42,3289.68,upi,2026-05-08T14:00:21.861381
2e71ddd9-c0f0-4294-8b3c-6c1a818f5bed,CUST000352,Toys,3,39.71,119.13,credit_card,2026-03-14T00:31:35.832588
2a2ee735-984c-4a55-a925-f4d53ab1e5d7,CUST000499,Sports & Outdoors,1,1166.0,1166.0,cash_on_delivery,2026-06-01T09:33:46.584249
c184a511-800e-4ab8-a4d0-744020b07b40,CUST000630,Toys,N/A,395.35,1186.05,upi,2026-06-21T06:33:29.462429
dc3d5800-27bb-4471-9a11-d76b280c9947,CUST000319,Books,1,1136.61,1136.61,upi,2026-08-04T04:30:50.138676
c80af83f-a91d-48e1-a630-d1ffb662719f,CUST000544,Books,1,1741.28,1741.28,debit_card,2026-06-18T15:57:23.612489
6d78d1bf-d0b6-4d3b-9ed8-5babd46c09a5,CUST000700,Electronics,3,447.56,1342.68,credit_card,2026-06-18T13:05:18.191709
63e3bc02-f3fb-47aa-b250-dce4f9b30ea9,CUST000277,Books,1,1036.36,1036.36,debit_card,2026-05-07T02:15:05.313202
c22f03fd-b6a5-4adc-bb64-103a9ab862d3,CUST000600,Groceries,2,150.13,300.26,debit_card,2026-03-09T10:38:46.855039
55dc676d-8696-460e-8c8e-a53456cb9ee5,CUST000638,Fashion,4,911.52,3646.08,wallet,2026-04-05T18:09:45.052988
68d59f7f-afd6-4c61-8258-5fc43f26b7bb,CUST000292,Home & Kitchen,2,934.3,1868.6,credit_card,2026-04-05T18:05:21.918942
a5c35ba0-2c0b-412b-91fc-64b9d03c8049,CUST000654,Electronics,2,290.61,581.22,credit_card,2026-04-09T20:53:39.896688
f504c78d-4074-421d-8edc-1ab461fb40af,CUST000726,Groceries,3,225.78,677.34,credit_card,2026-02-14T09:58:11.030037
d2bff56e-67c2-4215-98db-f54f61643233,CUST000285,Beauty & Personal Care,3,280.91,842.73,cash_on_delivery,2026-03-20T13:44:46.332689
aafc825d-9284-4134-a09d-4aed648aa591,CUST000548,Books,3,37.61,112.83,wallet,2026-06-23T13:38:07.885776
3a1f9e86-f04e-445e-947b-adfa4791e8dd,CUST000032,Electronics,2,931.97,1863.94,debit_card,2026-04-18T09:19:08.044230
dd757aa2-d88c-4fb6-b2a7-21bc428ca64b,CUST000459,Sports & Outdoors,3,708.12,2124.36,cash_on_delivery,2026-08-06T02:01:28.355550
cb36f109-77df-4d3f-bbb8-6722cf889604,CUST000147,Books,1,440.68,440.68,cash_on_delivery,2026-07-04T09:14:03.223080
35ca0920-9b69-4962-b599-f0d7424adb29,CUST000553,Groceries,5,65.64,328.2,upi,2026-02-25T14:32:39.042673
eb0e765c-5191-4bf7-bfdc-c75f68954fc1,CUST000792,Books,3,1413.96,-4241.88,upi,2026-02-11T04:43:24.932082
badbc921-2896-46bb-b361-b86d0f1d6618,CUST000222,Groceries,5,731.14,3655.7,upi,2026-07-22T12:12:11.115016
f3d5a9db-4f9c-4f46-90a8-06b88f0de0f8,CUST000276,Electronics,1,601.15,601.15,cash_on_delivery,2026-07-12T04:44:33.414616
c5a30a26-dcba-46e6-be75-8491e243567b,CUST000708,Sports & Outdoors,1,518.39,518.39,upi,2026-02-15T15:30:37.322119
eff3c2ed-3778-4f79-a6b6-cc41462e95b6,CUST000544,Books,3,872.28,2616.84,cash_on_delivery,2026-03-03T18:47:47.001894
36381dce-64f6-44a3-b583-cc8a21f7c034,CUST000489,Toys,2,432.17,864.34,cash_on_delivery,2026-04-23T14:36:47.260363
f20b10db-e5f5-47f1-978a-881163762a62,CUST000326,Beauty & Personal Care,2,1139.51,2279.02,credit_card,2026-07-22T00:39:37.800223
4522d30a-88db-4689-9acd-e115b60d6af8,CUST000682,Home & Kitchen,1,1779.52,1779.52,credit_card,2026-05-30T15:52:25.783859
98ed7ddb-a1e3-412a-b84e-561390799f21,CUST000551,Books,5,1608.79,8043.95,wallet,2026-02-27T00:48:32.092374
e4d9b554-5b3f-4edc-b2a3-bc8153ef9beb,CUST000335,Groceries,2,1208.23,2416.46,wallet,2026-07-20T14:32:59.440842
2c1c7664-ad61-434b-9edc-364d1dfe99a8,CUST000520,Toys,1,422.43,422.43,cash_on_delivery,2026-04-02T04:04:40.612555
f2b8468c-c113-4271-abbd-e0a872309286,CUST000569,Toys,5,1526.12,7630.6,credit_card,2026-06-24T03:24:07.976122
da265b7a-5914-4077-bfab-09440bfee5e3,CUST000523,Books,2,839.39,1678.78,wallet,2026-05-05T15:37:55.920507
b4f0667c-98c0-4db3-9713-47bf29ad773b,CUST000540,Books,4,1779.35,7117.4,wallet,2026-07-09T23:25:37.331172
4cff6807-7735-4ca2-886f-833b1b1a13ae,CUST000676,Fashion,3,908.68,2726.04,cash_on_delivery,2026-07-01T01:14:35.930671
ed350e77-172e-4d0e-b0b0-4d2cc90d7dd9,CUST000435,Fashion,5,1770.17,8850.85,credit_card,2026-04-10T03:14:08.980648
19bad8d0-3109-4adc-b9a7-abaf8a90f869,CUST000370,Groceries,5,1970.51,9852.55,cash_on_delivery,2026-06-06T06:06:00.050059
d1138661-e0bb-44ba-b251-7a4af2136397,CUST000166,Fashion,1,648.99,648.99,credit_card,2026-05-22T10:31:05.238771
996f2f0a-c4fe-434c-ad56-52e94bd7adff,CUST000790,Fashion,1,693.21,693.21,cash_on_delivery,2026-03-25T09:55:59.138029
a6d1f269-f75e-496a-bcda-d628e35434c4,CUST000001,Fashion,1,1688.46,1688.46,credit_card,2026-06-16T18:34:15.682828
341f1535-12dc-40a9-98bc-3951c7f01fb3,CUST000102,Books,1,771.06,771.06,credit_card,2026-07-06T06:34:15.807947
fd3848c2-e425-4d2d-a88c-c43c94c07d0e,CUST000414,Beauty & Personal Care,2,1330.55,2661.1,debit_card,2026-05-10T02:25:30.325950
138b0638-1b51-44c4-bc6d-6ba8e2a66b89,CUST000284,Groceries,4,1442.96,5771.84,credit_card,2026-04-23T06:28:10.911487
b1965420-40eb-4b94-a6c0-5df0ed074e28,CUST000350,Groceries,1,350.31,350.31,wallet,2026-05-21T13:27:44.413543
9f6ece50-61b2-4703-8306-aa0faf3243d8,CUST000565,Beauty & Personal Care,2,187.26,374.52,credit_card,2026-08-02T01:25:10.984543
80444a49-f9ec-4412-90a3-3a1f458c0473,CUST000496,Fashion,4,394.28,1577.12,wallet,2026-05-21T00:51:49.155009
3d013be0-28cc-41a2-b513-aa7d596b9d9a,CUST000391,Groceries,2,1355.44,2710.88,upi,2026-07-20T19:53:28.950128
0838e441-8947-45c9-9238-c7a8fa61fde8,CUST000639,Home & Kitchen,2,915.3,1830.6,cash_on_delivery,2026-02-15T06:20:59.090696
6697c3ab-3afc-4a87-8367-3802110b3188,CUST000326,Electronics,2,1435.02,2870.04,cash_on_delivery,2026-07-14T02:05:06.163937
f2a19a05-510b-49b4-bd69-f80937082ce2,CUST000463,Fashion,2,1204.83,2409.66,cash_on_delivery,2026-06-28T07:33:41.226981
03c5fa79-96f9-4b5c-9c3d-49eefd74c5da,CUST000183,Books,3,1211.14,3633.42,debit_card,2026-07-18T06:24:40.729298
158e654e-9093-4411-a866-ae3346143abf,CUST000647,Sports & Outdoors,5,1477.76,7388.8,wallet,2026-08-07T13:19:59.833426
53d2aa6b-ee92-45a8-8c7b-73209622b50d,CUST000541,Books,4,1445.46,5781.84,wallet,2026-05-25T20:43:02.725868
bbf3c905-736e-462f-9e0d-7e3c673243e9,CUST000163,Home & Kitchen,5,1985.02,9925.1,debit_card,2026-02-22T04:21:04.796790
d92ee27e-301e-4e85-aa03-4570d75239c7,CUST000739,Books,3,1833.0,5499.0,wallet,2026-03-02T13:07:46.224603
be2570e3-0626-4173-8059-a375c8fc0193,CUST000139,Fashion,4,92.82,371.28,debit_card,2026-03-04T18:53:02.796731
235207a8-ee57-48b4-b072-b6371017d0c4,CUST000251,Beauty & Personal Care,4,1076.48,4305.92,upi,2026-04-07T05:13:24.019099
1d2bb045-0011-4755-9a40-31cdf6be82a4,CUST000327,Groceries,4,398.26,1593.04,cash_on_delivery,2026-06-03T01:12:40.007898
df8e530d-61d3-4c5a-9762-622e2cde599a,CUST000369,Books,4,942.0,3768.0,credit_card,2026-02-20T19:34:46.052208
5eb5968b-4396-4d6f-9c90-3a5379d66aa9,CUST000448,Beauty & Personal Care,5,866.83,4334.15,credit_card,2026-06-21T11:32:55.876382
f54a9d0b-5e0f-4d7a-91eb-5d315a66a645,CUST000229,Fashion,1,133.14,133.14,debit_card,2026-03-31T06:23:40.969300
3ed145ba-a938-4789-9b7f-ae8dd32c5cfa,CUST000094,Sports & Outdoors,3,1417.63,4252.89,cash_on_delivery,2026-06-13T14:20:08.224839
0bee7d6b-8c08-4a00-abdd-a77b45c9799b,CUST000433,Electronics,1,500.43,500.43,wallet,2026-04-19T21:51:07.649905
e598b39f-8a47-4c41-a055-ed6a068c00ee,CUST000028,Electronics,4,1933.7,7734.8,debit_card,2026-03-30T09:15:19.854044
223cb11b-9160-4c4f-843d-6e0e2cc6036e,CUST000374,Sports & Outdoors,1,398.16,398.16,upi,2026-04-25T17:52:03.716585
97414b6b-1569-4c13-a3a1-58b7a61fa849,CUST000739,Home & Kitchen,5,363.64,1818.2,wallet,2026-07-12T23:03:26.964691
8727f9b5-a05d-40d9-ad03-c185e814389a,CUST000509,Books,3,873.28,2619.84,debit_card,2026-06-04T14:18:48.621578
7c7b7b2a-1c46-4bf9-aa87-351b413fd281,CUST000378,Toys,4,176.05,704.2,debit_card,2026-03-11T05:43:17.624878
84454594-deef-4d7a-bd31-43c6b208df06,CUST000616,Groceries,2,1177.27,2354.54,debit_card,2026-03-12T21:46:04.236481
c70d0eb7-772f-4ca4-906d-37aed550b3c7,CUST000311,Sports & Outdoors,3,907.97,2723.91,wallet,2026-07-25T01:46:18.311473
33b8d404-6df2-4bb9-aa0b-a83e0ba6c0cb,CUST000005,Sports & Outdoors,2,935.33,1870.66,credit_card,2026-07-29T05:59:54.418646
592d68e5-86d6-4a38-92ed-2d3ed2e843a3,CUST000612,Sports & Outdoors,3,831.16,2493.48,debit_card,2026-07-21T15:30:32.560103
3bbf9de2-5d8b-4f18-bb26-1c21bec3a167,CUST000019,Groceries,2,452.52,905.04,debit_card,2026-03-31T14:31:34.092513
30b99735-b4ca-4120-91cc-f67f1f6a1b66,CUST000297,Groceries,3,1606.61,4819.83,wallet,2026-08-03T04:07:57.253251
e938885e-a9d3-47e5-bdb4-120226537623,CUST000644,Groceries,5,307.46,1537.3,cash_on_delivery,2026-04-08T18:23:40.661472
310286a6-f488-4f67-8796-5333e9a0a7f1,CUST000615,Beauty & Personal Care,2,987.75,1975.5,upi,2026-06-10T04:50:15.777599
53b2c339-ce7e-41d2-a478-589459f417a2,CUST000169,Toys,3,92.17,276.51,debit_card,2026-03-10T16:35:45.329631
b20005e3-8835-46ce-a666-af977999aff4,CUST000574,Electronics,2,1212.12,2424.24,cash_on_delivery,2026-05-23T11:39:23.327372
67231ca3-3180-4845-ae03-7e3ef7d3ab93,CUST000540,Electronics,3,1226.07,3678.21,credit_card,2026-06-09T00:56:21.541455
a007a6b5-5e34-4036-b0cb-1cf89abcc1d8,CUST000670,Home & Kitchen,2,680.07,1360.14,upi,2026-04-07T03:40:43.434732
79a760e6-963a-474d-bf3f-13e6b88b8ae5,CUST000546,Electronics,3,534.12,1602.36,credit_card,2026-04-18T08:37:31.739636
adc08797-64ca-4f5d-b028-31f0e82e2ba2,CUST000600,Electronics,2,583.79,1167.58,cash_on_delivery,2026-07-16T22:43:33.364284
7b372a24-21e4-4634-ad5f-42b167da847e,CUST000673,Fashion,5,1070.13,5350.65,cash_on_delivery,2026-04-04T22:27:48.455320
0556d786-f113-43ae-ba46-a21aed8e63f9,CUST000144,Books,3,340.26,1020.78,wallet,2026-03-27T11:35:26.027476
f12b6c35-8990-44a0-8504-0d65e651cb76,CUST000656,Home & Kitchen,4,1134.88,4539.52,upi,2026-07-28T14:31:25.266922
cae5c37b-0b25-495f-91a1-5394b93a805e,CUST000186,Books,5,1640.95,8204.75,debit_card,2026-02-18T07:41:33.880557
1ca7089f-9c72-4644-bd0a-3de1ca6c3041,CUST000138,Books,3,1110.8,3332.4,upi,2026-03-09T22:35:44.471434
4b65433e-8177-4161-b3a7-2551bf7f06aa,,Toys,2,363.21,726.42,cash_on_delivery,2026-02-23T02:46:15.320191
cffad11c-69bd-48a0-b05e-02302a72866e,CUST000240,Sports & Outdoors,1,10.72,10.72,upi,2026-03-20T22:35:53.762260
8e50aab6-4f0f-4289-a39d-9b7ed0988222,CUST000248,Books,2,1514.18,3028.36,upi,2026-05-22T07:18:24.078100
12ae606a-1044-4adf-9552-9f94184b92bb,CUST000291,Electronics,2,776.2,1552.4,wallet,2026-05-04T12:58:45.249969
bc11461b-1deb-4a80-9334-82fe9bbdbb3b,CUST000405,,2,1664.93,3329.86,upi,2026-07-03T02:11:04.221561
ce5b7eba-ace7-4ca4-9f2f-099744b3cba8,CUST000005,Electronics,1,842.64,842.64,wallet,2026-02-26T12:24:23.682393
adafacb4-6c6e-491d-807b-8109f2bb25a9,CUST000790,Beauty & Personal Care,5,1838.63,9193.15,wallet,2026-06-28T04:57:02.450363
bef914df-89a1-4e9c-8cb5-625f0e990bca,CUST000641,Groceries,2,1634.61,3269.22,upi,2026-02-18T19:58:40.412901
43b42811-5312-48f8-9841-a32d7d1ae47a,CUST000179,Home & Kitchen,1,1409.61,1409.61,credit_card,2026-04-06T05:16:55.242850
bcbcbe65-566a-4f41-84d5-86a0ca7c19b4,CUST000112,Books,2,496.43,992.86,cash_on_delivery,2026-07-06T12:30:13.905453
8c7abebf-2d2c-4bfd-83db-11be0e4b0c51,CUST000473,Books,1,1855.94,1855.94,wallet,2026-06-24T23:36:18.440636
9624948e-eeb3-4bd2-8e55-d74fdc5e6bdb,CUST000333,Toys,5,1883.28,9416.4,cash_on_delivery,2026-02-15T05:57:41.508575
2dd3dbf4-acf0-4d69-b994-5ac047d79444,CUST000619,Electronics,3,1817.35,5452.05,cash_on_delivery,2026-03-13T20:33:05.882337
474cf8aa-8b67-4800-a47f-a26f01a6711c,CUST000191,Toys,4,929.69,3718.76,upi,2026-03-25T00:49:20.092853
fc9edb0c-2227-4c08-b870-109e69452afc,CUST000468,Groceries,1,1434.99,1434.99,cash_on_delivery,2026-04-12T02:36:52.952196
ca46b54a-97ed-4740-8489-576f9807de8b,CUST000068,Electronics,1,675.3,675.3,wallet,2026-04-15T11:46:12.526802
24f215ff-09bf-47c7-82b0-9fef04a1588c,CUST000166,Toys,2,1298.33,2596.66,credit_card,2026-07-10T06:29:24.629987
c6995b29-7b18-4764-82db-cfb35e7142a8,CUST000211,Books,2,995.2,1990.4,wallet,2026-04-19T11:22:23.660870
d4df443a-b29b-4d16-bad6-c1774e09a71d,CUST000721,Toys,1,1851.37,1851.37,wallet,2026-05-10T04:07:45.586423
cc3e15f0-6fe5-4071-b028-a2e15d8cae3b,CUST000041,Groceries,2,1524.14,3048.28,credit_card,2026-07-22T14:26:05.197848
82c562fd-e247-4e44-8af7-a6998facea25,CUST000526,Home & Kitchen,2,1896.68,3793.36,wallet,2026-05-05T13:44:20.899129
63a3b64d-e894-4bf6-bcd9-86a137f29cbd,CUST000018,Toys,2,743.17,1486.34,debit_card,2026-06-24T15:46:55.636542
6d5f32a7-643b-467c-8e00-f35abcd7b906,CUST000764,Books,5,45.5,227.5,credit_card,2026-08-04T08:24:24.616572
83cd9df4-e4f2-492e-8ece-9b295beb4ed8,CUST000554,Sports & Outdoors,1,1273.7,1273.7,upi,2026-03-16T23:18:57.942226
648d9a10-f531-4fe2-8b1b-7375549ea1b9,CUST000749,Fashion,2,235.54,471.08,credit_card,2026-06-25T20:46:01.273398
26b00996-82bc-4f66-b450-8503bd574126,CUST000765,Electronics,1,1660.02,1660.02,upi,2026-02-22T04:52:08.998633
f338afb4-e507-41ef-ad69-c11e39e829ec,CUST000345,Beauty & Personal Care,4,625.34,2501.36,credit_card,2026-05-12T03:05:34.935710
5ce3d25e-63ec-4a31-9d3d-a32e2b523fd8,CUST000637,Home & Kitchen,4,1216.55,4866.2,debit_card,2026-03-23T01:55:09.533361
44366f42-780a-40f0-9922-66579c14735b,CUST000495,Groceries,5,164.41,822.05,debit_card,2026-07-13T00:56:34.914284
302162c4-6954-44ec-b88e-ac1391ab1daa,CUST000509,Home & Kitchen,3,686.03,2058.09,debit_card,2026-04-19T00:41:17.993928
70c85c21-324c-46b5-ba3f-26e643a4ce18,CUST000078,Beauty & Personal Care,2,1877.05,3754.1,cash_on_delivery,2026-03-28T07:03:43.933818
f71d5d0b-bb2f-400e-9a1b-018907b0ca88,CUST000343,Electronics,5,1219.02,6095.1,cash_on_delivery,2026-02-19T21:59:15.524634
0863e9e1-dead-47a4-b434-a20165fc2a84,CUST000761,Fashion,3,1916.12,5748.36,credit_card,2026-04-24T18:48:14.633684
200f7253-212d-41e3-b5aa-c2e5edf956cc,CUST000135,Beauty & Personal Care,2,126.43,252.86,debit_card,2026-05-15T12:15:06.980583
17a5039e-9534-4f10-a5b4-0b952f1d1b28,CUST000621,Home & Kitchen,1,358.59,358.59,wallet,2026-02-21T21:38:37.157248
8573eeeb-d0a8-4103-870c-5852d6db7080,,Toys,3,800.5,2401.5,cash_on_delivery,2026-03-14T18:37:32.843555
c2ed42a2-c64c-4ac5-8ba8-7919e4a86368,CUST000198,Groceries,2,389.53,779.06,upi,2026-05-17T08:48:30.924781
d8297d75-2fd0-4375-bd43-5c8b6c221bbf,CUST000560,Sports & Outdoors,1,1405.68,1405.68,debit_card,2026-04-05T12:17:13.660217
26a44aac-a5c3-4a56-b242-dc2eef1c9b88,CUST000274,Books,5,1348.98,6744.9,credit_card,2026-05-02T01:35:19.947726
e0d8df88-6f73-4948-a390-a7e4223e8354,CUST000163,Fashion,1,597.22,-597.22,upi,2026-05-29T10:18:54.115550
91a38c5e-fcb9-46fb-94f7-675e185819c0,CUST000511,Groceries,3,1928.26,5784.78,cash_on_delivery,2026-02-12T02:26:25.568320
540ec60a-b089-4bad-9ed7-0c9af874c8a0,CUST000170,Toys,1,1047.56,1047.56,cash_on_delivery,2026-02-20T12:37:55.458086
c23fda1d-ffa1-4422-9b56-7574e8e9eb53,CUST000701,Books,2,1672.15,3344.3,wallet,2026-06-14T07:04:14.936547
d48e3fcf-c84a-4c10-b126-4495eb9dae1a,CUST000285,Sports & Outdoors,1,1542.15,1542.15,upi,2026-04-20T11:40:11.032177
28d586c2-eb14-4d88-bee2-3f175cc538c6,CUST000752,Toys,4,888.17,3552.68,debit_card,2026-02-12T07:50:59.343947
ca1600be-49fe-470c-9109-c430b469d589,CUST000344,Groceries,4,66.81,267.24,cash_on_delivery,2026-04-06T09:11:28.666681
0d9aabe5-bf8a-4b64-8156-6b33d3d491ee,CUST000522,Electronics,1,1946.29,1946.29,cash_on_delivery,2026-04-26T00:33:20.872075
8d7fadb8-54fd-46ad-9565-8a4b02891690,CUST000145,Toys,3,1890.97,5672.91,debit_card,2026-07-17T21:27:03.475648
3bd5fdd5-95a7-4edd-b110-7ed43c37b16f,CUST000143,Books,3,801.81,2405.43,credit_card,2026-05-20T15:20:22.377308
a56d295c-d2c3-4b83-bb5d-8eeae665dc0f,CUST000509,Groceries,4,950.6,3802.4,credit_card,2026-03-16T09:04:52.579413
c17978d7-9045-4446-a711-ba802018b884,CUST000022,Electronics,5,1108.73,5543.65,cash_on_delivery,2026-03-29T01:16:53.366617
4d7311b5-2fff-4da8-b021-1f8a9be66da0,CUST000316,Fashion,1,983.42,983.42,credit_card,2026-03-08T18:28:03.972906
7b0dd435-cab4-43fe-b598-cf1188cc42f4,CUST000536,Books,5,1455.11,7275.55,wallet,2026-07-21T20:43:50.931243
57aedcc6-1707-468b-9eea-df484b39760d,CUST000643,Fashion,5,60.5,302.5,credit_card,2026-05-21T00:59:40.022892
0a9bdc84-966d-45fd-8943-82d112b51234,CUST000563,Toys,3,126.65,379.95,cash_on_delivery,2026-04-03T17:59:31.592352
61bcc038-27e0-4a59-91e1-320183244a12,CUST000282,Sports & Outdoors,3,879.06,2637.18,credit_card,2026-05-14T09:02:52.533541
492e475b-b689-4be0-9872-a286104eee9a,CUST000397,Beauty & Personal Care,2,811.54,1623.08,debit_card,2026-07-21T05:55:48.809241
0637db33-8bea-4cbb-b402-471cf905e7b2,CUST000613,Sports & Outdoors,5,1164.23,5821.15,cash_on_delivery,2026-04-27T22:45:37.138803
ebd63b82-7b3c-4a5b-98de-0e43afb368c8,CUST000786,Groceries,1,1451.2,1451.2,wallet,2026-08-04T21:11:05.733068
4a9e1e1f-cfad-4040-ba41-3d52a6ee6a0c,CUST000427,Fashion,5,1321.67,6608.35,wallet,2026-05-18T02:34:35.284652
01aeb97c-18c5-4391-a5f7-0888725781ff,CUST000642,Sports & Outdoors,1,252.01,252.01,cash_on_delivery,2026-06-19T01:47:25.391527
32e0a2a9-6e40-4ec4-8888-5a8de880ca20,CUST000761,Electronics,4,607.8,2431.2,debit_card,2026-06-26T01:24:37.376292
718f4bfe-f413-46ac-993f-ef89f561fbf9,CUST000635,Fashion,2,115.94,231.88,debit_card,2026-03-08T15:45:16.128286
573c6ba3-c5e0-4696-a897-caaaaf4f0830,CUST000407,Electronics,5,729.93,3649.65,cash_on_delivery,2026-05-02T14:06:47.673211
64ce7e92-5401-42f1-bfd5-a67f0e386b84,CUST000450,Home & Kitchen,3,328.37,985.11,debit_card,2026-06-14T03:59:04.705493
0b857b4d-f7ea-4164-a14b-ff791bcd2618,CUST000682,Sports & Outdoors,4,425.04,1700.16,debit_card,2026-07-01T09:02:26.222228
c3846b47-b392-4268-99f1-3a77a53ebfca,CUST000425,Books,1,873.84,873.84,credit_card,2026-03-10T22:29:47.002875
cb1139c0-4651-4b39-8435-6e8821304e28,CUST000527,Books,4,536.9,2147.6,wallet,2026-05-17T14:41:08.960705
2f592055-b2af-4e3d-9a1f-8777d23e3e50,CUST000740,Groceries,2,495.78,991.56,wallet,2026-05-28T03:26:58.058280
0ac92471-eb0e-4b48-a6e0-dc179c9f0841,CUST000682,Home & Kitchen,1,1844.04,1844.04,cash_on_delivery,2026-06-05T09:10:32.043936
5ed2069f-83a4-42cd-aa21-aaaa2c4de794,CUST000710,Home & Kitchen,1,1566.38,1566.38,cash_on_delivery,2026-07-16T16:29:31.240605
211a61bd-cb3f-4578-90dd-706076ee11bc,CUST000617,Sports & Outdoors,2,867.81,1735.62,debit_card,2026-05-15T23:06:58.492356
86badba9-6cca-4704-bbcf-96fa362ef3fb,CUST000407,Books,2,318.02,636.04,wallet,2026-06-30T23:40:57.603172
48f1d652-c515-43dc-a85e-c3705319b89f,CUST000627,Sports & Outdoors,2,715.25,1430.5,debit_card,2026-06-28T12:52:16.404574
8e48749d-9bd7-4d38-9726-4dad049a999c,CUST000160,Sports & Outdoors,1,512.79,512.79,debit_card,2026-06-25T10:09:29.450763
dadf9872-12a9-4442-a13c-d044fab8f2db,CUST000238,Beauty & Personal Care,1,1958.62,1958.62,credit_card,2026-05-23T19:21:32.946146
7e46a688-74c3-41ae-8098-d685818588b8,CUST000084,Sports & Outdoors,1,1373.7,1373.7,cash_on_delivery,2026-03-06T16:22:28.723049
86725239-8e08-473f-994a-8b121771e314,CUST000726,Toys,3,1506.24,4518.72,upi,2026-03-04T06:50:28.472917
2611bab2-1f37-4859-95e5-6f4a2281276b,CUST000314,Groceries,2,1062.5,2125.0,cash_on_delivery,2026-03-02T19:13:29.375442
9285a11f-925e-4572-8d64-040e3f004038,CUST000357,Home & Kitchen,3,411.45,1234.35,debit_card,2026-06-26T17:50:08.506714
f5844331-6578-43d7-ba88-b5661d21b734,CUST000616,Groceries,2,1403.7,2807.4,credit_card,2026-03-09T16:13:47.900185
0dafe423-858c-48bc-8927-48512b74a77c,CUST000737,Sports & Outdoors,5,791.33,3956.65,wallet,2026-02-16T12:06:35.400856
15bfdaaf-a954-4327-bf1d-1cdb4bd17d0f,CUST000246,Electronics,5,1019.29,5096.45,wallet,2026-06-21T21:13:01.035627
9df66601-5dae-47e1-a864-acdc4cf59560,CUST000088,Beauty & Personal Care,4,1531.72,6126.88,cash_on_delivery,2026-08-02T03:01:49.069172
4270568a-77e7-420d-92f6-ccae396f6cc4,,Sports & Outdoors,1,1133.88,1133.88,wallet,2026-05-02T18:53:53.788652
36cc2dc1-f8ac-4824-ad0d-7dd8792d4991,CUST000585,Fashion,1,203.39,203.39,wallet,2026-04-08T21:53:49.331831
8886bee6-c96c-4136-9682-b36e90b9d2e2,CUST000762,Groceries,5,345.7,1728.5,debit_card,2026-04-29T02:16:58.012238
9b20a8d5-ed6b-4125-8e02-a683ccf3da14,CUST000250,Fashion,5,147.13,735.65,upi,2026-02-24T00:46:53.945251
43cc8ce3-65b6-4d06-8f39-55b4600ad889,CUST000610,Home & Kitchen,4,463.48,1853.92,debit_card,2026-04-03T11:27:52.673574
e4d31509-ce04-4e49-b17c-c1ab007708b7,CUST000565,Electronics,1,1251.91,1251.91,cash_on_delivery,2026-05-11T18:53:01.500810
85e1883c-1b54-4796-9432-aa432ede7011,CUST000280,Toys,5,1974.73,9873.65,debit_card,2026-04-27T11:40:27.380410
1a7673c5-0f41-48a3-9226-29795252aa4c,CUST000211,Home & Kitchen,1,206.29,206.29,cash_on_delivery,2026-03-16T10:16:59.367959
467df8a8-9382-4ae1-b409-9e5b5e82448f,CUST000665,Groceries,5,1797.55,8987.75,debit_card,2026-04-16T18:25:59.947097
081a805d-8e0a-491f-9881-402bc2ce5b8d,CUST000325,Electronics,2,800.19,1600.38,debit_card,2026-05-24T05:35:35.898982
cadedeb7-0631-4b0f-aacb-828416b4e543,,Books,4,1511.26,6045.04,wallet,2026-07-02T20:52:09.361037
e9919364-e58d-4607-a60c-1e4985e3f814,CUST000415,Sports & Outdoors,3,1635.39,4906.17,cash_on_delivery,2026-06-11T21:35:21.460560
52f07d58-f70e-4ff1-a735-32285e0b3f36,CUST000024,Toys,1,1252.79,1252.79,debit_card,2026-07-13T16:49:26.598101
62c66fc5-cca8-4422-a385-1cbc3f6052c6,CUST000455,Fashion,1,490.09,490.09,credit_card,2026-03-26T11:11:44.267745
a6abb6bf-5bb0-4a4c-a853-26f463f8a33a,CUST000768,Fashion,3,1967.15,5901.45,debit_card,2026-06-12T04:38:44.527643
9e0f5cc8-bfe6-40e0-be9e-86e9e8a75735,CUST000683,Sports & Outdoors,5,373.39,1866.95,cash_on_delivery,2026-07-10T15:23:38.843493
d01e1e98-73d5-46b6-a2e3-acb9fa1d89ff,CUST000578,Fashion,4,1284.96,5139.84,upi,2026-03-03T00:26:10.568163
94c173a0-e093-42b3-aee8-b2a4765c9806,CUST000491,Beauty & Personal Care,1,780.07,780.07,credit_card,2026-02-22T07:31:46.833602
9d2639b8-1191-4aee-9896-0fe2b76d4e99,CUST000582,Beauty & Personal Care,3,1455.66,4366.98,cash_on_delivery,2026-06-16T09:02:58.936635
90c727cf-4280-4b13-a31b-2372c4d62ff4,CUST000108,Home & Kitchen,4,1906.14,7624.56,wallet,2026-07-24T14:48:05.467017
01540857-423e-4260-bfc3-4f3dedf7ce5c,CUST000369,Books,1,1631.49,1631.49,upi,2026-06-11T15:13:46.639011
13438ded-4cef-42b6-b956-900edfae4734,CUST000229,Groceries,2,1628.2,3256.4,wallet,2026-04-25T19:49:38.818377
13284056-bb6c-49d1-bf01-dff138904d78,CUST000438,Sports & Outdoors,5,357.91,1789.55,debit_card,2026-05-24T03:53:49.603391
f1741b05-c9e5-4fdf-806b-325d96227f42,CUST000612,Books,1,519.32,519.32,credit_card,2026-07-25T21:10:11.672554
023fdced-cb5b-4f03-a33c-61ce06fd5e35,CUST000023,Electronics,3,1962.6,5887.8,debit_card,2026-06-27T07:03:37.714895
c56eb64a-6e19-4616-af4f-ab778470a15d,CUST000234,Toys,4,1580.16,6320.64,upi,2026-04-19T04:54:14.237766
cfeebd01-c150-415f-8c9c-b1f220a695df,CUST000300,Electronics,2,1830.38,3660.76,cash_on_delivery,2026-05-12T15:56:47.045895
5d8da54d-2030-4c57-8ba5-85d6cbad5fe6,CUST000030,Fashion,5,1495.02,7475.1,wallet,2026-08-08T05:32:03.526928
df312c3e-7af9-4cde-ac3e-719d270c0f13,CUST000732,Groceries,4,1870.13,7480.52,cash_on_delivery,2026-03-16T12:42:34.810623
47a84eb0-3c8c-4660-a2ae-5cfe3201c8cb,CUST000624,Sports & Outdoors,4,1906.82,7627.28,debit_card,2026-05-08T07:42:03.638016
79923e81-218c-4fc6-a488-af51dcd446d9,CUST000725,Beauty & Personal Care,2,1457.21,2914.42,cash_on_delivery,2026-04-06T02:20:34.566284
c7048bc0-e0e4-4725-96bf-136b97d8576f,CUST000755,Sports & Outdoors,3,924.49,2773.47,upi,2026-04-16T16:16:33.355104
3d41e9a5-d9ae-4e22-a34d-e6106b0923ae,CUST000490,Groceries,4,139.0,556.0,wallet,2026-05-23T11:47:05.952789
63557614-b102-48df-aa73-47928bdee31b,CUST000630,Books,5,1677.25,8386.25,debit_card,2026-05-04T02:19:10.725683
429972c2-a321-49b6-8356-811dc5f13ccb,CUST000162,Toys,3,770.71,2312.13,debit_card,2026-03-01T09:27:29.606017
d04d1b54-4f06-45a7-a2e2-2d0f3e19853b,CUST000148,Electronics,2,1342.16,2684.32,upi,2026-04-04T21:44:15.255102
ba68f6cb-f1b1-4cf5-ba37-24a5c2086def,CUST000101,Fashion,5,139.71,698.55,credit_card,2026-05-04T17:06:08.146012
66cc229c-211b-40f0-ae38-af432c34defb,CUST000256,Fashion,3,399.76,1199.28,cash_on_delivery,2026-03-06T14:49:46.739868
45ba290e-1ae1-4b21-96e9-e4aea0e7db63,CUST000594,Sports & Outdoors,4,1171.06,4684.24,credit_card,2026-07-18T15:48:30.823561
b45eb861-cdd5-4e01-aa8b-179b4e3639c8,CUST000618,Toys,4,1006.61,4026.44,upi,2026-05-19T10:47:45.472552
8a18cf73-1d85-4174-a153-3d7c954cfb66,CUST000653,Home & Kitchen,5,226.31,1131.55,credit_card,2026-02-27T01:43:33.157581
35e84764-9424-4a78-af4b-af1c4716aa86,CUST000189,Books,1,1626.67,1626.67,cash_on_delivery,2026-06-18T02:15:46.791067
b333de82-712e-477d-a891-0977ad03513b,CUST000783,Toys,5,1365.93,6829.65,credit_card,2026-07-26T05:27:16.416259
56cc9414-412f-47f8-be2d-ff2824f118ce,CUST000639,Electronics,2,1686.77,3373.54,cash_on_delivery,2026-06-28T16:13:58.096683
436052db-1db5-4056-b831-b31fd21a34c7,CUST000264,Beauty & Personal Care,4,522.78,2091.12,debit_card,2026-03-25T00:17:43.896390
c97aae88-3070-43e5-b337-1900cd90b84d,CUST000460,Books,1,1903.33,1903.33,upi,2026-05-07T00:42:18.814909
2cf7981b-0c3f-49d1-83c6-f584ba4bc766,CUST000095,Home & Kitchen,2,1899.53,3799.06,cash_on_delivery,2026-07-19T22:01:19.115791
4d73ec4d-b7c0-413c-92c6-8eb0244d36fc,CUST000425,Beauty & Personal Care,4,1792.71,7170.84,debit_card,2026-04-06T23:17:28.312811
ea820380-ba3d-44df-9f3c-1ece5bfb7633,CUST000091,Sports & Outdoors,5,1490.3,7451.5,credit_card,2026-02-24T10:19:04.860363
fbd39868-e23a-43b6-b467-bad719503e3c,CUST000418,Electronics,4,1851.24,7404.96,debit_card,2026-07-09T20:27:39.448150
e0ed16d3-8f68-40ca-bc43-07771f0ca50c,CUST000751,Home & Kitchen,1,1456.21,1456.21,wallet,2026-07-23T07:42:34.668050
bdde6f86-b046-495e-ab01-55c36911492b,CUST000278,Home & Kitchen,4,1626.93,6507.72,cash_on_delivery,2026-07-28T23:43:02.330374
9e454d6b-f6e7-4444-b3d0-d2c88e5ba9c6,CUST000410,Home & Kitchen,1,434.97,434.97,debit_card,2026-08-08T01:16:56.519295
73e0ca06-e901-4465-b529-9c2d4cb7c9b8,CUST000299,Books,4,1604.78,6419.12,upi,2026-03-17T15:08:47.746867
a086bb00-1112-486a-bcaa-1324b6db5d1f,CUST000015,Fashion,3,1304.41,3913.23,debit_card,2026-03-11T05:59:23.337255
d809b5b3-7118-41df-a817-38db2b3d0da8,CUST000651,Fashion,1,164.22,164.22,cash_on_delivery,2026-03-11T12:48:43.018412
2b78ab0e-4a8f-401c-b8a9-5fbc55a9fea6,CUST000654,Groceries,1,726.4,726.4,cash_on_delivery,2026-03-31T13:44:08.474448
f1bc48bf-b149-4298-8b3c-92c0238755ef,CUST000637,Electronics,1,1870.91,1870.91,upi,2026-03-25T19:11:52.272184
486a672a-2025-4394-ac0e-d5027a20ca15,CUST000455,Books,2,1458.85,2917.7,credit_card,2026-08-03T05:40:53.795033
8430098e-08ab-404e-a29e-621fe2511305,CUST000193,Home & Kitchen,2,48.96,97.92,wallet,2026-04-29T02:54:03.784839
4ffc7c1d-aca5-4dca-8858-8f4f010581d0,CUST000152,Fashion,4,643.91,2575.64,cash_on_delivery,2026-05-14T19:53:02.156317
d55372eb-d6f6-4e6e-be5a-6d02c333ee01,CUST000207,Home & Kitchen,5,1977.72,9888.6,wallet,2026-06-28T11:14:33.173765
23bbc451-7612-4e6c-b2e7-0d6402326c16,CUST000404,Home & Kitchen,4,31.54,126.16,cash_on_delivery,2026-06-25T11:45:14.943295
a023ccad-6af6-44a1-8fa5-f2dee851ca1b,CUST000771,Toys,2,1114.79,2229.58,credit_card,2026-03-15T11:45:39.342822
482fc02e-4425-426d-acb3-32c6095c1ed4,CUST000556,Electronics,2,1149.99,2299.98,cash_on_delivery,2026-05-07T06:00:14.515104
2d2d8868-ca33-4261-b8ca-a8b2f259394e,CUST000324,Sports & Outdoors,4,1992.89,7971.56,debit_card,2026-07-12T12:19:47.835045
914c1521-1d46-4ca7-bc4d-dd32ad2e051d,CUST000564,Sports & Outdoors,1,218.83,218.83,cash_on_delivery,2026-04-01T02:27:07.493904
b1264c46-287f-4475-b9ad-9c772048de35,CUST000610,Fashion,5,1435.81,7179.05,credit_card,2026-04-11T11:43:49.910777
f37e5e36-adf6-460b-9cd4-b615cd9d1a61,CUST000388,Home & Kitchen,4,441.65,1766.6,debit_card,2026-05-29T18:52:07.452768
bd77f491-4d40-4a96-9b32-36275a67c4f7,CUST000059,Beauty & Personal Care,5,841.51,4207.55,upi,2026-05-06T14:00:57.463316
10fa89ef-59b2-4aee-8e36-4ff7b0ae9123,CUST000781,Home & Kitchen,4,263.16,1052.64,cash_on_delivery,2026-03-09T04:00:34.648111
b488c33a-4bee-4c05-bb55-07fe65fc15c1,CUST000471,Books,2,1725.19,3450.38,debit_card,2026-07-10T06:10:58.511976
56214b73-6db7-4663-910f-e85fc9023570,CUST000535,Sports & Outdoors,5,1214.31,6071.55,debit_card,2026-04-04T19:32:50.500909
ab270b58-5b72-4d87-bb92-6de5f5c20d93,CUST000115,Groceries,1,858.31,858.31,credit_card,2026-07-12T07:57:05.364032
28417213-900d-4fa1-95af-0e802594e136,CUST000054,Electronics,1,409.26,409.26,debit_card,2026-05-13T03:48:31.846762
1d53c2a3-7e2f-45b8-89ab-6bd4470477c3,CUST000633,Books,5,320.77,1603.85,cash_on_delivery,2026-06-21T20:04:54.553843
2b5dbb77-ad5b-48e7-9091-bf74d5b93594,CUST000658,Home & Kitchen,1,1153.37,1153.37,debit_card,2026-04-16T02:04:13.759352
6c6140b9-8480-416b-9de1-c963db8eac7a,CUST000533,Home & Kitchen,4,1187.81,4751.24,cash_on_delivery,2026-03-23T16:25:39.571152
75959251-1ee2-4c59-9a16-4c124e370b1d,CUST000399,Home & Kitchen,4,643.48,2573.92,upi,2026-04-18T17:42:31.389227
cb4b7288-4c23-4f62-9070-c0bfda1b0ac0,CUST000162,Electronics,5,1490.73,7453.65,wallet,2026-07-24T01:36:52.533801
9da1e6d8-e7ed-4a53-908d-8abbf2113a77,CUST000615,Electronics,3,288.94,866.82,cash_on_delivery,2026-06-18T00:37:59.330522
298eb6fc-fb2d-45cf-8749-0d80a4bb37cb,CUST000231,Fashion,5,1083.94,5419.7,cash_on_delivery,2026-03-20T14:39:40.556017
7cb8d061-d6d3-4859-a575-0a36f504cd5c,CUST000388,Home & Kitchen,5,1518.09,7590.45,credit_card,2026-03-20T02:09:21.010850
3e6e883e-2ab5-4082-894a-8c101074f1d5,CUST000231,Books,4,584.73,2338.92,debit_card,2026-03-31T00:30:46.318878
e7569f37-5a82-43c7-99f0-4cf88b814a98,CUST000143,Electronics,5,390.22,1951.1,debit_card,2026-05-02T15:12:03.642405
fc9c30f6-2294-48ef-a810-202ae243d7d1,CUST000305,Electronics,2,909.03,1818.06,wallet,2026-06-28T21:08:52.730353
7356883f-cbb9-4191-a1b8-4e0b8435a31a,CUST000205,Groceries,3,1250.21,3750.63,upi,2026-06-22T09:40:04.324194
94e64a56-3848-4a59-bdf1-1bd1b9f64f75,CUST000179,Toys,2,1421.94,2843.88,debit_card,2026-03-03T20:27:07.354553
101fb6b6-5a21-4a1f-8e5c-75762e7b69ff,CUST000772,Electronics,1,1947.29,1947.29,debit_card,2026-03-23T06:33:22.815635
2bd0e6c9-9703-4da0-8a87-ea2a78cd4681,CUST000754,Sports & Outdoors,3,142.6,427.8,upi,2026-07-14T07:38:59.946832
8539e19e-3733-432e-b41b-b9d1114b7e05,CUST000591,Sports & Outdoors,2,1395.48,2790.96,credit_card,2026-05-26T03:48:13.136877
ad7a1124-3519-4dd1-b7ff-e245e7eb5844,CUST000054,Books,2,1413.3,2826.6,upi,2026-08-03T07:05:07.168384
9380902f-5db0-41fb-8bdf-0b995b5ac250,CUST000552,Groceries,N/A,1750.49,1750.49,upi,2026-08-06T22:25:20.420401
558276de-bbbe-4cb9-910c-51227a5ae8ba,CUST000161,Fashion,5,1588.42,7942.1,debit_card,2026-07-10T09:21:16.568261
fbc956d5-f7ae-43f8-9938-9fbdf2fde26c,CUST000488,Electronics,4,1868.28,7473.12,credit_card,2026-03-27T23:26:26.168850
7c874bf5-8a5c-4f14-8b2e-0c900441ccbc,CUST000192,Toys,2,213.55,427.1,wallet,2026-07-06T14:33:28.614723
1863b7cf-b35c-46cd-8bff-59a2ab598954,CUST000689,Electronics,4,89.95,359.8,debit_card,2026-05-26T05:59:38.089804
85854e3e-19c6-4cd4-9afa-711f6f4bc57c,CUST000378,Groceries,5,1745.31,8726.55,credit_card,2026-05-23T18:12:11.840523
b66b4a57-b8dd-4026-b97c-4993b316bea9,CUST000129,Toys,2,524.51,1049.02,debit_card,2026-05-18T10:35:35.892395
9a2a058a-c3d0-4b93-a5f8-3ba8752fe623,CUST000085,Books,1,804.55,804.55,credit_card,2026-06-16T11:10:01.966165
11bdd5f1-684c-4413-9469-1df70d287915,CUST000250,Books,4,671.03,2684.12,upi,2026-05-02T16:34:21.075222
b7411781-b1c6-4d55-871c-bebab927bb82,CUST000509,Fashion,2,1514.35,3028.7,upi,2026-07-06T04:29:44.739707
28c504f5-5c8f-4d60-a7d6-1bb9f157f453,CUST000147,Toys,2,1317.56,2635.12,credit_card,2026-03-12T21:34:07.496606
21492c19-b3ae-497a-9adf-19c8fd582ed8,CUST000381,Toys,2,1082.03,2164.06,wallet,2026-03-18T06:35:37.127095
1b116efd-2801-4f05-83ab-7804bfb8ca37,CUST000235,Books,2,1141.73,2283.46,cash_on_delivery,2026-02-21T03:01:10.616251
03669a23-56bc-4af7-bb8a-3057c85029cd,CUST000340,Home & Kitchen,4,538.68,2154.72,debit_card,2026-04-01T00:10:10.420072
2639b12b-8490-45ef-a059-d33f2d1fde15,CUST000444,Books,1,1566.31,1566.31,credit_card,2026-05-11T09:27:55.910781
daed6199-8a14-43c9-b3a0-a5bc4658900f,CUST000746,Beauty & Personal Care,4,172.52,690.08,credit_card,2026-06-27T02:07:04.563833
6e7323ef-35b7-441b-9d53-ac0c8eff65da,CUST000586,Electronics,2,604.88,1209.76,debit_card,2026-03-26T18:18:06.641644
7d8e3c33-9621-48bc-a068-c4cc88509420,CUST000525,Home & Kitchen,2,353.12,706.24,upi,2026-05-17T09:17:55.433200
657bccd4-08ea-4931-954b-08649a74bc44,CUST000149,Beauty & Personal Care,4,1913.55,7654.2,upi,2026-03-29T20:03:40.619362
883dbcdd-3c00-4e96-83b8-14fb41ab9287,CUST000395,Beauty & Personal Care,3,415.76,1247.28,wallet,2026-05-05T04:53:24.246317
449add89-48a9-410c-ab51-fdffe84e80fa,CUST000445,Electronics,4,1491.94,5967.76,debit_card,2026-04-11T01:24:49.011312
5a0f7931-e7e8-4cae-b099-dfd991740202,CUST000171,Books,3,555.54,1666.62,cash_on_delivery,2026-02-24T03:08:15.313274
524363ca-1d02-4633-9e0a-e6f2a4f8e307,CUST000060,Books,1,1477.9,1477.9,wallet,2026-05-24T15:22:52.780527
67a8812c-ebdd-4efc-8a64-69a73717f0ef,CUST000049,Beauty & Personal Care,3,154.71,464.13,wallet,2026-04-01T15:22:32.435891
d8f2c11f-e387-48e3-90d3-eac482ff03e5,CUST000642,Beauty & Personal Care,4,1670.32,6681.28,debit_card,2026-06-19T10:39:40.571115
112178c0-0e70-434c-bb44-2ea41d13fdd5,CUST000033,Groceries,1,956.53,956.53,upi,2026-05-17T05:33:03.207683
e5361984-38dd-4ef8-8e3d-7694a1171fab,CUST000284,Toys,2,345.1,690.2,wallet,2026-02-17T04:00:12.302457
ca6ac407-0d86-4301-901f-b20145be4a8f,CUST000735,Groceries,2,583.92,1167.84,upi,2026-03-09T13:25:12.041502
59dece3c-5818-4787-84ea-7233139db07f,CUST000570,Beauty & Personal Care,4,691.56,2766.24,credit_card,2026-05-28T07:14:05.085119
1e999f59-a740-440b-963d-f2a97bbe4c60,CUST000043,Groceries,5,220.1,1100.5,wallet,2026-05-10T07:29:18.886134
37ce900a-0006-4cfe-8896-c0df1ae25ce7,CUST000413,Electronics,4,627.22,2508.88,credit_card,2026-04-05T17:33:00.775735
b713990a-623e-4972-b042-6c1dab5dc2b2,CUST000397,Groceries,2,173.86,347.72,wallet,2026-06-26T16:46:59.325808
256d8b08-f5b6-4e83-a1c2-9fd9c2599404,CUST000186,Books,4,708.45,2833.8,cash_on_delivery,2026-03-09T08:12:23.915179
fa75124c-94fa-41b6-81bb-3344d4f8f247,CUST000460,Electronics,1,1659.65,1659.65,debit_card,2026-04-24T12:08:09.114513
244a92a3-be3a-4343-8dd9-269faa791554,CUST000061,Beauty & Personal Care,4,277.32,1109.28,cash_on_delivery,2026-02-26T06:07:31.840582
b5e27ede-6ce9-4cec-af4a-c124b413d6c4,CUST000031,Electronics,4,681.23,2724.92,wallet,2026-08-03T22:53:19.563469
bc5843f2-f042-44d2-a62b-56219c6ed78e,CUST000471,Home & Kitchen,2,1755.01,3510.02,upi,2026-05-27T21:04:43.023133
3568ecac-9889-48a3-8e80-4aaf639f857d,CUST000653,Home & Kitchen,1,1058.93,1058.93,upi,2026-07-06T02:58:54.537997
d062ce47-a195-4276-8a7d-b5e70087e37a,CUST000169,Toys,2,6.68,13.36,debit_card,2026-04-04T18:03:44.926099
32eca474-7bc0-45b4-abd2-22d35cd3a623,CUST000064,Home & Kitchen,4,60.61,242.44,credit_card,2026-02-20T06:46:35.262602
f398907d-8e3a-42ec-afa2-fe50d574b368,CUST000276,Groceries,1,675.1,675.1,wallet,2026-07-26T11:59:53.414724
a85eb381-7062-4ddd-84c4-b18acf4de9d5,CUST000571,Groceries,1,1421.43,1421.43,cash_on_delivery,2026-07-20T13:38:18.769244
4d074ba1-7eed-4f3c-9537-49a35af0ad63,CUST000198,Electronics,3,1764.38,5293.14,upi,2026-04-16T19:50:06.122006
2272657e-3413-4fd8-aa63-c2cb7c3a8833,CUST000663,Beauty & Personal Care,2,46.99,93.98,debit_card,2026-03-10T00:07:02.248635
001900fc-375f-4bb5-81fa-456150a3605f,CUST000223,Sports & Outdoors,5,25.6,128.0,upi,2026-02-24T15:38:42.563434
5410ba51-d17d-40e9-885c-8cc47a015191,CUST000631,Fashion,4,1925.96,7703.84,credit_card,2026-03-20T06:49:17.643679
f1e752de-65b0-48b3-aa57-88a3a2c53d0e,CUST000104,Fashion,2,1880.54,3761.08,credit_card,2026-03-07T15:41:19.598971
4c6c6b51-30db-42a2-9ae3-a4022bc50521,CUST000715,,1,515.41,515.41,wallet,2026-07-13T16:51:45.997955
7bfa7403-8b58-451e-a66d-5067b676eed5,CUST000703,Toys,2,823.17,1646.34,credit_card,2026-05-20T14:02:56.452423
aaabc04f-8a87-461e-8184-49d6a44bc207,CUST000474,Books,4,1159.3,4637.2,credit_card,2026-06-20T07:12:56.746056
fff902b5-d8f0-4f72-a4f0-554e6d463579,CUST000715,,2,483.19,966.38,upi,2026-04-05T14:13:28.736990
d9059a0f-dc02-4779-aab5-9e70e3167afa,CUST000569,Sports & Outdoors,1,990.17,990.17,cash_on_delivery,2026-04-02T16:23:48.803780
6e755efe-e74a-44dd-9815-ca180be08a6d,CUST000275,Books,1,1029.0,1029.0,cash_on_delivery,2026-05-20T03:07:59.105695
fd42c23e-ac37-4c4a-8f31-b45937e9d307,CUST000345,Fashion,4,514.29,2057.16,wallet,2026-07-16T21:16:23.298017
2bcc42ea-73ec-49d6-82cd-87e5a5418fb3,CUST000060,Sports & Outdoors,1,195.5,195.5,wallet,2026-07-15T02:10:54.925103
601fb657-71d5-41cb-90f6-1af804ddbdc2,CUST000440,Home & Kitchen,4,1441.36,5765.44,debit_card,2026-04-14T16:39:12.691806
572d1a45-4a58-4e31-ba27-25acd133df07,CUST000232,Toys,5,111.21,556.05,debit_card,2026-05-22T23:50:17.775006
6fd093e5-6e2b-46b4-a273-93e3151a84f7,CUST000012,Electronics,2,1661.59,3323.18,debit_card,2026-03-02T03:37:12.656141
489d0ff0-7aa6-4a73-959d-961ad9d7251f,CUST000289,Beauty & Personal Care,2,53.37,106.74,credit_card,2026-02-12T21:32:18.977586
942785b2-54fa-495e-ad33-d8e6203c8d43,CUST000450,Home & Kitchen,3,365.79,1097.37,cash_on_delivery,2026-07-01T08:01:49.550431
44f5e511-7399-4417-95fc-423de8a09fa0,CUST000187,Beauty & Personal Care,3,104.84,314.52,wallet,2026-04-29T12:14:37.473362
17dcccff-0352-4525-b521-63937327e1ab,CUST000140,Books,2,1744.87,3489.74,debit_card,2026-06-21T17:04:35.326978
5dabcabd-1d4c-4a9a-a962-0a11154a2557,CUST000659,Electronics,2,1483.38,2966.76,wallet,2026-05-07T08:10:31.308813
9fee787e-82df-4003-bf8a-470df3df0324,CUST000707,Sports & Outdoors,3,1064.19,3192.57,cash_on_delivery,2026-03-02T11:40:46.427117
4fe35b97-464e-43c2-8c7b-408c264b735b,CUST000009,Fashion,2,1039.65,2079.3,cash_on_delivery,2026-02-11T20:42:58.119870
69ff80f0-75b3-42b2-9672-397d19eea42b,CUST000744,Books,3,226.82,680.46,debit_card,2026-07-23T06:42:23.843175
02180cec-133f-4f16-b3cf-71c5c10a9dbf,CUST000078,Electronics,2,257.8,515.6,upi,2026-03-03T15:26:41.379229
3e9ce0e8-eca8-4f16-894c-f4f6f0e785fd,CUST000037,Groceries,2,287.63,575.26,debit_card,2026-02-11T02:59:59.044576
b7b95f7e-86b4-420a-ac03-d57d5a4ae488,CUST000599,Home & Kitchen,4,1767.65,7070.6,cash_on_delivery,2026-03-28T13:45:51.146591
f65db21a-d1a8-4fc0-b770-fc07ef8b6c7c,CUST000330,Electronics,4,286.0,1144.0,upi,2026-07-12T21:00:07.639744
27c4aabb-a7b5-428a-93b5-9dd85d51a494,CUST000168,Groceries,4,1255.75,5023.0,upi,2026-05-21T14:53:42.990849
32b69b8f-ba2b-43f6-bd5a-2f7f6cbd1dec,CUST000245,Fashion,1,857.11,857.11,wallet,2026-06-12T08:29:25.484812
bbf993a0-57e8-468e-8daf-efdd2828c9c6,CUST000047,Books,5,1526.19,7630.95,debit_card,2026-04-03T23:19:36.785083
58cf3975-aeb3-4c14-82d7-da67545bd902,CUST000226,Groceries,3,41.06,123.18,debit_card,2026-07-01T23:39:24.299533
e490cacd-7342-4bff-a0a0-9399c744fc86,CUST000194,Sports & Outdoors,2,1454.47,2908.94,wallet,2026-06-29T14:42:20.232851
90b5e598-c937-43e2-91c8-c75fbf7da73b,CUST000713,Fashion,2,995.18,1990.36,wallet,2026-06-23T12:45:01.923182
d5c77809-9520-4462-a01e-98bad67527cb,CUST000246,Groceries,1,1168.77,1168.77,credit_card,2026-07-30T01:00:31.964156
bbdc2364-154d-4884-ab1b-e67a4337c32c,CUST000129,Beauty & Personal Care,4,714.01,2856.04,wallet,2026-06-23T22:12:03.745678
c12f89d6-9819-4a9b-a1c5-2d921b402301,CUST000543,Electronics,3,1311.41,3934.23,upi,2026-07-29T14:14:50.241370
24917364-3e5b-4063-920d-5deaf9ab9da9,CUST000586,Beauty & Personal Care,5,1905.03,9525.15,credit_card,2026-04-02T22:19:17.321233
8944b832-c5ed-4577-bfd2-20de9beeed6f,CUST000352,Groceries,5,1259.28,6296.4,cash_on_delivery,2026-04-05T10:50:12.738017
245c3a92-1788-4aa0-8a07-8b3108274a28,CUST000307,Fashion,5,1682.07,8410.35,debit_card,2026-06-15T01:04:09.104637
f727707d-d5cc-45ca-b6f8-0558ab5bfede,CUST000077,Sports & Outdoors,5,1212.31,6061.55,wallet,2026-08-02T16:40:45.852825
2d149f07-7a36-452f-a9f4-071b98fba5e8,CUST000727,Electronics,1,277.73,277.73,upi,2026-07-19T05:22:33.435258
3f231ab9-a47b-4831-b704-b50cea1e1082,CUST000348,Books,1,365.11,365.11,wallet,2026-05-11T03:44:11.926593
ea665698-5e43-4371-8533-39c61d7b0cb1,CUST000385,Beauty & Personal Care,4,1633.91,6535.64,upi,2026-06-18T12:26:51.651018
16d4fc86-555d-42a4-ab82-b0cbffef770b,CUST000335,Books,5,1937.99,9689.95,credit_card,2026-04-08T11:37:15.506367
7fad9d4b-c09c-4ffe-bb69-e264f9e4a920,CUST000283,Sports & Outdoors,3,272.94,818.82,cash_on_delivery,2026-04-16T22:08:36.275289
ec9d980c-3966-42fa-99b2-7c568eee18ad,CUST000280,Toys,5,640.41,-3202.05,cash_on_delivery,2026-02-20T01:58:59.217921
b77ee6a2-2012-44b0-adff-1c6c9b85e19b,CUST000282,Groceries,4,1378.99,5515.96,debit_card,2026-02-19T04:06:51.628411
a34e3908-7f65-49a6-9ea7-844aa635419d,CUST000031,Groceries,5,394.5,1972.5,debit_card,2026-05-26T22:52:36.120218
c629e4d3-0878-4c61-a982-dcda7a4b39c8,CUST000208,Books,2,184.88,369.76,debit_card,2026-03-07T16:10:13.447796
602903d6-19e2-4576-bcef-71c31f33c085,CUST000620,Groceries,4,912.24,3648.96,wallet,2026-03-16T17:28:05.977634
0bd70156-96b0-43e8-a6f6-f366054b5217,CUST000613,Beauty & Personal Care,3,785.87,2357.61,wallet,2026-06-21T08:44:32.130064
d87d5831-8ed9-4b63-bcce-36bf5f015c25,CUST000102,Toys,4,1101.91,4407.64,debit_card,2026-07-20T08:38:23.975317
68cf2e8f-03da-46d4-84ba-9d2d007ac714,CUST000640,Fashion,4,1827.65,7310.6,cash_on_delivery,2026-03-18T03:28:09.635814
40941c9d-cef5-47b2-8503-236d5cac96b3,CUST000747,Sports & Outdoors,3,444.92,1334.76,upi,2026-05-22T06:24:16.274541
98cdf692-ef05-476c-8051-974235c47067,CUST000361,Sports & Outdoors,4,1399.57,5598.28,debit_card,2026-05-08T15:05:28.651354
158b5947-8c1f-40fd-806f-a6d2b98f4c21,CUST000273,Electronics,2,1179.74,2359.48,credit_card,2026-03-15T22:41:48.877064
bf772821-41cb-4e63-ad45-6b5cd2e0f9b6,CUST000530,Fashion,3,1986.86,5960.58,credit_card,2026-07-30T14:59:58.604581
5b10b9b4-861d-43ce-9ff4-4cc882418e81,CUST000252,Beauty & Personal Care,1,961.75,961.75,debit_card,2026-03-18T14:22:25.110528
c22895a5-2d86-4427-9fb2-48aa38c137a9,CUST000485,Sports & Outdoors,1,949.18,949.18,debit_card,2026-06-08T22:09:14.223109
ec1cc7a8-1b87-4e11-a6f3-3d640c545dfe,CUST000324,Beauty & Personal Care,2,359.66,719.32,upi,2026-05-25T08:20:01.487076
29e6d6fc-426c-4d7e-8ed3-05b7a1781b9c,CUST000610,Fashion,5,692.38,3461.9,credit_card,2026-06-12T05:02:26.351359
a36b0372-7065-44da-966a-610e8d3b1827,CUST000315,Toys,1,1902.19,1902.19,debit_card,2026-06-27T15:10:25.293885
0a35e6ad-129f-4106-b2e9-a2da61066d97,CUST000370,Beauty & Personal Care,3,378.37,1135.11,debit_card,2026-07-25T18:04:04.659106
5d920bc9-dc4c-46ea-a570-563a72c2a8ec,CUST000794,Electronics,2,410.17,820.34,wallet,2026-02-11T11:13:58.790137
5c25e917-0992-499d-8b60-2b6f0c64cb12,CUST000744,Toys,2,1575.09,3150.18,cash_on_delivery,2026-04-25T22:02:23.591421
8111d256-8d96-4361-847e-4a93f5b31266,CUST000363,Books,5,92.82,464.1,debit_card,2026-03-08T23:53:29.065178
dfb89fad-c586-4966-9867-8e5b2c24844d,CUST000400,Toys,3,853.27,2559.81,credit_card,2026-05-15T05:44:36.208062
fa57e83d-7ce3-4877-8ca5-dd61bf76872c,CUST000433,Beauty & Personal Care,2,1223.44,2446.88,cash_on_delivery,2026-08-05T09:14:40.238098
ac8dc2af-1caf-4641-93be-dd73404e24b4,CUST000148,Sports & Outdoors,3,1329.81,3989.43,credit_card,2026-04-25T02:12:31.451791
a1302de2-3bd3-443e-80d0-bc921a7a47d2,CUST000638,Electronics,1,1189.88,1189.88,credit_card,2026-03-02T11:05:29.796593
c308af9b-7714-43f3-906b-49dae14fff5b,CUST000222,Beauty & Personal Care,5,1858.57,9292.85,credit_card,2026-04-15T00:33:05.144930
8b8d00a0-2025-42e7-9b0b-4a324606314a,CUST000534,Sports & Outdoors,5,1063.72,5318.6,debit_card,2026-04-15T17:25:59.394950
c445f68c-a043-409d-8fd3-02a005631e3e,CUST000257,Books,N/A,210.26,420.52,credit_card,2026-04-20T17:35:54.083450
e91b710f-6d33-4b30-8bae-349574ee9e04,CUST000587,Toys,4,434.34,1737.36,upi,2026-07-02T04:43:54.659235
5375af64-af62-4c6d-a085-e336c479847c,CUST000584,Fashion,4,193.1,772.4,upi,2026-05-09T18:04:33.355502
b5f60f93-9c5c-4493-a2eb-17716d97a99c,CUST000763,Electronics,4,209.77,839.08,credit_card,2026-07-11T07:37:50.137046
983086c7-57ba-49d3-bf18-47ef1cbd56e6,CUST000570,Electronics,5,1652.69,8263.45,wallet,2026-07-02T15:13:21.715829
6fbda842-9839-4e95-a89b-96383376de8b,CUST000353,Sports & Outdoors,5,181.93,909.65,upi,2026-06-15T03:16:43.999265
60d6f583-ea53-42c5-88d0-b208d6eac9c5,CUST000253,Books,1,1106.54,1106.54,credit_card,2026-08-05T19:09:29.523117
2052a259-54eb-42d9-a507-c98f9a9a05fb,CUST000316,Toys,2,227.38,454.76,cash_on_delivery,2026-07-31T20:33:52.313953
b07cbb91-fb35-4ff8-88e1-5b9e0938a945,CUST000039,Books,5,992.89,4964.45,cash_on_delivery,2026-02-17T06:01:36.212749
387b0201-501c-47d7-b913-395d50625bf7,CUST000698,Beauty & Personal Care,5,1572.11,7860.55,wallet,2026-07-16T19:42:01.324997
f73aaa31-c725-49d0-a44b-bcaee29ee50d,CUST000448,Home & Kitchen,1,666.16,666.16,cash_on_delivery,2026-04-07T06:03:41.420474
cd0c2330-9cb6-49c4-8256-277f7809e0b7,CUST000795,Sports & Outdoors,2,1772.83,3545.66,credit_card,2026-06-27T07:55:33.899034
d83984cd-7350-4849-90d4-3b1406f87272,CUST000574,Sports & Outdoors,2,358.59,717.18,credit_card,2026-05-16T14:45:34.839504
9b46144c-45a3-4ba4-aea9-91d3ed25f4ad,CUST000045,Toys,4,58.3,233.2,cash_on_delivery,2026-05-21T20:57:10.899601
5e986f14-cbd6-4792-8c32-40ba3f45bc04,CUST000649,Sports & Outdoors,2,377.18,754.36,upi,2026-07-11T13:53:49.435033
412e2804-2ac5-4d78-abaf-81ed3610b0cb,CUST000065,Beauty & Personal Care,1,447.43,447.43,wallet,2026-08-05T23:19:19.511513
2c8a11d1-7530-474f-9cf7-3990cc60a26b,CUST000468,Beauty & Personal Care,3,1703.68,5111.04,cash_on_delivery,2026-03-05T21:02:55.285865
6e5e3238-bc90-4387-9b99-01a91a9ad61b,CUST000624,Books,4,1299.81,5199.24,credit_card,2026-06-28T21:05:01.319176
4ed422df-1878-4662-b327-5dd229bd4d6e,CUST000035,Groceries,4,1296.32,5185.28,cash_on_delivery,2026-04-17T01:20:07.763485
aa3e3a07-abac-453f-a575-3f07bfbab8f4,CUST000328,Groceries,2,954.71,1909.42,cash_on_delivery,2026-07-18T19:07:27.022179
1e77a167-6088-4001-8d50-91182a7192ac,CUST000354,Toys,4,1313.66,5254.64,debit_card,2026-04-21T10:33:36.312393
baeeef82-1011-4c15-9c20-df7bac57aa76,CUST000242,Fashion,3,653.58,1960.74,debit_card,2026-04-14T18:00:27.448615
cf717b03-9d15-47a3-b562-7e9126d28034,CUST000057,Electronics,4,1483.34,5933.36,debit_card,2026-04-30T01:17:06.295022
19fefca8-b38f-46b3-9601-43128a311edf,CUST000550,Toys,1,665.42,665.42,wallet,2026-05-03T22:03:03.621937
466a290e-afc3-4d06-aca0-6ef8466ad06c,CUST000646,Toys,1,1431.16,1431.16,credit_card,2026-05-20T20:43:37.212993
7092ad43-5449-41b8-862a-e6eebc76d296,CUST000695,Fashion,5,1041.9,5209.5,wallet,2026-05-30T02:24:57.654794
072e0b19-e546-43c8-8630-de27b612e19d,CUST000199,Beauty & Personal Care,2,564.82,1129.64,upi,2026-06-01T22:55:40.029387
a2d0cfa9-ba56-42e9-9695-748007d2116b,CUST000507,Books,2,1541.88,3083.76,cash_on_delivery,2026-05-30T09:06:19.645998
9ac72bf3-b115-4650-ae08-6b4a63334aad,CUST000127,Toys,3,311.58,934.74,upi,2026-02-20T14:11:24.933788
2da00b04-d53c-4702-8979-f8f130159a42,CUST000769,Fashion,3,394.0,1182.0,cash_on_delivery,2026-07-16T01:58:40.394634
0e1bbf2e-cda3-485d-956b-3bb648c0c611,CUST000272,Electronics,4,1963.25,7853.0,wallet,2026-04-18T14:48:06.518287
77d92474-2b5a-4feb-810e-31df99805424,CUST000772,Fashion,1,1891.17,1891.17,wallet,2026-03-21T19:54:56.005795
0464b927-727d-47ee-bc04-07c3cb08364f,CUST000135,Electronics,1,1624.63,1624.63,upi,2026-06-26T07:42:32.346485
0e73f81d-2d61-446a-a29b-3b760a35c89b,CUST000571,Groceries,5,1595.96,7979.8,wallet,2026-03-28T23:42:14.337069
e0a13917-2a6d-4ac4-926a-812517cdad71,CUST000016,Fashion,5,751.07,3755.35,cash_on_delivery,2026-04-04T07:13:18.047100
c39b2d6b-7860-45e2-9d2c-fd39dd70aa0e,CUST000001,Fashion,4,1922.14,7688.56,debit_card,2026-04-09T16:30:03.905882
997052fa-f43d-4f81-9b3e-d4de810192f5,CUST000134,Beauty & Personal Care,1,1724.66,1724.66,credit_card,2026-05-12T19:17:04.877951
e1ecde07-6dce-4ddb-a151-efd6185663ea,CUST000003,Home & Kitchen,3,381.91,1145.73,cash_on_delivery,2026-08-02T05:45:46.542953
e87ff0c1-8f23-43fe-8db7-6a909cb178ee,CUST000746,Home & Kitchen,1,666.92,666.92,cash_on_delivery,2026-07-21T17:15:07.254060
cd4954ff-a007-4b73-a49d-3ad766bb51db,CUST000695,Beauty & Personal Care,2,454.87,909.74,cash_on_delivery,2026-05-15T10:52:43.387248
1755ec8f-0d40-41a0-bc8b-1894697d7c25,CUST000401,Books,4,1408.67,5634.68,upi,2026-06-15T15:10:04.858101
71115c77-887a-4af9-9fb6-45671b62713e,CUST000170,Fashion,5,1102.18,5510.9,upi,2026-06-20T09:41:03.655876
644f3879-109a-44fb-ade9-500f8630b651,CUST000708,Books,5,1738.22,8691.1,cash_on_delivery,2026-07-26T09:10:31.426631
3db022de-a26d-4268-8f2a-271efb4f3821,CUST000074,Groceries,5,966.91,4834.55,upi,2026-04-01T00:00:48.410846
49e51fec-5c50-43b8-a10e-3984eeb543bf,CUST000550,Groceries,4,1168.24,4672.96,credit_card,2026-05-01T11:04:32.186196
319c5828-5f2a-4b96-a971-0483dd9613fd,CUST000417,Fashion,3,382.34,1147.02,cash_on_delivery,2026-04-21T07:14:21.438930
e6c26680-a7d6-4bad-98c4-36aba7e4efd2,CUST000585,Electronics,2,1980.58,3961.16,cash_on_delivery,2026-03-04T07:02:41.258303
d70733d2-d15a-4a5c-a8c4-f76ce8089608,CUST000331,Books,4,1375.27,5501.08,cash_on_delivery,2026-05-03T23:23:28.050604
0d1ccd8a-4b23-49e7-9a5a-74c8f4ccff00,CUST000772,Sports & Outdoors,3,1944.78,5834.34,credit_card,2026-07-16T06:58:50.349913
5ee641d4-61d3-40af-ba09-db0012c36d95,CUST000233,Fashion,4,604.46,2417.84,upi,2026-05-31T20:49:04.787437
f6de6a3f-b0c6-4404-b318-4207db69c0bb,CUST000362,Toys,3,1006.95,3020.85,cash_on_delivery,2026-06-22T01:44:53.049828
f08ec24c-31fb-4d0f-830f-4e7db2e3147f,CUST000094,Sports & Outdoors,4,249.44,997.76,credit_card,2026-04-24T09:17:25.329523
ce81f7ca-a9e7-4bbc-bd01-57bfc9d40839,CUST000352,Electronics,4,1241.59,4966.36,credit_card,2026-04-29T11:17:56.626030
05a1f2f8-f719-4f49-b2e8-bda6c7b109b0,CUST000307,Sports & Outdoors,2,1208.41,2416.82,cash_on_delivery,2026-08-03T23:05:50.347918
e3852e99-ddf6-479a-9953-a2d881e53aa4,CUST000111,Beauty & Personal Care,4,1003.69,4014.76,upi,2026-05-02T21:02:36.325483
79eda2fd-f666-4286-a635-1c09c683241f,CUST000119,Groceries,4,1435.25,5741.0,credit_card,2026-07-07T13:47:13.366362
1b916388-8398-47d8-a18a-2ff2a633a516,CUST000598,Groceries,2,350.84,701.68,upi,2026-07-17T16:20:11.586660
3b536314-ad6a-4a69-a808-d3ec0ee63a75,CUST000194,Books,5,1395.91,6979.55,upi,2026-03-02T12:43:28.575769
a04ae313-4594-4f1a-a00a-0bdf0658a8fa,CUST000255,Beauty & Personal Care,4,678.38,2713.52,credit_card,2026-04-16T05:27:18.402038
22c03276-cd4a-4a65-b99d-4080c1cc1cd9,CUST000023,Home & Kitchen,5,1890.74,9453.7,cash_on_delivery,2026-03-09T17:09:27.114132
98b80e19-f83e-45f0-a642-e63f43cad1ff,CUST000298,Toys,3,799.09,2397.27,upi,2026-06-05T09:59:04.071041
8eb430a0-2e39-44b7-bd25-254f9e83d588,CUST000797,Home & Kitchen,1,655.63,655.63,debit_card,2026-06-15T01:55:18.978590
98b8c523-911b-48ed-b5e9-029746ba7c12,CUST000299,Groceries,3,618.25,1854.75,credit_card,2026-06-11T07:55:38.009789
ec138fa3-c9c5-4f14-85d0-5d2c547f21e1,CUST000775,Sports & Outdoors,5,1139.01,5695.05,upi,2026-07-12T21:36:38.457157
81ae67ef-d655-4642-80d2-b72c717e212d,CUST000051,Electronics,1,1893.84,1893.84,upi,2026-04-03T08:46:47.525108
bb5b0063-6da8-470a-80eb-3fbbdd9b0c30,CUST000015,Sports & Outdoors,4,1080.45,4321.8,credit_card,2026-02-11T23:36:36.428183
6f2c5b48-3f6d-4f73-bac5-80610530a9a4,CUST000388,Sports & Outdoors,4,486.55,1946.2,credit_card,2026-03-29T04:28:05.549103
abf932d1-96ff-4ff3-9b85-8fe97293376a,CUST000787,Electronics,3,842.07,2526.21,cash_on_delivery,2026-07-23T00:43:55.058750
28b05fe0-3eda-40e4-b95d-1c118a590cc0,CUST000425,Toys,3,931.56,2794.68,wallet,2026-05-06T20:14:17.118760
1d1e7e36-c14d-45b4-a7d3-7cb02471102f,CUST000600,Sports & Outdoors,4,1035.1,4140.4,cash_on_delivery,2026-03-17T02:31:58.938616
10684140-a91f-4349-888f-e6981e983ea0,CUST000794,Books,1,570.99,570.99,debit_card,2026-05-13T21:09:14.464637
fdc5f90b-845d-4a94-a15b-279c6aa018cd,CUST000195,Beauty & Personal Care,2,311.36,622.72,credit_card,2026-07-29T20:04:02.291049
1f016e25-88ef-4fe7-ad89-6268a28a9274,CUST000048,Home & Kitchen,3,1731.18,5193.54,wallet,2026-06-27T12:31:57.686025
65f98f65-20f7-4044-8656-141a199b91c3,CUST000750,Books,5,1599.81,7999.05,credit_card,2026-06-29T08:15:21.454166
6f3aaa09-5bbe-449e-ac86-1c21c8545f63,CUST000133,Sports & Outdoors,1,1578.2,1578.2,credit_card,2026-04-23T10:01:52.184872
411d8800-309c-4b43-89f0-0380a94c3771,CUST000675,,4,1874.56,7498.24,debit_card,2026-05-28T10:10:28.814092
b6958c2d-ef02-40d4-a18d-83276789f88a,CUST000721,Beauty & Personal Care,2,203.91,407.82,debit_card,2026-03-04T14:49:57.169312
cbc550ca-806d-4928-a2c3-5667790dfec6,CUST000355,Sports & Outdoors,1,502.0,502.0,debit_card,2026-07-14T06:03:18.550827
5ba9f4e3-4cfc-4569-9808-cc648cb4f131,CUST000385,Groceries,4,1587.59,6350.36,cash_on_delivery,2026-03-26T11:37:17.042518
f0fcc3e5-61c2-4619-ad5e-18b283828d4b,CUST000739,Electronics,1,1605.81,1605.81,upi,2026-05-08T13:10:08.341691
aa5fe52c-8700-4079-95ad-f4bd791be99d,CUST000642,Fashion,3,1669.05,5007.15,upi,2026-04-20T05:39:18.110373
3ee8bec3-b35f-48d4-b0a1-473d05eb2895,,Beauty & Personal Care,1,259.06,259.06,wallet,2026-07-21T13:33:42.075197
3bb0e8e2-a89e-4203-bf61-09b8cddf25c5,CUST000430,Fashion,1,745.64,745.64,cash_on_delivery,2026-03-05T02:01:16.393658
8461f161-26c2-4733-a40b-cc6f9a09c2b8,CUST000108,Home & Kitchen,2,824.43,1648.86,credit_card,2026-06-08T05:54:52.591786
35e867c2-9bae-4a9a-a77f-2a01f649606c,CUST000233,Electronics,2,1169.13,2338.26,wallet,2026-02-11T01:59:26.552436
2468ce65-dfd1-4455-82da-d4aa2d77e0a3,CUST000350,Fashion,5,1046.56,5232.8,debit_card,2026-05-28T03:37:20.570158
ff1ec962-6a38-4a44-8ff2-48959e97a9af,CUST000014,Fashion,3,685.99,2057.97,debit_card,2026-03-22T22:09:27.206504
8132c2b0-cea9-4521-b705-e016db0e8c96,CUST000517,Fashion,4,151.64,606.56,upi,2026-04-17T08:02:15.465311
64c02290-9562-4c86-848d-bd34bab76099,CUST000314,Groceries,1,451.14,451.14,debit_card,2026-08-05T03:22:35.167964
780b314f-f3e8-44d1-befb-b3558a94c6f5,CUST000441,Groceries,5,305.49,1527.45,cash_on_delivery,2026-05-26T17:53:42.619933
670a0ae0-79ce-4dcc-a404-14c4107f29ae,CUST000383,Toys,2,1040.19,2080.38,upi,2026-03-24T11:11:39.461659
af6e57c0-1f9e-4a01-baf0-4cd0a25056a8,CUST000757,Beauty & Personal Care,2,1580.12,3160.24,debit_card,2026-07-08T07:32:19.398735
4c3972d4-1eea-476c-ad41-2e2943e412fa,CUST000614,Electronics,5,837.55,4187.75,credit_card,2026-06-25T02:37:40.124574
d11b874c-c022-4c43-9361-e7cfd51e9121,CUST000381,Beauty & Personal Care,1,1025.17,1025.17,upi,2026-05-25T13:04:29.796157
fca0d5b6-3703-403c-8ca1-1640f560472b,CUST000703,Fashion,5,406.93,2034.65,wallet,2026-06-11T18:41:07.879527
91f48a57-a01a-478a-9989-458e0924544c,CUST000617,Beauty & Personal Care,4,1864.6,7458.4,upi,2026-06-23T11:19:57.258550
db49fead-f22c-4922-bce2-80d4c5dca17e,CUST000520,Home & Kitchen,2,1630.46,3260.92,cash_on_delivery,2026-07-13T11:07:42.824816
5889ba9b-7558-4d9b-8b75-850e2854a23a,CUST000374,Toys,1,1261.58,1261.58,cash_on_delivery,2026-07-09T02:28:08.919757
47b2cbb9-f11e-4dfd-a931-a70f5c6a2485,CUST000070,Toys,1,1866.24,1866.24,debit_card,2026-04-08T08:55:25.797160
2fc6b5c5-578f-47dc-a166-976f23f192f7,CUST000703,Home & Kitchen,4,1481.11,5924.44,debit_card,2026-05-08T19:49:53.656520
22ad4ebd-e278-4a6f-bf32-5bd75d52b529,CUST000477,Groceries,N/A,603.28,2413.12,cash_on_delivery,2026-02-17T06:40:17.361504
b872a1d5-f129-4407-8604-e5f62f3e6a6b,CUST000080,Groceries,5,158.75,793.75,cash_on_delivery,2026-05-28T21:50:19.125005
51f97e04-91a7-4956-895e-4ee4fc947e9b,CUST000247,Fashion,5,1945.75,9728.75,credit_card,2026-04-17T23:52:27.914060
12561898-24e0-44d1-9671-8295c03e69cc,CUST000671,Fashion,1,1696.37,1696.37,debit_card,2026-04-09T07:50:35.400295
9c80888b-070d-42b4-b878-a67cc1f8b178,CUST000655,Sports & Outdoors,5,846.52,4232.6,wallet,2026-02-19T05:46:19.475805
332beec8-ae05-4bd3-b94c-2999cd110d9d,CUST000363,Fashion,2,381.75,763.5,debit_card,2026-07-07T19:36:41.622074
7248edd1-8e1a-4777-9d19-e5723bf55138,CUST000194,Sports & Outdoors,5,1426.68,7133.4,upi,2026-07-01T00:14:49.248992
ff96e00b-9513-4d0a-a117-3b5c0d99af47,CUST000508,Groceries,4,1377.97,5511.88,upi,2026-05-06T20:01:03.562207
3f6937ac-44bd-4653-bcff-43872de4b087,CUST000781,Fashion,3,1894.11,5682.33,credit_card,2026-05-08T03:59:00.837638
e95f303d-5407-4fa0-9715-5f919c0f7e9f,CUST000440,Books,3,1098.73,3296.19,wallet,2026-02-11T10:29:41.638936
6028c581-0c99-41f6-b6ac-8b7f37f4685e,CUST000164,Groceries,N/A,1470.03,1470.03,debit_card,2026-03-17T17:58:55.360983
c28a7141-61c2-4617-a68b-6060be6574c6,CUST000724,Fashion,1,1612.52,1612.52,wallet,2026-04-04T16:18:13.348327
4a771db0-8ff8-422b-913c-b6a0002cd2c1,CUST000143,Groceries,N/A,1399.06,1399.06,wallet,2026-05-08T10:08:40.632618
7f6beb94-d55e-4117-b6d0-c3a9e4c28cb2,CUST000716,Electronics,2,770.98,1541.96,wallet,2026-08-05T18:20:20.935176
03a531bd-094e-493f-a93d-563d1390d189,CUST000394,Home & Kitchen,3,1690.79,5072.37,wallet,2026-04-01T14:29:22.794267
f520d6aa-573b-4b76-8884-09bf236788b2,CUST000542,Sports & Outdoors,5,208.93,1044.65,credit_card,2026-04-20T11:30:43.110488
6c1aec4d-f14b-4f04-93eb-a8e144d83dd2,CUST000044,Home & Kitchen,1,1976.93,1976.93,debit_card,2026-03-12T21:15:35.838746
06d46417-ee71-485a-8d1b-2d14e4faf11c,CUST000204,Fashion,3,1958.66,5875.98,cash_on_delivery,2026-06-23T07:40:37.044229
34bc4085-d498-44f0-ad91-8c51519d5852,CUST000229,Books,N/A,1080.24,1080.24,wallet,2026-02-19T19:34:45.205283
f55b0e29-5b90-4fa8-bf35-579a3c9ba4ab,CUST000328,Groceries,3,389.13,1167.39,wallet,2026-05-27T06:12:47.885074
80e9b3c5-e7cd-4c34-b195-fda1d77d9a27,CUST000044,Electronics,3,402.25,1206.75,debit_card,2026-04-12T02:30:28.110376
4d5bc245-4808-496a-806e-e13c71c6c8b2,CUST000098,Fashion,5,564.26,2821.3,wallet,2026-06-03T22:56:16.138144
763097e1-9c23-44ce-a20f-ed0fb2460975,CUST000369,Electronics,2,1728.0,3456.0,credit_card,2026-07-24T10:05:15.187312
38e66f6f-0003-42b3-8624-0113abb278be,CUST000216,Beauty & Personal Care,3,873.62,2620.86,cash_on_delivery,2026-03-20T13:11:29.852165
49db7a47-3797-4f42-9d5c-2fe870533ca9,CUST000500,Sports & Outdoors,3,1500.62,4501.86,cash_on_delivery,2026-07-08T16:37:41.643359
dc9defdb-b049-4c58-9821-72d1be4c6416,CUST000269,Toys,3,1992.33,5976.99,credit_card,2026-05-13T17:54:35.936343
796f2d41-cd3d-44e3-85e3-34f91cc0424c,CUST000097,Home & Kitchen,4,1082.9,4331.6,wallet,2026-02-16T22:17:35.490844
0ce12798-2061-4db4-823a-6043c9ae801b,CUST000021,Electronics,1,1683.74,1683.74,debit_card,2026-05-09T15:35:05.759767
b20da36c-03d3-447a-b58e-d020f581b223,CUST000625,Books,5,1559.43,7797.15,credit_card,2026-02-21T10:48:54.541228
90d7fd6d-3008-4fe4-a6bf-74eef156771b,CUST000190,Fashion,3,794.82,2384.46,upi,2026-02-23T10:03:48.311075
caacc140-1b1c-4f09-ba54-d538dbc9c23e,CUST000473,Toys,5,814.94,4074.7,wallet,2026-03-03T02:54:17.515133
0132a6ab-5c7c-4894-8fdf-8fa38f554e93,CUST000613,Beauty & Personal Care,1,996.78,996.78,cash_on_delivery,2026-03-15T16:51:41.807463
a9b13eea-843b-42b3-b965-e5ab0edc9500,CUST000432,Electronics,4,1737.36,6949.44,cash_on_delivery,2026-04-28T10:14:47.752361
2b9f046b-cb04-4cd9-855b-c2534f51fa76,CUST000209,Fashion,5,188.06,940.3,wallet,2026-06-01T08:10:23.497599
924b6a67-638e-4ebb-839e-0ec3779e0bba,CUST000667,Fashion,2,98.23,196.46,debit_card,2026-06-15T18:22:05.370942
7d75fe7c-ea53-49d3-8154-901ef41b62a6,CUST000773,Toys,3,1093.45,3280.35,debit_card,2026-04-08T16:37:06.874457
3c232c37-53fd-42fe-9fdd-1f05c85ef5b1,CUST000792,Fashion,1,1672.3,1672.3,cash_on_delivery,2026-03-29T17:05:43.031044
d6531057-d52b-4455-b1e3-68abe2a33557,CUST000068,Groceries,5,1744.26,8721.3,credit_card,2026-03-15T21:44:23.461102
9f777da5-f761-497a-b6b9-5300e04e422e,CUST000582,Home & Kitchen,5,258.75,1293.75,upi,2026-06-25T19:43:55.535318
036e79a5-3c84-4972-ba5c-5234f30af620,CUST000221,Home & Kitchen,2,206.94,413.88,wallet,2026-07-16T08:04:45.454533
66390ae3-bbc2-4e5d-b301-0ed0fce8e03c,CUST000696,Groceries,5,540.99,2704.95,wallet,2026-05-28T04:32:52.685265
34f993d1-5859-495e-97dd-e0e6f667c908,CUST000463,Books,4,443.92,1775.68,debit_card,2026-06-05T19:04:06.450980
b733521f-dabe-4199-a55f-c593ac809316,CUST000584,Fashion,N/A,244.96,979.84,debit_card,2026-05-16T03:54:59.236979
2721f891-a5f8-4a85-9d45-c08e608307b8,CUST000563,Fashion,4,816.78,3267.12,cash_on_delivery,2026-03-26T04:53:48.376045
12e28544-1346-492d-90ef-b065003e0503,CUST000316,Home & Kitchen,2,1909.73,3819.46,debit_card,2026-04-11T19:41:32.414027
f32723fa-234c-46bb-a86c-f2dd164f235f,CUST000724,Sports & Outdoors,3,269.02,807.06,upi,2026-04-19T21:06:20.948183
1160452b-caae-4a33-9606-e0e73e954a28,CUST000030,Beauty & Personal Care,3,455.04,1365.12,cash_on_delivery,2026-06-16T09:59:02.353328
631366e0-550f-4ba4-a99c-12488ee2e685,CUST000007,Groceries,4,1968.61,7874.44,credit_card,2026-08-02T15:54:39.045174
ebfb99c2-a4df-43e1-a1c9-f11356f4d660,CUST000550,Books,5,1922.9,9614.5,cash_on_delivery,2026-03-30T03:10:30.969653
f3a8c52f-34a1-4e94-87f5-b86829a8728d,,Home & Kitchen,4,891.59,3566.36,cash_on_delivery,2026-05-24T05:04:06.239960
d662e6a3-e35e-424b-82da-54e3ab9c45b6,CUST000766,Books,1,1399.52,1399.52,debit_card,2026-07-06T17:24:39.015427
1d43e9db-dc48-492f-a112-a1e772a6822f,CUST000084,Home & Kitchen,5,980.99,4904.95,debit_card,2026-04-30T10:30:15.091321
1f9a036f-2e15-40e2-beb6-8a98ef58d99c,CUST000657,Electronics,2,1210.33,2420.66,wallet,2026-02-26T11:11:28.760511
49999584-0dc8-46c1-b114-22a97279ecb0,CUST000408,Home & Kitchen,5,306.12,1530.6,cash_on_delivery,2026-06-10T19:16:39.860810
af61323d-e526-4b9b-9c26-5cedf126100a,CUST000448,Books,4,1938.36,7753.44,cash_on_delivery,2026-05-28T16:07:23.844373
26cf3fcf-8a88-4552-afb9-a1854fc02315,CUST000651,Electronics,3,1193.58,3580.74,credit_card,2026-07-21T16:44:02.053429
740f4657-78c4-402c-8dbf-7cdc5ce1bf26,CUST000493,Fashion,5,1256.26,6281.3,upi,2026-02-24T22:02:25.450720
0b59ee2f-6839-4af6-8b29-b9f97ea70d8b,CUST000685,Groceries,2,1537.79,3075.58,upi,2026-04-15T21:16:15.710241
49be6644-d824-4e59-9753-5793315ed685,CUST000000,Home & Kitchen,1,330.97,330.97,upi,2026-04-13T17:55:07.579515
a50a649b-3061-4304-af6f-0c7e6bf3983b,CUST000146,Fashion,4,1568.67,6274.68,credit_card,2026-06-06T13:39:37.864285
83bc9174-64a2-4a42-aa3d-c0ce23a10cb4,CUST000144,Beauty & Personal Care,4,562.26,2249.04,credit_card,2026-03-02T15:58:19.963255
a19ca303-fde9-44ff-a24c-2b1e2cd7ee9c,CUST000570,Electronics,1,1063.12,1063.12,debit_card,2026-03-03T20:08:15.073433
1dadf166-f7b0-455d-ab00-bb1928e9b65c,CUST000756,Sports & Outdoors,4,1900.09,7600.36,cash_on_delivery,2026-04-18T20:57:37.727724
84f75dea-228f-4a3e-b4f8-2521b328a068,CUST000795,Electronics,3,768.68,2306.04,credit_card,2026-06-21T16:47:40.233951
09cb3f07-7867-45ae-8905-a8a3d3a675b1,CUST000671,Beauty & Personal Care,5,380.78,1903.9,debit_card,2026-04-02T00:32:25.469375
07e8b038-2766-4bbc-96ae-e8268e16c7fd,CUST000385,Groceries,1,77.68,77.68,wallet,2026-03-12T07:41:13.108931
941232c7-608b-44cc-a48e-ee74c32ca32b,CUST000575,Electronics,3,1332.78,3998.34,debit_card,2026-04-17T15:27:31.193424
b335532d-492f-4585-a16b-9b6f8a968883,CUST000100,Electronics,4,1299.0,5196.0,debit_card,2026-07-07T16:24:58.630774
ecdcf680-8a94-477e-8163-8168fd97fe90,CUST000329,Electronics,4,1472.92,5891.68,upi,2026-04-27T05:35:56.695687
0d526a4c-617b-4e5a-8fa3-7b441da3e9d0,CUST000134,Groceries,3,1629.31,4887.93,debit_card,2026-07-08T02:38:42.470330
0e84da17-1b4b-4502-8e92-8fde043abb5d,,Books,4,857.53,3430.12,credit_card,2026-06-29T23:58:07.595608
fa96a889-7c0b-492d-bf9f-bca9cd80b30c,CUST000591,Home & Kitchen,4,1041.92,4167.68,debit_card,2026-04-19T18:01:01.229447
7c1be3ac-bb04-45cd-b19a-68aa1083cd0e,CUST000220,Toys,1,603.42,603.42,wallet,2026-04-24T09:59:40.217037
d2f87521-df1d-47fc-a8dc-475907c641eb,CUST000661,Groceries,2,1918.15,3836.3,credit_card,2026-06-14T08:07:37.261225
55aa536b-82f1-43cc-940e-c386bb12a07d,CUST000059,Home & Kitchen,1,625.9,625.9,credit_card,2026-06-30T11:11:53.294991
03b0d3e9-2095-4837-a220-4718c56afc39,CUST000701,Electronics,3,1883.02,5649.06,wallet,2026-06-16T04:46:33.330264
13c77ff2-9e38-4173-92e0-6904dbdff7e6,CUST000181,Toys,5,571.81,2859.05,wallet,2026-02-16T02:36:03.002957
4a221c39-03ae-4755-b955-692ad421614f,CUST000241,Books,5,1292.59,6462.95,wallet,2026-04-13T14:09:54.383892
b7ab0513-2ed3-45d4-a38d-02a9d8ec8f5a,CUST000017,Groceries,4,1673.81,6695.24,credit_card,2026-05-15T08:27:22.343786
4787a8ac-7e74-478e-8706-bad82ca90c08,CUST000720,Fashion,1,78.41,78.41,wallet,2026-07-29T18:43:06.473286
85cae1b3-3721-4faf-a6b1-7544ce4cb337,CUST000675,Electronics,2,553.55,1107.1,credit_card,2026-07-10T08:35:31.371482
67d433dc-51d4-4299-8f5f-84154ddf8e97,CUST000330,,4,1951.84,7807.36,cash_on_delivery,2026-07-05T12:21:54.979980
54c246bc-efdc-4c09-b654-f5841c782a28,CUST000538,Fashion,5,1127.95,5639.75,wallet,2026-04-22T17:39:56.611931
3aafbf25-8b52-4517-8473-5182c92e603c,CUST000580,Beauty & Personal Care,4,117.95,471.8,upi,2026-06-17T05:01:01.542205
27bfa742-4970-4081-ae93-5b8b5ad01406,CUST000518,Home & Kitchen,2,1997.3,3994.6,cash_on_delivery,2026-02-28T03:15:24.943681
7af47374-3617-4029-90cc-06deef7468ae,CUST000472,Fashion,5,847.81,4239.05,credit_card,2026-06-17T07:31:25.773097
9d801886-95e3-48b2-bd3d-23d53294847d,CUST000688,Fashion,2,1962.76,3925.52,wallet,2026-06-07T11:49:31.587606
33c6d831-99ae-4f37-ac66-699bdb053c7c,CUST000410,Electronics,2,1142.71,2285.42,upi,2026-03-25T13:50:18.804720
e6418856-dde2-483e-add0-f323cd349f67,CUST000050,Toys,1,586.24,586.24,debit_card,2026-07-12T14:24:29.935143
ff1fa2fb-2e2b-4377-95ca-fcb467e51257,CUST000701,Fashion,2,935.3,1870.6,wallet,2026-03-04T00:02:55.440748
a4ed5a34-c882-4f2d-8831-1f01007b58fb,CUST000343,Books,5,560.65,2803.25,cash_on_delivery,2026-07-11T08:11:55.409324
2de7fcc8-31db-45a8-b23a-97d7ac903124,CUST000596,Sports & Outdoors,5,878.89,4394.45,upi,2026-05-28T17:54:41.234613
2230c287-6b3c-4d53-9d37-9ffca3fc7ff7,CUST000269,Home & Kitchen,2,1940.74,3881.48,debit_card,2026-07-03T10:40:00.768572
c69508be-baf8-4226-a76c-b4885018631b,CUST000214,Sports & Outdoors,3,1482.71,4448.13,debit_card,2026-06-09T11:56:12.845676
ee206000-3bd8-40f6-9a23-d88bdc95595f,CUST000416,Sports & Outdoors,1,1691.26,1691.26,credit_card,2026-02-12T20:27:42.686836
4edf8234-29a9-4691-834c-493b2b1bd40a,CUST000135,Sports & Outdoors,1,595.1,595.1,credit_card,2026-02-22T21:25:33.336325
6d5b55ee-d533-4f35-9cc5-9f6662dd2857,CUST000322,Home & Kitchen,3,337.46,1012.38,cash_on_delivery,2026-06-09T04:07:41.576063
50808423-c521-4f75-bf7e-dea77c4a5f5d,CUST000511,Home & Kitchen,5,670.86,3354.3,wallet,2026-06-15T14:58:18.827615
f5569ec0-18e0-4241-94d9-8983775f620d,CUST000024,Toys,4,994.81,3979.24,credit_card,2026-05-08T13:20:37.960448
33dc7133-3a37-4895-9e40-b28bfe534881,CUST000448,Beauty & Personal Care,1,1663.41,1663.41,cash_on_delivery,2026-04-05T19:02:44.259938
a0ed1048-dc50-4673-97b8-aebd7007544b,CUST000003,Groceries,3,136.63,409.89,debit_card,2026-07-17T13:30:47.943944
8b3e038b-4b3e-4713-99f6-d584d69a01ec,CUST000179,Fashion,4,591.75,2367.0,cash_on_delivery,2026-06-06T06:03:14.758411
678cc8c5-ef92-474f-b87b-d39c158d5339,CUST000516,Toys,5,736.09,3680.45,debit_card,2026-04-03T18:17:18.663316
3c816a68-aa87-4819-9178-d78b6ede6621,CUST000245,Beauty & Personal Care,1,329.71,329.71,credit_card,2026-03-03T01:18:51.040519
3502c585-94f1-40b3-ba82-855d15435cb0,CUST000723,Groceries,3,1663.16,4989.48,wallet,2026-04-22T02:07:22.383156
b6705b3d-48d5-411d-964e-22a7ec3aa0a9,CUST000612,Electronics,1,493.24,493.24,cash_on_delivery,2026-06-15T08:58:07.173783
6312939d-cfed-4435-8c45-f791c6c03434,CUST000314,Sports & Outdoors,2,960.42,1920.84,credit_card,2026-04-21T11:31:52.018704
5595bb11-b14f-45ec-9105-7130f966fe5e,CUST000675,Home & Kitchen,5,1211.28,6056.4,debit_card,2026-08-06T09:37:34.994883
e82d2398-9789-4e1b-a064-c8e6163016de,CUST000095,Home & Kitchen,1,294.64,294.64,debit_card,2026-05-20T03:47:07.375664
4134b1a9-77c8-4654-9a1f-eb8ef458e2fc,CUST000254,Electronics,3,1837.11,5511.33,wallet,2026-03-24T08:46:27.296299
85d84b4c-109b-461b-87fc-b11e5fa91581,CUST000787,Beauty & Personal Care,5,50.36,251.8,wallet,2026-03-01T12:57:18.473754
8b163bc6-0434-4f25-9f0f-1074b9c4f06b,CUST000409,Toys,4,1421.68,5686.72,wallet,2026-04-07T06:09:41.278665
dbe3f8c6-fdeb-4370-907a-85be209057ef,CUST000113,Electronics,4,118.74,474.96,cash_on_delivery,2026-06-10T06:34:34.877432
c3acf170-e3f6-4eb2-9a33-452dfbfb3cf7,CUST000512,Groceries,4,632.37,2529.48,upi,2026-03-01T19:34:30.723490
5e99ab9d-6cc8-4719-89a0-1699c7dbc9a1,CUST000348,Fashion,N/A,591.2,591.2,credit_card,2026-02-14T15:28:37.253906
d6940108-5cb3-42ca-a310-a5ba4fd0e1d3,CUST000641,Toys,5,851.82,4259.1,debit_card,2026-02-28T03:03:35.934903
4bb6463b-3540-48a4-9da7-d582837b57f7,CUST000529,Sports & Outdoors,1,1177.69,1177.69,credit_card,2026-04-04T06:55:24.849883
6708be0f-aa68-4bb0-af84-f1407429cef4,CUST000320,Electronics,4,124.57,498.28,debit_card,2026-06-09T17:36:14.546714
8ed77ba9-eb2a-4faa-b7c8-ae90dec71522,CUST000164,Home & Kitchen,5,1144.62,5723.1,upi,2026-06-25T19:57:52.287896
1534ea53-dc94-4395-9369-c5671f05a547,CUST000019,Electronics,3,119.87,359.61,cash_on_delivery,2026-08-08T01:35:41.392200
c7ee2229-431a-4694-b528-ef56bb48570c,CUST000275,Home & Kitchen,4,423.44,1693.76,wallet,2026-06-14T11:16:27.062044
5fce4d99-7012-43c0-989f-608264dee9bc,CUST000586,Sports & Outdoors,5,1459.74,7298.7,upi,2026-02-20T07:42:37.282941
d3d9d285-3321-4631-ad03-315ccd36426d,CUST000258,Home & Kitchen,5,1933.19,9665.95,cash_on_delivery,2026-07-15T01:51:31.373231
6fd7ab69-d4e7-41bc-953e-e602fb261b4e,CUST000539,Books,1,1757.38,1757.38,credit_card,2026-08-06T18:17:34.017949
9b381adf-0d36-4e49-bdfb-e0655274b156,CUST000291,Home & Kitchen,3,1800.74,5402.22,cash_on_delivery,2026-05-29T01:09:04.567942
8644bb5f-6f87-43e2-bd8c-9460218780e0,CUST000725,Groceries,2,1627.58,3255.16,cash_on_delivery,2026-04-19T07:21:42.720275
bbb2e850-c909-4c8f-873b-9be9e0e81431,CUST000376,Beauty & Personal Care,4,1603.29,6413.16,credit_card,2026-06-30T20:43:43.027311
2868f5bc-0cbf-4268-8510-e17c68756b99,CUST000502,Sports & Outdoors,3,150.4,451.2,wallet,2026-04-20T20:16:26.923794
2c18232e-0358-49b8-8af9-ea0d89a0ccaf,CUST000671,Electronics,4,731.6,2926.4,debit_card,2026-07-14T13:25:40.608401
71b9effb-3091-4983-a56b-b683fd08a3b7,CUST000697,Toys,2,1438.27,2876.54,debit_card,2026-04-18T15:40:05.411363
e04afb65-5fc2-4198-9535-d70359d5b9ff,CUST000170,Electronics,4,1128.62,4514.48,upi,2026-03-23T03:57:23.600305
8b64a789-d189-4420-96f0-5a6dd7a06089,CUST000688,Fashion,5,1430.13,7150.65,debit_card,2026-04-24T05:04:16.290343
2def5a85-39aa-4c05-a938-5964a63bfbae,CUST000206,Toys,5,1485.62,7428.1,wallet,2026-07-08T12:49:34.396345
7201f893-b285-4c7c-a5af-d70062e14229,CUST000021,Home & Kitchen,3,264.11,792.33,debit_card,2026-02-17T03:06:08.262872
6b822506-7667-401b-8984-0eb89c0d7379,CUST000072,Toys,1,196.71,196.71,debit_card,2026-04-10T06:12:02.449743
b53c2cad-d46a-4fc8-a9c7-c672dd23f02e,CUST000492,Sports & Outdoors,4,1615.51,6462.04,debit_card,2026-05-19T06:42:28.949603
397cc9ef-adfc-41f9-9cb2-d1088af20269,CUST000468,Fashion,3,1628.41,4885.23,wallet,2026-03-05T08:38:40.117695
0677137c-3ceb-4f86-829f-ced479d59e15,CUST000695,Toys,4,1954.14,7816.56,upi,2026-05-12T22:10:52.872966
c00f95cc-087e-4089-8766-38a535590be7,CUST000474,Toys,1,119.71,119.71,wallet,2026-04-19T08:44:03.413936
c8992378-78b1-4d83-99c2-38c6f57f7cbe,CUST000598,Books,1,179.03,179.03,debit_card,2026-04-22T12:34:13.241690
98c7df87-80ff-4d99-96d0-bdcb6ac23525,CUST000502,Sports & Outdoors,1,1400.74,1400.74,upi,2026-06-15T20:21:08.631795
2173f715-dea4-4970-bf2a-6ef912a19af7,CUST000729,Sports & Outdoors,4,372.03,1488.12,cash_on_delivery,2026-06-16T07:17:37.187967
b91945e8-c9ad-4bec-b592-5d0714e4d0dc,CUST000033,Beauty & Personal Care,2,1704.15,3408.3,debit_card,2026-02-16T18:05:58.884188
9e46cbcf-5d45-4570-90f3-a464c96f1f21,CUST000383,Fashion,2,204.78,409.56,wallet,2026-02-26T02:58:50.876167
bf2786d6-349d-480a-99b3-65ea3a351446,CUST000400,Electronics,3,1852.46,5557.38,cash_on_delivery,2026-07-02T03:20:38.005411
3676144c-5d86-468c-b4f8-340015b9c2f9,CUST000757,Groceries,5,930.53,4652.65,cash_on_delivery,2026-07-07T05:27:25.467826
355a6840-d7e6-4e4d-b494-a9c21d1369e0,CUST000728,Home & Kitchen,5,1739.66,8698.3,wallet,2026-03-07T08:03:02.670183
d4592df9-1660-494a-8967-f80ec2226e07,CUST000493,Groceries,2,490.5,981.0,credit_card,2026-06-17T10:08:57.235171
c5ab8844-a477-479f-b9ff-4854381dcd5b,CUST000091,Toys,2,1391.68,2783.36,wallet,2026-06-23T23:24:38.870771
9ee45ad4-b660-4507-81eb-07470f47dc9d,CUST000069,Books,4,1046.7,4186.8,credit_card,2026-03-13T17:17:39.892765
b16437fc-5f41-4a94-b7af-d499cbdbf743,CUST000515,Beauty & Personal Care,1,338.21,338.21,upi,2026-06-08T21:01:55.330168
53f33940-a335-4f57-be18-054ed4c11944,CUST000551,Groceries,3,1157.89,3473.67,wallet,2026-03-02T15:00:24.363721
945af26b-8044-4fee-9772-3a67068c68cb,CUST000514,Toys,5,1019.61,5098.05,upi,2026-08-05T07:07:29.621009
0922b195-9340-4d56-b05d-bacdea86d631,CUST000447,Books,2,876.43,1752.86,credit_card,2026-04-21T11:48:35.010139
f2a7bbe0-4f34-4f2f-a9b2-97d1b012b918,CUST000716,Home & Kitchen,3,1084.0,3252.0,debit_card,2026-08-05T04:01:50.055102
f7f38e98-ad8c-486c-a6f8-a27cda2e3e4e,CUST000764,Groceries,3,93.12,279.36,wallet,2026-03-09T02:19:55.865533
d9348fca-92a1-4609-ad99-83391959575f,CUST000152,Toys,1,1577.66,1577.66,credit_card,2026-07-11T13:43:34.343305
b9680622-de3d-4133-8bf4-f1f7682ec0bf,CUST000425,Fashion,2,7.41,14.82,credit_card,2026-06-14T11:21:58.484512
b987237d-ad48-4134-81b4-d5e3626007e1,CUST000618,Beauty & Personal Care,1,364.22,364.22,upi,2026-07-28T12:16:10.336179
004d0b45-5bde-4bbd-ab41-50516278670e,CUST000195,Groceries,5,1970.38,9851.9,upi,2026-07-24T18:41:41.205553
66a51bc7-9605-44c8-aa69-345c1fd894b8,CUST000323,Home & Kitchen,1,630.35,630.35,cash_on_delivery,2026-05-15T09:25:36.512931
b5cd4f5f-ed49-4f24-9371-8fdaeaa6c935,CUST000508,Books,4,599.0,2396.0,wallet,2026-05-28T02:20:53.198930
5246b662-508c-4ae2-a305-97bcd6b1ffa1,CUST000160,Books,5,1545.94,7729.7,wallet,2026-04-20T13:29:25.680909
406c3235-1c3b-4569-85c0-ded23594d1e5,CUST000012,Groceries,4,1939.17,7756.68,credit_card,2026-03-12T03:31:07.223961
7f476867-874a-4e78-adf0-f18428874f45,CUST000222,Beauty & Personal Care,2,240.83,481.66,wallet,2026-07-22T09:23:55.596355
d1fbb39f-2f29-4168-8b02-912c2668f526,CUST000507,Home & Kitchen,4,584.95,2339.8,credit_card,2026-04-05T16:00:56.851911
4393cebb-0bb8-4bbc-8c59-a641876651e0,CUST000740,Electronics,2,171.85,343.7,wallet,2026-06-10T19:21:15.285386
eca601b6-a24e-4364-8371-674992182ce5,CUST000421,Books,1,71.37,71.37,debit_card,2026-04-02T23:45:47.389110
87d8166e-c026-49da-a4aa-dde56f0eedcb,CUST000212,Groceries,5,823.32,4116.6,wallet,2026-06-14T06:30:49.099687
9f5cac60-cfda-4472-a491-3cf0841ed47e,CUST000395,Toys,4,678.47,2713.88,wallet,2026-04-28T03:18:35.409945
988667cf-98d7-4fcb-94c2-5a4d249c4d4b,CUST000422,Sports & Outdoors,1,919.62,919.62,wallet,2026-07-19T00:50:22.720314
3677177c-6a32-4f01-93bb-a1f40c1709da,CUST000232,Toys,4,312.4,1249.6,debit_card,2026-05-28T00:44:26.577522
599e18eb-df65-41e3-b2cc-f5a88fd026c7,CUST000251,Electronics,3,1435.06,4305.18,upi,2026-06-10T15:58:44.158525
66d5a810-194b-4527-8e24-195216a100c7,CUST000416,Fashion,5,1533.77,7668.85,upi,2026-05-26T00:05:03.043663
161ba03e-2563-401f-9c58-a50f466e5b27,CUST000588,Toys,5,646.19,3230.95,cash_on_delivery,2026-06-21T22:48:30.976795
8efedf52-aa5d-46aa-af81-72296a3771b9,CUST000056,Beauty & Personal Care,4,1223.42,4893.68,credit_card,2026-06-30T00:52:17.361275
6846216e-3bf6-459c-9cad-59d1d29628f8,CUST000528,Groceries,1,1232.3,1232.3,upi,2026-06-20T05:43:07.499369
c8ae8c66-c79d-4843-a9a2-5570ec90bb18,CUST000553,Electronics,3,1203.15,3609.45,credit_card,2026-05-10T17:45:43.856820
ee55d597-f5b4-4bd6-aadd-97f4d46f1f35,CUST000111,Electronics,5,408.69,2043.45,cash_on_delivery,2026-03-15T04:45:07.594793
cfe4e779-0813-40b6-bc78-813aaf2134f4,CUST000016,Home & Kitchen,4,1384.87,5539.48,cash_on_delivery,2026-05-31T23:23:10.056308
f7f653d6-4ae7-4e27-9b6f-ae161578e82c,CUST000145,Groceries,2,1552.94,3105.88,upi,2026-05-24T21:22:37.588560
297c711c-10e7-42f6-9a6c-e149e57c61c8,CUST000687,Sports & Outdoors,1,1771.78,1771.78,upi,2026-05-08T12:02:24.942104
02f80b03-57f3-458d-ad44-db172771dcd1,CUST000683,Fashion,1,1830.77,1830.77,credit_card,2026-03-26T03:09:15.193052
08fc06c5-f0df-4b8a-bd69-ab11bf673a34,CUST000378,Sports & Outdoors,1,1043.72,1043.72,upi,2026-05-07T05:04:29.052081
62a54f1b-97e6-45fb-b442-793093fce554,CUST000124,Groceries,1,1575.59,1575.59,credit_card,2026-06-29T06:51:51.187712
8017a9b1-b862-4eb9-995b-78c8582c4cf2,CUST000797,Fashion,1,255.9,255.9,upi,2026-08-04T08:07:41.339398
2f0c716b-53ed-43a0-aea4-7670e9fd506e,CUST000262,Home & Kitchen,5,1755.13,8775.65,upi,2026-04-16T15:14:51.847384
b07d3594-d191-4edf-9518-41b80b554f22,CUST000139,Beauty & Personal Care,3,5.71,17.13,wallet,2026-03-20T21:56:10.936323
04dbd152-b1b5-4a52-a30c-6954a8d30959,CUST000769,Home & Kitchen,5,593.62,2968.1,upi,2026-05-26T08:09:42.796956
4235fac0-6693-44a9-8205-d98ebc2fb0f3,CUST000497,Home & Kitchen,4,195.89,783.56,debit_card,2026-03-05T21:15:19.016711
beb2ebaf-19a3-4aa7-82f0-9684e8663b4b,CUST000491,Sports & Outdoors,3,1123.17,3369.51,upi,2026-02-14T11:04:37.131394
4c068788-ee6e-4d3d-99dc-90d30aa5a96a,CUST000015,Fashion,3,1533.8,4601.4,wallet,2026-03-13T19:08:08.172293
8eec87e5-8b22-4288-a5cd-794f3e6edad4,CUST000175,Sports & Outdoors,4,1720.12,6880.48,cash_on_delivery,2026-02-27T01:51:03.650931
f1908b17-e50a-406a-b64c-a5c92c19c7f6,CUST000096,Toys,5,688.15,3440.75,debit_card,2026-05-22T20:11:54.992777
aaffbc02-8a58-4fb9-bcde-ed8f827bfdaa,CUST000297,Beauty & Personal Care,4,474.79,1899.16,debit_card,2026-07-28T02:22:58.077405
54765fb6-715b-4920-bedd-e3dd92ad4064,CUST000679,Fashion,1,1818.82,1818.82,credit_card,2026-07-31T07:22:10.164820
e37ca4d7-8650-4d9e-ae2a-df8fb445c66a,CUST000770,Home & Kitchen,5,848.29,4241.45,wallet,2026-05-12T08:55:24.873580
15be6346-8afb-485d-bb95-f6dac74f14ec,CUST000479,Beauty & Personal Care,3,430.6,1291.8,cash_on_delivery,2026-05-06T13:09:41.561218
aac08783-fa6e-4f00-a800-64f9ff3bc838,CUST000537,Books,4,373.12,1492.48,wallet,2026-04-23T08:40:59.974254
24a1c4c6-60f4-4acd-87f3-fae76b5bddae,CUST000310,Home & Kitchen,5,1521.54,7607.7,cash_on_delivery,2026-02-16T14:28:05.110026
1c2e5c3b-8bac-49e9-982a-61889fbb546c,CUST000565,Beauty & Personal Care,3,382.36,1147.08,cash_on_delivery,2026-05-26T08:09:00.249856
6cdbaed2-87e9-4a3f-b883-b173c1ac6573,CUST000730,Toys,3,1994.54,5983.62,upi,2026-05-02T16:17:30.515254
2d76505f-e9e2-449d-8020-16feeacf3f09,CUST000436,Beauty & Personal Care,4,530.49,2121.96,wallet,2026-05-11T10:09:24.935903
fb89f86b-2091-4219-8656-327b1d9f1c59,CUST000013,Groceries,4,599.14,2396.56,credit_card,2026-03-20T06:15:44.547056
d28d210c-3c62-4e38-a5b4-ce8ec058f62d,CUST000656,Toys,4,1727.51,6910.04,debit_card,2026-04-08T04:55:04.332040
6155161f-d41a-498d-8759-e8a79fe0081e,CUST000506,Home & Kitchen,5,335.21,1676.05,cash_on_delivery,2026-03-20T01:16:10.790428
a3add02e-f3f0-4a33-b851-5d4f00072739,CUST000628,Books,2,194.43,388.86,wallet,2026-07-03T14:40:27.734220
39023eb7-829e-4f27-8e3d-8c952576f240,CUST000111,Beauty & Personal Care,1,668.21,668.21,credit_card,2026-07-07T21:07:08.610554
2cd35fa5-048f-4a8b-abb9-3dab61ccfd4d,CUST000443,Books,1,847.05,847.05,credit_card,2026-06-22T05:31:53.490941
077f02d7-07b5-4720-aefe-4a8d7a39ea7a,CUST000146,Groceries,1,1320.12,1320.12,cash_on_delivery,2026-02-16T08:22:17.441900
de5e2123-709f-47c5-a4bd-8cf2d5a25774,CUST000122,Home & Kitchen,5,1229.63,6148.15,cash_on_delivery,2026-03-21T02:21:32.191414
fa2f8612-e40a-4902-a7df-bfa577c57baf,CUST000205,Fashion,2,1043.03,2086.06,wallet,2026-06-20T00:05:27.083084
beb80548-f02c-48d8-8994-b5dbc6dff537,CUST000614,Electronics,4,1254.94,5019.76,credit_card,2026-06-04T20:14:31.700564
654bf812-38d6-49aa-bc94-f73610dfdb82,CUST000423,Beauty & Personal Care,2,489.74,979.48,credit_card,2026-05-24T04:58:25.802470
f9379418-6b55-4c66-837d-af906b9995e9,CUST000128,,1,1325.73,1325.73,debit_card,2026-06-16T03:17:06.350471
e2a6280e-d302-4e61-8262-3d95ba1624b5,CUST000044,Fashion,3,186.76,560.28,upi,2026-08-07T09:21:36.017081
053ab4ee-938b-41b3-8ef9-f583345979ba,CUST000291,Sports & Outdoors,4,705.95,2823.8,wallet,2026-07-04T21:52:57.335289
0b4ab6e1-786e-4bd7-a206-8e3dd87873f6,CUST000015,Groceries,5,1082.17,5410.85,wallet,2026-05-11T08:59:02.550297
89f85acd-0b95-4b71-88b5-c53a4eb53065,CUST000504,Books,3,1898.97,5696.91,credit_card,2026-06-22T17:30:56.145656
346c869d-104d-48cc-b27b-85b6a54ef05a,CUST000413,Books,1,963.4,963.4,upi,2026-03-19T20:45:25.128826
e2a0c2cf-40ee-4754-8629-91ce1846c22e,CUST000594,Fashion,5,346.55,1732.75,wallet,2026-02-28T15:16:18.750561
15d22b9e-0509-4b1c-a92d-d248da3e76be,CUST000281,Sports & Outdoors,4,1508.62,6034.48,credit_card,2026-05-28T16:19:48.581645
6ffb0151-cb36-4058-8e5c-d0b7ef32ec29,CUST000044,Fashion,4,1726.77,6907.08,upi,2026-06-16T10:27:08.747770
7870e843-04f9-4302-a5aa-ff506e9f0f83,CUST000556,Beauty & Personal Care,N/A,1256.83,1256.83,credit_card,2026-05-15T20:47:17.514736
16e6d3d6-8fe1-45be-bca6-ab733fc18acd,CUST000598,Home & Kitchen,2,794.64,1589.28,credit_card,2026-03-17T00:08:06.545544
2992e959-257f-4072-abb2-35e0a3537eab,CUST000729,Toys,2,746.28,1492.56,cash_on_delivery,2026-07-21T14:09:39.408158
2be161eb-893b-47af-898e-b2ac27e8f9fa,CUST000176,Electronics,1,1809.8,1809.8,cash_on_delivery,2026-08-04T02:50:30.889579
4171df4e-6c1f-4d0a-9f87-eaa8e7517f76,CUST000299,Home & Kitchen,4,712.65,2850.6,credit_card,2026-03-08T11:44:57.155603
586f40e6-30ef-4dd7-98e9-e16a5c643caf,CUST000415,Groceries,2,231.55,463.1,credit_card,2026-04-09T18:41:26.058949
e2ec0744-440c-40eb-b7e1-94a936318972,CUST000300,Home & Kitchen,3,1716.38,5149.14,credit_card,2026-05-24T09:45:08.307710
4337d565-2dc4-4cf8-bd11-ad4f3ab5c462,CUST000015,Electronics,2,1844.56,3689.12,credit_card,2026-04-21T15:47:42.045911
4dadf600-508e-4919-8194-22054876554f,CUST000060,Toys,3,242.25,726.75,credit_card,2026-06-18T15:02:52.182498
a20d8d11-89a1-400a-9925-ad50d9a656ae,CUST000091,Sports & Outdoors,4,1421.96,5687.84,debit_card,2026-07-18T04:44:30.238795
e6537eb0-0ad5-4ed2-b85b-ed26ce90b684,CUST000553,Groceries,4,1280.4,5121.6,credit_card,2026-08-02T04:54:31.092477
1652d1b6-4d62-43bb-88d8-062397dd1ed8,CUST000070,Books,1,157.7,157.7,wallet,2026-06-01T07:34:01.757253
2a0db831-edb6-4a2f-a7b3-a70f641f3be0,CUST000574,Sports & Outdoors,2,208.91,417.82,debit_card,2026-06-05T10:24:48.744238
ba57ac35-87d0-4a78-8b6e-7d665c3e33eb,CUST000500,Books,5,130.67,653.35,upi,2026-05-29T10:18:25.309119
3c32be51-cdcb-4d13-a496-96cd0ed4eb93,CUST000344,Books,5,1687.74,8438.7,upi,2026-05-29T03:07:39.688623
d161af5e-5743-420f-b224-f1fee4172515,CUST000754,Sports & Outdoors,5,1740.97,8704.85,credit_card,2026-07-09T13:46:26.614284
2438a467-d1d0-4502-b980-b96ff9cb3483,CUST000426,Beauty & Personal Care,2,1467.42,2934.84,debit_card,2026-07-06T08:37:03.197326
c8628860-b2ba-4ec5-a2e6-5fec0b09ed18,CUST000772,Fashion,3,1679.0,5037.0,wallet,2026-04-23T03:33:01.484688
470b6b03-e6b7-4986-9eca-006e9a70a533,CUST000126,Toys,3,83.99,251.97,cash_on_delivery,2026-04-23T01:03:26.758281
b0c58692-743a-42d6-874f-695ef84f5e52,CUST000658,Home & Kitchen,3,1599.63,4798.89,credit_card,2026-04-12T07:28:45.504892
2e784fe0-bb28-4da8-a7c2-6442d506d125,CUST000149,Groceries,3,100.25,300.75,wallet,2026-05-29T02:16:44.075939
454c227b-8938-4125-a640-41ebf856669a,CUST000349,Electronics,5,1221.13,6105.65,wallet,2026-06-14T04:35:27.036352
b18aa91c-6225-4a3b-a593-b39446e06d60,CUST000799,Electronics,2,351.61,703.22,credit_card,2026-05-15T03:56:39.306183
f8b6da9f-ac68-424f-9c40-41145f4eec22,CUST000425,Home & Kitchen,2,712.2,1424.4,wallet,2026-07-19T08:42:22.432331
ed5ec2c4-6c8b-41ca-a532-2bf785a7fea3,CUST000190,Books,4,582.48,2329.92,credit_card,2026-04-18T23:54:54.015637
232b7cca-3fe8-462b-9bcc-e5389000303f,CUST000098,Groceries,3,1071.08,3213.24,credit_card,2026-04-22T00:20:14.207984
1585e512-15c1-478c-9a85-17ceb1814960,CUST000190,Sports & Outdoors,2,928.91,1857.82,credit_card,2026-07-30T14:11:34.637076
c4180d4c-c328-48d0-957c-c518f5a958b9,CUST000346,Electronics,1,325.67,325.67,credit_card,2026-04-22T13:14:45.841505
3c114690-191c-4a5d-abc6-5b335257faa1,CUST000703,Groceries,4,1218.09,4872.36,wallet,2026-04-01T07:09:14.471865
c9972cd3-ab2d-4ab0-bf25-127f8d1ecc49,CUST000513,Books,4,1147.34,4589.36,wallet,2026-07-05T03:49:32.523704
92948de1-16b8-4f61-bf30-94d7a7a68b3f,CUST000144,Books,5,1070.92,5354.6,wallet,2026-06-28T13:44:33.592416
20688424-d60f-44b0-a0b1-346e57d284e3,CUST000163,Toys,2,244.4,488.8,cash_on_delivery,2026-08-05T20:17:24.900384
b57c7312-dda0-488a-bab0-8644ea5d5e12,CUST000056,Home & Kitchen,4,1668.25,6673.0,wallet,2026-03-24T09:13:49.987511
8d73c84c-6911-4e66-afd6-f4e1767811db,CUST000081,Sports & Outdoors,4,1461.13,5844.52,credit_card,2026-04-03T09:12:13.849050
1c28e5eb-bbfc-4bf8-8934-896c9633192e,CUST000675,Beauty & Personal Care,3,339.6,1018.8,cash_on_delivery,2026-05-06T18:34:49.315552
7f49f19f-89c0-4cc0-9220-58de3e821376,CUST000567,Fashion,3,955.73,2867.19,debit_card,2026-05-28T17:04:17.381599
4ddd84a9-669e-4e38-b910-3c3bc2c5712e,CUST000452,Sports & Outdoors,5,1977.69,9888.45,cash_on_delivery,2026-06-03T09:50:35.671813
f9bf4385-856e-437f-8757-5cec00364b56,CUST000345,Books,2,1776.51,3553.02,upi,2026-03-21T07:39:20.839214
cf3d0ebd-b757-473f-bd7e-cc1d53706ca4,CUST000240,Toys,1,972.96,972.96,credit_card,2026-03-26T05:00:46.270247
18e78655-bb09-4744-9b0e-07b2842b623e,CUST000151,Toys,5,147.51,737.55,credit_card,2026-04-05T14:06:19.078610
b80d1e5b-42a4-405a-b1c5-8e3f6407cc09,CUST000785,Electronics,3,480.9,1442.7,wallet,2026-06-06T20:42:27.470975
7bd56b84-edfa-499e-8b60-e371cca23956,CUST000441,Electronics,1,1381.01,1381.01,wallet,2026-04-27T10:40:57.558197
ec5f77e1-7847-49a9-bd5b-cafcd4ccdd87,CUST000212,Groceries,4,1790.29,7161.16,debit_card,2026-07-22T00:07:46.125055
ed5584cf-ee7b-4bee-a6b5-20ad8e35327f,CUST000252,Books,5,1838.68,9193.4,cash_on_delivery,2026-04-05T04:30:05.387816
1473a8da-15ef-4731-809b-fecfb383bd75,CUST000239,Sports & Outdoors,3,1636.06,4908.18,credit_card,2026-03-29T12:57:50.930980
ad10e038-f95e-42c5-8534-a1be415a47b6,CUST000099,Fashion,5,1201.44,6007.2,debit_card,2026-04-17T07:07:55.159169
5cec08a0-1f4b-463a-9525-a064725f799d,CUST000769,Books,5,1812.34,9061.7,cash_on_delivery,2026-02-22T13:36:37.571984
d4d8a0c0-105d-47e6-9701-9ca70ca26529,CUST000797,Sports & Outdoors,5,727.49,3637.45,credit_card,2026-05-08T07:23:03.873742
636859af-36f9-450c-aa0f-f70db2d0c477,CUST000246,Home & Kitchen,4,1501.67,6006.68,credit_card,2026-02-20T08:29:27.387700
6f25f24e-d719-4425-aa76-7460bd4253e2,CUST000704,Home & Kitchen,2,1668.07,3336.14,cash_on_delivery,2026-04-21T01:33:34.928524
6ae5c6a1-1361-452f-8fb6-6ad83db52134,CUST000556,Electronics,4,1217.93,4871.72,debit_card,2026-03-31T14:21:48.259721
e9a70759-e155-4fb4-bb40-3c6facfaf774,CUST000497,Toys,5,918.72,4593.6,debit_card,2026-03-21T11:09:07.026053
b668caba-db98-468f-8bd3-c08349e8ff1a,CUST000776,Fashion,4,691.05,2764.2,wallet,2026-04-26T18:32:48.342303
0fe73eec-8028-40a0-9ddd-8656daca3bd6,CUST000001,Toys,1,1085.6,1085.6,cash_on_delivery,2026-03-15T07:50:22.602053
d295e2a0-4ab8-4ab7-ae3f-393531240e2e,CUST000558,Home & Kitchen,4,44.49,177.96,wallet,2026-04-02T08:19:47.473857
ecb1fb41-63dd-4f64-8160-2a65b5de0edb,CUST000040,Home & Kitchen,2,1799.79,3599.58,cash_on_delivery,2026-04-19T19:19:08.909113
b8a21f93-fb17-4baf-99b2-a9c017b0db4d,CUST000167,Books,3,1644.03,4932.09,cash_on_delivery,2026-04-09T01:55:47.413248
378d960c-75f0-44be-85b9-ec52104ff582,CUST000390,Fashion,1,803.12,803.12,upi,2026-07-13T22:30:10.328001
856e9afb-578c-4a34-b7b6-38fed0ae8a5d,CUST000143,Home & Kitchen,3,1742.1,5226.3,upi,2026-04-09T10:59:01.999174
5ac5465b-dfc6-416b-9c66-d80e9964220a,CUST000499,Beauty & Personal Care,2,773.27,1546.54,credit_card,2026-04-01T20:40:50.406446
61e3d9bf-bf0b-4bdc-8945-6f17c93a7793,CUST000651,Beauty & Personal Care,1,1610.82,-1610.82,credit_card,2026-03-19T06:38:33.011143
f2a7bbe0-4f34-4f2f-a9b2-97d1b012b918,CUST000716,Home & Kitchen,3,1084.0,3252.0,debit_card,2026-08-05T04:01:50.055102
78b86a59-a3f5-4b5c-b8e4-6004fb896935,CUST000405,Beauty & Personal Care,4,216.51,866.04,debit_card,2026-05-15T21:08:04.276273
ee6f5534-60af-4f5c-82dd-406cdf5a6854,CUST000634,Groceries,2,349.01,698.02,credit_card,2026-06-23T14:08:12.161577
ca7f13aa-0c1f-4502-9e20-416697fc1c0a,CUST000250,Books,2,528.47,1056.94,debit_card,2026-05-22T19:28:36.667778
8c3a1e29-df6f-4311-a6dc-de92093dfcbd,CUST000197,Groceries,5,1942.28,9711.4,cash_on_delivery,2026-07-26T11:41:40.071930
20a5b772-e561-4b11-88ff-b4fb99ee4660,CUST000497,Fashion,2,916.59,1833.18,wallet,2026-06-06T23:43:12.370198
7f31d475-0f65-433b-9564-b5e6bec47da5,CUST000706,Electronics,4,834.7,3338.8,cash_on_delivery,2026-03-01T09:09:53.400566
0e7d1bad-45bd-4933-94d2-64862bbb1518,CUST000612,Beauty & Personal Care,4,1679.78,6719.12,upi,2026-05-11T02:35:24.992079
922fb5f3-a13f-4f63-a982-d9b9cc321a17,CUST000430,Fashion,4,1212.85,4851.4,debit_card,2026-04-10T08:51:58.122226
d269ef8f-d340-4ff8-9f82-4c5c2fa8bd07,CUST000455,Electronics,1,446.93,446.93,upi,2026-02-19T01:52:22.752845
2b9debe0-06f6-44a3-a324-57fb0e89ff4f,CUST000056,Home & Kitchen,3,631.24,1893.72,credit_card,2026-06-04T15:12:33.631246
91f09056-dd42-4a03-b820-009a14f747cd,CUST000629,Beauty & Personal Care,4,1362.96,5451.84,credit_card,2026-03-23T05:08:20.160491
c0ac177a-efad-44e3-bd27-44bc76eb45d1,CUST000477,Electronics,3,362.6,1087.8,credit_card,2026-08-06T05:43:09.677986
f747410c-624f-4b1f-8930-fa4fd0fa86c5,CUST000726,Groceries,2,850.22,1700.44,upi,2026-07-14T23:50:57.257411
1e0c67f9-7a47-4ca7-8587-ce2afecf4778,CUST000770,Beauty & Personal Care,3,22.03,66.09,upi,2026-07-27T11:44:02.434108
f7684f29-d41f-47b6-9bd4-5949aaa05e5a,CUST000165,Home & Kitchen,5,1756.97,8784.85,wallet,2026-05-20T00:20:17.277985
27ee6e35-0c9d-48d6-8bdd-0ad5eb456845,,Beauty & Personal Care,2,407.17,814.34,credit_card,2026-07-23T12:24:06.906714
5ca08f6a-69b8-45a8-b405-7ebaca0c8fe9,CUST000444,Books,1,233.66,233.66,wallet,2026-03-11T13:59:57.663591
223b0170-0912-4db3-a809-2dfb6516ebdf,CUST000781,Toys,1,1314.1,1314.1,cash_on_delivery,2026-08-03T15:37:56.137420
a8cb4b7b-e090-46bf-b245-39754db0d0e5,CUST000394,Electronics,2,583.66,1167.32,upi,2026-03-09T12:03:15.792191
3c9b4292-e730-4a74-b2fd-eaabd59ad135,CUST000266,Home & Kitchen,5,1433.01,7165.05,wallet,2026-06-21T06:51:48.626127
5fd2c2c6-32df-4f8e-9085-1b5ecfd49cc0,CUST000766,Home & Kitchen,4,336.56,1346.24,credit_card,2026-04-24T10:05:31.576335
b5c3612a-e515-4086-bbf0-ea279f083a67,CUST000089,Sports & Outdoors,4,1944.13,7776.52,cash_on_delivery,2026-04-22T08:18:47.461562
4ab74888-647e-4690-b004-ea73ddfe17b9,CUST000089,Fashion,2,274.55,549.1,credit_card,2026-05-01T10:19:51.937517
dbcf8e4f-7ed3-49d5-ad5b-91cc2fa3e718,CUST000606,Electronics,2,872.79,1745.58,debit_card,2026-02-27T00:14:41.526121
8c0491f4-1771-4fc4-92e6-bf9fce4971b9,CUST000537,Books,4,574.09,2296.36,upi,2026-05-07T21:15:04.410625
2b9c1f97-1acf-41b5-870b-3b416c0265a7,CUST000453,Fashion,1,1017.63,1017.63,debit_card,2026-06-26T05:31:40.764910
874bb3fc-fb6b-422d-8e0d-dfb030917260,CUST000322,Toys,1,175.02,175.02,wallet,2026-05-08T11:58:04.969385
11358402-8ac0-4d08-91c0-4b95291720bc,CUST000206,Groceries,5,1060.92,5304.6,cash_on_delivery,2026-05-05T15:55:42.176406
309b7729-8c85-4954-a742-c80d2c7dd40f,CUST000763,Electronics,5,1429.75,7148.75,upi,2026-06-20T11:25:10.120529
3aa0ed9c-4c60-4c3c-ba92-604879f7c1b8,CUST000335,Toys,1,739.65,739.65,cash_on_delivery,2026-05-17T10:25:12.213836
4dfd7c64-b0cb-4513-8da2-f18612d851c8,CUST000409,Fashion,1,1653.04,1653.04,upi,2026-06-05T06:30:05.488106
cc24eced-7413-43e0-a9ef-ff7c39d6a741,CUST000787,Fashion,5,57.3,286.5,cash_on_delivery,2026-03-30T11:58:54.163846
59bcfec0-6e91-4d41-9131-7520f52ed695,CUST000009,Fashion,2,1316.84,2633.68,cash_on_delivery,2026-08-03T03:44:12.320832
d124df9e-4775-40c9-b62f-e3226c1a63c8,CUST000684,Beauty & Personal Care,1,792.65,792.65,wallet,2026-07-28T11:41:59.151566
97c362f9-e7f9-4f3c-b6db-d2ec4632039d,CUST000606,Sports & Outdoors,5,550.36,2751.8,wallet,2026-07-22T19:54:13.047869
156262eb-e4b9-4642-8f75-94268d6460da,CUST000043,Sports & Outdoors,2,1015.17,2030.34,wallet,2026-04-24T18:46:51.436459
8101e52b-710d-4919-9436-f956d84a0974,CUST000441,Toys,5,399.1,1995.5,wallet,2026-05-25T20:25:56.994992
72e17386-8965-4199-972f-07ebe973b1c4,CUST000130,Beauty & Personal Care,5,919.61,4598.05,credit_card,2026-02-10T22:52:33.220983
8dbf8e0f-9c4c-4460-acf9-9ec443f1ec54,CUST000645,Electronics,3,1978.86,5936.58,cash_on_delivery,2026-05-02T20:45:49.327720
90d22088-e1c5-4dd7-8e60-6b7f4c8f3c2c,CUST000002,Electronics,5,46.14,230.7,wallet,2026-06-02T02:36:00.635617
ddc00053-086c-466a-9a5a-54aaa965321d,CUST000047,Beauty & Personal Care,1,845.37,845.37,cash_on_delivery,2026-05-27T00:13:02.247657
1fb0687f-2fab-4b29-bfb6-244370821a16,CUST000779,Toys,2,1336.11,2672.22,upi,2026-03-26T19:23:07.129843
6d1fd9da-5933-4940-ad97-6cd206ab0187,CUST000484,Beauty & Personal Care,4,1527.48,6109.92,debit_card,2026-04-24T02:39:45.857964
2835db01-8cf6-4ef1-8283-70d594a18ee0,CUST000177,Toys,5,1652.28,8261.4,credit_card,2026-06-22T16:48:31.830213
ac67de83-61f2-401e-9675-0905b267b5b0,CUST000122,Books,4,1062.03,4248.12,credit_card,2026-05-25T00:39:09.253843
034ea85b-0798-4950-b7f6-c99b186a4cb0,CUST000702,Beauty & Personal Care,3,1382.13,4146.39,upi,2026-02-17T11:00:09.905187
7c0fb30a-990d-4603-a8a5-2bdbe9cdab31,CUST000080,Electronics,3,1844.13,5532.39,upi,2026-03-07T23:51:13.036486
770aec43-6055-4afd-a528-00e14b982e3e,CUST000250,Home & Kitchen,1,1849.63,1849.63,cash_on_delivery,2026-04-09T06:40:46.538442
49ebcb14-66ec-44b2-8553-fbc73c0b7261,CUST000619,Fashion,3,1359.73,4079.19,upi,2026-04-18T14:52:08.681912
a1c12f71-7a89-4270-b65e-09c178ad4402,CUST000478,Beauty & Personal Care,2,1099.35,2198.7,wallet,2026-07-15T03:48:39.342288
d0084ae9-0c10-40c2-a512-9dcc879569bd,CUST000240,Sports & Outdoors,5,1561.56,7807.8,credit_card,2026-06-10T15:43:40.338685
14498fbf-9906-43c7-a208-c65805ea1234,CUST000456,Sports & Outdoors,4,1116.95,4467.8,credit_card,2026-07-04T19:55:47.997140
161358f3-d624-4a3b-929a-ed064073d5d3,CUST000167,Books,2,1982.05,3964.1,debit_card,2026-06-19T20:06:13.550216
6d8c44a3-fc06-4d6f-b573-87f70787d6c1,CUST000517,Beauty & Personal Care,4,1103.24,4412.96,cash_on_delivery,2026-07-30T13:57:55.116246
ea55f136-16e2-4747-b5a0-830340ddc659,CUST000381,Groceries,2,1446.48,2892.96,cash_on_delivery,2026-04-17T07:40:18.599488
625efe9f-4674-45aa-9d0c-63f23aa53fff,CUST000438,Home & Kitchen,3,1246.66,3739.98,wallet,2026-08-07T17:02:41.518662
5242791b-3010-42ef-98f9-4936b92757a4,CUST000741,Home & Kitchen,3,1738.26,5214.78,cash_on_delivery,2026-06-07T12:34:01.900972
2c183f16-00a3-4376-9c8b-b5a21113bc1a,CUST000070,Fashion,3,274.21,822.63,cash_on_delivery,2026-03-22T06:53:04.048059
b9dd9bb1-cb45-41d1-bea6-b0c16b1b617c,CUST000444,Fashion,3,111.84,335.52,debit_card,2026-04-11T10:11:16.159339
6239b994-a08e-4428-ab62-5fd5d7a8d3c7,CUST000078,Toys,4,1768.33,7073.32,wallet,2026-05-07T11:36:23.987817
82af7bad-c85c-4f03-85aa-75e24c0c8fc9,CUST000633,Electronics,2,489.15,978.3,credit_card,2026-02-17T10:03:29.831582
88468902-c4a3-4514-bbce-b2ec424040b3,CUST000478,Home & Kitchen,2,931.19,1862.38,debit_card,2026-06-09T03:46:13.813635
f71c2d6e-b8b4-48e7-b45e-ba0734182d34,CUST000243,Sports & Outdoors,3,906.55,2719.65,debit_card,2026-05-29T00:15:43.912113
1660de04-c98c-40c0-ae72-7759e8d2da2a,CUST000005,Books,4,115.34,461.36,upi,2026-07-20T05:17:04.792749
52d7d0b6-af54-4aec-9920-cb4f36462d97,CUST000012,Beauty & Personal Care,1,491.14,491.14,wallet,2026-05-01T23:10:45.204902
ab53a9a2-3412-40c9-852e-f0f20f581819,CUST000086,Fashion,4,1982.13,7928.52,credit_card,2026-06-24T06:37:56.425351
e451177b-440a-4c69-8170-52834bbc81e2,CUST000326,Home & Kitchen,1,396.87,396.87,cash_on_delivery,2026-03-11T11:42:47.899631
402df753-34ae-4bc2-8a3d-aced3dbf271e,CUST000419,Electronics,2,1476.31,2952.62,credit_card,2026-06-11T04:05:26.946521
3e8ce58b-92cd-4be7-951c-f88af2cb2d65,CUST000440,Fashion,3,1093.22,3279.66,credit_card,2026-05-12T07:47:22.866015
17f1dd1e-b1fe-40e5-b493-46c23478216c,CUST000493,Toys,4,501.84,2007.36,debit_card,2026-06-30T09:49:10.616777
71062751-0dd4-4ff7-b705-b5d52ea5b96f,CUST000642,Beauty & Personal Care,4,970.25,3881.0,debit_card,2026-04-29T05:07:00.250590
3b6d9ace-f7ce-4d8b-bbd9-24db304f7237,CUST000140,Books,2,1548.05,3096.1,debit_card,2026-03-30T10:32:46.678620
164142b6-4916-4b0a-b1f5-952e69e4ac37,CUST000652,Sports & Outdoors,3,1697.08,5091.24,wallet,2026-08-08T16:19:56.287973
dbabd1d5-b991-4584-840f-59a97b6e7f69,CUST000455,Toys,5,908.67,4543.35,cash_on_delivery,2026-03-03T09:42:06.045934
a21917f8-164a-4ede-bceb-ec35a76f2404,CUST000572,Home & Kitchen,3,1008.82,3026.46,credit_card,2026-06-28T14:08:57.379931
9c1ecfd1-79d6-45af-8f56-c3c51fb480ce,CUST000294,Beauty & Personal Care,5,99.83,499.15,cash_on_delivery,2026-08-01T05:35:21.516263
5d5538f7-4ce0-4272-8b3f-f653850105d8,CUST000389,Books,3,76.79,230.37,cash_on_delivery,2026-05-29T04:15:24.853559
d4ce9778-50dc-4046-8d33-42f456dc0632,CUST000271,Home & Kitchen,1,1854.22,1854.22,upi,2026-06-23T09:54:55.552997
20553f14-9bbf-42f2-834a-61c1df389c92,CUST000684,Beauty & Personal Care,5,421.47,2107.35,wallet,2026-07-23T19:32:45.127915
3b44486e-1d41-4953-ac66-7f5e78f912ae,CUST000341,Groceries,3,1351.84,4055.52,upi,2026-04-04T07:16:23.526133
d3cbcb07-de7c-4cec-a5b5-f66f7337f219,CUST000250,Groceries,3,1668.4,5005.2,upi,2026-06-18T22:40:43.993046
805e4cd4-1986-48b9-a6a0-b572535566ea,CUST000773,Home & Kitchen,3,1068.9,3206.7,cash_on_delivery,2026-07-10T02:55:52.418229
1b3c27fc-3a18-4fa4-a959-8a7826f0e67f,CUST000751,Fashion,5,1448.8,7244.0,wallet,2026-03-03T06:59:13.262503
3e926f49-3115-4263-9479-50a19ffb8bd5,CUST000660,Sports & Outdoors,4,573.7,2294.8,upi,2026-06-14T13:56:34.885615
f26baf10-9b02-412a-a0ab-743b2a80a224,CUST000125,Beauty & Personal Care,2,1875.19,3750.38,cash_on_delivery,2026-03-12T22:02:49.201117
6172e4b5-d2fc-4cc9-bfc9-a73528e2c20b,CUST000351,Home & Kitchen,5,1934.85,9674.25,debit_card,2026-04-05T21:06:47.547330
dcc9e0ba-bda1-4080-a9eb-b509100110ef,CUST000286,Home & Kitchen,3,11.32,33.96,cash_on_delivery,2026-04-27T23:21:09.091133
3d544399-f807-4637-9bed-4d9f500dc431,CUST000600,Fashion,4,1514.26,6057.04,debit_card,2026-07-19T17:30:02.257597
81a78330-b8c0-4cb5-9faa-b17603bdb0e7,CUST000106,Toys,5,54.19,270.95,cash_on_delivery,2026-03-11T07:40:20.945426
2ee60074-64e5-4fe3-8660-a8fd524f1c5c,CUST000269,Home & Kitchen,3,1729.68,5189.04,credit_card,2026-04-30T16:05:45.943366
9565cd98-433a-4aef-b541-fe772a88f776,CUST000224,Fashion,3,1617.44,4852.32,debit_card,2026-06-02T23:22:46.894441
eae0f40a-0477-475f-9284-ccb3c72654e6,CUST000405,Groceries,N/A,426.55,426.55,wallet,2026-06-16T02:30:28.388153
85606a68-736a-4626-85eb-98309cf8b8d7,CUST000425,Electronics,1,1340.87,1340.87,cash_on_delivery,2026-05-21T18:39:14.393021
755e5763-28bf-4816-a0ad-3d0efa030f77,CUST000070,Electronics,2,1222.59,2445.18,cash_on_delivery,2026-03-20T17:55:29.921125
ecb39287-81b6-46d1-943d-a79102dfc53c,CUST000465,Electronics,1,994.38,994.38,debit_card,2026-07-28T15:11:24.426029
b29de5d1-bb1a-43e4-ad31-82aacec5ba10,CUST000760,Home & Kitchen,2,781.04,1562.08,debit_card,2026-04-06T13:26:29.413828
f7241f63-966b-4db2-a7c0-17f63fc530b3,CUST000323,Electronics,1,1354.0,1354.0,credit_card,2026-03-12T17:49:38.928820
dd959560-206b-4f9e-a6b4-a3801efb2fda,CUST000465,Beauty & Personal Care,4,1024.68,4098.72,debit_card,2026-07-13T10:38:18.785197
c0388e46-7ab1-4dee-ab57-4eb57fc7cabe,CUST000359,Toys,2,925.18,1850.36,upi,2026-03-01T04:52:20.952289
d73cf446-34ad-446e-a4f4-a658b4149045,CUST000566,Groceries,5,451.69,2258.45,cash_on_delivery,2026-07-30T10:24:50.527171
f08cdbaf-b4dc-4048-bbb3-96ac20a64ff8,CUST000478,Books,5,1832.69,9163.45,upi,2026-08-08T11:47:04.792398
9d53531a-258d-420e-9f1f-d620d3514aff,CUST000616,Fashion,4,1842.03,7368.12,wallet,2026-07-28T07:47:30.981043
778d5551-d69d-4996-8dc7-b69c2ff72dac,CUST000775,Books,5,785.17,3925.85,upi,2026-03-09T09:20:55.319272
e7daf61c-28e6-4f6b-9472-ccc3e5ebbf7a,CUST000008,Toys,2,262.53,525.06,credit_card,2026-05-01T22:34:00.845674
9742317c-c8cd-429e-8c9d-9a063fbebd87,CUST000694,Groceries,5,837.58,4187.9,debit_card,2026-07-29T22:47:17.667776
21367274-94e6-4aa1-b2ea-9e796a40a242,CUST000377,Beauty & Personal Care,1,422.26,422.26,wallet,2026-06-27T23:12:53.966193
c9a5efa1-3fc0-4afe-8dd6-59e321e0abc3,CUST000125,Sports & Outdoors,1,139.79,139.79,cash_on_delivery,2026-04-30T13:10:20.941523
378846e2-ab78-4cc8-9830-ca2f7d85d163,CUST000381,Electronics,2,1877.07,3754.14,cash_on_delivery,2026-04-18T17:51:02.827617
1db382ce-d856-4075-9651-75da1c2f835d,CUST000092,Beauty & Personal Care,2,651.53,1303.06,credit_card,2026-08-05T17:17:42.080603
f8d1b1d0-8569-4f1c-8c31-3c02737a1132,,Electronics,1,678.75,678.75,cash_on_delivery,2026-05-17T23:41:59.823495
e24cf729-5dfc-41f9-aea6-efb682088e1f,CUST000257,Toys,1,871.2,871.2,credit_card,2026-08-03T19:46:17.424081
49a8d028-f251-472a-a419-604d5070975d,CUST000229,Electronics,1,640.78,640.78,upi,2026-03-10T13:36:16.944066
ec1f0689-8b76-43cd-8953-994186f82c26,CUST000647,Toys,1,737.81,737.81,credit_card,2026-06-22T14:59:36.699404
fb9071bc-0347-44ca-ada2-f0543cdff1f6,CUST000501,Home & Kitchen,5,1060.28,5301.4,upi,2026-02-24T19:21:26.841397
409b67e2-b8b9-41f8-899b-a78129d91f9f,CUST000736,Home & Kitchen,1,569.0,569.0,cash_on_delivery,2026-03-24T17:05:12.178102
879bc052-b8d5-4f1e-acac-932554671c65,CUST000132,Home & Kitchen,4,1390.47,5561.88,cash_on_delivery,2026-03-10T18:27:43.144836
d100a225-fce5-44ee-9317-354ffbc9fa96,CUST000436,Groceries,N/A,1459.68,4379.04,credit_card,2026-07-25T13:12:34.167366
8c432c79-5f74-47ee-ad38-784b776898d6,CUST000080,Fashion,3,689.8,2069.4,credit_card,2026-04-07T18:40:19.455211
c8d9de23-63a1-4e66-aa03-42dcfd412554,CUST000410,Electronics,3,1019.89,3059.67,cash_on_delivery,2026-05-06T11:59:27.444457
e47f83d1-ef26-44ab-a243-b253cdfae9a6,CUST000034,Sports & Outdoors,3,1805.12,5415.36,credit_card,2026-02-26T13:57:57.815774
09198407-e3d9-4757-a583-369fa24a8218,CUST000550,Electronics,3,1144.56,3433.68,upi,2026-05-31T05:29:24.705592
e32b51f8-832f-4fe9-91c7-200cb86753f9,CUST000188,Toys,4,850.77,3403.08,upi,2026-05-25T17:55:26.317248
6cc95cc2-fb8d-4806-8857-044422103587,CUST000451,Home & Kitchen,1,1469.46,1469.46,cash_on_delivery,2026-05-31T20:52:22.239989
a46a444e-6446-4f5e-980d-eed723caaf95,CUST000118,Beauty & Personal Care,1,179.92,179.92,upi,2026-08-04T11:18:27.640069
7fc9690d-2db1-4ece-9c88-7ba36bb2be37,CUST000793,Toys,5,660.54,3302.7,upi,2026-07-21T17:10:12.226483
f45e154c-a8cf-48c2-af6b-60a50379f4d8,CUST000587,Electronics,1,633.52,633.52,upi,2026-03-07T12:11:56.034465
77df4c07-97ef-4692-9e60-81d0cfc547a7,CUST000123,Fashion,2,646.57,1293.14,credit_card,2026-07-25T09:26:46.220258
f32b0574-f646-44b3-b7ed-8c7c4171d61c,CUST000234,Beauty & Personal Care,3,946.6,2839.8,upi,2026-07-26T03:36:58.716960
a913f123-6414-4cb1-9418-8b546cb1b5cd,CUST000151,Books,3,742.41,2227.23,credit_card,2026-06-12T01:08:11.986719
a530f961-450f-4806-a1d8-a4f7bd119f58,CUST000738,Sports & Outdoors,1,1818.92,1818.92,upi,2026-08-07T12:39:18.150756
944fdece-b7d0-4c1d-92b4-2e8cfaa1bba5,CUST000747,Groceries,2,1890.01,3780.02,wallet,2026-03-20T13:04:07.990997
22cbb20e-a9cd-491d-820b-79f799c1ab22,CUST000300,Electronics,4,1511.89,6047.56,debit_card,2026-03-15T06:22:26.473150
69684be0-aca8-47d1-9508-651804f82d8b,CUST000348,Sports & Outdoors,5,1539.9,7699.5,upi,2026-07-01T21:15:20.476613
3e2b17f3-477d-45a7-ae13-28991aa2bded,CUST000559,Home & Kitchen,2,683.67,1367.34,upi,2026-02-27T23:12:19.760216
20a920b4-5f14-4986-adff-ea19d6bbad2c,CUST000224,Electronics,3,948.99,2846.97,debit_card,2026-06-13T07:50:49.630700
a45794c6-28c5-4a12-8427-e8684a53bd6c,CUST000675,Toys,1,1070.69,1070.69,debit_card,2026-06-28T10:48:57.869615
17bcdb18-90b8-4103-9d15-cd79ffaf055d,CUST000001,Books,3,1698.77,5096.31,credit_card,2026-03-11T11:35:31.189754
d09b3955-85b2-4dfd-87a0-9eb380074757,CUST000055,Fashion,3,1650.98,4952.94,upi,2026-02-15T08:48:28.344494
751f15c8-a854-4453-9ddc-e4dc38bed244,CUST000732,Beauty & Personal Care,1,211.06,211.06,credit_card,2026-07-10T10:22:12.689064
d338774c-3712-45a4-b85e-3eeb14556e42,CUST000187,Groceries,2,1658.48,3316.96,debit_card,2026-06-27T01:48:30.660758
7b9602e2-0f2b-45f4-b64e-75bbf3d90d7c,CUST000754,Home & Kitchen,3,1059.07,3177.21,credit_card,2026-05-29T09:01:21.143420
6f7684ac-12bf-4cce-a44f-14f3429f09fe,CUST000067,Books,1,1241.39,1241.39,debit_card,2026-05-01T20:51:32.524149
570bae35-37e9-4fa6-b455-e27f67ddd8fa,CUST000308,Electronics,2,758.77,1517.54,credit_card,2026-02-20T06:07:58.759624
2fe73949-1573-419d-8775-7fa349a7fa68,CUST000233,Sports & Outdoors,1,742.28,742.28,upi,2026-06-29T13:04:32.944031
bdfcc617-f11b-4600-b295-3e98133f3427,CUST000140,Toys,1,1199.49,1199.49,debit_card,2026-04-17T08:32:48.610309
b1c9d093-ff56-45fc-8b30-c1fa1b3a62e6,CUST000013,Toys,4,1345.83,5383.32,cash_on_delivery,2026-08-08T03:53:35.578329
198fc6e1-bcd6-4b66-b798-81c406faf639,CUST000532,Toys,1,1725.03,1725.03,cash_on_delivery,2026-03-18T03:58:45.159540
f2a4575c-ec0e-4c43-a622-4a83ce2efb71,CUST000123,Beauty & Personal Care,1,995.42,995.42,debit_card,2026-02-24T09:27:47.082857
66374a8f-21bb-4dde-af46-1a44359ce5f2,CUST000527,Toys,N/A,1000.03,3000.09,cash_on_delivery,2026-03-21T14:51:40.585972
acfd08f4-90b9-4ebf-9406-7d4270b93574,CUST000759,Books,1,341.06,341.06,upi,2026-07-01T08:58:47.818460
b5da25cc-9a55-4169-9c53-77b199871758,CUST000480,Toys,1,1739.48,1739.48,cash_on_delivery,2026-07-26T15:59:13.153952
d2d4d42e-4578-4f0a-977a-ac8852e0910f,CUST000145,Sports & Outdoors,2,1083.18,2166.36,debit_card,2026-05-16T02:16:58.696450
2835077d-f33e-4e47-8a63-30950e890d20,CUST000296,Fashion,4,474.13,1896.52,debit_card,2026-02-25T21:19:29.019132
ebff961a-74b1-4f97-9c55-2e08317b9d14,CUST000493,Beauty & Personal Care,4,352.89,1411.56,upi,2026-05-09T07:23:37.786389
36fec9f6-98b3-48a5-bf7c-2263e0515e24,CUST000796,Fashion,4,36.18,144.72,credit_card,2026-06-01T02:00:04.736776
f0800db7-6bb0-4636-9b92-093da0db1cb9,CUST000190,Beauty & Personal Care,1,1754.1,1754.1,upi,2026-03-06T19:33:43.941493
8cfbb9f7-6df2-4298-b66f-22b4b29bf5ba,CUST000768,Toys,1,1007.76,1007.76,credit_card,2026-03-14T10:01:23.093453
5a45b9de-dd22-4813-a828-3d1cf0075402,CUST000186,Toys,5,1802.73,9013.65,upi,2026-06-02T23:38:50.968839
579dd43e-7bc5-41ee-ba83-cfa9ade52a6e,CUST000737,Electronics,N/A,26.29,52.58,debit_card,2026-07-15T16:51:20.508578
851e47a3-4b5e-447a-94eb-5615f933fd86,,Beauty & Personal Care,3,354.15,1062.45,credit_card,2026-08-04T04:58:10.039039
db55312c-675a-4798-85c0-9246c54acb8d,CUST000553,Fashion,3,644.82,1934.46,cash_on_delivery,2026-08-05T10:01:23.051507
75a5c24e-b09d-4df7-8368-aa96bf8a58d2,CUST000040,Fashion,5,238.95,1194.75,wallet,2026-02-23T18:25:02.566403
33fbeaa5-0203-44e3-b3b5-8104f241d690,CUST000553,Electronics,4,1916.37,7665.48,upi,2026-03-03T16:17:41.316178
2da851f8-6793-4a3a-b7a7-c78e027a238d,CUST000143,Home & Kitchen,N/A,1181.2,4724.8,upi,2026-02-16T06:04:04.294738
a4c1cf9b-ae77-4ed0-bfde-85f7647cf60a,CUST000388,Electronics,2,1928.22,3856.44,credit_card,2026-07-06T09:16:43.309577
32d4ba12-1c28-4e54-99bf-f894aa0604b9,CUST000016,Books,5,1991.33,9956.65,upi,2026-06-03T15:35:01.197570
8da60775-4a7e-4871-81d3-85fdb3c43825,CUST000259,Groceries,1,1592.7,1592.7,upi,2026-05-14T20:27:17.400049
6ab89beb-2823-429f-b043-631a3500dfc1,CUST000206,Toys,1,1939.43,1939.43,debit_card,2026-07-20T18:31:21.860808
17a5476f-95d2-4d9a-a43e-1a1fefae8557,CUST000214,Groceries,3,1183.51,3550.53,cash_on_delivery,2026-06-19T01:26:10.927475
c5382440-71f2-447b-a73c-6604055c0c87,CUST000504,Groceries,5,256.04,1280.2,debit_card,2026-07-08T18:48:05.100713
49a4b571-727d-4602-9d7a-ac24819b4258,CUST000041,Groceries,3,1098.23,3294.69,credit_card,2026-06-13T03:01:08.956990
4b643d33-ece1-441c-a371-a9672e283778,CUST000673,Toys,2,111.18,222.36,credit_card,2026-06-10T09:54:39.035091
57c1f726-6f2e-4362-ab4f-72e9803cd762,CUST000547,Groceries,4,1716.01,6864.04,credit_card,2026-07-17T04:54:51.528173
e5192fd4-cafc-4c81-9368-8faa2918cba6,CUST000252,Home & Kitchen,2,168.67,337.34,cash_on_delivery,2026-07-25T05:44:11.050407
182bc170-d7b4-454d-a694-f1612ac36324,CUST000424,Groceries,2,612.84,1225.68,wallet,2026-03-11T19:51:11.300024
7b5dfbdd-e277-43dd-818c-a5463482b14b,CUST000545,Groceries,4,1907.47,7629.88,debit_card,2026-02-27T17:08:28.647353
5c9dec45-2710-4591-8d86-872a3e69d52b,CUST000572,Electronics,3,1163.07,3489.21,debit_card,2026-07-19T14:06:40.026381
0ba8651f-eed1-4bb9-b86f-e6f15a342c6f,CUST000403,Home & Kitchen,5,697.0,3485.0,credit_card,2026-04-08T07:19:38.685265
999b45ec-6f84-46f7-92b4-000df3399247,CUST000776,Sports & Outdoors,3,219.95,659.85,cash_on_delivery,2026-05-22T03:54:12.724655
59b63764-a92f-44c7-9979-59ed02af805b,CUST000774,Electronics,4,1521.21,6084.84,wallet,2026-05-15T01:26:02.371234
5cd1823f-203a-40b7-a744-6906a646a8e6,CUST000454,Books,3,251.57,754.71,cash_on_delivery,2026-03-25T20:55:52.689597
5f8f1391-c163-4a6f-b84c-a6b657492ce4,CUST000396,Sports & Outdoors,2,277.13,554.26,upi,2026-04-04T23:29:59.893502
c617eaf0-da29-458b-9084-f2cd8aa4206d,CUST000764,Toys,4,767.24,3068.96,debit_card,2026-06-03T12:19:41.928568
d7957ad2-7fda-4fb4-8214-2b0f496f8220,CUST000030,Electronics,3,1794.13,5382.39,upi,2026-04-26T14:40:01.228748
2ab50c44-26d3-40a2-a1ef-58fabd512054,CUST000064,Groceries,4,855.29,3421.16,upi,2026-05-28T16:32:05.759055
b5101efe-d852-42e9-9cd0-bdb714c99ac8,CUST000022,Home & Kitchen,1,506.47,506.47,credit_card,2026-06-14T15:35:48.392289
eb02e720-9e01-4f65-a223-ebee1c5c6a0c,CUST000437,Fashion,5,1552.93,7764.65,wallet,2026-07-13T09:01:24.663378
e5b570e5-bf36-4fe7-9e44-d42c0b034d40,CUST000319,Fashion,2,793.51,1587.02,debit_card,2026-07-26T19:28:52.909196
9adc1212-1fdb-4894-8b89-f1003da6db83,CUST000739,Home & Kitchen,3,1280.71,3842.13,wallet,2026-05-23T20:04:34.159502
376991dd-e5b6-4726-9a90-034a3af9c09d,CUST000036,Groceries,5,614.43,3072.15,cash_on_delivery,2026-04-13T00:18:14.513477
07fe1545-ff42-45d5-bfd2-d8bc6df435f4,CUST000374,Sports & Outdoors,5,354.66,1773.3,credit_card,2026-05-21T03:29:06.827359
b52dadf3-8bf0-48c9-a4f2-924084bfa42b,CUST000180,Toys,1,1912.85,1912.85,upi,2026-06-24T15:41:15.529242
02ee1346-2b81-4be1-829b-6967d4682690,CUST000224,Beauty & Personal Care,3,693.97,2081.91,debit_card,2026-02-14T18:25:51.491366
a8343443-2d84-470e-900e-187985df7890,CUST000415,Toys,4,1131.03,4524.12,upi,2026-05-09T00:58:23.785325
e2da3f2c-2407-4974-b3da-571e9c32df40,CUST000611,Fashion,3,650.69,1952.07,upi,2026-05-15T04:52:16.483022
9242bcf4-ec09-44ee-946b-0de4001275b4,CUST000465,Books,5,51.63,258.15,debit_card,2026-05-10T15:00:33.615484
755f5994-d3b5-47ab-adc7-8fbeb7f2798a,CUST000662,Sports & Outdoors,2,672.54,1345.08,credit_card,2026-02-23T14:00:16.650367
17e9b92c-02bd-410c-9e7e-61042a17079c,CUST000439,Sports & Outdoors,2,1583.2,3166.4,upi,2026-07-20T19:41:57.500294
027260fa-ec9f-40aa-85a6-44cbf417b362,CUST000295,Toys,3,767.1,2301.3,wallet,2026-06-23T01:53:24.131341
f16c2261-8b7e-4897-9454-295e3ee2a319,CUST000114,Fashion,5,1676.01,8380.05,credit_card,2026-05-17T09:44:47.316535
f72ff3b8-714a-4b79-b128-86e637536c2e,CUST000597,Books,5,1277.75,6388.75,cash_on_delivery,2026-04-21T01:29:14.929564
62bcad45-c5b7-412a-a2cc-452d470b3b04,CUST000799,Fashion,4,1553.66,6214.64,cash_on_delivery,2026-07-26T14:06:17.576017
8dc53279-8331-4c7f-b8d7-8543a016264f,CUST000024,Sports & Outdoors,4,975.15,3900.6,upi,2026-05-21T21:48:00.624195
f0e0d708-75bf-4a34-8ddd-13c55d7e0d44,CUST000169,Groceries,3,158.79,476.37,debit_card,2026-02-14T17:16:52.161155
3592e2d5-03fe-4867-974c-6b0d4233b223,CUST000484,Electronics,1,105.9,105.9,wallet,2026-03-05T03:40:37.527205
bd8f7075-2565-4957-984e-f3d5483167fb,CUST000136,Beauty & Personal Care,1,1747.4,1747.4,debit_card,2026-07-21T21:06:12.621922
fb249f46-bdcf-4b38-8e44-cc2a531440e9,CUST000516,Sports & Outdoors,3,1768.44,5305.32,upi,2026-03-11T02:48:42.826085
f7b499da-ddcb-4e4f-9bcd-c3be55d64336,CUST000103,Home & Kitchen,4,715.7,2862.8,debit_card,2026-04-08T04:33:30.363029
fb10047d-3aa0-468f-af1b-86591e8f869b,CUST000493,Toys,2,1073.34,2146.68,cash_on_delivery,2026-02-26T20:57:07.095911
2e4b694d-1188-43d3-8472-b5f51cd5eb7a,CUST000186,Home & Kitchen,2,904.07,1808.14,debit_card,2026-04-16T03:20:34.346828
9752320e-4d7a-4df2-acea-0b4c3c467067,CUST000746,Books,3,153.35,460.05,upi,2026-05-24T21:52:44.695613
03cd4453-c445-40c7-a592-efc7b6eee315,CUST000377,Groceries,2,354.55,709.1,upi,2026-03-23T09:36:08.235811
71feff77-e55d-4123-b242-dd4025dd3c18,CUST000619,Beauty & Personal Care,2,946.86,1893.72,upi,2026-06-05T13:23:50.879876
50f6b955-977f-4d4f-901f-b2cbea1e7553,CUST000043,Sports & Outdoors,4,1925.78,7703.12,cash_on_delivery,2026-07-31T19:31:45.107973
92b12b41-47ec-4424-9551-c7c6052083ba,CUST000222,Toys,4,910.21,3640.84,credit_card,2026-07-27T03:36:02.914296
a01c7221-8d9a-4084-89de-91afde46466c,CUST000401,Books,3,207.1,-621.3,cash_on_delivery,2026-07-30T02:55:06.030293
53051f98-18e9-4b0a-a173-2979be547606,CUST000267,Sports & Outdoors,2,1355.47,2710.94,wallet,2026-03-16T18:11:08.729831
6f51dd2d-7c6b-4119-9f92-bd013f859501,CUST000707,Sports & Outdoors,1,1729.31,1729.31,wallet,2026-04-08T05:10:53.643970
5e0cdb77-38a8-4803-b9a0-9bee42f824ff,CUST000629,Home & Kitchen,1,104.55,104.55,wallet,2026-08-05T20:33:27.281785
41a34d0a-6e1a-4648-967b-eb6fe228d913,CUST000075,Electronics,3,360.09,1080.27,wallet,2026-06-29T08:56:45.970070
96b0f8ae-dbe8-4691-beae-6df84262f835,CUST000731,Electronics,1,879.85,879.85,upi,2026-03-17T15:08:34.418917
6f1134cd-0d68-4f11-8b27-e852ab974e5d,CUST000523,Groceries,5,879.45,4397.25,credit_card,2026-05-15T23:06:34.630318
5bc7fa37-9e0c-4ba6-82b6-280d1b97ea50,CUST000362,Home & Kitchen,5,719.15,3595.75,credit_card,2026-06-26T08:56:32.247112
96be359f-0367-4c84-b684-866a12a67f8c,CUST000444,Toys,4,582.49,2329.96,credit_card,2026-08-05T20:22:19.764118
c0adddec-8762-4126-a750-0b0fbe49db8c,CUST000570,Beauty & Personal Care,2,640.08,1280.16,upi,2026-05-17T14:39:51.331258
6e4d925c-786a-4363-96f6-3243652efe86,CUST000080,Books,1,1367.12,1367.12,debit_card,2026-03-19T07:28:25.776842
d7977585-a0c4-4663-9156-9a561122ed06,CUST000271,Sports & Outdoors,2,1933.61,3867.22,debit_card,2026-03-12T08:12:58.582344
eec9d5a5-69ca-41eb-a331-3eb0cde25572,CUST000634,Groceries,2,102.59,205.18,credit_card,2026-04-02T06:26:39.109987
7ac6ce1b-07c5-47e6-888a-c80a7945ac93,CUST000464,Beauty & Personal Care,1,1777.09,1777.09,cash_on_delivery,2026-04-11T04:06:07.679690
0d2351c5-1c0f-4ea5-b481-65344038d6bd,CUST000619,Home & Kitchen,4,1634.03,6536.12,cash_on_delivery,2026-02-13T00:38:39.776014
5729a577-0d92-4c2a-bd6a-c029e119d91b,CUST000140,Toys,3,1393.43,4180.29,debit_card,2026-05-16T12:49:35.951633
dee941a3-f89b-4a37-bbad-c114a08c8b52,CUST000187,Books,4,1565.9,6263.6,credit_card,2026-04-13T11:34:00.050416
5a03bfcb-6e06-44c5-a72d-9a6a5a983856,CUST000213,Books,4,845.18,3380.72,cash_on_delivery,2026-03-03T04:51:21.424515
4407976c-0fc1-4254-a88e-ded5fd742412,CUST000517,Toys,N/A,821.22,3284.88,cash_on_delivery,2026-05-27T14:28:05.722729
57f03182-936f-40f6-815f-e31519c7fadb,CUST000420,Fashion,2,1590.26,3180.52,wallet,2026-08-07T07:20:44.482176
ab59c086-00a7-410a-8792-7be6671046c9,CUST000136,Electronics,4,1563.11,6252.44,cash_on_delivery,2026-05-10T08:39:20.010151
3d6206b4-2a32-437a-9f3b-07532eb0d6d2,CUST000690,Toys,5,63.98,319.9,wallet,2026-06-07T06:47:19.598067
30b2f739-0d6d-4ecd-a4dd-ec47ff16e2e9,CUST000341,Sports & Outdoors,2,240.86,481.72,cash_on_delivery,2026-06-01T06:15:36.988259
de8d75bd-aec5-4fcd-89d7-a9a548ed6d84,CUST000696,Toys,3,23.53,70.59,credit_card,2026-02-25T10:06:55.839302
4164275c-c1a5-415d-80d4-0720e4e408d8,CUST000414,Books,5,1474.78,7373.9,wallet,2026-08-06T14:35:50.130795
ebb0ca38-fe00-4ab8-84f6-059a1df022de,CUST000224,Beauty & Personal Care,3,1439.08,4317.24,wallet,2026-06-27T09:48:24.190779
29067de8-fc82-4c1d-a233-110194886d57,CUST000121,Home & Kitchen,5,723.67,3618.35,debit_card,2026-03-06T07:53:33.270717
62120570-d571-4d31-9343-e9a798329750,CUST000553,Sports & Outdoors,3,49.97,149.91,upi,2026-07-24T01:00:57.161283
2d4a9c75-3df0-4e9d-a103-1fe820045145,CUST000144,Beauty & Personal Care,1,304.41,304.41,debit_card,2026-02-22T03:52:06.456956
f1f13687-e6d9-4e7d-b219-79f3d8c3ef8b,CUST000716,Groceries,5,1787.77,8938.85,wallet,2026-02-19T21:12:09.876764
fde5c4ac-6fcd-4792-9de2-c98ef661d1d7,CUST000052,Toys,5,1320.1,6600.5,cash_on_delivery,2026-07-07T04:09:48.693251
ed214b2c-43d0-48f9-ac92-6484db02a1a8,CUST000361,Groceries,2,1143.47,2286.94,credit_card,2026-08-04T07:51:19.960211
c0be8dcd-9af9-4809-a364-bb6542c606bc,CUST000356,Groceries,4,577.7,2310.8,upi,2026-04-24T20:15:41.578241
b7814d9b-6ece-47ae-924a-c01b8e94b5b9,CUST000474,Home & Kitchen,1,917.79,917.79,wallet,2026-05-02T12:26:47.313234
8ecb185b-252b-4baa-a944-53318fba2685,CUST000760,Groceries,1,1516.76,1516.76,debit_card,2026-02-25T07:29:52.318170
8f6130de-ef33-424e-bc27-724fe029df31,CUST000306,Groceries,3,1974.96,5924.88,wallet,2026-04-13T09:32:25.380257
768e8307-45a0-46e6-8d8d-091eb1662e1f,CUST000144,Toys,4,1860.72,7442.88,credit_card,2026-03-02T05:19:25.567308
d2b65c78-6167-4823-bc82-1a04f7bf1223,CUST000618,Home & Kitchen,2,1042.05,2084.1,debit_card,2026-05-25T12:45:27.697537
fdaf8adf-3d0f-4513-a4d7-c81a5c297f5c,CUST000672,Groceries,1,492.56,492.56,upi,2026-04-08T18:34:29.874724
82237547-3521-4741-be44-64b4b576c6e4,CUST000141,Fashion,4,660.68,2642.72,wallet,2026-07-19T07:37:47.254842
45d17729-62bd-4797-afd6-a206389edb9f,CUST000066,Toys,4,207.98,831.92,debit_card,2026-04-12T06:17:00.075363
33e82d26-805a-4480-804e-b0e5aceaf30b,CUST000458,Books,1,1121.52,1121.52,credit_card,2026-03-01T14:19:54.940614
9a31bb33-f52f-4e07-89b9-103a23220b43,CUST000242,Sports & Outdoors,3,1613.39,4840.17,wallet,2026-08-07T10:09:19.757315
ac3693bc-0e36-42cf-bb76-a0de89c2b85c,CUST000154,Toys,4,1867.97,7471.88,upi,2026-05-09T00:06:05.047614
867c0579-7e7f-47b0-8832-28d723a2a734,CUST000196,Home & Kitchen,1,445.03,445.03,debit_card,2026-05-27T07:15:56.834254
7bff0105-b001-4c52-b313-d13e5ef860d8,CUST000215,Beauty & Personal Care,1,198.77,198.77,cash_on_delivery,2026-06-23T02:46:34.166680
9e919a09-82c1-4b96-8d79-6f739a45f986,CUST000690,Fashion,4,176.95,707.8,upi,2026-07-21T01:26:05.519583
4254d957-57c4-49f4-9983-50e2c3d2a0bb,CUST000070,Home & Kitchen,5,1898.22,9491.1,credit_card,2026-07-04T10:26:26.200312
a0126bdc-0d7c-4df6-b941-8d9d5587f78e,CUST000155,Electronics,3,1109.65,3328.95,debit_card,2026-05-13T19:19:48.301507
87e11e79-3bdb-4723-8667-124cd2ffdaa1,CUST000418,Sports & Outdoors,4,1503.81,6015.24,wallet,2026-02-19T06:11:09.113594
76bf49dc-8ec8-4ab9-b3db-d0f98b940a72,CUST000329,Books,1,544.52,544.52,upi,2026-07-09T08:34:39.616892
d6fc4cb6-8357-41fa-9323-957076de7d6b,CUST000182,Sports & Outdoors,5,781.21,3906.05,debit_card,2026-02-17T12:40:41.063766
04ed6e9a-3700-4885-8168-5dbc9bb465fd,CUST000365,Toys,1,921.35,921.35,wallet,2026-04-06T00:13:17.734442
8ac0150f-0f71-48d5-a802-16f297086293,CUST000166,Home & Kitchen,1,784.45,784.45,cash_on_delivery,2026-05-14T11:37:00.616236
beb9f95c-6ef4-4ae0-8763-3f0ff1c668df,CUST000686,Fashion,1,272.88,272.88,credit_card,2026-03-09T01:40:16.330695
b434c519-6349-4d41-aac0-6494f1003c91,CUST000563,Sports & Outdoors,2,100.88,201.76,upi,2026-07-06T13:44:19.849082
120a00da-1151-4e2b-8d15-3555760f2845,CUST000588,Books,2,413.35,826.7,upi,2026-08-09T06:20:27.663980
12593f55-0835-48ef-b711-50dab6797d25,CUST000349,Fashion,5,1702.94,8514.7,debit_card,2026-03-18T20:34:25.078348
391ad77d-df66-4d97-955b-9ca8a1eaf6bb,CUST000749,Toys,4,1044.18,4176.72,upi,2026-05-08T16:23:17.275604
a299979a-17bb-4765-8c0d-80b15f5ce2c6,CUST000206,Books,4,1781.6,7126.4,credit_card,2026-03-26T15:58:41.381439
cba1cccb-a4be-42d2-9956-004496109aa4,CUST000422,Beauty & Personal Care,1,89.85,89.85,debit_card,2026-08-08T17:35:48.326870
72db3e77-b731-4350-af89-402569b27e5f,CUST000533,Home & Kitchen,1,247.03,247.03,cash_on_delivery,2026-02-13T09:17:25.667568
499d3773-b9c4-4fc7-bf70-e11f1290c96b,CUST000132,Books,1,960.01,960.01,credit_card,2026-03-05T01:09:48.419707
3085ce05-af12-445d-bc08-1eb79d59e206,CUST000504,Fashion,4,1644.57,6578.28,credit_card,2026-05-30T07:15:18.679547
aa64f998-8db9-4b3d-a411-8a029633fac0,CUST000160,Beauty & Personal Care,1,1697.83,1697.83,wallet,2026-03-24T05:06:21.440099
53b45c34-758e-47fb-9b4f-399a14e21b90,CUST000430,Sports & Outdoors,5,1750.27,8751.35,cash_on_delivery,2026-08-03T06:46:24.481012
dcbb7021-e118-436b-b7a6-8a87d54ca967,CUST000628,Fashion,4,871.04,3484.16,credit_card,2026-03-01T09:03:48.244457
92b9c602-94ec-42c0-a1e7-89ef59cf449e,CUST000759,Fashion,5,37.36,186.8,wallet,2026-06-05T21:44:24.716779
1c0b33d8-c3ea-4a7a-a898-ea54af74db24,CUST000263,Sports & Outdoors,4,70.89,283.56,debit_card,2026-03-11T10:12:01.543613
3bed6ba1-b1d9-4529-86f2-de42d25fa624,CUST000015,Toys,1,1618.44,1618.44,debit_card,2026-05-17T00:36:09.968250
272e095b-d958-4c3b-9131-ed4cef9a843c,CUST000523,Home & Kitchen,1,804.21,804.21,debit_card,2026-02-15T11:55:04.031981
ded0e2d4-f313-4967-9af9-53c1b32c4d75,CUST000567,Beauty & Personal Care,5,1838.7,9193.5,upi,2026-05-21T04:06:24.787381
4dd3fe42-5404-439c-aac5-f4cd6d0b6731,CUST000066,Toys,3,1214.3,3642.9,debit_card,2026-06-08T08:14:57.691238
813d1ee2-7f54-4420-9c38-e83f74fedd8e,CUST000709,Groceries,2,935.74,1871.48,debit_card,2026-02-15T02:31:30.300939
483536e9-d8d7-48d4-be82-e7a8ed5eb827,CUST000661,Beauty & Personal Care,1,1783.02,1783.02,debit_card,2026-04-29T07:46:31.745285
45854c2f-3484-4a99-8610-c261f37faaee,CUST000433,Groceries,4,1782.75,7131.0,upi,2026-06-12T13:39:37.012658
bfa4f9d7-bbbc-4018-8c1e-3bd4a55f37ac,CUST000332,Books,2,1357.41,2714.82,upi,2026-03-04T20:33:08.156772
2c95b2f2-1f2f-4645-8b94-038cc974bfb9,CUST000364,Groceries,4,1651.91,6607.64,upi,2026-06-23T16:51:35.652632
a8dd6768-f7e7-4462-94c6-eaef748b9ff1,CUST000401,Sports & Outdoors,3,1221.44,3664.32,debit_card,2026-05-03T12:51:14.293781
d4403f57-68e4-4d07-b4af-a5c7462c95a8,CUST000254,Books,1,594.49,594.49,wallet,2026-07-07T04:58:55.950085
e900ea4a-9360-418d-92d5-62c36f16b44d,CUST000481,Electronics,2,1471.23,2942.46,cash_on_delivery,2026-05-12T07:29:18.260616
5cda9b00-7251-4cd1-bf6b-4775ad44b025,CUST000372,Electronics,5,1327.04,6635.2,debit_card,2026-06-13T06:06:29.540428
1dd16cba-c669-4a6f-b08a-5c96b4e58168,CUST000043,Electronics,3,1381.72,4145.16,wallet,2026-06-29T10:08:58.172513
87d91efa-0390-4c5f-81b4-cdf0f64df8f6,CUST000234,Home & Kitchen,1,268.93,268.93,upi,2026-06-08T10:56:12.245727
279c8495-b09e-4f5c-bf82-f8bc30c9ed6b,CUST000535,Groceries,4,122.57,490.28,upi,2026-05-24T22:44:37.240498
f65745bd-5368-4d29-8718-7c0ba0e698dd,CUST000173,Electronics,3,1314.36,3943.08,wallet,2026-07-15T23:55:46.125915
2b639bbb-0221-4d99-9bd7-7ea1e01ef865,CUST000451,Fashion,4,1017.12,4068.48,credit_card,2026-02-12T16:59:19.858039
c0e3cdd4-f5dd-48a8-9c47-65b19a1ec032,CUST000661,Books,2,1700.74,3401.48,debit_card,2026-03-08T17:17:42.026149
c71f55a8-24fd-434e-a73b-f8988d61ca20,CUST000722,Home & Kitchen,2,130.28,260.56,upi,2026-06-07T11:20:19.183045
f6ec7c5e-03ae-4aad-b8d3-8f98854d37e8,CUST000235,Home & Kitchen,3,901.4,2704.2,credit_card,2026-02-17T22:57:47.375418
99514b0f-791a-46a3-b3c1-c80d9df8d633,CUST000731,Fashion,2,441.94,883.88,debit_card,2026-04-12T20:22:16.404035
29f09afe-8fd1-41fa-863f-80c7bf0eefd3,CUST000350,Fashion,2,1776.42,3552.84,credit_card,2026-05-23T03:03:56.101544
b8e0d0ab-02d6-4245-b449-16258bc28226,CUST000730,Beauty & Personal Care,5,1883.15,9415.75,upi,2026-03-19T18:58:14.928316
87ba56a7-b9f5-4c60-8173-efeb4a93b73d,CUST000634,Books,1,835.9,835.9,upi,2026-05-17T09:25:40.994748
26a3b9df-1c8f-4dc8-860d-854fd456f4f4,CUST000532,Sports & Outdoors,1,1669.17,1669.17,cash_on_delivery,2026-05-27T04:53:53.451858
947888b9-d8ce-4763-afa3-52e435645455,CUST000774,Electronics,4,1957.09,7828.36,wallet,2026-04-23T19:19:36.639271
ef23b797-1b8b-4539-977c-5dafd8194800,CUST000673,Home & Kitchen,4,1446.59,5786.36,upi,2026-03-16T09:16:15.900888
3297e3de-3a0e-40ce-b64d-63bfe462f0a9,CUST000190,Groceries,2,821.88,1643.76,wallet,2026-04-13T13:24:34.148224
bafcaf13-c1dd-4070-b3be-c94bd13e7253,CUST000750,Toys,5,1875.63,9378.15,credit_card,2026-05-16T00:08:02.867921
a00bb52b-3b34-4ab0-9cf4-b13077bf771d,CUST000161,Beauty & Personal Care,5,233.35,1166.75,wallet,2026-06-29T18:59:45.469103
31d40b52-77f2-4721-a2a9-1b4b97ed3eac,CUST000139,Home & Kitchen,2,315.04,630.08,cash_on_delivery,2026-03-26T03:10:49.819687
d0144b94-55da-4148-bd28-f2f7e5421222,CUST000614,Groceries,3,1990.44,5971.32,debit_card,2026-07-11T09:47:10.285671
b1f188ee-8b11-4bc3-944e-b7c193dc7c04,CUST000619,Beauty & Personal Care,3,1388.5,4165.5,debit_card,2026-04-15T02:16:17.925606
426cd734-9bdb-45d8-bdff-920cb194b9bb,CUST000101,Sports & Outdoors,1,573.16,573.16,upi,2026-03-12T19:43:00.796646
13fc955e-3c17-4534-8bec-8aba7701d631,CUST000500,Toys,4,359.28,1437.12,wallet,2026-04-19T15:06:56.919240
6207f139-c90e-460b-9ff0-88ba23e87ad2,CUST000684,Electronics,1,828.85,828.85,cash_on_delivery,2026-05-14T13:37:41.302215
26a0f633-4486-439a-add5-b566bb65cb5a,CUST000302,Beauty & Personal Care,4,1085.5,4342.0,credit_card,2026-05-05T17:26:05.167071
80115923-288f-4f65-aa05-5a4981de8208,CUST000188,Electronics,2,324.21,648.42,wallet,2026-08-05T16:07:19.288181
89a5588f-a441-4a02-b8aa-1be266cece4a,CUST000553,Books,1,987.83,987.83,debit_card,2026-07-27T22:38:26.804734
7c7b7b2a-1c46-4bf9-aa87-351b413fd281,CUST000378,Toys,4,176.05,704.2,debit_card,2026-03-11T05:43:17.624878
6e0d6913-dc77-46b2-943a-aba0ed06fc82,CUST000727,Home & Kitchen,2,1428.29,2856.58,wallet,2026-07-07T08:32:11.208727
48abffc5-84ed-4029-b5ac-077b1fa1df0c,CUST000210,Groceries,3,1496.95,4490.85,credit_card,2026-04-06T04:16:45.644670
e5ceb4fe-4661-4e51-ab10-aef6f29f0675,CUST000063,Beauty & Personal Care,5,411.98,2059.9,credit_card,2026-03-17T13:41:22.346640
a7c5276d-07c5-40f9-9905-89326492ab18,CUST000356,Sports & Outdoors,3,1926.76,5780.28,debit_card,2026-03-10T17:21:25.596065
615a3d52-47ae-46a9-a297-94c03816b884,CUST000135,Beauty & Personal Care,3,1368.17,4104.51,credit_card,2026-05-14T08:47:50.596706
d28440ac-61d3-4d90-9f6f-f8fc9d10b5b5,CUST000309,Beauty & Personal Care,4,350.74,1402.96,upi,2026-04-26T03:51:22.014424
c46246dd-cd03-4b33-a36c-60f3f2d90e26,CUST000630,Toys,1,1720.63,1720.63,credit_card,2026-06-02T01:27:40.246206
e3b56a45-e392-432f-8a92-e5cfe569d654,CUST000170,Sports & Outdoors,4,1131.96,4527.84,credit_card,2026-04-21T19:13:23.369098
3469e500-6771-4ab6-9efe-01ac064fca8a,CUST000575,Electronics,2,799.81,1599.62,credit_card,2026-04-26T05:48:46.330661
7339934b-e966-493a-ad22-98a78cad126c,CUST000618,Sports & Outdoors,2,1744.81,3489.62,debit_card,2026-05-27T17:03:26.810381
dc3a24a5-d7ad-4171-bca2-12762d5da789,CUST000174,Home & Kitchen,3,386.36,1159.08,wallet,2026-04-01T13:38:25.503483
a415e22d-7283-4980-915f-0a2f8f2b2b9b,CUST000690,Groceries,1,761.96,761.96,upi,2026-03-24T22:48:37.914587
1a4a598a-911e-4862-882f-4f01009d610b,CUST000449,Groceries,4,47.6,190.4,upi,2026-06-17T11:30:46.997772
48435644-34a4-4c29-aa43-43b14bc5b80c,CUST000489,Toys,2,624.68,1249.36,upi,2026-06-17T12:59:56.385669
da034fd6-6f8f-495d-a702-d0e2ff90a108,CUST000093,Toys,2,1436.81,2873.62,debit_card,2026-05-22T14:33:48.570184
c78262f8-797c-46b3-ad49-5d277519865e,CUST000134,Sports & Outdoors,3,1332.71,3998.13,wallet,2026-03-24T00:16:59.682723
053f030e-f027-47b1-a0cd-ce7146d72204,CUST000028,Home & Kitchen,N/A,1559.5,6238.0,debit_card,2026-03-28T01:12:07.438168
3e73996b-bd13-4a8c-aaf3-82033818c827,CUST000313,Sports & Outdoors,2,965.08,1930.16,cash_on_delivery,2026-06-07T13:04:58.643788
f72d1375-4e18-47d5-9409-c6f979dc6e66,CUST000004,Fashion,5,1321.39,6606.95,upi,2026-02-18T03:48:35.656571
d1f19d28-9acd-4e20-8aa5-986eccb5a8cc,CUST000406,Books,5,583.31,2916.55,credit_card,2026-03-15T08:19:42.536327
709e7ade-6fdc-432f-b909-c55473c86461,CUST000260,Home & Kitchen,5,547.27,2736.35,upi,2026-03-10T04:31:03.993185
73c5bccd-c83b-4377-9401-fdb97f3b312c,CUST000540,Beauty & Personal Care,4,691.81,2767.24,wallet,2026-06-07T01:54:46.910572
3373f3ed-412a-49a5-85c6-a51f2bd35f4c,CUST000397,Groceries,3,1092.88,3278.64,credit_card,2026-07-31T12:41:34.327306
ec1ef501-b134-485c-a007-415987ffb7cf,CUST000442,Beauty & Personal Care,3,673.26,2019.78,credit_card,2026-08-03T23:58:09.505441
f37aeff0-76f6-44a7-b6f7-69e39458566f,CUST000567,Home & Kitchen,5,1424.24,7121.2,credit_card,2026-05-16T13:50:57.902693
8b2f829a-d612-4298-b63a-03cb6eee8d3e,CUST000508,Toys,2,987.55,1975.1,wallet,2026-05-23T07:31:55.920549
37688dc6-16ff-491e-8db5-630cc8a6c2f3,CUST000494,Fashion,1,1391.67,1391.67,cash_on_delivery,2026-07-28T21:41:48.670516
d792a3ca-9d52-48d9-a0b1-83d0a91f75f0,CUST000243,Toys,4,1871.51,7486.04,cash_on_delivery,2026-08-03T21:22:39.417793
6d20f4da-0592-4eac-a0e5-3d42bc7ee923,CUST000354,Books,5,301.57,1507.85,wallet,2026-07-13T20:40:18.395704
fb3d54f9-a279-40a1-a38c-c049771b0d96,CUST000770,,2,846.87,1693.74,upi,2026-06-13T15:12:55.284455
d181e4f7-0a69-4b6c-84f3-51869ccfc48d,CUST000402,Toys,3,311.41,934.23,credit_card,2026-04-07T04:24:03.669885
fbcc6db6-cab1-4148-af27-9d02297408b7,CUST000152,Groceries,1,972.49,972.49,cash_on_delivery,2026-04-26T22:06:46.048862
f34f20ef-61d1-4110-ba6a-6b2b5e648f0d,CUST000308,Home & Kitchen,5,497.88,2489.4,debit_card,2026-05-22T18:53:43.389179
1d4dc9e4-c28a-49f9-9fbd-623f53f8207a,CUST000577,Electronics,3,362.81,1088.43,credit_card,2026-02-24T15:22:40.189170
ea9eaf24-424b-4d60-b594-434970e0249e,CUST000603,Toys,5,1525.05,7625.25,cash_on_delivery,2026-03-03T02:00:23.710991
37b6b2c0-b10b-401f-8351-30320f8c81c1,CUST000671,Toys,3,1994.95,5984.85,cash_on_delivery,2026-07-30T06:27:01.216485
4593fdb0-a954-42e0-8dee-9cda560b2106,CUST000610,Books,3,418.25,1254.75,debit_card,2026-03-19T14:56:27.868331
c780c975-3d26-4131-bf33-df1e4e301c07,CUST000541,Electronics,5,1826.4,9132.0,upi,2026-05-17T18:40:54.946307
68859aaa-47bd-4f02-9c7d-35d46c572f51,CUST000631,Electronics,3,566.77,1700.31,cash_on_delivery,2026-07-10T13:39:27.157580
536beea5-ca7d-42f5-b247-314cdb1290d6,CUST000385,Sports & Outdoors,4,1913.59,7654.36,wallet,2026-04-16T17:02:27.639857
a7be9cd2-5abb-436f-8edc-ba25407608af,CUST000708,Books,2,1594.28,3188.56,debit_card,2026-03-11T03:36:56.021953
750e7022-2dbd-4f9e-9965-4a5510913f00,CUST000524,Electronics,N/A,1691.33,3382.66,wallet,2026-05-18T12:42:40.407009
a5c6cf49-c9c4-4797-a34c-81ca869c07f7,CUST000198,Groceries,4,1453.99,5815.96,upi,2026-03-29T08:38:37.187297
20c7c9c5-124c-454b-be60-3d4058b09c63,CUST000196,Fashion,5,855.47,4277.35,debit_card,2026-05-31T02:50:41.714185
38e7d311-5e12-415d-9b74-e46b60302f93,CUST000432,Sports & Outdoors,2,1651.92,3303.84,credit_card,2026-07-02T02:31:33.225744
c10f1c7b-b8e3-40cd-9fdb-a578bda47c26,CUST000346,Groceries,4,1124.58,4498.32,debit_card,2026-07-09T01:47:07.146662
b190ddc4-11e2-4349-82f8-997885963613,CUST000055,Electronics,2,1488.62,2977.24,wallet,2026-04-28T18:54:38.948874
e95d7549-8674-4c62-8d3f-b2f681dd24d0,CUST000630,Beauty & Personal Care,2,840.3,1680.6,credit_card,2026-03-09T21:40:46.291888
882c7133-af24-4e4f-bf40-ab1d0e0d42c2,CUST000431,Toys,1,672.75,672.75,debit_card,2026-03-01T10:35:09.203394
e7a68a90-1549-4c22-848f-9b17030f87a2,CUST000050,Electronics,2,1325.76,2651.52,cash_on_delivery,2026-05-26T09:29:07.857456
6f2c5b48-3f6d-4f73-bac5-80610530a9a4,CUST000388,Sports & Outdoors,4,486.55,1946.2,credit_card,2026-03-29T04:28:05.549103
e659a13e-bc67-4dfc-84be-5da678750b29,CUST000643,Electronics,4,285.01,1140.04,credit_card,2026-04-28T20:01:38.795701
80d5decf-8ffb-48dd-a8da-5e6057964164,CUST000632,Home & Kitchen,1,63.43,63.43,credit_card,2026-05-08T12:20:33.889431
b3f9815b-d635-47fa-b62a-ad348a83379b,CUST000039,Home & Kitchen,2,190.91,381.82,wallet,2026-06-06T06:37:14.802680
d6f54da8-eb15-47a0-9f39-1e40fbd30908,CUST000642,Toys,5,115.98,579.9,upi,2026-03-24T17:13:47.622408
1a927ee7-66cb-4104-968c-d059b1f91eb7,,Home & Kitchen,2,32.52,65.04,credit_card,2026-06-14T18:02:36.266658
20fddc5b-8896-4bfe-9ec7-c2989dcc5819,CUST000002,Electronics,1,1161.39,1161.39,cash_on_delivery,2026-06-04T16:19:48.944300
86016a04-68da-4007-b546-ccd089ca9496,CUST000194,Fashion,5,1381.96,6909.8,cash_on_delivery,2026-08-04T10:06:52.341807
6842fd89-2360-4158-ba28-dfd512d26d6d,CUST000540,Fashion,4,1402.09,5608.36,debit_card,2026-02-23T22:33:27.106033
0924cec1-e18c-499c-b3d9-fec361abaf45,CUST000012,Books,2,229.48,458.96,debit_card,2026-05-24T20:44:10.860877
310232b2-c504-4210-9c5b-e08f36d9f4cd,CUST000735,Home & Kitchen,1,1322.76,1322.76,upi,2026-07-01T08:17:53.821052
02120cfc-dfa3-4be4-93db-a3c3e134ff72,CUST000644,Books,2,299.81,599.62,credit_card,2026-04-15T07:23:53.048264
666beb3b-eb1b-442b-a875-8108e25b86cc,CUST000348,Books,5,1962.71,9813.55,upi,2026-02-12T16:50:02.092075
7c33d6b2-8bea-4d39-96c0-1a592760898d,CUST000156,Toys,5,1496.73,7483.65,upi,2026-07-03T04:49:28.484138
78588aec-2550-4b1a-846e-e333ade1bdf3,CUST000274,Groceries,4,1780.17,7120.68,credit_card,2026-08-01T20:07:19.762281
18fca2f0-ab70-46f6-a9d3-b399b5aa7fac,CUST000639,Fashion,2,1954.92,3909.84,upi,2026-07-08T10:46:35.271978
97ede0ef-b296-42e6-b76f-304b96516c3b,CUST000549,Electronics,4,1695.11,6780.44,debit_card,2026-04-27T23:41:36.011159
d61b6712-9c13-42e3-aa83-cf0c899b1866,CUST000480,Fashion,2,1693.84,3387.68,wallet,2026-08-06T01:41:23.170661
867fb9b4-01f7-4c7b-b7df-da74d54898a6,CUST000586,Books,1,692.71,692.71,debit_card,2026-06-01T20:23:05.076985
4d4b332a-8d36-4565-a8d2-a5aa1c77d364,,Toys,4,983.15,3932.6,wallet,2026-03-28T13:45:45.368582
c89f4da9-0a22-444a-ae3a-22fc7735cb18,CUST000198,Beauty & Personal Care,1,1176.31,1176.31,cash_on_delivery,2026-05-19T11:50:38.362482
1f037549-5030-4eb7-b8f6-0157feb4956b,CUST000450,Electronics,1,718.17,718.17,wallet,2026-05-30T15:02:08.187740
912dfffb-8240-4404-9636-b1306d771400,CUST000612,Sports & Outdoors,3,1089.11,3267.33,credit_card,2026-02-13T00:37:44.032357
b194d541-c74a-432c-b327-b92f657eff22,CUST000397,Beauty & Personal Care,3,1764.47,5293.41,credit_card,2026-06-09T19:13:35.166545
feedca4f-952c-4458-9134-f41411ff8e00,CUST000520,Sports & Outdoors,3,111.05,333.15,upi,2026-08-08T20:34:08.010341
e5e4de3a-6a4f-4cf9-a001-9b695baea45b,CUST000231,Books,1,1375.1,1375.1,cash_on_delivery,2026-05-24T21:21:30.647897
eb34f51b-e1ca-4cb5-8062-fc2ded164c0a,CUST000401,Sports & Outdoors,3,319.11,957.33,credit_card,2026-05-10T13:12:35.099773
09ba74ee-b6e9-4aee-8367-2696929ffe88,CUST000770,Electronics,5,880.82,4404.1,cash_on_delivery,2026-05-30T21:50:50.356517
69bbba98-d408-4849-9569-042ca9ca25fe,CUST000661,Books,1,1019.43,1019.43,upi,2026-04-07T09:32:03.121634
bf005304-fae6-4058-9f3a-48098ff54f6d,CUST000604,Sports & Outdoors,4,747.08,2988.32,debit_card,2026-02-26T15:28:55.441530
7be68d40-0152-4e97-a46e-773ea36ecf7e,CUST000486,Fashion,1,1155.85,1155.85,credit_card,2026-04-03T16:01:29.147770
cc4a931b-6c8e-4434-8f28-1b371f511b2e,CUST000301,Groceries,5,808.37,4041.85,upi,2026-04-13T13:42:51.955932
c4933e8e-48ad-47fa-8d61-11c5ee0d5d35,CUST000240,Books,4,1405.93,5623.72,upi,2026-06-14T03:47:52.304389
9cd2d4cb-3e6a-435f-b05b-0425c7b74299,CUST000345,Fashion,1,1413.81,1413.81,cash_on_delivery,2026-07-26T21:10:49.109675
2af6bedb-3fc3-4451-878e-b902d025f226,CUST000705,Fashion,4,742.29,2969.16,credit_card,2026-02-11T18:51:38.950910
a748db31-ad49-4b06-9d83-9324c6a64d25,CUST000618,Sports & Outdoors,1,461.66,461.66,credit_card,2026-05-24T17:59:22.583766
8ada355f-b10d-4f0c-b0c6-b5ea4a45630d,CUST000167,Electronics,4,548.98,2195.92,upi,2026-07-28T07:50:05.671192
3b8c3550-1635-42da-9fa9-93c0a1e31bae,CUST000246,Home & Kitchen,4,276.82,1107.28,credit_card,2026-03-11T20:12:03.457000
592b821f-bb77-4e22-859c-42cd479de664,CUST000687,Home & Kitchen,2,505.12,1010.24,wallet,2026-06-27T22:27:58.809791
1c42370d-3b2d-47c9-b00a-2d563b298098,CUST000306,Sports & Outdoors,2,859.54,1719.08,wallet,2026-05-03T00:47:39.942669
a5483dc0-0046-4309-bc07-075313d9ae54,CUST000294,Fashion,1,1190.07,1190.07,wallet,2026-07-22T16:51:43.037069
eb3bd877-03d5-4d2f-a3ce-63bfacedd613,CUST000612,Beauty & Personal Care,5,712.77,3563.85,wallet,2026-05-09T09:25:55.310671
6e4aaaa2-b95a-4186-bba1-ce45c9845c98,CUST000634,Fashion,3,176.08,528.24,credit_card,2026-07-17T10:29:48.859854
42cef421-0480-406a-860b-ddd21b13f7a9,CUST000609,Beauty & Personal Care,1,1167.81,1167.81,wallet,2026-04-08T00:43:34.752599
8a6a1954-9230-4d31-8036-73d09fd01fa0,CUST000503,Electronics,4,198.26,793.04,wallet,2026-04-02T08:51:42.810866
37bde203-0ce8-41fb-901d-9e1ad60e52f3,CUST000205,Groceries,2,1435.21,2870.42,credit_card,2026-03-12T22:52:04.948197
c9ba1575-f5fb-4c1b-bc25-1c69e0508a2c,CUST000406,Sports & Outdoors,3,64.1,192.3,cash_on_delivery,2026-02-15T11:10:42.277119
9f300847-9170-4bba-a414-a8a6aed7f253,CUST000743,Electronics,5,1966.0,9830.0,credit_card,2026-05-20T22:00:30.665705
5a3ad059-d592-4c8b-bbc5-2db1bac95c0b,CUST000076,Groceries,3,397.77,1193.31,upi,2026-06-11T23:59:59.546407
17440d41-a00c-4dce-bfc8-b9ed6272a9fa,CUST000359,Fashion,4,1038.6,4154.4,debit_card,2026-07-21T09:43:22.764554
560658ba-c401-4f42-8169-d920d54fadfd,CUST000068,Toys,N/A,857.89,3431.56,credit_card,2026-05-10T00:48:16.902692
fbd18188-b1bb-4fab-99ad-9c88888b1cba,CUST000566,Home & Kitchen,2,296.49,592.98,wallet,2026-06-25T13:59:51.027783
edb3c2ae-6b5f-4759-bbd5-22d605d62b2b,CUST000740,Fashion,5,1803.0,9015.0,credit_card,2026-07-22T01:51:19.373266
432ac380-4fa5-42a1-bdf8-92ec2b0ef224,CUST000178,Electronics,4,578.22,2312.88,debit_card,2026-04-20T20:22:59.591012
c083f3c4-e57c-4378-8439-bdd07960fd11,CUST000289,Toys,3,1600.08,4800.24,cash_on_delivery,2026-02-23T13:37:27.891777
6386fff6-daca-4a9e-9a48-68f38e0ce65a,CUST000248,Toys,3,73.84,221.52,credit_card,2026-07-01T11:01:56.765954
f8fe127e-523b-4005-81f7-c2655c432070,CUST000515,Beauty & Personal Care,5,472.15,2360.75,upi,2026-07-04T07:31:45.771618
4695bb63-a187-4548-a93a-5227901409dc,CUST000030,Electronics,4,1434.66,5738.64,upi,2026-05-08T23:12:51.124439
fb8eee04-ec0e-4c52-a13c-c5d280882bf7,CUST000175,Groceries,3,1655.43,4966.29,cash_on_delivery,2026-04-11T09:37:57.637496
fe09539a-f6bb-4922-9561-bf1ba31b38ec,CUST000221,Beauty & Personal Care,4,375.41,1501.64,upi,2026-03-30T12:42:11.110324
c710295d-05b3-4e75-a22c-c1f569e1bd68,CUST000219,Toys,5,160.76,803.8,cash_on_delivery,2026-02-25T20:22:19.691393
775320ac-ed61-4c3a-9c69-1d8a8df2c411,CUST000442,Fashion,2,1274.21,2548.42,debit_card,2026-04-29T20:51:57.915017
76bc4c39-44a1-40a2-a533-0f015219edb7,CUST000760,Toys,1,1101.7,1101.7,wallet,2026-07-17T01:54:25.229626
5d19e078-51c0-45e6-8f82-8868fe0066ed,CUST000546,Home & Kitchen,2,1007.63,2015.26,wallet,2026-04-09T03:57:05.182994
d543f7a3-2b29-4edd-bf25-c872a7aff714,CUST000468,Electronics,3,475.23,1425.69,wallet,2026-03-07T20:00:36.999185
75c68dbd-40eb-4134-a2b5-353afbe9222d,CUST000225,Toys,3,718.0,2154.0,credit_card,2026-04-22T11:01:22.376870
c25d97a1-df8b-4c48-82a6-00d7769b98a7,CUST000226,Home & Kitchen,2,1873.69,3747.38,upi,2026-07-28T10:44:44.574962
0c763f3c-b370-434d-9d7a-839c59d7cae2,CUST000139,Books,5,1594.56,7972.8,upi,2026-05-03T16:44:26.318929
5b256f19-57a2-43ea-bf39-887cba3e201a,CUST000328,Books,4,1179.84,4719.36,credit_card,2026-02-12T20:16:02.579912
dae0563c-9259-4c6d-bbce-d77627131cd5,CUST000360,Electronics,4,1648.37,6593.48,wallet,2026-03-24T22:11:36.337976
e357f01e-bdbb-4983-9841-9ebd5c23ec73,CUST000408,Groceries,1,377.01,377.01,credit_card,2026-02-13T23:01:39.092283
f1d6e54f-d08f-42fa-95ec-ac8da318cea9,CUST000409,Books,3,1494.85,4484.55,upi,2026-03-02T09:23:23.159660
e3531048-4450-4e5a-93b3-5be25e72d4ce,CUST000136,Home & Kitchen,5,1583.15,7915.75,cash_on_delivery,2026-03-12T17:48:54.247492
ae99dc5b-2d76-4387-9e88-8c2daddf93ec,CUST000666,Books,5,852.73,4263.65,debit_card,2026-03-13T08:40:45.759639
b68de70f-90e1-4f5a-92e1-ea5eb238ea1b,CUST000736,Beauty & Personal Care,4,1079.89,4319.56,credit_card,2026-05-16T02:50:18.370948
d9e579af-2360-493f-a633-f11e27626195,CUST000116,Beauty & Personal Care,4,138.05,552.2,upi,2026-06-12T03:35:58.400821
bc615a19-e7f9-433e-abe6-2748cf5033da,CUST000134,Electronics,3,789.82,2369.46,upi,2026-03-30T09:25:16.752509
e6994fb9-8b92-47f0-8b6d-9d43a0a5df2d,CUST000046,Home & Kitchen,4,1769.83,7079.32,debit_card,2026-03-09T15:51:07.268891
6312939d-cfed-4435-8c45-f791c6c03434,CUST000314,Sports & Outdoors,2,960.42,1920.84,credit_card,2026-04-21T11:31:52.018704
13f4bb81-9d64-458f-928d-65f1acc38038,CUST000591,Books,4,262.1,1048.4,debit_card,2026-03-26T08:24:19.247058
29e40f5c-3801-4fc8-81f2-321cc17b59c0,CUST000044,Toys,5,653.21,3266.05,debit_card,2026-05-01T21:55:18.067662
38da2454-fd8e-43fe-8de2-2963518699d0,CUST000452,Beauty & Personal Care,2,600.81,1201.62,debit_card,2026-08-09T07:51:34.296573
25a1f080-ea25-48f1-99e1-00c8751c73cb,CUST000194,Electronics,5,738.89,3694.45,wallet,2026-07-27T19:22:39.177870
e11fba71-e541-418b-9690-a265dbf1dbb8,,Home & Kitchen,1,236.94,236.94,debit_card,2026-03-04T23:32:22.848018
c178a721-ee81-4dce-a96d-50a86ad64551,CUST000651,Electronics,4,1761.18,7044.72,debit_card,2026-02-12T17:30:06.099983
555a99bb-04e9-48e0-934d-abc0dfb72064,CUST000204,Electronics,1,70.49,70.49,cash_on_delivery,2026-08-03T17:37:10.839359
d0f3422c-7627-47a4-987c-93d915355cb7,CUST000484,Sports & Outdoors,1,1433.25,1433.25,credit_card,2026-04-03T21:43:48.413880
661a46ff-1311-43da-833f-12f0f5080bcd,CUST000072,Books,3,1788.86,5366.58,wallet,2026-07-22T13:22:16.575632
05bf5914-e666-41de-b010-d615531c1347,CUST000338,Toys,3,1464.24,4392.72,debit_card,2026-06-24T19:52:31.764630
5c3626df-63c5-4900-9372-de0d53a43304,CUST000102,Groceries,3,1315.44,3946.32,wallet,2026-03-05T23:03:31.051999
cf1c1486-a3fc-459d-b782-2cbdb20d7462,CUST000575,Toys,2,148.52,297.04,cash_on_delivery,2026-07-04T07:07:40.392165
c486f1e1-d442-4096-a321-7a0d7060b673,CUST000038,Books,5,1950.23,9751.15,cash_on_delivery,2026-02-22T16:36:42.103696
487a1397-9aad-4ab9-ad0a-148d7130c461,CUST000695,Electronics,4,1190.04,4760.16,wallet,2026-05-06T13:00:22.133191
bc3dd04c-563e-4ba9-9a48-74b7701ad113,,Books,5,73.59,367.95,upi,2026-06-25T02:48:30.498045
1e21a5fa-d2d3-4d1b-8666-8230f11fc9c2,CUST000097,Fashion,4,1276.25,5105.0,credit_card,2026-05-11T07:52:20.486435
4bbeb103-fc15-4fae-be15-3d6fd728c500,CUST000544,Fashion,1,1598.19,1598.19,wallet,2026-03-21T04:08:57.650756
d8fac5c8-be14-4353-8918-264a19b6d57e,CUST000755,Electronics,3,668.67,2006.01,debit_card,2026-07-09T05:18:24.042941
7cc180f9-c67f-40d0-ae70-abfe248197ea,CUST000299,Home & Kitchen,1,444.68,444.68,upi,2026-03-23T19:15:04.658034
28ec9395-297e-4534-ae89-7b2fffc4d820,CUST000717,Groceries,4,1334.33,5337.32,debit_card,2026-07-21T13:58:11.436997
dff4000f-bc2e-46dd-800b-a65daf013168,CUST000765,Electronics,4,1952.96,7811.84,debit_card,2026-06-18T17:47:52.848674
2d9c92f1-00fa-48e0-adc6-651c9e6f5fe1,CUST000769,Toys,1,1291.13,1291.13,upi,2026-07-09T09:50:23.773313
1e90a118-6595-4f2c-9211-42d2d514fd67,CUST000240,Home & Kitchen,5,920.89,4604.45,cash_on_delivery,2026-07-28T21:46:42.439712
f2a98f1d-30da-474f-93a2-2b75e8466126,CUST000655,Beauty & Personal Care,5,476.36,2381.8,debit_card,2026-03-13T06:24:55.865906
66f7e3cf-dbac-4de8-8848-9020008ddc49,CUST000405,Books,4,169.3,677.2,upi,2026-07-22T11:48:38.464273
5f7ce784-303d-4056-a121-104772ffd997,CUST000365,Sports & Outdoors,1,1580.76,1580.76,credit_card,2026-08-06T02:20:08.635246
204a4104-b88a-4bfb-8212-2234274386b2,CUST000747,Beauty & Personal Care,4,660.61,2642.44,wallet,2026-03-22T09:03:09.762362
d5d83ecb-70f5-4282-b5cb-bbcf38f11535,CUST000004,Sports & Outdoors,3,1296.25,3888.75,cash_on_delivery,2026-05-09T21:48:12.838388
5e2a7534-62a9-47c7-a801-654b57ab9c4e,CUST000359,Electronics,5,187.48,937.4,upi,2026-06-09T18:25:37.553031
ec837f1e-0d6e-4a88-af0f-202e6010755f,CUST000209,Sports & Outdoors,4,1508.25,6033.0,cash_on_delivery,2026-03-23T11:00:22.579159
b8aa744f-5de2-4a16-b27f-9fd69290ccac,CUST000073,Toys,5,1261.6,6308.0,upi,2026-05-10T17:44:48.749543
38065f1a-a1f8-4777-913d-0110035f6ab8,CUST000507,Beauty & Personal Care,4,78.85,315.4,cash_on_delivery,2026-07-03T04:41:02.234952
571e3dc8-7c06-4243-8230-28e7a5489a0b,CUST000577,Toys,3,96.13,288.39,credit_card,2026-08-03T11:18:20.049549
d133171f-8e59-4eca-908a-edc3fdec9ba4,CUST000312,Electronics,5,642.04,3210.2,debit_card,2026-07-20T21:17:15.166128
2837f229-31c6-43ec-9089-016eda582766,CUST000334,Groceries,4,310.63,1242.52,cash_on_delivery,2026-08-08T01:25:49.707763
c176e572-a592-4dc9-9b99-d7b2cf8f7035,CUST000138,Beauty & Personal Care,4,428.29,1713.16,debit_card,2026-07-01T07:59:31.155528
5feb9c61-0ba0-4727-9ce7-0efc329cb5ef,CUST000713,Fashion,2,1203.88,2407.76,upi,2026-07-03T06:28:16.577647
e3574cc7-2fc5-4800-85f4-e824d8bd0682,CUST000681,Books,3,648.34,1945.02,cash_on_delivery,2026-03-02T02:52:29.697244
6456d12f-8d97-4fdd-87e3-63f78f5d21e3,CUST000296,Fashion,3,610.77,1832.31,credit_card,2026-02-20T11:07:01.994929
e44fbfc4-5bd4-488d-82b5-4258b7ced887,CUST000352,Books,1,1775.13,1775.13,debit_card,2026-07-21T01:53:34.846731
adc1cdde-bc42-4bdc-b23f-1fe2fa539bdb,CUST000357,Home & Kitchen,5,287.81,1439.05,debit_card,2026-06-02T23:39:58.385843
269c47ed-03a1-49c5-b7db-386a0e7590dd,CUST000043,Books,2,908.66,1817.32,credit_card,2026-02-14T02:36:02.848875
2cecae46-3ab0-4eda-866b-0556902e21b7,CUST000613,Toys,2,333.81,667.62,wallet,2026-07-28T05:53:45.097494
c7885b6e-66df-4db8-bd0d-ecae8641b56c,CUST000411,Sports & Outdoors,2,28.9,57.8,cash_on_delivery,2026-06-07T01:53:46.200166
233c0c0b-09eb-4d50-8986-c5d5f124bc9c,CUST000416,Beauty & Personal Care,5,247.83,1239.15,cash_on_delivery,2026-07-25T15:43:31.303428
8ad60d2e-62b7-447e-987b-7dcf2707018e,CUST000536,Sports & Outdoors,1,1735.33,1735.33,credit_card,2026-05-11T08:29:48.757526
0454b40f-b9c4-4506-b2c1-0d93bb931275,CUST000454,Home & Kitchen,1,582.1,582.1,wallet,2026-04-16T03:08:16.755247
b86c9111-c7de-44a2-8877-72e16bb36994,CUST000393,Books,2,500.3,1000.6,upi,2026-07-23T20:32:13.670534
e0dc56c3-3596-4166-bf6e-7555d4cf330f,CUST000299,Toys,3,273.42,820.26,upi,2026-03-08T18:08:25.161082
0f530721-8185-4f17-8ea7-3ce8ee960ec6,CUST000379,Electronics,4,1487.22,5948.88,wallet,2026-07-15T16:21:14.573047
0eafef12-3b1d-423e-b1d3-c93c6fe66d0a,CUST000777,Toys,1,899.96,899.96,credit_card,2026-06-15T12:19:33.406674
477039cf-b8ff-46a3-a8fc-ad44839db9ee,CUST000172,Beauty & Personal Care,5,897.21,4486.05,cash_on_delivery,2026-05-06T10:20:26.192314
775b75cc-b289-4bd6-92c1-8cf9050443c1,CUST000151,Toys,4,1353.04,5412.16,upi,2026-04-01T11:16:48.204191
021160b3-aeb3-4271-a09f-6f2cec94849b,CUST000087,Toys,2,1319.47,2638.94,credit_card,2026-07-28T18:27:13.389225
805d2bf6-7dc1-4c61-ac33-a63a6c6ad116,CUST000760,Sports & Outdoors,3,771.15,2313.45,wallet,2026-05-19T15:49:46.732923
15b16143-2f9e-46d7-9f1b-bdc616da4d25,CUST000482,Groceries,4,1067.31,4269.24,debit_card,2026-03-21T21:29:07.100764
49387971-7d85-4d9b-91ef-fbde441e5bf4,CUST000127,Electronics,3,526.91,1580.73,debit_card,2026-02-21T14:39:31.924926
c62e880e-f102-4cc1-af7d-7a8fa3dffe67,CUST000560,Electronics,1,1347.24,1347.24,credit_card,2026-04-02T06:07:45.877811
61bc76c7-9946-4bb8-a134-c486087c6eff,CUST000485,Home & Kitchen,5,1403.78,7018.9,wallet,2026-06-17T14:41:34.263796
7334fde4-018d-4ede-a924-2c747bcc7e79,CUST000197,Electronics,2,1042.91,2085.82,upi,2026-06-13T18:45:40.487137
bc05c605-d87d-48af-b3a5-b895d7414e9a,CUST000619,Fashion,5,1327.45,6637.25,cash_on_delivery,2026-03-14T08:57:28.924284
9347b68e-b7e1-40fd-a1c1-88f3da065b56,CUST000659,Books,1,1695.43,1695.43,wallet,2026-03-09T07:53:20.991608
0f89fb95-88eb-4812-bb45-03a64c9d8312,CUST000090,Electronics,3,821.87,2465.61,cash_on_delivery,2026-03-25T17:52:01.041576
5b9fa583-a122-4433-b059-b4b036054d4a,CUST000658,Home & Kitchen,4,123.7,494.8,wallet,2026-08-08T06:57:02.667977
bbd5c33b-8ce6-433c-8271-38f4888cac9a,CUST000012,Home & Kitchen,3,1051.5,3154.5,wallet,2026-06-16T22:46:08.125627
5d26dc36-d4bc-4ba7-907f-e6e7a9895e9b,CUST000152,Beauty & Personal Care,3,1682.27,5046.81,cash_on_delivery,2026-03-24T14:05:41.556346
b9c4a14b-60eb-4b4e-b976-bbc0e9eb48fb,CUST000640,Groceries,5,557.07,2785.35,wallet,2026-08-02T05:32:18.418519
02484d49-2c11-42de-b828-0cdaf709569b,CUST000001,Electronics,2,359.38,718.76,wallet,2026-05-25T17:35:26.131130
c17f6c33-e27e-4b93-a26f-0d8888c625e3,CUST000191,Sports & Outdoors,4,1833.15,7332.6,credit_card,2026-05-02T00:07:16.589638
a1c9901e-e454-4585-8d63-c3e69110dff9,CUST000129,Electronics,2,1886.82,3773.64,cash_on_delivery,2026-03-21T20:07:40.020098
8686784a-bab7-41d9-b00f-588777e4656d,CUST000250,Sports & Outdoors,2,139.14,278.28,upi,2026-06-17T12:05:22.884127
c5a6e302-4037-4644-af51-aa0414a76da9,CUST000055,Electronics,2,1288.58,2577.16,wallet,2026-02-17T12:21:40.330682
9d42c072-79cc-4cb8-b979-76e29b179e73,CUST000277,Books,2,1339.81,2679.62,wallet,2026-06-06T02:25:52.613114
438357f8-568e-4152-99a6-109f4aaf744d,CUST000755,Electronics,1,402.36,402.36,wallet,2026-03-21T20:44:38.945288
ef855375-0c33-47f1-9184-b73728ead50f,CUST000147,Fashion,2,1590.82,3181.64,wallet,2026-04-27T08:50:13.974828
9ff793d8-bc37-4714-9114-db71dba6b32d,CUST000023,,4,539.89,2159.56,debit_card,2026-03-28T04:05:34.754840
0438b05a-946c-4375-9dd5-21042ee77222,CUST000217,Fashion,4,424.61,1698.44,upi,2026-03-13T19:10:04.746453
289b74d1-339d-4482-b440-ba1f4aa8a351,CUST000411,Home & Kitchen,5,1453.33,7266.65,debit_card,2026-03-28T07:04:38.129195
b867f1e9-87c7-4ce6-a30f-187dc9d33af1,CUST000769,Fashion,2,19.84,39.68,upi,2026-06-24T16:46:27.363074
a50b9d55-3739-4474-993f-758e4ce5335b,CUST000441,Electronics,1,1381.64,1381.64,debit_card,2026-07-21T19:35:31.505461
83021703-ba8e-4fa5-a71f-e2112e1c910b,CUST000075,Sports & Outdoors,1,1684.68,1684.68,wallet,2026-07-04T19:23:40.550465
2e2378d4-5492-4f9f-b13d-7a49dab48d4d,CUST000461,Toys,5,120.33,601.65,upi,2026-08-03T08:51:09.600591
95171c3f-9aa8-4428-8d0a-ca171221c60b,CUST000553,Toys,1,106.2,106.2,cash_on_delivery,2026-03-31T00:52:19.024473
544e5e8c-4a3c-4587-b238-10d56666bd2c,CUST000000,Groceries,3,96.62,289.86,cash_on_delivery,2026-06-26T07:09:41.689080
c5b04fcc-7bdd-4799-84df-66461ee8fbca,CUST000593,Sports & Outdoors,3,841.04,2523.12,debit_card,2026-06-13T02:54:44.942343
0648b89e-1666-411c-b4f0-8556a7ff1120,CUST000210,Toys,3,289.1,867.3,upi,2026-03-03T10:24:07.775100
700d4db1-4c5e-4cb0-a1f8-3b3ce2aff3a0,CUST000203,Beauty & Personal Care,1,514.44,514.44,debit_card,2026-08-04T16:40:08.629585
253f497c-3607-48f9-905d-f343dba54ac0,CUST000594,Toys,1,1923.67,1923.67,debit_card,2026-05-11T01:05:57.495914
b2d515a1-6de5-4bfd-95a2-9305811ae9b9,CUST000347,Toys,4,1299.25,5197.0,upi,2026-04-14T13:15:05.357864
2be0f56d-71cf-4857-b610-3efe3e4f5f87,CUST000718,Beauty & Personal Care,2,102.93,205.86,wallet,2026-06-27T21:28:11.730705
f44be1ef-5b61-4469-ad1d-b5f3b854dc32,CUST000181,Toys,5,1263.94,6319.7,cash_on_delivery,2026-03-08T18:49:56.403017
6381d37e-4fcb-4193-9fae-713c0c695015,CUST000718,Fashion,3,503.11,1509.33,debit_card,2026-03-18T03:15:25.451801
84de7e68-453e-4b4e-950d-ba74fdd483cd,CUST000275,Toys,3,1917.26,5751.78,upi,2026-05-25T12:01:45.938945
5310646c-84e6-41c2-8dd8-b848f68470dd,CUST000414,Home & Kitchen,3,162.83,488.49,debit_card,2026-04-13T19:06:17.432624
b8bd07eb-a2d3-43bc-8e92-14ff60db6804,CUST000539,Sports & Outdoors,2,807.38,1614.76,upi,2026-06-16T09:35:36.085143
702ad27a-f4e0-4bfc-9fc1-47db3ce00158,CUST000135,Beauty & Personal Care,1,134.3,134.3,debit_card,2026-06-04T21:11:56.659546
1b960f12-bb09-4d94-96ef-c629dcff5d92,CUST000697,Groceries,2,1496.08,2992.16,upi,2026-05-12T13:21:58.704363
a2e01dd6-7c55-4400-9c84-7372436dabc8,CUST000285,Sports & Outdoors,5,1905.23,9526.15,cash_on_delivery,2026-02-20T00:53:38.743865
0ed4f32e-ce24-4da5-9518-ec27385126f5,CUST000649,Electronics,3,14.4,43.2,debit_card,2026-04-13T22:12:52.468160
c1abd346-76c5-49ea-b490-384df7a0f741,CUST000019,Beauty & Personal Care,2,435.23,870.46,wallet,2026-06-03T06:06:41.944243
06a229e6-4b22-472f-a348-3e983f46d16c,CUST000561,Home & Kitchen,4,1629.66,6518.64,debit_card,2026-07-01T18:15:53.216891
9595e13f-f099-4f5f-93e6-b9b0e51c454b,CUST000591,Sports & Outdoors,3,1600.07,4800.21,credit_card,2026-02-28T09:14:07.364992
21d88dd3-ef65-4202-b974-c6be8c2bcfcf,CUST000384,Electronics,2,890.69,1781.38,cash_on_delivery,2026-02-23T23:39:51.349489
3c9b28bd-f6d2-4d7b-aba0-04e3682ecb20,CUST000786,Sports & Outdoors,2,1210.86,2421.72,wallet,2026-02-26T12:21:24.557587
6aa0f3f8-ef2b-49b0-885b-4ec4d180a23d,CUST000541,Home & Kitchen,2,991.28,1982.56,credit_card,2026-03-13T15:08:26.418556
b583d303-df04-4d71-b495-1f6eb6a77dd8,CUST000427,Fashion,2,719.48,1438.96,debit_card,2026-07-23T19:19:48.618312
2003d07c-a6c3-4307-ab3a-cccaed3a6a05,CUST000657,Toys,3,799.6,2398.8,upi,2026-06-24T10:52:47.367132
9ba35752-7ed6-4c9c-a080-69d16c107e3d,CUST000754,Sports & Outdoors,1,217.74,217.74,debit_card,2026-04-10T17:38:10.994019
b412fb17-438f-4419-bf81-e98bbe1a3e29,CUST000515,Toys,2,701.88,1403.76,upi,2026-03-09T09:11:51.914960
e1b289a2-73b5-4ce8-97af-510528d923d3,CUST000305,Toys,3,1603.2,4809.6,wallet,2026-05-07T18:53:52.154840
7e522156-cdd7-43c9-bddf-fe212ebb2c15,CUST000501,Sports & Outdoors,2,1501.48,3002.96,cash_on_delivery,2026-07-09T19:59:02.892957
88f5767a-fbe2-415c-a172-e0950f520636,CUST000062,Toys,4,249.39,997.56,upi,2026-02-16T13:52:53.149578
7248c40d-28c4-4e53-9a9a-13ab1f35d8ca,CUST000339,Beauty & Personal Care,2,166.85,333.7,wallet,2026-06-30T06:07:42.397552
03b7e5e2-e7b6-4d0f-9900-a59aa850b3ff,CUST000462,Toys,2,1747.64,3495.28,upi,2026-05-10T20:24:04.864383
d43816e4-0eed-4acf-a04f-1f330c15646e,CUST000033,Toys,1,529.32,-529.32,cash_on_delivery,2026-03-11T22:55:48.155013
d6295051-79a8-45d1-81a7-ede5d0683387,CUST000152,Electronics,4,1866.12,7464.48,upi,2026-07-13T09:40:35.887966
d1d00b2c-5945-4bdc-a743-163dd5f3dc44,CUST000268,Groceries,3,1515.72,4547.16,wallet,2026-07-02T01:23:46.549052
e3ce42ec-f9c8-47a1-8ed1-3d83ae425b9f,CUST000323,Toys,2,1528.53,3057.06,wallet,2026-02-25T15:17:22.093532
4d7ab379-752d-40e6-b8eb-35e86ea74d82,CUST000233,Groceries,1,730.3,730.3,cash_on_delivery,2026-07-02T23:38:10.052956
59a68f5f-637b-416a-b64a-5b93390b1728,CUST000546,Electronics,2,1255.73,2511.46,debit_card,2026-03-11T13:12:34.065939
4b01d2ec-a78c-4bd4-a5c6-58b3e378e987,CUST000600,Fashion,5,119.35,596.75,wallet,2026-06-30T11:03:36.387016
68371f09-406b-49a4-b6ae-c72e36dfef88,CUST000056,Home & Kitchen,3,733.88,2201.64,credit_card,2026-03-28T06:49:03.564048
84535073-4114-4052-beb3-40e73da85817,CUST000239,Beauty & Personal Care,5,454.57,2272.85,upi,2026-04-06T00:24:56.770241
b9da817c-4449-4ff7-80d9-a86f42552f71,CUST000404,Toys,5,306.92,1534.6,cash_on_delivery,2026-02-15T12:24:32.740197
515121bf-f9c4-4bd9-b539-d4471bd9f734,CUST000566,Fashion,1,250.85,250.85,wallet,2026-04-19T01:17:31.542581
54a1a93a-af53-4867-aa6b-cf8c2270be56,CUST000342,Toys,5,649.94,3249.7,debit_card,2026-03-17T17:22:48.298574
f3121d4b-5347-4749-a3b9-dffb00ae5231,CUST000749,Sports & Outdoors,4,486.38,1945.52,cash_on_delivery,2026-06-06T20:13:36.039536
9bda0093-8bed-4c82-9bb4-ed13c42b6195,CUST000616,Books,3,225.12,675.36,wallet,2026-05-27T08:38:28.759169
037dc77f-24b9-44ac-a051-c1ac2df9916f,CUST000116,Toys,5,1191.98,5959.9,debit_card,2026-07-07T00:21:20.565760
efcbc629-a277-47f0-a942-21b9478de2a3,CUST000754,Groceries,2,473.55,947.1,upi,2026-06-11T18:22:29.600637
84fdf96e-67c8-486a-9d9d-a875ee516637,CUST000661,Fashion,3,1950.1,5850.3,credit_card,2026-04-20T10:45:44.793676
04aec76c-93ea-464f-8fa9-4a8a711f8f75,CUST000261,Sports & Outdoors,3,460.97,1382.91,upi,2026-04-16T21:21:17.371350
927becc3-59af-4d20-9a4d-1f55d1751835,CUST000798,Groceries,2,1714.94,3429.88,debit_card,2026-05-17T18:20:30.108243
c29c6ffb-7bd3-4a2c-9fab-e24cf6c3826d,CUST000420,Fashion,5,204.52,1022.6,upi,2026-03-14T16:12:38.194762
0373653f-db07-4202-a9a1-3a1495f060cf,CUST000203,Home & Kitchen,5,400.24,2001.2,upi,2026-04-07T20:23:01.808471
5fec6aa9-31de-409e-a98a-3ddadcdedf90,CUST000595,Beauty & Personal Care,3,1558.71,4676.13,upi,2026-03-14T07:17:16.222672
a4c36f4b-223b-4c6a-bab9-2fda8b1c75f4,CUST000414,Toys,5,1114.13,5570.65,debit_card,2026-04-03T05:39:56.828171
1f7af66a-041b-4a9c-b311-bd5fbc98ceb4,CUST000232,Books,5,1496.21,7481.05,wallet,2026-07-11T07:16:16.388823
48a40798-c8e6-4802-a97b-20d31d10acd3,,Fashion,5,1069.22,5346.1,debit_card,2026-02-20T23:05:37.687211
ea118bb2-f70c-4d70-93d5-429688b6e150,CUST000652,Sports & Outdoors,1,367.47,367.47,debit_card,2026-06-19T08:53:33.036055
cd573dc2-e00a-4dd9-81d4-1e97165c8308,CUST000471,Sports & Outdoors,1,600.21,600.21,credit_card,2026-07-09T23:40:44.115110
d2e3b224-249b-431b-89db-2d876ca91646,CUST000002,Sports & Outdoors,1,468.02,468.02,debit_card,2026-08-01T17:30:29.691257
31bd5d56-4ccb-4fbd-b8f0-059ad6cc9cd0,CUST000503,Home & Kitchen,1,1907.55,1907.55,debit_card,2026-03-09T13:19:13.673838
300aeb1c-4d06-4727-a37b-30798eaccdf4,CUST000235,Fashion,3,76.55,229.65,debit_card,2026-06-07T14:31:45.124664
08b65a75-7b9b-4b9b-8df3-bd223eb2c2ce,CUST000681,Fashion,3,1907.6,5722.8,debit_card,2026-03-17T19:39:43.255001
172faa3b-ea0d-4c93-a211-ec3448fb0d42,CUST000467,Electronics,4,1983.72,7934.88,debit_card,2026-06-03T04:58:58.322968
ed3a5222-dbe2-433e-be93-b04966e0319a,CUST000329,Fashion,1,887.51,887.51,credit_card,2026-05-02T02:00:07.769417
bd73ee89-eb4b-48b5-84f2-4d0cd7be7be9,CUST000627,Toys,5,1719.33,8596.65,credit_card,2026-03-06T02:15:59.452102
182c5989-416e-4e23-b129-0ac9b5f16257,CUST000164,Fashion,3,445.47,1336.41,debit_card,2026-06-27T02:59:13.338429
0ea81375-c12d-42c3-99b9-f8bfd604794e,CUST000721,Sports & Outdoors,3,1166.04,3498.12,credit_card,2026-03-04T11:58:04.299533
7eed8f19-d912-4a02-bd86-c6a21ce67525,CUST000513,Beauty & Personal Care,5,643.43,3217.15,cash_on_delivery,2026-06-07T16:12:33.363378
09ce6806-fe51-490b-bab4-cdfdb13188b9,CUST000344,Home & Kitchen,1,1988.3,1988.3,credit_card,2026-06-22T18:05:10.685903
35c7fdb4-88e0-4d44-9938-e0937ce7d1bb,CUST000173,Fashion,3,495.14,1485.42,credit_card,2026-07-09T08:52:12.487707
80df96d9-6736-4b1e-abd4-71d9eb7f7dae,CUST000628,Electronics,2,1761.27,3522.54,upi,2026-03-06T11:30:39.530787
de1a35ad-e7e1-4803-af71-329fb2a425fa,CUST000460,Beauty & Personal Care,4,853.47,3413.88,cash_on_delivery,2026-02-17T23:30:08.967512
23e73388-0283-4c4b-97ce-5b143c8d6b1b,CUST000124,Fashion,3,1061.63,3184.89,upi,2026-03-29T04:57:00.991758
d0697c87-1261-4497-a5e3-dff6007c142d,CUST000342,Toys,1,1800.48,1800.48,debit_card,2026-04-16T03:10:22.467541
e370da5a-cc42-41a4-bee7-b31427b7c028,CUST000744,Home & Kitchen,5,178.62,893.1,cash_on_delivery,2026-07-08T16:48:34.399620
17dfd654-7e08-44e1-a409-892500564021,CUST000530,Fashion,4,1800.96,7203.84,debit_card,2026-08-06T12:50:18.952554
6fc51d7a-1289-4bc9-802c-5d05b1ab9374,CUST000770,Beauty & Personal Care,5,1397.62,6988.1,wallet,2026-07-04T19:26:57.555673
8af67210-c0da-46f6-bcc5-8a35b645d1fb,CUST000393,Fashion,3,1225.21,3675.63,wallet,2026-02-15T17:09:37.857243
1f09c748-ea69-4edc-85d9-fc4d15b0e226,CUST000783,Beauty & Personal Care,3,88.85,266.55,debit_card,2026-02-25T20:20:22.687726
4d8a75f3-6585-4404-bb5f-5240e2b4385b,CUST000177,Home & Kitchen,4,757.51,3030.04,upi,2026-08-06T12:06:46.112835
1b4ff893-641d-4a2b-9e39-bcaf5528435a,CUST000196,Sports & Outdoors,1,825.93,825.93,cash_on_delivery,2026-05-05T02:22:06.880176
f2049939-ea51-45d5-8d06-872785f3069c,CUST000284,Home & Kitchen,5,1305.12,6525.6,debit_card,2026-06-04T07:41:46.629374
86cc2cb6-0278-4b68-b4e3-be73a21adcc9,CUST000421,Home & Kitchen,4,569.04,2276.16,upi,2026-03-18T19:20:18.894305
a3f1e780-65fd-4ad6-9865-707d3d7a4fce,CUST000161,Home & Kitchen,2,34.8,69.6,credit_card,2026-06-14T06:13:42.905542
dbf877c9-8449-4f3e-9d01-75904c38ce69,CUST000622,Electronics,4,1600.39,6401.56,upi,2026-04-28T06:23:27.489489
909d34df-712c-4420-8fda-a912b7ab98c6,CUST000122,Home & Kitchen,3,319.44,958.32,wallet,2026-04-02T10:41:31.774385
8fe4f45b-aadb-4344-a54b-4d237fdb6a6a,CUST000029,Beauty & Personal Care,3,1580.39,4741.17,wallet,2026-04-22T11:42:00.068700
db61453a-34ac-4936-93b7-aa198670ad49,CUST000062,Books,N/A,1289.53,3868.59,credit_card,2026-04-11T09:33:40.899451
e4a140f9-efb0-44a7-8c79-16c36038c71c,,Home & Kitchen,5,572.48,2862.4,cash_on_delivery,2026-02-21T14:54:29.491001
281e8663-09fb-4c1b-9c8a-73f3d9b4aca5,CUST000159,Fashion,5,1199.51,5997.55,upi,2026-02-17T23:37:15.872392
af1d5f7e-d2e6-4514-b47f-744a5f2912b8,CUST000533,Home & Kitchen,3,758.53,2275.59,upi,2026-04-29T10:14:53.620417
d17d7566-3567-4ab3-8bbf-1d121a581eac,CUST000040,Beauty & Personal Care,4,1204.24,4816.96,credit_card,2026-03-26T14:10:23.683568
93985623-00b1-42d6-a2d6-9550f0c0df5b,CUST000352,Electronics,2,1535.93,3071.86,credit_card,2026-02-24T07:14:35.652079
99780fc6-4edb-42f6-b86a-37a97ec50674,CUST000295,Groceries,3,629.54,1888.62,debit_card,2026-03-24T01:24:33.539662
0952d84c-7270-4cac-a5c7-c08ebd399434,CUST000611,Electronics,5,1327.44,6637.2,debit_card,2026-03-28T02:05:09.851849
d247d416-f40d-4fef-9218-b7c492eabbff,CUST000507,Fashion,4,361.7,1446.8,upi,2026-05-07T06:36:56.999224
b3ffe151-79df-41e7-b08a-d6c076e77869,CUST000440,,5,1152.4,5762.0,upi,2026-07-20T07:17:16.685669
a2ff727d-a4e5-4d27-8674-bf64c57ca590,CUST000784,Groceries,3,1615.43,4846.29,wallet,2026-06-22T23:24:36.860562
32c51be9-f585-4d87-ab46-c96cd69f32d5,CUST000641,Home & Kitchen,5,1904.3,9521.5,credit_card,2026-05-20T19:55:29.115005
785ebf37-5b04-4be3-9cd8-b8cf26e8de2d,CUST000638,Books,5,1534.42,7672.1,cash_on_delivery,2026-05-09T23:38:32.688804
bd676938-f5cc-43e9-ab37-337c176364be,CUST000517,Toys,4,523.22,2092.88,credit_card,2026-06-11T14:29:19.100516
3d098403-ef62-4580-af6a-6412bf17daeb,CUST000310,Sports & Outdoors,4,1382.87,5531.48,upi,2026-06-01T16:40:52.147966
2d3fd5d1-72b1-4864-86b6-f9ffd3621399,CUST000657,Home & Kitchen,2,1129.51,2259.02,credit_card,2026-08-07T13:35:10.132483
de13e748-3c0d-4a19-8223-03c1cff35988,CUST000344,Toys,2,1601.7,3203.4,debit_card,2026-05-29T11:42:44.792157
d61f3591-3baf-4d36-987a-d7cb55e1a989,CUST000289,Home & Kitchen,3,1930.17,5790.51,debit_card,2026-03-19T13:37:09.776622
1dfa18f2-be24-491f-b22a-5209e9d2de72,CUST000474,Books,5,1147.34,5736.7,wallet,2026-06-30T20:00:55.070917
d877085c-7a4f-418a-b5e4-7b07a6b5c073,CUST000498,Home & Kitchen,4,424.54,1698.16,cash_on_delivery,2026-07-01T04:05:56.261755
513c48fa-9e78-4d90-b547-fb4129f8b5d7,CUST000667,Toys,2,680.39,1360.78,debit_card,2026-04-03T06:23:01.679289
ea6d90f2-4f06-4f7c-af57-63c782a6ebde,CUST000467,Books,2,1451.81,2903.62,credit_card,2026-08-06T16:20:38.415309
1ab1ab4c-f374-473c-bff2-5e17196b0e67,CUST000166,Fashion,4,1014.04,4056.16,cash_on_delivery,2026-08-05T04:15:59.753482
999fc982-daff-4149-904b-7eb85013a159,CUST000157,Home & Kitchen,2,1005.93,2011.86,upi,2026-05-18T22:27:03.266111
af143e2c-dbdf-4a09-b276-4472460d1eb3,CUST000237,Beauty & Personal Care,4,1337.61,5350.44,cash_on_delivery,2026-06-08T16:43:06.943119
ce8f461f-bc89-4307-898d-bd5f0f954173,CUST000519,Toys,3,1030.83,3092.49,upi,2026-04-11T09:26:24.777379
13f8910b-39f1-4e53-9997-fe2b4e7be7a6,CUST000512,Beauty & Personal Care,2,1390.3,2780.6,debit_card,2026-07-05T21:20:26.789899
9fb28312-2181-488d-be88-f13157797ddc,CUST000366,Beauty & Personal Care,5,329.68,1648.4,debit_card,2026-06-09T03:43:37.206721
5f5d8a29-a257-4c13-a995-c57709f39a32,CUST000688,Books,4,104.57,418.28,cash_on_delivery,2026-05-20T12:37:03.413836
455198e0-543b-4ea9-aa5c-2ba6904c1327,CUST000231,Fashion,2,67.82,135.64,upi,2026-08-05T05:29:53.916719
1847db37-910a-4386-8f40-9d65caa0122e,CUST000139,Toys,3,1525.74,4577.22,wallet,2026-05-10T22:59:11.110821
820b1bc6-0dcf-4197-a55c-c10e4baa0a9f,CUST000296,Fashion,4,292.96,1171.84,debit_card,2026-02-12T21:21:24.006028
ce50e035-3f00-4468-9194-5cb6d714b27a,CUST000788,Groceries,2,1042.3,2084.6,upi,2026-04-10T11:03:40.764712
ad75d63d-da61-48db-b361-258baf55dea4,CUST000763,Electronics,3,1098.56,3295.68,credit_card,2026-07-11T20:00:31.212389
759a055f-847e-44e2-9eed-b5bdf83f2b9a,CUST000654,Home & Kitchen,2,157.07,314.14,credit_card,2026-05-05T21:30:30.949162
172048d3-a065-4e19-a84c-e0216520022b,CUST000185,Groceries,5,1985.14,9925.7,debit_card,2026-04-29T10:32:58.492636
bccf04ee-7aaa-4e66-a0eb-4f7f456a0a15,CUST000457,Toys,5,10.36,51.8,debit_card,2026-03-24T19:54:28.210077
f6c6cf1b-bbb5-4a62-8dd3-6930b75df9bf,CUST000323,Beauty & Personal Care,5,1033.19,5165.95,cash_on_delivery,2026-03-17T17:22:57.572613
f8e87162-1f59-434a-a5a0-e53d329ec793,CUST000678,Sports & Outdoors,5,1125.11,5625.55,wallet,2026-03-30T09:16:38.674500
74417fd1-36a1-4efb-b10c-24fbde8db785,CUST000237,Groceries,5,291.72,1458.6,upi,2026-07-30T12:49:15.455630
b3dbf2db-6ce4-44ed-a16d-1c43400dad53,CUST000283,Beauty & Personal Care,5,1240.41,6202.05,cash_on_delivery,2026-02-21T00:57:45.489117
f8c74469-5426-41dd-b949-521f437024e3,CUST000614,Home & Kitchen,3,1547.52,4642.56,upi,2026-07-03T19:53:55.904144
7c2be16d-4aee-450e-b83e-3bef71277a74,CUST000078,Electronics,5,1029.26,5146.3,cash_on_delivery,2026-07-18T05:03:39.938340
dc224e1a-9605-4a6c-a79a-dac6bc48ab37,CUST000738,Books,2,956.56,1913.12,upi,2026-02-17T23:46:34.045127
ee361107-18c7-4c9e-82d8-3ce53e6a12b4,CUST000259,Electronics,2,1507.82,3015.64,upi,2026-06-12T21:31:05.743412
a6ce700c-dc92-4934-8987-820c2482d9b0,,Home & Kitchen,4,1052.9,4211.6,upi,2026-07-02T06:10:34.300642
d00740e9-27a9-443b-9e18-f52134e7135c,CUST000343,Sports & Outdoors,1,839.45,839.45,upi,2026-06-02T10:29:06.609021
0f9316ca-8516-4b42-8044-ac73fcd86415,CUST000264,Beauty & Personal Care,1,359.97,359.97,cash_on_delivery,2026-07-30T12:53:03.884577
a88815bf-80cf-423b-93ea-0ce164750f34,CUST000263,Fashion,2,797.54,1595.08,debit_card,2026-07-15T15:05:33.755489
fafba23c-532a-444b-b0a3-c1fbbdf909b0,CUST000270,Sports & Outdoors,2,471.87,943.74,wallet,2026-05-01T23:43:04.828896
0d47e6bc-c723-4ee9-8308-2c95ff83728f,CUST000484,Groceries,1,1917.81,1917.81,upi,2026-05-14T15:22:37.280378
059b2407-04be-4d2c-908a-585d9cfed526,CUST000207,Home & Kitchen,2,437.11,874.22,upi,2026-07-13T16:58:42.458046
b94265cd-e350-43cc-a42d-ffdb45284336,CUST000200,Fashion,1,1832.68,1832.68,credit_card,2026-03-27T15:33:03.887887
0e5d1d1d-6b26-4ff2-b699-045c987f217b,CUST000127,Sports & Outdoors,4,876.72,3506.88,cash_on_delivery,2026-05-01T02:36:48.819372
1575660a-9af7-4bcf-ae1f-762180c28165,CUST000142,Fashion,3,1954.6,5863.8,wallet,2026-05-02T17:21:40.060858
fd3f0693-b1f8-41ac-929f-9258d7b15600,CUST000086,Home & Kitchen,1,1958.76,1958.76,wallet,2026-03-14T00:21:51.972604
08990389-eda1-43a5-81ce-8d9d03d1049d,CUST000507,Electronics,4,1944.72,7778.88,wallet,2026-04-29T07:27:20.427958
7950d094-7053-449a-b338-7c34bee1b354,CUST000492,Beauty & Personal Care,3,1133.7,3401.1,cash_on_delivery,2026-08-01T10:02:29.893888
4892687f-b8d1-4687-9e78-8cb7c8933cf0,CUST000030,Electronics,4,997.36,3989.44,cash_on_delivery,2026-03-17T20:32:15.483142
be786a8b-91af-4d59-8f62-895d275c3bb1,CUST000311,Electronics,5,410.51,2052.55,credit_card,2026-04-04T02:08:28.373420
5c12501f-4455-4e06-a1cc-2db4d6d20100,CUST000657,Sports & Outdoors,4,804.62,3218.48,wallet,2026-02-11T13:56:02.499002
e7923728-2314-4a42-be2d-4a48c6f474d5,CUST000140,Sports & Outdoors,2,1865.22,3730.44,debit_card,2026-05-07T12:33:17.167210
15e0e337-a34a-4e07-b139-27f894cf3896,CUST000076,Fashion,2,749.91,1499.82,wallet,2026-07-24T11:34:41.597488
0fc34c2a-9f4a-4bcd-a79f-97564e047c89,CUST000242,Fashion,5,451.55,2257.75,upi,2026-03-05T23:16:46.568686
c6a8b4f0-fc0c-4ade-8dcc-dd74ac37ae5a,CUST000235,Sports & Outdoors,3,1279.06,3837.18,debit_card,2026-06-08T04:09:27.253855
6cc4bb5f-7d90-4232-b826-ca1463ab49fd,CUST000185,Books,4,970.96,3883.84,upi,2026-05-09T11:56:12.697509
48dde111-719d-4886-aabe-cf1518277213,CUST000485,Books,2,48.52,97.04,debit_card,2026-03-04T23:16:19.124185
a675933d-543a-4067-bdc8-00d661327dc9,CUST000311,Books,5,894.73,4473.65,debit_card,2026-04-29T01:54:53.702444
6c0d4ce6-97aa-4a35-8752-c181406538ab,CUST000246,Toys,3,1324.23,3972.69,upi,2026-03-16T16:56:53.983445
48664213-2b3d-4bb2-9e01-d56dc11d0e43,CUST000774,Electronics,1,1403.26,1403.26,upi,2026-04-17T23:01:20.781045
2e382426-f225-4e6f-8b9a-2678edcecf4f,CUST000791,Toys,5,1481.33,7406.65,credit_card,2026-02-28T07:32:06.922431
38ac2675-4633-4c8e-9b25-fa78c7c9ccbb,CUST000694,Beauty & Personal Care,5,1453.35,7266.75,wallet,2026-05-09T14:42:50.499666
b52eabf8-e9a0-4fdc-bf83-2d86eb4c61c1,CUST000098,Home & Kitchen,4,1001.37,4005.48,upi,2026-03-01T06:55:56.289377
5c164452-b5f8-484b-a1c3-0e4d37108dfa,CUST000796,Groceries,4,1827.14,7308.56,wallet,2026-04-10T13:10:47.613800
98cd2593-18bd-4a6a-8ddd-70b6446ab19d,CUST000768,Books,4,358.18,1432.72,credit_card,2026-04-15T07:49:24.951991
66056dc4-5358-4b13-951f-d17fef92520c,CUST000307,Groceries,3,433.57,1300.71,credit_card,2026-04-12T13:30:37.745336
78f51105-1bf3-447b-8a32-4288ba29b878,CUST000434,Books,2,1647.6,3295.2,cash_on_delivery,2026-04-30T22:53:42.127425
349199f5-ee93-4f11-90b6-9f651e3c9569,CUST000316,Fashion,3,1902.58,5707.74,cash_on_delivery,2026-08-01T00:17:03.165047
855bb685-12ea-4b8c-988b-875e4cb1ce27,CUST000599,Books,5,315.63,1578.15,debit_card,2026-05-27T02:57:15.302891
a6488061-ba08-4af6-95bd-add0ea1a4dc5,CUST000186,Electronics,4,1430.73,5722.92,upi,2026-06-06T07:35:59.942721
eddcfd7c-e403-4d73-af19-e8c881e74d7d,CUST000108,Groceries,5,1617.03,8085.15,wallet,2026-05-04T00:23:53.202754
10843f4a-c9d1-4cbb-9651-ff4210cbd008,,Toys,2,1182.68,2365.36,cash_on_delivery,2026-04-11T10:19:18.635463
d427871d-dbea-4535-bb2d-8b94691ede7b,CUST000303,Electronics,4,62.5,250.0,credit_card,2026-04-23T08:14:04.912736
51b5d236-932d-46cc-937b-824601d723b0,CUST000328,Electronics,3,1567.62,4702.86,credit_card,2026-04-16T04:29:50.557810
8b7abfb9-fc44-4d2d-b7d6-b617f81a1c07,,Sports & Outdoors,4,1166.67,4666.68,upi,2026-02-13T23:34:08.946288
a6005d84-fe8a-4f0f-be62-c7d6cbbe2db8,CUST000108,Toys,2,1076.79,2153.58,wallet,2026-05-20T19:12:18.457627
7a6b825a-3ab2-410a-b405-c895dfb347d5,CUST000239,Toys,5,803.33,4016.65,credit_card,2026-03-25T09:08:01.216411
1200ad88-a740-4637-8b80-170e009bf5f0,CUST000738,Toys,1,1630.23,1630.23,wallet,2026-05-24T16:02:59.022416
f9b8c729-c7c5-4331-a42f-11d3b3af557e,CUST000105,Beauty & Personal Care,1,1433.95,1433.95,wallet,2026-04-06T04:29:58.459499
ffc56e4b-b0f9-4166-91b3-6fcc557cdae0,CUST000335,Books,5,1161.04,5805.2,debit_card,2026-05-15T14:26:55.833057
c3cc3d88-fde7-4b57-a95d-17652763b230,CUST000446,Home & Kitchen,2,407.47,814.94,credit_card,2026-02-14T04:28:36.306008
f3b0e805-18b3-4e9d-bd74-b335e94044e4,CUST000424,Beauty & Personal Care,2,1502.35,3004.7,upi,2026-04-15T12:16:03.465572
da545497-b066-4e3f-ba13-ab2c59143204,CUST000717,Electronics,2,599.86,1199.72,debit_card,2026-08-08T07:48:10.980703
04cbf9ac-4038-4d97-b1be-81dc8540045f,CUST000581,Books,3,690.86,2072.58,wallet,2026-03-19T04:17:52.529183
2d2d8868-ca33-4261-b8ca-a8b2f259394e,CUST000324,Sports & Outdoors,4,1992.89,7971.56,debit_card,2026-07-12T12:19:47.835045
79ed3488-0212-4b03-8d55-a51b2cd86076,CUST000026,Fashion,4,1000.59,4002.36,wallet,2026-05-14T15:57:40.795216
1047ed01-3e1a-4f4a-a995-741f83c59dff,CUST000164,Electronics,4,795.8,3183.2,cash_on_delivery,2026-05-21T22:43:34.100138
0b1952c1-8c82-4b04-8f34-a1492259b403,CUST000634,Groceries,5,903.42,4517.1,credit_card,2026-07-22T04:37:13.473275
c3d45a81-8bc7-4a24-ac22-55bc4cee0ed1,CUST000581,Sports & Outdoors,5,1797.99,8989.95,credit_card,2026-05-04T10:06:15.189787
c6a4e777-b552-4321-9a03-a2b5de653db4,CUST000040,Home & Kitchen,4,1736.45,6945.8,upi,2026-05-26T16:57:21.128083
3b3f8592-44dd-4140-95d7-6b5fdf2d65e8,CUST000233,Sports & Outdoors,5,1436.54,7182.7,debit_card,2026-07-21T05:38:09.549475
dc966d8d-bf0d-43e8-aee4-3e2764aca4e6,CUST000210,Books,4,168.08,672.32,credit_card,2026-02-13T13:36:58.157887
dfcf726c-5a21-4ef3-a7f7-4c2eb766bbb4,CUST000728,Books,4,815.04,3260.16,wallet,2026-03-13T07:28:49.142053
50e0973d-8825-4519-9dda-d976b57b70b0,CUST000608,Books,4,1993.55,7974.2,cash_on_delivery,2026-03-02T07:39:08.647946
7dd34f7a-4fa5-40cd-b127-8a7d25cdccca,CUST000554,Groceries,3,1725.86,5177.58,wallet,2026-05-16T04:34:39.759864
2f4f21f9-bf81-4342-af2c-7d7ea468d08a,CUST000321,Electronics,5,1734.22,8671.1,debit_card,2026-04-01T17:29:45.271399
ab25000a-fc7a-48b1-8e3d-ec1f3820882c,CUST000504,Groceries,3,273.74,821.22,debit_card,2026-04-10T01:32:02.978759
9dba3b94-7ae8-4c8e-b6f5-e5a24ee34a6b,CUST000171,Sports & Outdoors,1,1329.7,1329.7,upi,2026-05-06T14:46:29.603664
195917fe-b325-4ad2-ba50-0b3e936d871f,CUST000742,Beauty & Personal Care,2,1757.17,3514.34,wallet,2026-03-12T20:09:37.418577
43a6935d-a04d-4932-860c-a2c9e336ac9d,CUST000350,Groceries,5,863.02,4315.1,cash_on_delivery,2026-06-28T12:43:24.335605
9712adaa-432b-4602-96f7-fc4e3737ff12,CUST000073,Sports & Outdoors,3,303.69,911.07,upi,2026-04-03T00:00:11.615565
da6eccf3-87b4-4765-b97d-0368a93249f6,CUST000306,Sports & Outdoors,1,1112.58,1112.58,debit_card,2026-04-14T01:20:44.915783
de7a617a-8cca-449e-b0df-9816ccf76c51,CUST000135,Toys,1,1305.81,1305.81,cash_on_delivery,2026-04-02T14:35:04.601472
d47a80ba-25cf-440a-b1da-ca1f8a48ed50,CUST000129,Sports & Outdoors,1,996.41,996.41,wallet,2026-02-16T15:20:21.890667
0f5723de-ccba-488a-88bf-ca0b120ce874,CUST000669,Books,2,1617.85,3235.7,upi,2026-07-06T16:09:56.888738
546d7980-e0c3-4a83-a01e-003eb5544584,CUST000423,Groceries,3,11.24,33.72,credit_card,2026-08-08T06:41:37.954447
212bd0c2-4dec-4f65-8e24-0a2dbcf64fdc,CUST000690,Toys,4,1406.59,5626.36,credit_card,2026-05-26T22:15:02.095083
96ae0451-d02a-4e7c-b4e7-165f0ddbaf0e,CUST000187,Sports & Outdoors,3,338.9,1016.7,cash_on_delivery,2026-05-25T22:55:14.075877
4349eed8-5457-451c-9e66-58636026f1dc,CUST000747,Home & Kitchen,2,908.01,1816.02,cash_on_delivery,2026-05-11T01:09:29.749050
8b18119d-ad92-48ca-9855-28e7363276c0,CUST000607,Books,4,1463.25,5853.0,debit_card,2026-04-09T17:35:52.186334
1a3080c9-4f06-4833-8794-2828f26742ed,CUST000480,Home & Kitchen,4,704.47,2817.88,cash_on_delivery,2026-04-16T16:03:11.271878
83bf8d40-1ac3-41c5-9372-c37888021fd3,CUST000705,Home & Kitchen,N/A,1464.62,1464.62,debit_card,2026-04-08T05:08:18.719521
f21fbbcd-675f-44e5-a8e3-25c9b5ea5407,CUST000376,Toys,3,926.05,2778.15,cash_on_delivery,2026-05-13T04:27:08.412294
0090b6a7-e90c-4e73-bd97-05e8e83d675a,CUST000454,Beauty & Personal Care,4,1410.85,5643.4,upi,2026-05-24T15:32:18.758421
65c80d89-18f6-4056-a0bc-c2356044bf2b,CUST000062,Books,2,1519.59,3039.18,wallet,2026-03-13T21:36:01.894569
35cddd54-d531-4f43-a784-ba612c5c455c,CUST000219,Toys,3,1417.3,4251.9,debit_card,2026-06-21T22:17:43.981150
2a7f65b9-41d8-41e0-a72b-c6f6ab7866a7,CUST000405,Groceries,4,615.47,2461.88,wallet,2026-05-04T07:46:17.259919
297e02f3-9f77-4a45-9c48-c8f4bc535caf,CUST000460,Toys,2,50.38,100.76,wallet,2026-02-21T16:22:38.249335
45328b19-0834-4875-90fa-dcd8d5767754,CUST000683,Beauty & Personal Care,5,1303.08,6515.4,debit_card,2026-06-25T00:01:45.085902
adabf0e9-ac5f-481b-a632-4984c4c9e3fe,CUST000597,Electronics,4,642.04,2568.16,credit_card,2026-04-26T22:10:06.995428
02de5be3-b272-4146-986f-b139593e47e2,CUST000039,Home & Kitchen,1,33.25,33.25,debit_card,2026-06-15T00:34:20.396729
86006258-292f-42e9-845e-1fa90c084612,CUST000045,Beauty & Personal Care,5,1860.97,9304.85,credit_card,2026-06-06T18:46:03.782476
face1179-b5bd-4b22-ae85-9a6fcd612c66,CUST000668,Groceries,5,1029.11,5145.55,upi,2026-05-20T01:27:18.355325
fbcc6db6-cab1-4148-af27-9d02297408b7,CUST000152,Groceries,1,972.49,972.49,cash_on_delivery,2026-04-26T22:06:46.048862
e21ecf8c-af19-4aac-a508-c27ceb72bac6,CUST000374,Toys,3,1542.64,4627.92,cash_on_delivery,2026-04-19T02:26:20.885880
b8f033d0-88a7-46a4-ba29-34e323242c9b,CUST000243,Toys,5,1726.35,8631.75,wallet,2026-03-14T22:57:08.618161
1ff11e47-003e-4004-ba24-a5ec89bf7081,CUST000743,Fashion,3,425.66,1276.98,credit_card,2026-06-15T22:53:43.779956
84a7f37d-3e60-4753-b247-9d9501b127c2,CUST000106,Fashion,3,1529.9,4589.7,debit_card,2026-03-28T18:48:15.070631
e0e5f5b7-0694-4758-bac9-8886fafa4968,CUST000698,Fashion,1,1460.33,1460.33,upi,2026-03-31T14:10:40.271938
0262a2ea-ebe0-4bd4-aabb-2a7a081f86f0,CUST000262,Home & Kitchen,1,1442.23,1442.23,cash_on_delivery,2026-07-12T11:16:23.174367
8a53fdc2-284f-4a45-84d0-23ce1810dbb7,CUST000660,Books,5,568.52,2842.6,cash_on_delivery,2026-03-09T20:16:16.821897
41066cb4-1bb6-48b7-979d-9f90316629eb,CUST000232,Groceries,1,354.23,354.23,cash_on_delivery,2026-05-02T19:43:55.553439
00266d1d-caf7-4d35-93df-ae53dd5aa781,CUST000043,Fashion,5,483.85,2419.25,cash_on_delivery,2026-03-20T16:54:05.835369
48eb9f2c-4869-4783-ac6d-cf932a9f4da2,CUST000321,Sports & Outdoors,3,1307.76,3923.28,wallet,2026-06-06T14:21:29.447647
bf35cc65-2c58-44bc-bd89-f4b63e91de29,CUST000176,Beauty & Personal Care,5,808.93,4044.65,wallet,2026-04-27T04:21:49.197127
83af0573-5e7e-4ffe-85a1-daf500c1dd1e,CUST000579,Toys,1,1577.67,1577.67,credit_card,2026-05-26T07:37:32.385733
ba47840a-db29-4d4f-b529-080dd5b1d4f3,CUST000767,Electronics,5,1152.4,5762.0,cash_on_delivery,2026-05-18T21:24:29.389713
7f7f0e14-259c-4c00-b8e1-a637133affed,CUST000079,Home & Kitchen,5,128.21,641.05,wallet,2026-04-07T14:45:38.131434
dbaf50d1-17f2-4f70-b4e9-a4d39d56b9ff,CUST000566,Home & Kitchen,4,1578.73,6314.92,upi,2026-04-22T05:46:47.846553
881f37d6-3ab8-4294-a292-1b9ffdeaedac,CUST000063,Beauty & Personal Care,1,233.38,233.38,cash_on_delivery,2026-02-22T13:16:21.773458
eedd80a9-3c91-4862-9337-684f81833526,CUST000402,Fashion,3,1668.04,5004.12,debit_card,2026-06-24T04:34:30.918540
9a5d6e97-37b5-496c-9444-18aa22c3f141,CUST000357,Electronics,3,1531.56,4594.68,cash_on_delivery,2026-04-28T20:54:52.136626
217a092f-b493-4414-9658-a61ad1cdcb43,CUST000299,Electronics,4,1770.11,7080.44,upi,2026-08-02T19:36:01.103683
8f1e24cd-0abf-4a0b-87de-610bc4e338ce,CUST000596,Toys,3,1874.17,5622.51,credit_card,2026-08-07T01:54:44.364919
8b3b98c7-c1f2-41c0-b7ca-b6483d7afe7a,CUST000025,Toys,2,143.42,286.84,wallet,2026-07-03T11:30:46.715798
98b0711a-1bb2-4740-82ea-2d821c68d601,CUST000203,Groceries,4,373.58,1494.32,debit_card,2026-02-28T10:35:21.614322
05c7a4be-4300-48a0-ae96-99125e70ac9c,CUST000008,Sports & Outdoors,5,405.34,2026.7,upi,2026-07-23T05:12:55.982658
f4d222d7-c392-4b6a-8d51-c228a636fa54,CUST000328,Beauty & Personal Care,5,830.77,4153.85,wallet,2026-02-16T09:57:03.109407
78a93e2a-5bab-487a-9462-04a5d7d936e3,CUST000720,Home & Kitchen,5,766.53,3832.65,credit_card,2026-02-20T21:14:56.579221
95501067-a016-4b57-b4b1-0aa4c7720b50,CUST000298,Sports & Outdoors,3,1359.09,4077.27,wallet,2026-06-01T00:24:45.268251
4625c2e1-ba01-4c5e-898f-1581bb62729e,CUST000392,Books,5,375.58,1877.9,debit_card,2026-05-14T22:13:40.903822
55959118-ce50-4356-8153-222d871ce084,CUST000335,Beauty & Personal Care,3,1115.57,3346.71,credit_card,2026-06-08T01:50:04.503897
1eaa16d9-1154-4b91-a84a-cafb6da6c7fc,CUST000094,Books,2,514.05,1028.1,cash_on_delivery,2026-03-04T12:11:52.562226
a999de1c-0898-46f1-ad45-0cca34c39926,CUST000619,Fashion,5,360.25,1801.25,upi,2026-04-22T20:47:15.487724
0ea93c48-6b8b-4e32-bc73-e59452415e63,CUST000091,Beauty & Personal Care,1,152.34,-152.34,wallet,2026-06-01T20:26:30.053665
77c29569-34c5-46a9-a7e1-c6f4077e6873,CUST000031,Groceries,3,587.72,1763.16,debit_card,2026-03-06T00:39:18.559657
fe5fccf2-6fe0-483f-bd18-dd246dd25aa9,CUST000762,Sports & Outdoors,3,523.24,1569.72,wallet,2026-05-22T00:15:18.172773
01c79c1d-3929-47fd-94f0-9182371316e4,CUST000364,Fashion,1,1404.15,1404.15,debit_card,2026-07-25T09:37:09.047454
546b0de5-03c7-4c28-bbb7-fb1149749f5c,CUST000440,Home & Kitchen,3,26.04,78.12,debit_card,2026-08-07T03:00:19.366748
abb42548-17f5-4db5-bfe0-8785282f5741,CUST000061,Books,5,1015.69,5078.45,cash_on_delivery,2026-03-11T06:08:25.111980
d9274eca-2e93-46e3-a44b-54d59d2ef4a3,CUST000413,Books,4,1930.83,7723.32,credit_card,2026-02-18T08:57:36.003222
dd98070b-2e75-4ccd-88ab-82ec61594fbb,CUST000178,Books,4,1512.85,6051.4,credit_card,2026-04-06T21:38:59.912206
f7a11fdc-f0f2-4af7-8968-33d3f0d14120,CUST000078,Beauty & Personal Care,5,507.84,2539.2,upi,2026-04-29T07:29:41.468170
7068bcbd-f95c-45f1-8e48-1ea57576824f,CUST000131,Fashion,3,1706.5,5119.5,credit_card,2026-03-12T19:03:45.493398
4ff75dbf-73f8-4369-9fb2-f5d83038a452,CUST000389,Home & Kitchen,4,1808.22,7232.88,wallet,2026-04-25T20:12:54.479797
8be37828-b124-46d5-a6d6-9c23c2e92330,CUST000152,Books,2,900.06,1800.12,credit_card,2026-06-27T16:23:24.313868
7fe86554-93bd-4db6-8316-ac6e328babf1,CUST000661,Books,4,1365.85,5463.4,upi,2026-05-15T12:23:18.594801
edd22e2f-a689-4e47-ad60-da6d9a97133a,CUST000195,Sports & Outdoors,4,1270.41,5081.64,upi,2026-05-27T13:40:41.583115
02f8a85c-5368-42a7-bd02-ef9181ce1c0a,CUST000063,Electronics,1,522.7,522.7,cash_on_delivery,2026-06-29T09:50:55.565094
e9dee861-0393-404e-9c57-2ceacff9739c,CUST000274,Books,1,1778.84,1778.84,cash_on_delivery,2026-03-27T11:18:51.606794
37359df3-da66-4c0e-b111-ca5293f15534,CUST000037,Sports & Outdoors,5,466.58,2332.9,wallet,2026-03-28T18:19:06.626845
643e6761-d1b1-46e3-aaa9-440d2a1ac8f6,CUST000079,Sports & Outdoors,3,1208.36,3625.08,credit_card,2026-07-01T12:06:53.398713
56b2f30b-8c04-421f-8dc3-4bdf52847d46,CUST000157,Beauty & Personal Care,3,648.59,1945.77,credit_card,2026-07-19T16:58:49.483135
3542e761-5999-4aa0-a23a-a0f8b4bd20a9,CUST000739,Toys,3,641.22,1923.66,credit_card,2026-05-05T22:25:33.612664
5d9d486d-065a-4180-9a7c-2837a318f2ad,CUST000780,Electronics,2,127.06,254.12,upi,2026-06-20T10:52:00.911329
363f5d23-c35d-4995-9d68-2413044479b6,CUST000432,Electronics,1,1047.85,1047.85,cash_on_delivery,2026-04-12T11:33:26.612936
35262e91-ff49-4bd2-8843-883cc1f56879,CUST000408,Fashion,3,485.0,1455.0,wallet,2026-02-24T19:54:48.949830
8c9fda5f-6d53-4e27-a5b4-793fc0ae348c,CUST000681,Groceries,3,948.29,2844.87,upi,2026-03-20T09:38:01.105165
7e1395c6-2605-42ac-8913-f3b5da300dbc,CUST000738,Beauty & Personal Care,1,1559.04,1559.04,upi,2026-06-06T08:16:20.163213
da071bc1-e970-4be4-a892-b3344221f864,CUST000506,Electronics,4,633.22,2532.88,cash_on_delivery,2026-07-26T13:33:09.535378
a960737d-167f-4c62-aa4a-1a20dbad80d1,CUST000024,Toys,5,809.81,4049.05,cash_on_delivery,2026-03-12T04:52:10.922301
b38c8f0e-a2b1-47c0-8c5c-1325cbadb6f8,CUST000541,Groceries,3,1433.04,4299.12,debit_card,2026-02-16T16:28:31.990817
d74db118-91c2-46bd-a348-f1645f7ceedd,CUST000103,Electronics,2,1663.73,3327.46,cash_on_delivery,2026-06-23T15:44:59.531312
7d2742cc-4249-4d7c-be46-d83b6c37f537,CUST000188,Fashion,4,99.15,396.6,debit_card,2026-08-04T07:09:39.410970
7cfaf730-d6be-4fea-acbb-9ce85a688e86,CUST000525,Fashion,1,1662.94,1662.94,debit_card,2026-07-18T13:14:58.398585
fffea44b-9bd1-4d82-9082-c33e471499b4,CUST000673,Electronics,3,1672.76,5018.28,credit_card,2026-06-24T15:03:19.161038
bdb91269-fb8d-46ad-9763-81f94abef4eb,CUST000258,Groceries,3,1024.64,3073.92,credit_card,2026-04-18T13:14:25.880215
6fb67115-3f85-4e4e-b9c7-3c58ead372bf,CUST000474,Toys,4,1371.89,5487.56,cash_on_delivery,2026-07-17T21:18:11.273011
25df5953-62ef-47ed-b914-490968ebee46,CUST000410,Books,2,480.96,961.92,wallet,2026-05-14T00:58:38.074479
2ab26366-8d8d-4207-96f3-ff16ddacb41b,CUST000106,Books,2,428.66,857.32,wallet,2026-06-25T14:31:51.227650
cd52d203-c9c1-4f93-9eb4-5b31951ba85f,CUST000060,Sports & Outdoors,1,367.01,367.01,upi,2026-03-29T11:10:46.745657
d338fd1a-889b-46d3-b4f2-945b311ecd64,CUST000547,Sports & Outdoors,4,1378.43,5513.72,wallet,2026-05-03T11:08:00.802451
a5edade1-c34a-4b3d-b773-f19efe0b133b,CUST000231,Toys,2,1297.55,2595.1,debit_card,2026-05-08T04:38:02.148956
0ab922da-7956-49c9-8e0c-58c9af5b1ff3,CUST000460,Fashion,2,1045.32,2090.64,wallet,2026-06-17T22:07:55.791636
c67194af-df6f-47e1-a0c1-f0f9f5ddfc7a,CUST000365,Electronics,3,1732.27,5196.81,upi,2026-05-24T11:26:40.405595
22970720-c8de-4a21-be7b-851d935c2a6a,CUST000600,Beauty & Personal Care,1,1835.27,1835.27,credit_card,2026-03-30T09:45:20.537548
586bcfd2-e19b-4300-9a8d-9e507045e176,CUST000243,Electronics,4,1037.26,4149.04,cash_on_delivery,2026-06-30T01:04:44.310208
ebcc678e-8a99-4744-bcd6-8d29c54d9868,CUST000315,Beauty & Personal Care,4,722.49,2889.96,cash_on_delivery,2026-07-24T21:22:33.654121
544a61f4-41e3-42e0-ab6b-1e4d87eca2e0,CUST000463,Groceries,3,12.42,37.26,credit_card,2026-05-17T21:10:48.805820
02fa6bcf-0a52-4075-99a0-5d328c76c4ec,CUST000669,Books,2,838.85,1677.7,upi,2026-07-20T14:03:40.976108
01b0fb78-eab4-4586-983a-0868934a58f5,CUST000180,Electronics,4,1927.75,7711.0,credit_card,2026-03-08T09:24:51.237588
dbe59017-bc40-4e4d-b358-061a8620ab98,CUST000328,Books,3,60.19,180.57,cash_on_delivery,2026-04-08T07:09:47.467711
a2aac808-35aa-4765-8a17-b506f7a69383,CUST000362,Groceries,4,262.76,1051.04,cash_on_delivery,2026-02-26T07:16:09.715408
29bc0e56-4744-4287-8043-fd669ef8c445,CUST000762,Home & Kitchen,2,448.6,897.2,debit_card,2026-05-22T21:16:02.466716
0d4dfcea-907f-439d-b8c1-f5339b3ee547,CUST000218,Groceries,2,768.0,1536.0,credit_card,2026-03-01T22:32:41.309290
b0d8a2cb-b486-414b-beca-196c399bb7c4,CUST000153,Home & Kitchen,2,1985.83,3971.66,upi,2026-04-25T17:44:44.080877
e63ca42c-a89e-4dbb-8197-168048feeae4,CUST000163,Books,2,304.69,609.38,wallet,2026-07-04T17:24:06.672882
432f9a70-865d-47be-8111-b457aa9e1ba3,CUST000790,Beauty & Personal Care,2,1141.12,2282.24,debit_card,2026-06-20T00:19:26.465949
e3971d19-086b-4f33-80e9-04851940cf0f,CUST000204,Books,5,807.59,-4037.95,wallet,2026-06-25T19:38:22.010679
d1c0e501-847a-441b-b2e2-61c6e59726c1,CUST000113,Fashion,1,1096.58,1096.58,cash_on_delivery,2026-03-16T21:43:09.836017
f76f1cdd-82e6-426b-ad12-d9b107daa982,CUST000739,Beauty & Personal Care,3,201.55,604.65,cash_on_delivery,2026-07-24T20:50:42.948369
c218caf8-8723-40aa-88ef-93cc9306a656,CUST000759,Beauty & Personal Care,5,1159.37,5796.85,debit_card,2026-04-26T13:52:00.972432
72650451-9829-4040-b944-05766b06955b,CUST000269,Fashion,2,1414.92,2829.84,credit_card,2026-05-24T11:09:37.265058
7e67abe0-4173-4f3a-9647-d2b4972f110e,CUST000235,Electronics,5,933.18,4665.9,upi,2026-05-12T18:40:50.583563
a400392e-e296-4398-b68b-7862f8c603af,CUST000591,Groceries,1,329.5,329.5,credit_card,2026-05-13T13:11:51.694877
5995a0c7-94b7-4308-8912-cffdf81d7d9d,CUST000076,Toys,3,620.23,1860.69,cash_on_delivery,2026-05-15T23:57:32.171094
5ae97b75-0d7f-4d8c-9001-f9a6a815c308,CUST000000,Sports & Outdoors,3,223.85,671.55,credit_card,2026-05-15T14:24:15.662434
e8a0337c-229a-47d0-bc76-d6c9ed28b24f,CUST000286,Books,1,123.34,123.34,upi,2026-06-29T11:46:05.700288
d6a18653-b7f1-4490-909f-f3eb52e3031d,CUST000470,Groceries,5,523.62,2618.1,debit_card,2026-07-05T05:14:22.044839
1697d517-7f58-4c9f-a609-6b2b5643f914,CUST000141,Fashion,4,1657.73,6630.92,credit_card,2026-05-25T05:10:53.458933
3c9f11bf-28ab-4fa5-9a9e-0d721f0b660c,CUST000372,Sports & Outdoors,4,655.39,2621.56,debit_card,2026-05-08T00:36:15.132645
2af66ed4-d2ea-4f78-9425-96e77ef81617,CUST000172,Beauty & Personal Care,1,544.18,544.18,debit_card,2026-07-15T00:29:44.352418
58a05f10-e246-4c70-b7e6-9363c6bd0b7a,CUST000422,Groceries,2,1707.7,3415.4,debit_card,2026-04-18T14:17:15.179255
f4969e66-e6c1-454c-9c91-21d537a62feb,CUST000161,Sports & Outdoors,5,140.29,701.45,credit_card,2026-06-02T08:41:09.661191
9ac4cb18-a034-4908-b327-3a95a5b08b3b,CUST000656,Home & Kitchen,3,784.28,2352.84,cash_on_delivery,2026-04-23T21:44:46.304012
6ad78f6c-eaa5-4ae4-8326-6a3b96897192,CUST000538,Fashion,2,1818.44,3636.88,debit_card,2026-06-19T15:32:21.531980
78c2c877-d40d-475a-b6b0-aff66fd946c2,CUST000664,Beauty & Personal Care,2,795.74,1591.48,credit_card,2026-04-27T16:12:07.444448
7b8156af-b9eb-4b3f-bcd3-718462f95877,CUST000488,Sports & Outdoors,1,1871.97,1871.97,upi,2026-03-15T14:40:25.431333
d6ecb68e-620e-4d00-b904-83a26d15e7a2,CUST000150,Toys,5,1920.89,9604.45,upi,2026-07-19T15:50:31.453354
3e673884-c4f0-429e-97a1-b69629d00f2c,CUST000621,Toys,2,1735.27,3470.54,debit_card,2026-07-21T18:15:23.261904
ac7c2d62-339e-4d19-b93c-833ca4fbfa9a,CUST000036,Books,2,452.91,905.82,cash_on_delivery,2026-02-19T21:50:51.498078
229971f9-7535-41a9-88af-cc848cf76993,CUST000664,Sports & Outdoors,5,352.53,1762.65,wallet,2026-05-15T06:45:00.311100
b7dbcf19-27af-4847-9b9e-1686cc824cc4,CUST000396,Groceries,1,699.38,699.38,upi,2026-08-09T14:42:14.205162
29ead199-7df9-49cb-b55d-22bd6514e9f2,CUST000632,Electronics,N/A,192.11,768.44,wallet,2026-06-28T18:23:12.374482
5db7d289-b427-4554-96c4-9783c3a4a12a,CUST000140,Home & Kitchen,4,1812.14,7248.56,upi,2026-05-31T11:59:08.570413
2f67bcdb-f426-48fe-b31d-b85aa516bcf7,CUST000528,Sports & Outdoors,2,897.72,1795.44,upi,2026-03-30T08:18:10.872410
2df4d93e-2f7d-4399-9da4-7715af86e025,CUST000387,Sports & Outdoors,1,1094.32,1094.32,cash_on_delivery,2026-05-13T02:50:00.665403
eddf8ff3-fdb6-4ad2-b3f2-67f73668b3b5,CUST000783,Home & Kitchen,5,212.34,1061.7,debit_card,2026-03-15T21:35:23.877477
1a5632d5-95a5-4c70-b644-717f8c39da75,CUST000618,Fashion,5,1580.15,7900.75,debit_card,2026-06-22T05:29:02.044450
c4fe42e6-11e6-4b8d-84fe-f612b473aa30,CUST000355,Books,2,1968.57,3937.14,credit_card,2026-07-08T17:04:46.036412
6cd8fff5-ddee-41d6-bf49-36a922386b2e,CUST000153,Electronics,5,263.82,1319.1,debit_card,2026-06-16T10:02:00.268849
72a2662a-ccc3-4eec-890d-c4816084fd78,CUST000445,Beauty & Personal Care,1,1280.74,1280.74,credit_card,2026-05-30T15:22:43.936714
d2526966-70ad-4966-a3fe-cbd67999847c,CUST000512,Sports & Outdoors,4,985.45,3941.8,cash_on_delivery,2026-08-08T17:41:23.337642
a884437e-339b-4c89-b341-d9a37fe5bc3a,CUST000370,Sports & Outdoors,4,1128.44,4513.76,wallet,2026-03-13T04:07:02.380186
8f8106f9-2e52-4a2b-9a48-10722a0c825b,CUST000460,Electronics,3,1623.27,4869.81,upi,2026-03-16T01:44:29.483567
4f632d4c-bda6-4159-ba30-1e449636a1de,CUST000089,Fashion,5,1188.87,5944.35,cash_on_delivery,2026-07-10T21:21:29.068267
60d8ffe6-467c-4bb9-ba88-2a74dd9bcb38,CUST000743,Books,1,1907.79,1907.79,credit_card,2026-05-19T10:33:56.560739
38e6fd33-c5d2-41bd-8362-e5f89a485e36,CUST000556,Sports & Outdoors,3,1745.52,5236.56,upi,2026-04-03T18:59:56.406015
b89c7be0-dc84-4883-abd8-b3400a68b054,CUST000776,Beauty & Personal Care,1,453.14,453.14,credit_card,2026-05-20T14:16:10.516807
6c4da9d9-04e8-40a6-a8d0-bfcec2301ad7,CUST000392,Home & Kitchen,2,581.08,1162.16,wallet,2026-03-13T13:27:21.226031
c74d107d-1430-4d67-b944-e3e4d3b4f12b,CUST000641,Groceries,4,1814.16,7256.64,debit_card,2026-03-06T07:23:59.780783
b833b5e9-8f10-45c6-8106-9fe09d2150a4,CUST000274,Home & Kitchen,4,852.27,3409.08,credit_card,2026-07-01T02:09:55.166096
473f85b5-b175-4bc6-96cb-c407566cf1d9,CUST000476,Home & Kitchen,5,965.08,4825.4,upi,2026-05-20T12:56:54.108598
8a9b3bb9-f176-417f-bdff-821f4bbe98d7,CUST000483,Fashion,1,1762.3,1762.3,upi,2026-05-13T08:58:13.942378
c54aced6-5e00-4957-a3c7-b6ad2c3062a2,CUST000505,Books,5,1984.82,9924.1,credit_card,2026-03-14T02:20:28.976120
4653462b-79a6-4c06-9a9a-dbb201d73f25,CUST000275,Groceries,4,1165.42,4661.68,debit_card,2026-04-30T22:54:41.056206
6f7aed39-2b2e-4f56-8ff1-aa35abd56d19,CUST000548,Toys,4,232.09,928.36,wallet,2026-05-15T09:24:44.493660
8b1b64a3-5335-4fb5-aeef-6763c99fc334,CUST000458,Electronics,2,596.18,1192.36,cash_on_delivery,2026-05-12T09:50:48.752931
54f93c88-d08e-4294-bced-2a613ca40571,CUST000094,Books,2,1955.96,3911.92,debit_card,2026-05-15T08:17:08.537134
a5af5738-f388-4926-8971-538f125325b3,CUST000289,Beauty & Personal Care,5,657.97,3289.85,cash_on_delivery,2026-08-03T02:02:08.374026
7abe0656-cb38-4c1c-8e08-bf9e3f40038f,CUST000190,Books,5,175.96,879.8,upi,2026-05-14T23:53:32.504489
84704d8b-4d1a-4563-b752-3f0c2d7948a0,CUST000581,Toys,5,829.34,4146.7,wallet,2026-06-29T03:12:16.359646
ecb943c7-3d89-4566-98fa-62da95b8826f,CUST000465,Home & Kitchen,4,297.37,1189.48,cash_on_delivery,2026-05-18T13:54:14.129732
1cea18e1-32e1-42c8-af1c-eb7aed584f5b,CUST000514,Books,2,1932.7,3865.4,wallet,2026-05-18T23:02:32.834849
efe25f97-f6ec-4dd7-a165-6097facc295e,CUST000691,Groceries,1,886.91,886.91,wallet,2026-03-18T11:10:02.963127
a4ada31a-3b8e-425a-8609-ba7efc2c8a95,CUST000412,Fashion,2,874.31,1748.62,debit_card,2026-07-08T10:09:25.877587
45bf05ef-dd59-4b58-ad73-12c82d5306c7,CUST000778,Books,5,1178.31,5891.55,wallet,2026-03-26T22:37:55.241557
c8270d04-96d6-4879-97dc-befd361cabad,CUST000489,Groceries,3,652.0,1956.0,debit_card,2026-03-18T11:13:42.294908
b9e066c6-0bef-4617-9c42-e993764fcd4e,CUST000291,Sports & Outdoors,5,40.74,203.7,credit_card,2026-08-09T02:00:43.550494
5e5af4e8-e780-4bc0-9d08-a72f1cf3f8bc,CUST000579,Groceries,3,700.28,2100.84,debit_card,2026-07-11T02:10:32.345987
ad627bb4-65b5-4c82-aff2-b6ffb0b9e919,CUST000179,Books,2,221.51,443.02,debit_card,2026-03-27T06:58:24.396065
07abe706-fc6b-4fd8-957a-b7ed57ed3289,CUST000654,Beauty & Personal Care,3,1609.57,4828.71,upi,2026-04-04T15:25:29.707344
a3131d2d-fdbf-4622-8e7d-be5700fb3df2,CUST000408,Fashion,3,1358.03,4074.09,credit_card,2026-06-13T19:28:44.391395
19f75082-9d18-44bb-b5de-cb890d033a90,CUST000188,Beauty & Personal Care,2,805.85,1611.7,upi,2026-04-22T10:49:32.274608
d8cfcd3e-79a1-4ddc-97cb-4042626c1e10,CUST000729,Home & Kitchen,1,139.43,139.43,upi,2026-06-26T04:43:06.512111
5f718ee7-9f94-4044-8e7b-44fc2610f4fd,CUST000017,Sports & Outdoors,1,665.82,665.82,cash_on_delivery,2026-05-25T07:26:16.059516
328fc760-aede-4f8e-906f-c80ee4d67fe5,,Beauty & Personal Care,4,113.11,452.44,upi,2026-07-29T20:18:49.800508
b56d32bc-ea13-4d82-8215-385adc27fb1f,CUST000679,Home & Kitchen,4,339.03,1356.12,wallet,2026-02-18T16:52:54.932215
b9e7c626-32ec-4579-aea3-12ad19191feb,CUST000188,Toys,2,485.73,971.46,upi,2026-03-15T06:48:17.269309
d0838349-6b49-40ee-b1f2-dae98e5a56c2,CUST000428,Fashion,2,828.86,1657.72,cash_on_delivery,2026-03-16T12:25:43.956288
8b580256-66c1-4d31-9fd4-cddedfca6041,CUST000683,Home & Kitchen,5,642.74,3213.7,wallet,2026-04-12T20:56:39.966715
e044c79d-db89-4daf-83d3-25551bf5332a,CUST000032,Books,3,512.66,1537.98,upi,2026-06-30T01:31:02.898869
a8cb4b7b-e090-46bf-b245-39754db0d0e5,CUST000394,Electronics,2,583.66,1167.32,upi,2026-03-09T12:03:15.792191
83991829-764c-465b-a991-e615c116f9b7,CUST000078,Groceries,3,1916.62,5749.86,debit_card,2026-03-11T13:23:39.198618
613cb31a-cc19-4b5a-a136-f13ee76e2c82,CUST000468,Home & Kitchen,4,226.16,904.64,wallet,2026-02-18T15:59:02.639549
47fc0ae5-92f7-4200-a238-52e722e209e5,CUST000233,Sports & Outdoors,2,1894.76,3789.52,debit_card,2026-06-13T02:55:38.442031
6fb0a9f4-0330-412a-b196-451fa9b403f6,CUST000577,Groceries,3,249.29,747.87,upi,2026-06-16T10:49:49.108218
fc5c2575-4034-4f28-bebc-ac2d798b242d,CUST000393,Sports & Outdoors,2,1680.73,3361.46,upi,2026-03-31T02:45:00.509264
41b511e6-5599-4fa5-9181-67bf67e3ac6f,CUST000124,Groceries,2,1585.17,3170.34,cash_on_delivery,2026-02-27T07:26:07.435338
450961a0-b5bb-485e-88d9-8b5e8c0b8a54,CUST000515,Toys,4,1861.0,7444.0,debit_card,2026-04-06T03:17:30.324062
182db4b8-f53d-4f2b-9ec7-d055982c79e1,CUST000172,Electronics,1,1958.2,1958.2,wallet,2026-06-14T06:22:34.428031
bfe2e416-6f26-49e2-bb86-237341ea6842,CUST000591,Groceries,5,177.52,887.6,cash_on_delivery,2026-04-14T12:00:45.200904
24fec942-8120-4b02-8ade-519f06a77534,CUST000134,Fashion,1,724.29,724.29,cash_on_delivery,2026-08-09T03:36:35.119696
91b84c3e-f4c8-4e77-8173-35ca82b5f1b5,CUST000376,Fashion,2,797.38,1594.76,wallet,2026-02-20T04:06:03.100260
6224e536-c738-4e9a-bb76-618a71c44e90,CUST000128,Groceries,4,1554.01,6216.04,wallet,2026-07-14T00:36:54.247331
2c577920-0d06-4a3f-904f-ab7dbef29d62,CUST000016,Books,1,60.75,60.75,upi,2026-02-25T22:16:59.125595
31a420d8-3970-4874-9306-a5f76a3b920b,CUST000773,Toys,1,1793.67,1793.67,wallet,2026-05-06T04:17:27.925661
eab196cf-9585-4c47-9756-ab9dc0fcf15f,CUST000483,Electronics,2,577.75,1155.5,debit_card,2026-02-19T09:44:46.340601
9a5e43b4-6dcc-41e7-8469-ad7f976e0eb5,CUST000683,Electronics,5,134.59,672.95,debit_card,2026-04-12T15:06:20.547792
1c8414c4-d754-4f2c-a145-d132f68603bd,,Toys,5,1457.02,7285.1,wallet,2026-06-25T07:44:06.347615
97b46abd-6799-4beb-a234-7a0c7b267624,CUST000442,Toys,1,300.8,300.8,credit_card,2026-04-24T03:54:35.908930
b6cd34bd-455b-47f1-af82-33390e8f7f64,CUST000186,Beauty & Personal Care,5,1096.32,5481.6,upi,2026-02-20T05:50:42.725047
c8979517-47eb-4041-9aec-fde4d41f522f,CUST000731,Electronics,1,1311.83,1311.83,credit_card,2026-02-27T01:56:13.440732
20cd488f-3ab7-4472-a2e6-79f9d2d06cfb,CUST000675,Fashion,2,1677.45,3354.9,cash_on_delivery,2026-04-22T11:24:48.892812
20560b0f-c726-47a5-96e7-147daf04de23,CUST000168,Books,1,156.9,156.9,debit_card,2026-02-17T20:47:59.229115
f30c9cf7-50e1-4534-9c01-a3b37ae5be32,CUST000471,Books,3,396.23,1188.69,wallet,2026-07-22T15:01:00.753416
9a8334e5-2c3f-41f1-a1f0-80446ba69829,CUST000142,Toys,4,1520.55,6082.2,debit_card,2026-02-21T18:40:57.218690
9b552689-c0c7-4169-80e5-47ecb5a452ef,CUST000007,Electronics,5,54.42,272.1,upi,2026-04-30T20:56:41.474327
942af5be-8f2b-4def-b323-52d87dcdd518,CUST000155,Fashion,5,459.86,2299.3,credit_card,2026-07-12T17:26:25.799722
ce47acc6-43d3-412f-902a-ef2591975ea0,CUST000741,Fashion,1,505.14,505.14,cash_on_delivery,2026-04-23T04:40:59.793640
bc78b3ed-b493-4056-8059-53b72c8b50a9,CUST000725,Home & Kitchen,2,1409.64,2819.28,upi,2026-04-03T18:45:52.918341
e4a396b8-c0dd-400b-857f-63c176c003ac,CUST000357,Sports & Outdoors,2,1698.26,3396.52,upi,2026-02-18T11:35:33.606651
dd16be3e-7a92-40a5-bda0-b67e62e1fd69,CUST000560,Fashion,2,1895.21,3790.42,credit_card,2026-06-15T07:15:45.355376
d949cbc4-a1b4-453c-86e5-249a11e25f9f,CUST000427,Home & Kitchen,4,980.76,3923.04,cash_on_delivery,2026-07-05T07:18:41.771447
9540f05a-2c8d-4438-acb1-ab0d7c27fc10,CUST000606,Sports & Outdoors,1,1589.52,1589.52,wallet,2026-02-14T04:17:48.062319
d986ede0-df25-4dda-8b1f-18e6a5360bf3,CUST000721,Electronics,2,865.49,1730.98,wallet,2026-02-13T19:06:15.931972
9404474f-0479-4612-b192-254f2e9fd6af,CUST000396,Groceries,4,1050.52,4202.08,wallet,2026-04-16T12:53:51.098838
7d7e7786-313a-496c-af14-c16ba54f06b0,CUST000483,Fashion,2,545.43,1090.86,credit_card,2026-05-25T12:04:28.944417
61d36acd-b243-436e-83c0-3f26610c06bc,CUST000196,Beauty & Personal Care,1,1964.16,1964.16,cash_on_delivery,2026-06-28T22:47:24.231879
fe2f2054-f910-4353-aaaa-33dc9552c759,CUST000167,Books,4,283.38,1133.52,credit_card,2026-03-25T07:35:56.338315
043b089b-7ab0-4ba8-b998-aac604105134,CUST000140,Sports & Outdoors,5,1608.91,8044.55,cash_on_delivery,2026-07-11T09:43:25.430854
fd639bbe-90b5-46f7-9451-72b169b0ca16,CUST000348,Fashion,5,51.73,258.65,wallet,2026-07-31T13:31:49.312522
57c8fe6d-b6e6-4912-8bd3-803bc56187b6,CUST000719,Books,4,791.87,3167.48,credit_card,2026-05-03T03:46:45.806573
6b9cb5c2-db0c-4ef7-8495-4648f67ade0f,CUST000372,Home & Kitchen,4,1198.11,4792.44,cash_on_delivery,2026-04-16T13:18:34.453180
452d25d1-ec06-4090-9735-ce86d4c9ffbb,CUST000629,Books,2,1293.85,2587.7,debit_card,2026-05-25T01:40:16.653233
2c9520ec-f084-4891-aa22-2b580a945b08,CUST000593,Books,2,593.91,1187.82,upi,2026-07-03T06:25:01.193961
d6d127f7-11c6-47a6-8aa7-a40a6e20e8e3,CUST000331,Sports & Outdoors,4,1224.51,4898.04,cash_on_delivery,2026-05-05T07:46:38.160778
d33a8afa-6776-4d79-a159-a0174c88577e,CUST000287,Sports & Outdoors,3,1156.55,3469.65,debit_card,2026-05-15T20:36:29.874462
e872605e-8821-4eb0-b431-98afc733f2d5,CUST000070,Books,5,883.88,4419.4,upi,2026-05-20T03:42:41.289909
29c68e13-e854-438d-b41f-3fe0d608bdc3,CUST000021,Electronics,2,57.58,115.16,wallet,2026-06-06T01:25:11.518160
93faba4c-2cfa-460a-9b55-3b3672ad6e90,CUST000272,Sports & Outdoors,4,1431.82,5727.28,upi,2026-04-16T19:10:37.315902
b5501078-e5b9-41a3-a590-a76a1bc00401,CUST000775,Beauty & Personal Care,5,1466.35,7331.75,cash_on_delivery,2026-06-20T14:00:16.455069
9afbedf1-d68a-4b7a-b767-b3e7a153427b,CUST000522,Toys,4,1618.34,6473.36,debit_card,2026-05-07T00:19:11.186910
d04f657d-c9ce-4633-b0ce-da6cedbe5f5c,CUST000536,Sports & Outdoors,5,140.02,700.1,wallet,2026-05-31T17:00:18.004901
f7984acb-8d81-4c0b-ba18-946d44e76a04,CUST000711,Electronics,2,1141.49,2282.98,wallet,2026-06-08T07:36:39.653615
4a904a57-0ccc-4c6d-b05b-7651fc58a6a7,CUST000611,Groceries,3,1203.56,3610.68,debit_card,2026-06-13T19:59:44.875793
cacd26c9-5bab-4af6-9e11-1a1c324f287b,CUST000660,Electronics,5,1255.69,6278.45,credit_card,2026-04-22T23:00:36.033283
9e19e2b6-bf42-49e2-a344-cca3d89f303c,CUST000431,Toys,5,273.27,1366.35,wallet,2026-08-07T05:26:15.360397
0b59ee2f-6839-4af6-8b29-b9f97ea70d8b,CUST000685,Groceries,2,1537.79,3075.58,upi,2026-04-15T21:16:15.710241
22fe08cb-3f1b-40d1-8454-4c46b7dbd6bf,CUST000302,Fashion,4,515.17,2060.68,debit_card,2026-07-04T15:01:19.129821
fffbe186-0c2e-4c61-b277-c0c258dd0733,CUST000647,Groceries,5,1172.39,5861.95,upi,2026-05-13T17:48:37.788833
c4a9a321-0fa5-40c0-bded-7f83611d6128,CUST000055,Home & Kitchen,4,1790.44,7161.76,upi,2026-06-21T23:38:46.475168
f6324623-396f-41f1-b144-bb595ac0d888,CUST000535,Groceries,5,1961.98,9809.9,cash_on_delivery,2026-02-16T01:37:56.774114
875a7596-8183-48dc-ac9a-8ecca279f9ba,CUST000581,Home & Kitchen,3,1857.27,5571.81,upi,2026-04-15T05:09:52.765168
89d869db-6cf9-4dd2-aa6a-34efbdb77093,CUST000532,Electronics,1,260.08,260.08,upi,2026-04-16T09:10:33.279549
2bcd4721-b0f2-4bc9-875e-5f80ada222ed,CUST000184,Sports & Outdoors,1,909.8,909.8,wallet,2026-05-31T05:43:24.095303
125bff03-2682-4f0d-8a2a-e8fff0a67b99,CUST000521,Groceries,4,426.49,1705.96,cash_on_delivery,2026-06-02T03:42:55.334806
a5784ee9-4c23-45b4-b74f-f2460cc6f056,CUST000293,Toys,2,1265.27,2530.54,debit_card,2026-05-21T20:30:27.557379
64ef0384-fab7-4d40-99e2-e0d441e7dab6,CUST000010,Sports & Outdoors,1,1929.88,1929.88,credit_card,2026-07-01T15:45:08.872635
5fd4d848-2cc1-449e-bbe1-8fe384e9817f,CUST000490,Sports & Outdoors,4,64.43,257.72,cash_on_delivery,2026-05-03T23:30:01.275406
2b50d96c-af82-42d8-a18e-e5feb6cb9f9a,CUST000163,Sports & Outdoors,1,1188.92,1188.92,credit_card,2026-07-17T02:06:20.980443
77b66f0f-c84c-4824-8ab7-c50b48657734,CUST000760,Home & Kitchen,3,1914.2,5742.6,wallet,2026-03-21T18:15:53.382077
199b643f-37ca-44ee-bcb9-2b3259ed9624,CUST000191,Groceries,1,565.87,565.87,upi,2026-08-07T03:37:31.909395
ff310a0f-5ea9-4895-b9c7-8a27d048e495,CUST000169,Toys,4,232.9,931.6,upi,2026-04-14T23:56:37.297834
72db0cf4-c5e9-4742-8fb9-f1155e6916e3,CUST000289,Beauty & Personal Care,4,1370.4,5481.6,credit_card,2026-05-08T22:53:26.941555
ae26acfa-7d1e-4cbe-a5cf-19f3de5f733d,CUST000209,Toys,2,1165.59,2331.18,credit_card,2026-03-04T09:06:28.317767
35197760-9a09-4ce8-8c8c-30f99eda2404,CUST000792,Books,1,1138.75,1138.75,upi,2026-06-14T10:07:22.965448
ba6eb03c-89fa-48c7-86a0-5f7e32961aca,CUST000614,Fashion,2,1360.47,2720.94,upi,2026-07-14T12:15:10.106732
74fcb891-d8ef-4c1f-b12b-52d9b1ff16a6,CUST000039,Fashion,1,1220.66,1220.66,cash_on_delivery,2026-03-01T23:11:06.684874
dd1c322e-3773-4726-b1a6-a4a2f3e25579,CUST000579,Fashion,4,1473.16,5892.64,upi,2026-05-09T18:58:10.540159
c6a4bd79-0df6-4f02-ad97-3dd6e06c4a81,CUST000226,Books,1,604.5,604.5,wallet,2026-02-25T16:06:52.151173
9162fc97-7728-4c5b-a706-e46b40672084,CUST000275,Fashion,1,1431.82,1431.82,debit_card,2026-04-19T16:35:54.346599
a780147a-4047-42e7-b838-fd323e592fb8,CUST000469,Home & Kitchen,2,64.1,128.2,debit_card,2026-05-26T13:24:41.188996
c03a15b3-4eab-4582-b13e-bccf7af2d656,,Toys,3,1440.12,4320.36,cash_on_delivery,2026-04-30T00:14:03.760498
6abd49b9-758e-4de0-80ef-e53843128b20,CUST000423,Books,3,499.79,1499.37,upi,2026-03-13T22:57:43.012691
94925a52-dc37-4c98-9cef-01bf2f613bd0,CUST000497,,2,161.5,323.0,wallet,2026-04-27T13:23:50.890351
2cfc6b1e-fedc-473c-b339-e9d031914211,CUST000464,Home & Kitchen,5,1060.09,5300.45,debit_card,2026-06-30T16:53:50.394995
217be455-9e94-4b23-b137-c63ab9f6b40c,CUST000003,Beauty & Personal Care,1,699.68,699.68,debit_card,2026-03-17T15:23:32.156849
25c9ab88-4cce-467f-a758-a593ea87fd38,CUST000744,Books,2,601.71,1203.42,credit_card,2026-07-17T01:55:50.310329
18cb6816-57c7-4001-807f-c0757dae9abc,,Sports & Outdoors,5,427.42,2137.1,debit_card,2026-07-25T02:30:55.206579
ae1b8c88-e48d-4057-91a4-b9e1dba209a2,CUST000735,Groceries,4,472.34,1889.36,upi,2026-07-26T10:36:41.231883
b6540074-cc89-442f-84af-01a98e4fa4e3,CUST000613,Home & Kitchen,1,728.25,728.25,upi,2026-04-03T10:02:44.488597
7e8dc314-8e16-47e2-8587-4ca301cccb74,CUST000194,Home & Kitchen,2,373.98,747.96,upi,2026-02-13T03:45:53.180131
6a163611-a926-4c76-a243-c904626ce5cf,CUST000164,Groceries,3,1897.01,5691.03,credit_card,2026-03-01T15:38:41.954253
0a08162b-4c30-48d3-be9c-f964ef37df78,CUST000581,Sports & Outdoors,2,7.91,15.82,debit_card,2026-03-05T07:24:07.682461
600ff636-f544-4ece-9636-1165480cec0b,CUST000170,Beauty & Personal Care,2,715.02,1430.04,wallet,2026-03-11T22:13:15.667400
da3078e3-21aa-419c-9898-ba9a454190b3,CUST000032,Books,2,1705.05,3410.1,cash_on_delivery,2026-05-30T18:29:45.100472
f849e9d8-2cf5-438c-ac61-ab25ffdfbd24,CUST000395,Sports & Outdoors,4,1947.58,7790.32,cash_on_delivery,2026-06-29T07:12:26.360324
fc2b3ef2-426d-4777-b5de-83144bc6fe2b,CUST000567,Home & Kitchen,5,496.4,2482.0,debit_card,2026-04-12T02:28:49.481269
550deb46-68b3-46c9-80f7-690510ee9573,CUST000135,Electronics,3,565.0,1695.0,credit_card,2026-08-04T23:06:35.921508
3acebe16-c29e-4b8b-9a4f-35d02532ecd9,CUST000516,Books,5,1563.95,7819.75,credit_card,2026-06-01T14:30:16.329962
08eb9d5e-9709-4fd6-b371-dd16b1746079,CUST000625,Sports & Outdoors,5,262.78,1313.9,credit_card,2026-06-21T14:22:09.412928
dffd823e-44b3-4843-86d4-d43126a8e0b1,CUST000596,Fashion,5,808.7,4043.5,wallet,2026-04-21T17:58:46.840997
cabce96e-e315-4d30-8f87-1bbe5aeead6f,CUST000175,Books,5,410.27,2051.35,credit_card,2026-04-23T10:04:19.950897
3dc22a6c-6b8a-43e2-b050-8418b674b73b,CUST000046,Beauty & Personal Care,5,1304.0,6520.0,cash_on_delivery,2026-04-12T03:41:13.615208
6fd2d684-4adb-41a6-9f6b-ceb1c68fc2d9,CUST000028,Sports & Outdoors,2,1147.55,2295.1,debit_card,2026-05-03T14:12:59.074461
9ba815c9-9464-4b3a-a9d3-01a2cc7a8fa7,CUST000612,Fashion,5,708.28,3541.4,wallet,2026-04-16T15:40:35.244220
b307d20d-d825-4e7f-b5e9-e913c1f6c299,CUST000346,Fashion,1,583.03,583.03,wallet,2026-06-05T13:45:46.335078
948f9e10-6579-46ab-b85a-9490d1094a67,CUST000768,Toys,3,1518.0,4554.0,cash_on_delivery,2026-07-16T23:31:54.935014
404fc2c6-d78e-416f-80e6-86619c65a58c,CUST000381,Fashion,2,76.56,153.12,cash_on_delivery,2026-05-15T10:58:07.210074
9198f540-2c46-42f7-b4d8-f70bab16c42d,CUST000255,Electronics,3,915.62,2746.86,debit_card,2026-05-22T18:15:49.092275
d38d9879-ba00-4733-830d-71054f8be024,CUST000299,Beauty & Personal Care,4,1739.37,6957.48,credit_card,2026-02-12T16:55:46.887525
0e44d3c9-b1c0-4b00-92c9-7dfb5b198f7e,CUST000033,Sports & Outdoors,2,845.7,1691.4,upi,2026-03-20T19:34:28.443945
9abfddd2-6493-4e31-931c-6a6d90fd44af,CUST000583,Home & Kitchen,2,651.05,1302.1,cash_on_delivery,2026-04-16T12:12:44.268118
c81606ec-110b-4813-aec8-20adb32faed5,CUST000393,Fashion,5,1714.76,8573.8,cash_on_delivery,2026-03-28T22:12:22.175611
23e31e1d-5ab5-43b0-9e18-cd2dbaeaf579,CUST000616,Toys,3,266.66,799.98,cash_on_delivery,2026-07-30T05:33:32.819749
cf456bab-b498-4aae-8b23-769b0fc5bed2,CUST000551,Toys,2,1067.29,2134.58,cash_on_delivery,2026-07-31T15:10:42.184056
694d72a2-a892-4a82-a3cc-1da8cba26a3d,CUST000210,Electronics,1,1723.18,1723.18,cash_on_delivery,2026-04-15T21:34:24.316537
681469c7-4f24-416d-9cb1-301419d6f0c7,CUST000453,Home & Kitchen,5,865.29,4326.45,credit_card,2026-04-21T09:00:47.212863
a91a6b66-9e12-41bd-9923-cca42a711ab3,CUST000132,Fashion,5,402.97,2014.85,cash_on_delivery,2026-07-18T10:48:22.428664
7b60a5e1-2644-4642-b6c7-a8225575b422,CUST000698,Electronics,4,1906.24,7624.96,debit_card,2026-04-04T01:35:52.221761
833e8e4f-415b-4c99-88ce-6c4040543c15,CUST000101,Toys,2,1900.18,3800.36,upi,2026-05-15T00:29:49.093758
367bf77e-bade-463c-8ef3-1ffd1f133d1d,CUST000090,Toys,1,896.9,896.9,cash_on_delivery,2026-02-17T08:13:15.334954
225e1144-7984-48bd-8793-efae8d54e014,CUST000263,Electronics,1,1759.21,1759.21,wallet,2026-05-27T22:18:28.938289
43e38f92-07b1-4773-b86e-38bc05e208e7,CUST000552,Groceries,N/A,1753.9,8769.5,debit_card,2026-04-16T14:28:10.890816
b7e08371-9fdc-4951-a436-a78b7a3cfc69,CUST000746,Beauty & Personal Care,5,1646.97,8234.85,credit_card,2026-07-08T07:07:15.312924
78110aea-be5e-40e9-b233-80e2c61a0c92,CUST000041,Sports & Outdoors,5,773.63,3868.15,upi,2026-06-18T22:05:41.831395
fb576749-a165-42e1-8a74-3299a9661e05,CUST000310,Sports & Outdoors,2,930.24,1860.48,wallet,2026-03-30T03:47:24.752343
a375b437-0785-46c0-b4f5-b9893da13129,CUST000196,Beauty & Personal Care,1,1635.42,1635.42,credit_card,2026-05-27T13:35:39.528647
a7e631e6-69e2-4a44-99cf-ed6d52795a6e,CUST000385,Fashion,4,520.28,2081.12,cash_on_delivery,2026-03-04T03:34:17.844716
4d572667-d0c0-4e81-9eff-5a9906b83179,CUST000197,Beauty & Personal Care,1,351.87,351.87,wallet,2026-07-05T15:07:05.160035
9919db80-5ba6-4744-93e6-9955a7e72667,CUST000334,Sports & Outdoors,4,673.3,2693.2,upi,2026-06-21T01:04:55.815844
4d81a3fc-994f-47b9-b658-decf8f8e551a,CUST000565,Groceries,3,980.22,2940.66,credit_card,2026-03-06T14:23:37.662410
5183ba2c-420f-46a8-bbf1-eb183f3420ab,CUST000178,Groceries,2,622.46,1244.92,wallet,2026-05-06T01:14:53.798649
971e60d4-850d-42e2-b830-8fcd79610e00,CUST000007,Beauty & Personal Care,3,534.97,1604.91,wallet,2026-04-21T20:09:38.440459
7824610d-37a4-405d-b69a-b392bbbda56c,CUST000498,,2,717.49,1434.98,credit_card,2026-06-13T06:18:35.538586
428450fe-dc53-4d6c-a38c-99996f8400bb,CUST000212,Beauty & Personal Care,1,1382.94,1382.94,cash_on_delivery,2026-07-13T06:34:30.964607
5437af47-cc4b-491c-a41a-b063e60932dd,,Fashion,5,1479.67,7398.35,credit_card,2026-02-20T18:43:47.051821
0e610afd-d415-4f75-978f-b62783c4236a,CUST000774,Beauty & Personal Care,4,335.66,1342.64,cash_on_delivery,2026-04-22T20:49:06.855011
8350c2d9-cd88-445b-9041-87ee3da51376,CUST000197,Beauty & Personal Care,3,1878.4,5635.2,debit_card,2026-07-08T07:50:48.323161
a4110d8d-85c7-4a24-9cb7-1173465a5c49,CUST000251,Groceries,2,1348.5,2697.0,cash_on_delivery,2026-04-29T10:13:19.701338
b904b79b-eef7-4168-ad5b-a092a4a0f2cf,CUST000321,Toys,2,1618.06,3236.12,upi,2026-03-21T09:05:20.669868
2f9b8c54-a2cc-4fe2-b5a2-67f20aec0cad,CUST000152,Home & Kitchen,3,568.54,1705.62,upi,2026-05-15T13:40:29.876327
3f097873-2d7e-4f3c-8eea-713b25136f16,CUST000119,Groceries,5,320.86,1604.3,upi,2026-07-13T20:40:38.004558
7012b58e-0259-4178-96d5-de54b91bfec9,CUST000736,Beauty & Personal Care,3,1017.19,3051.57,debit_card,2026-05-13T19:55:32.186681
0b321cd2-7bd0-48ec-a207-9bfbda8ca103,CUST000326,Beauty & Personal Care,3,287.41,862.23,wallet,2026-03-27T03:53:44.998885
f371ce66-de5d-4e70-85a3-7671f2b45313,CUST000198,Groceries,2,921.95,1843.9,upi,2026-07-10T14:41:54.463494
c8616871-9bfd-4382-a3ab-5e6f8e368546,CUST000601,Toys,4,1515.92,6063.68,wallet,2026-05-31T15:48:42.809186
046792a8-eba7-4da6-8b72-da4840e4911e,CUST000130,Beauty & Personal Care,5,129.51,647.55,credit_card,2026-03-26T11:52:49.676667
3b5d09bf-defc-4001-aac1-8020be7331db,CUST000740,Toys,1,1930.23,1930.23,upi,2026-02-17T12:42:15.772480
491a4765-c7a7-49c9-a3f8-c744f52cf991,CUST000785,Electronics,2,1087.78,2175.56,upi,2026-06-18T14:58:00.716907
f31e01f3-4513-4ae9-a37d-90bb47b2ca6f,CUST000432,Books,4,1521.85,6087.4,credit_card,2026-02-26T14:11:23.562070
7ea05362-f6e6-4cee-a2f1-2a384f644c38,CUST000477,Home & Kitchen,5,831.5,4157.5,credit_card,2026-05-20T02:34:54.184230
2c28729b-725e-449e-9aff-e2fd27dc39c7,CUST000538,Beauty & Personal Care,3,222.17,666.51,debit_card,2026-05-12T20:58:12.662660
eb4468fb-4307-4742-81c4-e4f930e64ffd,CUST000727,Toys,2,274.28,548.56,credit_card,2026-04-27T22:17:11.753694
21f522cc-083e-414e-8a71-65390e14a601,CUST000765,Toys,2,830.91,1661.82,credit_card,2026-05-16T04:54:47.507452
0422d238-26bc-4476-8db2-91a6f92633ae,,Home & Kitchen,5,1518.15,7590.75,wallet,2026-07-25T16:29:14.600783
c7399fe6-666a-4f54-94bb-fc45b0953332,CUST000109,Sports & Outdoors,2,416.64,833.28,debit_card,2026-03-31T17:41:24.294773
c6596fe1-97cd-46db-ad23-c3a1f34a3586,CUST000789,Home & Kitchen,4,501.2,2004.8,credit_card,2026-06-25T05:45:03.745399
9e41bae3-7ee1-4269-9790-5de5d03b5d5e,CUST000107,Beauty & Personal Care,2,1680.29,3360.58,upi,2026-06-18T20:46:55.483724
ca5e20d4-3a54-4e72-be13-bde9755f7d60,CUST000779,Sports & Outdoors,3,1522.17,4566.51,cash_on_delivery,2026-04-24T12:56:16.725142
af5470a0-6055-45ab-b35e-8e2a28997e23,CUST000197,Groceries,1,416.55,416.55,debit_card,2026-06-03T15:03:21.995182
b9e901c5-15a7-4283-9653-ac61e1c7e735,CUST000350,Home & Kitchen,3,506.93,1520.79,upi,2026-03-30T13:47:02.365963
2033b8d9-656e-4646-815c-2d1acbac291a,CUST000514,Toys,1,1828.39,1828.39,credit_card,2026-03-12T21:53:47.273566
cc478934-1aff-4f16-9350-9356a8082eda,CUST000535,Home & Kitchen,2,868.53,1737.06,cash_on_delivery,2026-06-23T18:21:30.794322
ae173d41-da18-4332-b088-a9f5fb457e26,CUST000108,Sports & Outdoors,1,487.27,487.27,upi,2026-05-06T05:47:18.697522
546d7980-e0c3-4a83-a01e-003eb5544584,CUST000423,Groceries,3,11.24,33.72,credit_card,2026-08-08T06:41:37.954447
7519edab-e535-4b9e-b15c-b5e11ec4ce3c,CUST000032,Home & Kitchen,1,678.78,678.78,wallet,2026-04-22T07:35:49.799248
cece8f38-08d6-4586-96ab-bf502570e0db,CUST000606,Home & Kitchen,4,1439.87,5759.48,credit_card,2026-02-18T00:22:56.365974
ab894c7c-0c6e-425b-8bad-58e523637ab4,CUST000372,Books,3,370.79,1112.37,upi,2026-05-01T20:29:30.172422
8a19b194-02f2-480d-822a-2e639568a6dc,CUST000692,Sports & Outdoors,4,896.41,3585.64,wallet,2026-08-05T22:43:55.852232
2654cf9d-d694-4605-a6af-428687c14c7e,CUST000783,Toys,2,1409.85,2819.7,cash_on_delivery,2026-05-11T09:28:27.809474
0d46e776-498e-46dd-8c00-78e8971f69b5,CUST000036,,3,636.14,1908.42,wallet,2026-04-24T13:45:42.001609
6e57de87-ce51-4208-838e-7dbd9aa014b2,CUST000560,Toys,2,999.4,1998.8,wallet,2026-04-15T19:04:08.886493
e7ff2b77-ae97-4413-a2a1-2e711b51f1b9,CUST000255,Home & Kitchen,5,286.95,1434.75,cash_on_delivery,2026-05-01T18:07:43.406698
53bd68df-1b32-4f12-9913-ae5475a60cfe,CUST000588,Beauty & Personal Care,3,570.35,1711.05,cash_on_delivery,2026-06-23T15:05:00.523580
9e7f5a84-08a3-4bdd-94ec-299b2fd1c264,CUST000360,Sports & Outdoors,3,1102.41,3307.23,upi,2026-03-18T02:46:52.604968
84630c50-f09f-47cb-acdf-ba3d183e01db,CUST000642,Home & Kitchen,5,994.81,4974.05,upi,2026-03-01T21:56:50.535489
a75a9a7c-6510-4cc2-aedc-ab2e3273bd1a,CUST000624,Electronics,1,694.96,694.96,cash_on_delivery,2026-03-04T23:17:33.140191
4cc85217-cf90-4dc8-aa27-9d0ad865309a,CUST000055,Home & Kitchen,1,114.11,114.11,upi,2026-04-11T16:11:31.158446
f1e8ba60-d9d0-4f86-a24a-65edbd7eb1a8,CUST000460,Books,2,713.84,1427.68,cash_on_delivery,2026-07-01T16:21:09.339022
06031818-1951-465c-8ed7-d2ad5c268355,CUST000436,Beauty & Personal Care,3,1819.92,-5459.76,cash_on_delivery,2026-03-15T01:39:55.911494
dfecd8a7-cebf-40e1-b1c4-b6af43a4a15f,CUST000115,Beauty & Personal Care,5,720.79,3603.95,wallet,2026-07-28T09:27:01.779601
89d1286c-6c5b-486c-a7b2-5f844bbe0dab,CUST000644,Toys,3,1234.55,3703.65,upi,2026-03-10T13:42:32.202660
9e38a33c-4700-4216-8206-81a16b016518,CUST000257,Sports & Outdoors,3,842.19,2526.57,upi,2026-06-11T16:54:46.994240
124e4570-7394-45ed-ba3c-40c81d7e2005,CUST000329,Beauty & Personal Care,5,764.42,3822.1,upi,2026-06-21T15:04:15.482099
3eb65c60-5eef-461b-bf99-8a65c112c689,CUST000449,Groceries,1,1081.82,1081.82,debit_card,2026-04-17T22:10:17.408077
00d3901c-356f-4dad-94fb-a27936a60488,CUST000255,Sports & Outdoors,2,1817.97,3635.94,credit_card,2026-07-29T13:33:22.814309
72a3c624-259f-440d-901f-ffe02c289c88,CUST000385,Sports & Outdoors,2,920.7,1841.4,cash_on_delivery,2026-06-13T08:03:18.074579
e9756a3e-7290-427e-9dea-4861cb72a403,CUST000775,Books,2,469.02,938.04,cash_on_delivery,2026-04-21T01:12:01.291692
70640a07-143b-4b67-a6f7-428080e196e6,CUST000095,Home & Kitchen,4,1424.77,5699.08,upi,2026-06-18T23:55:58.826614
a8ca8135-a669-485e-81ed-c596716b7bca,CUST000435,Books,2,1172.48,2344.96,upi,2026-06-09T16:29:49.466986
c7436dff-7cd1-4807-b303-fee4f12b43d1,CUST000138,Beauty & Personal Care,2,676.59,1353.18,wallet,2026-06-23T07:30:23.608563
0c91b7a6-7c0a-4306-8531-b7110d683378,CUST000154,Home & Kitchen,4,1414.28,5657.12,cash_on_delivery,2026-07-03T16:21:13.949414
b44fe5cc-d93c-4baf-8020-822b397825bb,CUST000317,Fashion,4,1571.35,6285.4,credit_card,2026-03-27T13:42:46.531609
d24b18dc-1bdd-4800-ab61-62d688bf35e6,CUST000198,Fashion,5,1530.56,7652.8,debit_card,2026-03-12T20:05:30.626564
d5a20075-9195-4af6-b031-c8d0cac0e183,CUST000090,Home & Kitchen,1,840.8,840.8,cash_on_delivery,2026-05-08T00:25:54.141673
fd4422c8-df8c-45d6-a60a-a9f57b788ab2,CUST000242,Groceries,5,1881.71,9408.55,upi,2026-05-25T05:50:34.269301
663c7d50-9a95-415e-8b2f-6be0b4dc66d9,CUST000193,Books,3,1129.04,3387.12,wallet,2026-05-23T11:21:36.356313
4f507db9-a44e-4206-907b-e51df77a1748,CUST000016,Groceries,2,1718.73,3437.46,cash_on_delivery,2026-03-21T21:43:47.230568
7f356900-d894-4d4e-8805-3e92ec2ab351,CUST000139,Sports & Outdoors,5,1910.85,9554.25,credit_card,2026-04-05T14:21:09.608152
2dee84ef-2fe6-4492-ba3d-9fcb19a4b0a8,CUST000694,Electronics,3,954.72,2864.16,upi,2026-03-09T02:32:42.501458
ac9d7239-c5bf-4185-854d-ebdd29184aa6,CUST000163,Groceries,1,1131.32,1131.32,wallet,2026-05-17T00:16:55.882617
9df5d42b-c4d9-4913-bd61-05f0ac8c042a,CUST000100,Fashion,3,472.25,1416.75,wallet,2026-03-14T20:27:19.024590
5852a432-b0de-4013-b93b-a06e5708d5fc,CUST000429,Home & Kitchen,5,220.23,1101.15,credit_card,2026-07-14T09:40:14.002266
41b9191a-4a2c-43d1-bad0-b5f2a2756585,CUST000462,Toys,1,1925.05,1925.05,cash_on_delivery,2026-02-27T18:33:11.407464
d0fbb6c6-91cb-47a1-8029-ecaba428fee4,CUST000377,Electronics,1,1392.53,1392.53,upi,2026-03-21T22:33:42.582055
6325c260-01d8-4c52-ab14-0cca7d50577f,CUST000166,Sports & Outdoors,5,433.82,2169.1,credit_card,2026-05-31T06:26:45.612667
27695b07-9c26-4d1c-808f-fd2a43670803,CUST000054,Fashion,2,1080.36,2160.72,debit_card,2026-03-11T08:26:03.058979
efdd1d5d-ceda-402a-8c9d-dde3b99115ed,CUST000750,Home & Kitchen,1,1544.0,1544.0,upi,2026-06-27T17:18:19.999055
052d9ea4-5801-4f86-8fdb-76b04cb1fe72,CUST000488,Fashion,3,65.22,195.66,debit_card,2026-03-09T10:04:00.555413
dca5cae5-0b4d-4d03-b5d6-fa8a9079e966,CUST000123,Beauty & Personal Care,3,256.97,770.91,upi,2026-07-18T06:13:33.258389
1a580f1b-4fa3-467e-9470-31c1030e3f46,CUST000643,Beauty & Personal Care,1,1439.69,1439.69,cash_on_delivery,2026-03-20T11:45:52.592347
2a30c34d-6f03-406e-8bff-a97328f60767,CUST000638,Groceries,1,233.84,233.84,debit_card,2026-06-30T00:56:07.403577
48adf011-416b-44ab-b4bd-714f3335cc4c,CUST000127,Toys,4,1299.58,5198.32,cash_on_delivery,2026-04-24T09:51:23.713026
6c1fe80c-01af-4045-be7a-7d43951779ce,CUST000382,Fashion,3,362.59,1087.77,credit_card,2026-07-13T02:15:14.747083
d0dca0e3-f591-4d9e-9805-a7130d763261,CUST000245,Toys,2,774.84,1549.68,cash_on_delivery,2026-03-26T21:06:19.266412
e407cee2-1096-48f5-9de0-f6c29016d92c,CUST000610,Groceries,1,465.67,465.67,upi,2026-05-04T10:06:10.938812
441f76df-2ddd-4d8a-bf89-73eb11013df8,CUST000659,Groceries,3,901.44,2704.32,cash_on_delivery,2026-05-03T07:11:14.001362
549d5deb-e394-4538-9316-df5f77312d6a,CUST000478,Toys,1,440.6,440.6,cash_on_delivery,2026-02-16T16:53:51.314202
eb4f0f00-7b54-41eb-aa7f-309ecf1c9e6c,CUST000038,Electronics,3,1499.3,4497.9,wallet,2026-04-13T07:44:56.249099
f4f652f3-fd72-4a56-9047-5606c230f597,CUST000223,Fashion,2,218.09,436.18,upi,2026-04-24T07:32:53.226390
4258fb51-cd8f-4840-9304-fc9c72548afa,CUST000500,Beauty & Personal Care,5,1248.74,6243.7,upi,2026-05-04T11:20:04.677129
35c03c16-53a3-48c0-9c74-a4b054d6848f,CUST000435,Fashion,3,488.82,1466.46,upi,2026-06-20T10:30:02.606683
19016711-3258-444b-be0e-354242183211,CUST000660,Groceries,3,39.49,118.47,cash_on_delivery,2026-04-20T18:30:51.074313
58814648-66c1-47eb-88de-d5718d256df0,CUST000378,Toys,4,761.85,3047.4,debit_card,2026-05-03T23:28:47.655426
f1ac07ff-3a66-469b-b230-2c940f4b543a,CUST000578,Books,5,367.54,1837.7,wallet,2026-08-09T01:55:43.083710
d0b040f8-6a5b-4f7b-9ef3-5ee3eae284b2,CUST000445,Beauty & Personal Care,3,1441.29,4323.87,wallet,2026-07-09T11:09:31.011001
552f7bdd-f592-43b2-88e7-e4e729547908,CUST000105,Beauty & Personal Care,2,335.48,670.96,cash_on_delivery,2026-03-13T23:27:34.609610
e572638a-2c5b-4248-a052-fa3992c623b6,CUST000295,Toys,3,1040.38,3121.14,debit_card,2026-06-23T19:34:16.415893
44efd723-21be-434a-b3f1-f524817bef2a,CUST000214,Toys,5,902.69,4513.45,credit_card,2026-07-30T15:23:20.477140
3b9922ef-0997-4ef3-9a1b-50fd55f06f16,CUST000368,Toys,4,897.76,3591.04,credit_card,2026-03-27T00:47:11.214669
95d2987c-1709-4081-b930-b002b394590a,CUST000331,Home & Kitchen,4,229.5,918.0,cash_on_delivery,2026-02-11T22:48:39.237703
5092aaca-6d4d-4a22-bd58-6440eccf42f6,CUST000335,Electronics,3,439.84,1319.52,credit_card,2026-03-28T14:18:59.304921
20951a4d-6c8a-4da0-ac8d-5e0b7bb0fef6,CUST000236,Beauty & Personal Care,2,1633.05,3266.1,debit_card,2026-07-22T23:52:47.209795
05f58154-9c01-455f-9673-16902aedcc08,CUST000120,Beauty & Personal Care,4,1551.05,6204.2,debit_card,2026-03-05T05:50:26.709579
e4424739-38fe-4e8f-ba36-6950eaaa3c0b,CUST000052,Electronics,1,945.06,945.06,debit_card,2026-04-27T17:28:48.018940
156d886b-4a65-4a66-8e39-6f3f55669166,CUST000046,Electronics,3,1919.8,5759.4,debit_card,2026-06-04T14:18:33.184033
23cf642c-0ccd-4e80-9801-36dffab384c2,CUST000546,Electronics,1,678.09,678.09,credit_card,2026-07-11T21:20:51.177365
9b3171dc-156d-41a1-ad83-e56109e3b927,CUST000074,Toys,4,428.97,1715.88,upi,2026-02-23T00:17:04.458201
84f734d0-eeea-4e54-8c98-8c3cfb9a0df7,CUST000728,Beauty & Personal Care,1,596.05,596.05,wallet,2026-05-04T18:56:33.788627
c69b4616-8b8b-4cf6-b9a6-9e0b0878d7cd,CUST000034,Electronics,3,1138.46,3415.38,credit_card,2026-06-20T13:31:06.284589
9ad22fe3-b14f-425a-8ecb-3e83b1ef61b2,CUST000431,Toys,2,1102.5,2205.0,upi,2026-04-13T07:50:39.144283
c86fbca1-fa98-4ebd-a173-225791743f85,CUST000570,Beauty & Personal Care,5,474.26,2371.3,wallet,2026-06-29T16:12:44.815573
c70affad-7c2e-4729-aed2-4c681280d56b,CUST000653,Sports & Outdoors,2,971.04,1942.08,upi,2026-02-22T04:50:40.195154
7fdc923d-2769-4dc0-890a-70284c961475,CUST000779,Sports & Outdoors,1,251.61,-251.61,wallet,2026-06-29T20:38:18.868701
fc80d102-581f-41c4-8388-d75aef3d372e,CUST000585,Beauty & Personal Care,1,1555.59,1555.59,cash_on_delivery,2026-02-23T05:59:53.665974
122493ff-0473-41d3-9628-9c8ffcf984fb,CUST000441,Sports & Outdoors,2,732.21,1464.42,upi,2026-06-07T00:00:56.546682
39f58fde-3769-4cf2-a557-65f0bc20de04,CUST000724,Fashion,5,23.24,116.2,cash_on_delivery,2026-02-16T09:45:36.908088
caf1c8c7-91ab-4fe7-9485-a24ba99170f6,CUST000223,Fashion,5,342.89,1714.45,debit_card,2026-07-19T14:10:22.489162
e3a425d2-bbfc-418b-aba3-d8e727b4a143,CUST000206,Home & Kitchen,2,167.02,334.04,wallet,2026-04-21T03:51:47.084091
500d5db2-5c96-4841-8095-501cd733c30d,CUST000487,Electronics,2,1803.38,3606.76,cash_on_delivery,2026-03-03T13:28:26.202163
806c2e16-2f79-4c7f-a576-d7c4916d2c13,CUST000442,Beauty & Personal Care,4,292.25,1169.0,cash_on_delivery,2026-04-26T10:21:50.030599
20fcba09-bbaf-4aea-99ed-8d5805ff4ce4,CUST000394,Groceries,2,390.27,780.54,wallet,2026-06-24T05:26:34.993799
6332d922-3b3c-4e53-bac7-47d31c84138e,CUST000760,Sports & Outdoors,1,1091.81,1091.81,cash_on_delivery,2026-06-09T11:53:19.291704
1aaa93b6-d4e4-44aa-ae26-360cdceb9c27,CUST000712,Beauty & Personal Care,4,1174.45,4697.8,wallet,2026-02-12T06:40:27.997565
b23dbd93-4446-41f1-abf8-7b5f9af3c3f5,CUST000264,Home & Kitchen,4,1581.28,6325.12,credit_card,2026-07-11T21:58:12.073502
9f87d101-d108-4dac-9059-95f63b4d8734,CUST000377,Home & Kitchen,3,1607.56,4822.68,wallet,2026-02-16T12:40:58.315245
99a0faf6-6299-400b-9c7f-5c3e975f9db4,CUST000779,Books,5,981.47,4907.35,upi,2026-08-01T22:40:18.503776
08176f79-64e9-467f-a5ba-5caa384a7556,CUST000484,Sports & Outdoors,4,442.26,1769.04,wallet,2026-04-28T16:19:49.805743
b9183301-3c13-4649-bf67-112a2f36d277,CUST000580,Home & Kitchen,5,1850.23,9251.15,credit_card,2026-06-16T21:28:59.210072
0c564b35-b7e6-4d4e-a9f3-55f98bc2e73e,CUST000193,Beauty & Personal Care,1,1762.22,1762.22,credit_card,2026-05-17T13:03:36.456702
6455cffc-b852-4ddb-a379-7055a31e997b,CUST000646,Toys,3,1124.84,3374.52,credit_card,2026-05-22T22:34:33.261324
85efca69-9b3d-4ec3-b6d4-76508f93961d,CUST000426,Toys,3,30.87,92.61,debit_card,2026-05-29T11:51:20.624881
5f5f6044-3e07-425f-bf35-a52c0bae1878,CUST000086,Electronics,5,561.79,2808.95,cash_on_delivery,2026-04-27T04:33:36.091549
bde49c01-363f-407f-a944-22ea8ded8ad4,CUST000682,Toys,4,1520.69,6082.76,credit_card,2026-03-10T21:06:53.409570
7cfb6a1e-5ec0-4e69-b2fc-da14e19f78eb,CUST000007,Sports & Outdoors,5,381.2,1906.0,cash_on_delivery,2026-03-28T16:48:50.280488
210c3aab-ae35-4543-af8c-64f8d817c2a8,CUST000797,Electronics,5,940.39,4701.95,cash_on_delivery,2026-02-12T00:28:04.129305
3d6f1ada-eab0-45c2-bf41-18368872a7ed,CUST000621,Home & Kitchen,1,1937.58,1937.58,cash_on_delivery,2026-07-31T03:02:34.618728
d0073029-6b53-4afc-a6d5-50bf6650b7cd,CUST000357,Toys,2,1659.85,3319.7,credit_card,2026-04-29T16:58:25.027489
3257ce22-7f86-4cba-9dd5-1b52f55be905,CUST000155,Sports & Outdoors,5,1809.71,9048.55,credit_card,2026-07-03T21:49:47.555979
7410c2ae-b136-489f-b44c-5585eb42e8a5,CUST000139,Books,2,97.01,194.02,upi,2026-02-16T10:20:07.421532
9aebaa0e-1ad7-4bda-96fa-4488840db9e1,CUST000781,Electronics,1,268.7,268.7,upi,2026-04-26T07:39:18.425454
a478cc56-5ad4-4c8b-aeb8-c7cd258def24,CUST000767,Books,5,151.98,759.9,upi,2026-02-19T13:40:52.135473
7403aac5-35ad-4d1a-b51a-9e24a4f11161,CUST000541,Sports & Outdoors,3,480.31,1440.93,debit_card,2026-02-28T01:35:22.409648
21d0fa24-7a76-4e0c-a714-dbe4c05cab90,CUST000791,Groceries,5,1466.26,7331.3,debit_card,2026-07-28T21:02:21.876199
ef825650-6ec6-4a77-afdd-d48ee009604b,CUST000438,Electronics,3,1015.43,3046.29,credit_card,2026-03-04T01:53:15.355513
56a2b8b8-39d9-4c11-9df6-05872f9505b5,CUST000373,Books,2,562.86,1125.72,wallet,2026-06-29T20:35:52.280522
be3c3ede-1a1a-4977-b6cb-4e758a746efb,CUST000665,Home & Kitchen,3,688.07,2064.21,debit_card,2026-05-13T08:07:37.245489
e2bdc9ca-724d-4220-a81b-ddb8c0addc13,CUST000764,Groceries,4,762.7,3050.8,cash_on_delivery,2026-04-23T11:37:39.987724
7ce62ed8-f6a6-413f-89a1-63406b8aa60b,CUST000163,Electronics,2,1686.33,3372.66,cash_on_delivery,2026-05-30T02:58:27.747956
41a005b1-04c9-4119-b1f3-b15a81c2d1db,CUST000329,Toys,5,1419.19,7095.95,wallet,2026-08-06T07:43:49.332083
bdbf3f62-d67c-43d2-bf6c-2704b8962572,CUST000233,Groceries,4,975.64,3902.56,cash_on_delivery,2026-03-28T14:45:02.374230
c60720df-7840-4742-9985-e585ed7bad47,CUST000730,Toys,5,574.5,-2872.5,wallet,2026-04-04T19:07:33.568443
6fdeac70-4dcd-4acb-ba10-fde2bc494c7e,CUST000592,Fashion,2,1368.23,2736.46,upi,2026-07-17T13:18:03.924082
2c8d5b66-2c93-47c0-b6ef-59c7b10ed650,CUST000551,Home & Kitchen,3,553.83,1661.49,wallet,2026-03-16T01:25:59.521916
6acfe305-16d2-4d52-b73f-5f3acfa56ae9,CUST000652,Fashion,4,685.31,2741.24,wallet,2026-06-28T04:26:50.200656
896ba0ea-ac66-470e-91ef-bdfef83c53a9,CUST000030,Books,2,1840.3,3680.6,wallet,2026-02-26T03:45:25.372822
9c0394db-c1e8-404d-87df-1a150470e556,CUST000510,Groceries,3,1037.95,3113.85,cash_on_delivery,2026-04-22T19:08:34.027990
5bc6034d-70e7-4391-a84e-c1db59c7371b,CUST000085,Toys,5,398.81,1994.05,wallet,2026-05-19T13:20:20.571840
5179a54b-1afa-451c-b5e8-9145b765cf98,CUST000388,Beauty & Personal Care,5,495.97,2479.85,credit_card,2026-03-18T22:07:24.066658
e4eef298-08ea-4209-89ca-d3f1f9f25a8c,CUST000339,Groceries,3,1613.86,4841.58,debit_card,2026-04-24T01:13:29.934661
0a9d09e4-575c-4999-8e2e-ee9e9b06b38c,CUST000435,Electronics,2,418.62,837.24,debit_card,2026-02-18T18:16:52.688117
60754c01-0e27-4d52-b689-40861d151101,CUST000438,Electronics,4,765.41,3061.64,wallet,2026-05-30T08:56:06.994100
507e01cb-9b9e-428d-95b7-c04c568ac841,CUST000106,Books,5,1316.76,6583.8,upi,2026-03-06T22:58:35.560333
45e7cb8e-9e95-4251-b74d-678a00c36d0f,CUST000236,Home & Kitchen,2,1151.08,2302.16,cash_on_delivery,2026-07-04T18:42:08.311508
3e3cea3e-a463-4ab8-8d48-c07101d60c69,CUST000272,Books,5,1067.74,5338.7,debit_card,2026-03-16T15:06:21.381951
c104c191-0112-4e61-ba75-7cd961338690,CUST000249,Groceries,1,603.45,603.45,credit_card,2026-07-31T16:55:50.523957
86ffbbcc-e352-4081-86f6-771bb58bd499,CUST000218,Home & Kitchen,3,1025.78,3077.34,wallet,2026-07-26T20:46:31.101489
6ba3a99a-cd47-4dbc-86d5-cc4b219f72d7,CUST000626,Books,4,56.11,224.44,wallet,2026-06-25T00:16:00.520783
119743b2-8d07-4055-943b-cd20df36cb5e,CUST000025,Fashion,4,1577.59,6310.36,debit_card,2026-07-05T15:11:44.396884
02f4a628-2009-44b0-941a-c790459a64a3,CUST000394,,4,432.91,1731.64,cash_on_delivery,2026-05-25T02:45:46.370741
e04b6e2f-b333-45da-bcd3-a65d8f3d0a8e,CUST000037,Groceries,2,1492.69,2985.38,cash_on_delivery,2026-02-20T22:02:30.918954
3b8f981a-7ba4-405c-8362-dd7ae6bb01de,CUST000204,Home & Kitchen,3,781.23,2343.69,upi,2026-08-01T04:19:31.334364
1ea09071-307e-4bc4-aed0-703c724d4e99,CUST000470,Sports & Outdoors,5,296.95,1484.75,credit_card,2026-02-11T23:50:49.411529
45864712-b102-4147-a2dc-47bc99fc462b,CUST000652,Toys,1,1548.06,1548.06,debit_card,2026-07-18T17:08:29.780132
2e6259ac-5fe7-439c-85c0-3c36c20b271e,CUST000148,Sports & Outdoors,3,953.07,2859.21,upi,2026-05-03T15:31:04.734405
cd71dd3e-c09b-40a8-bd0d-ef84945d540b,CUST000185,Fashion,4,15.62,62.48,upi,2026-06-01T06:27:20.154083
ff003339-0a29-4a14-ac82-3a56111beeab,CUST000640,Fashion,1,1844.25,-1844.25,wallet,2026-03-18T22:14:23.078475
e85af12c-7333-4ba9-b756-4830036f7565,CUST000527,Toys,5,1640.53,8202.65,debit_card,2026-03-06T12:29:18.201035
d86b9a87-5bea-46d1-9b0e-088da1e827e8,CUST000698,Fashion,1,941.31,941.31,cash_on_delivery,2026-03-26T08:55:00.965525
e3c0038d-2699-48ac-8d5c-07935dc06221,CUST000153,Fashion,2,942.18,1884.36,wallet,2026-04-09T08:33:02.049227
3caa6369-ec81-4d7d-971d-d3d7dd310085,CUST000610,Fashion,3,649.58,1948.74,wallet,2026-07-17T17:43:59.446895
5dc57c1a-ac8c-4b24-a337-c5ea5112605f,CUST000181,Fashion,4,1800.2,7200.8,cash_on_delivery,2026-03-26T10:02:02.306531
67624b4b-d2f9-4d4f-b074-5cd387df5278,CUST000785,Toys,1,811.03,811.03,cash_on_delivery,2026-05-16T03:58:59.509970
aa7393ae-be5f-4ad1-a993-b76d2d89db27,CUST000711,Electronics,1,705.77,705.77,cash_on_delivery,2026-06-11T15:25:03.482589
25d57fff-e742-4e87-8d7e-5558b21b46cc,CUST000445,Beauty & Personal Care,4,1633.05,6532.2,cash_on_delivery,2026-05-26T20:38:40.046477
c3efd297-b0a7-42dd-9a7e-d92fd79ec395,CUST000369,Beauty & Personal Care,2,986.61,1973.22,cash_on_delivery,2026-04-15T18:27:58.728250
337086de-9205-4b94-ba83-c617d869dda6,CUST000787,Groceries,5,1813.08,9065.4,upi,2026-05-18T09:36:16.781268
42444ea9-44ef-46fe-b63c-dcb8dd85dd33,CUST000717,Home & Kitchen,1,1263.52,1263.52,cash_on_delivery,2026-03-16T17:51:33.870462
6594673d-0947-4e34-add7-008c7ee7f67b,CUST000260,Fashion,1,875.49,875.49,wallet,2026-04-28T20:40:10.421118
a4dbe1bc-60f7-4a4e-adc7-7d07382f61b5,CUST000237,Electronics,2,1826.89,3653.78,cash_on_delivery,2026-05-26T13:03:18.456872
17ab8cbe-4952-4bfc-97c6-47dd13c60b0e,CUST000316,Groceries,5,66.6,333.0,wallet,2026-04-24T19:47:46.395779
4f25c144-5a39-47ac-a167-1aa8af8c7167,CUST000476,Books,4,1774.66,7098.64,credit_card,2026-04-08T15:10:28.148275
e94ba09a-5d25-42cb-b5b0-52aeea7debfa,CUST000127,Fashion,2,1446.15,2892.3,credit_card,2026-07-31T20:05:17.956803
386332d1-098d-4a67-960a-651a06ce3cee,CUST000372,Electronics,2,950.13,1900.26,credit_card,2026-04-28T11:51:43.353362
bf51a622-0cbe-482f-8859-72c794451bb8,CUST000188,Sports & Outdoors,2,1679.85,3359.7,credit_card,2026-03-28T05:40:45.789086
73df41c0-80f0-48e7-b371-b7c24bd7ce65,CUST000023,Toys,1,551.08,551.08,wallet,2026-06-05T20:51:42.699097
a9cf6e82-40d0-440b-a245-dedfbb92e43c,CUST000205,Books,4,360.99,1443.96,credit_card,2026-03-20T12:54:49.860211
e6a662d2-f45a-4f08-957a-4ace27268977,CUST000556,Sports & Outdoors,3,819.81,2459.43,debit_card,2026-05-03T05:36:56.830882
ca117d5b-8517-4a90-9869-e1429b38ec21,CUST000202,Beauty & Personal Care,5,292.07,1460.35,wallet,2026-02-27T13:48:48.348141
fc70d341-5f62-45a5-be14-8efca67dd8ee,CUST000620,Beauty & Personal Care,4,1570.62,6282.48,wallet,2026-03-12T13:46:39.037346
5ac83620-8a03-425a-bc85-4bf7c18a24be,CUST000131,Groceries,1,633.85,633.85,credit_card,2026-04-06T03:50:31.572046
780dc284-2cbb-470b-bc3d-e505c82036f6,CUST000315,Fashion,5,206.29,1031.45,wallet,2026-02-23T18:47:35.911098
279283ec-b09d-4641-9259-2e80d539dda8,CUST000202,Books,1,747.62,747.62,wallet,2026-03-06T21:49:54.248968
75e088c8-6826-4244-85e0-659e282867cd,CUST000332,Groceries,4,337.09,1348.36,credit_card,2026-07-17T04:39:52.598410
b4d28959-6b86-4634-b77b-a9cde6c34889,CUST000210,Groceries,1,842.53,842.53,debit_card,2026-08-09T01:49:14.281356
bec526fa-e2fa-447e-865a-cc3fbc3dbff3,CUST000544,Home & Kitchen,5,376.9,1884.5,cash_on_delivery,2026-02-13T19:29:23.047516
00767b92-f452-4cc2-aef1-72ff7712ad4e,CUST000260,Sports & Outdoors,4,714.81,2859.24,wallet,2026-04-25T13:35:18.015821
7182910b-6e4f-420a-b258-0a6928177d3b,CUST000277,Sports & Outdoors,2,1995.67,3991.34,wallet,2026-05-18T03:44:46.997505
8725c708-744b-4841-a141-2314a7cb0a32,CUST000299,Groceries,4,201.82,807.28,debit_card,2026-06-15T21:47:36.228654
d9aab189-29c4-4d8c-8fc5-397d74212a57,CUST000016,Sports & Outdoors,3,1513.2,4539.6,upi,2026-04-11T23:47:45.750848
95db21bb-cee2-4518-8ec1-08be17839472,CUST000485,Fashion,5,1625.11,8125.55,credit_card,2026-03-26T07:47:44.452369
c07ef1fd-50f0-47d9-888a-e15a193eae4d,CUST000466,Sports & Outdoors,1,1497.64,1497.64,debit_card,2026-04-16T15:21:36.455366
c58de66a-3935-4f76-83e3-b9c188f7c7b1,CUST000476,Home & Kitchen,1,176.22,176.22,cash_on_delivery,2026-07-03T15:48:34.835653
53c80cb3-bc55-40c2-aa86-65ab4e9293a8,CUST000770,Home & Kitchen,3,448.06,1344.18,cash_on_delivery,2026-08-02T02:29:46.174129
33201ec5-3286-4d5e-900c-a74f1ae01231,CUST000762,Groceries,2,651.34,1302.68,upi,2026-04-26T09:04:14.226345
7f4851d8-f723-4322-b2e0-3fcf59c15ae4,CUST000032,Fashion,5,1744.72,8723.6,credit_card,2026-06-14T04:59:11.779482
13094d37-9cfc-4082-b33e-b9370710dfda,CUST000121,Fashion,4,1950.29,7801.16,upi,2026-06-05T19:30:15.338752
49a55af6-2f35-41bf-91a5-1efd2eb4f0ef,CUST000259,Books,1,398.1,398.1,upi,2026-05-30T19:48:34.710922
52f33e1b-2269-4e32-ba04-ee192035bef3,CUST000083,Books,4,1426.29,5705.16,debit_card,2026-02-16T15:54:12.286662
66c12b2a-20bf-4104-8a97-1763d9967199,CUST000649,Beauty & Personal Care,4,953.19,3812.76,upi,2026-07-13T02:00:50.777600
2faa9efe-4530-41e8-9d8b-4fecd25c76b2,CUST000604,Fashion,1,1473.23,1473.23,upi,2026-06-23T12:42:52.764201
86dd62d9-6211-4a55-980c-1dbdee2441b6,CUST000643,Sports & Outdoors,5,1402.32,7011.6,credit_card,2026-06-07T15:04:43.202100
b7d5dbaf-ff30-435e-b15d-344e1094b45b,CUST000782,Books,1,1944.82,1944.82,cash_on_delivery,2026-07-10T13:48:30.351756
abc6c75e-6a37-4fc4-9092-ddc32a0d50a4,CUST000460,,2,1498.47,2996.94,cash_on_delivery,2026-03-22T03:26:18.512619
30fa607b-d969-4fef-a5b7-617ffe813d7a,CUST000171,Groceries,2,39.28,78.56,wallet,2026-04-27T05:42:51.457695
dcc00802-bd06-4c31-9d61-0b9b845a8f7a,CUST000508,Home & Kitchen,5,1268.88,6344.4,wallet,2026-02-21T04:11:01.126710
18e5d1a2-760a-4cd3-a8bd-6e79f2d7b2cc,CUST000379,Sports & Outdoors,3,37.3,111.9,wallet,2026-06-18T12:34:21.283363
75c47525-65c2-41ec-bc92-cae4ec05add2,CUST000111,Toys,5,604.14,3020.7,cash_on_delivery,2026-03-26T15:53:18.621016
ff8be753-83ec-40f5-8fb0-31e3312c53cc,,Fashion,2,1742.47,3484.94,credit_card,2026-03-04T12:51:16.796159
c5b655a2-ef83-48c5-97d3-7b9416148760,CUST000769,Beauty & Personal Care,4,1115.1,4460.4,debit_card,2026-05-13T18:25:01.666814
29251212-e803-4955-9f55-7351bf030c7e,,Beauty & Personal Care,3,1228.01,3684.03,wallet,2026-03-07T04:32:51.103386
786b12fc-397b-4053-9e56-b316b366e699,CUST000223,Beauty & Personal Care,5,1919.0,9595.0,credit_card,2026-06-01T04:19:36.651867
24bcec8c-6e9d-4c06-aca3-10a3cefe4164,CUST000781,Sports & Outdoors,3,348.55,1045.65,credit_card,2026-04-20T21:52:17.823098
dae0563c-9259-4c6d-bbce-d77627131cd5,CUST000360,Electronics,4,1648.37,6593.48,wallet,2026-03-24T22:11:36.337976
b1b62389-49b6-4e23-81a0-940a3875c2a4,CUST000757,Home & Kitchen,4,1842.85,7371.4,credit_card,2026-06-24T22:39:54.378350
a0d7e674-6e64-4ee8-a49b-cd9f9cc9e78f,CUST000428,Toys,2,1147.57,2295.14,cash_on_delivery,2026-02-20T01:05:13.527952
58f98667-b68e-44d2-b023-c7eb26990a74,CUST000710,Books,4,1569.71,6278.84,wallet,2026-02-26T22:23:10.230168
bc3be44e-653d-4bdf-b2a2-eca4a120c76d,CUST000426,Home & Kitchen,4,496.08,1984.32,credit_card,2026-02-27T22:25:34.559937
f2f11f7a-4f3f-4ed8-be4b-529862b897b9,CUST000038,Groceries,1,1462.66,1462.66,upi,2026-08-01T18:11:16.937348
1c8c7188-b76c-46ae-91ec-ce69f121a69c,CUST000328,Home & Kitchen,4,1398.96,5595.84,debit_card,2026-07-31T12:35:40.408824
161f503c-b588-4af3-aac2-ee8fae6fafce,CUST000450,Books,5,512.34,2561.7,credit_card,2026-06-25T18:22:44.658444
43a4f2ca-9d19-4381-afcc-7f11bc5f45bb,CUST000325,Electronics,1,227.17,227.17,cash_on_delivery,2026-02-11T23:44:05.221578
fd5b61ff-8c0d-4269-a56a-e4380abeabfc,CUST000102,Fashion,5,1857.15,9285.75,wallet,2026-05-13T20:32:37.538366
fc036bc4-cc25-4a22-a7fd-fd4b36c72cf4,CUST000495,Home & Kitchen,5,543.53,2717.65,credit_card,2026-06-08T14:23:25.588949
c0363497-12e2-484c-ae8a-6afd7bb15288,CUST000202,Fashion,1,593.52,593.52,cash_on_delivery,2026-02-13T01:43:54.067637
e2e8fe1e-a21f-4619-8621-01f07837bc8f,CUST000063,Electronics,5,904.95,4524.75,cash_on_delivery,2026-02-12T17:49:01.439205
7c110c85-b9a4-4f91-9cbc-1578a25e1014,CUST000334,Fashion,3,1016.59,3049.77,cash_on_delivery,2026-07-01T01:13:21.109464
2c35f344-0367-49d1-a9ca-6fa89fd79f55,CUST000649,Electronics,5,815.22,4076.1,upi,2026-07-13T09:43:12.027131
7756433e-4b8d-495c-a308-9e9e8318d37e,CUST000090,Fashion,3,1232.34,3697.02,debit_card,2026-03-08T13:57:40.016564
02771c38-30bf-4c28-8f39-556febb00f20,CUST000455,Books,5,237.97,1189.85,credit_card,2026-05-25T20:48:08.186008
fb361d5b-08a9-40bc-bd54-e5a7f7accf9a,CUST000554,Home & Kitchen,5,532.24,2661.2,wallet,2026-07-04T05:16:04.353909
8c7d710d-31ae-4c8e-892b-17f4d8025057,CUST000722,Toys,4,875.68,3502.72,credit_card,2026-02-20T02:57:13.701557
a5a986a1-71e8-4d51-97b8-ef19b73e988a,CUST000574,Beauty & Personal Care,5,969.28,4846.4,wallet,2026-04-01T20:52:17.689786
807bc6fd-756e-4cc3-8782-40275c846ba4,CUST000509,Books,5,320.84,1604.2,upi,2026-04-28T09:20:49.099879
cfba6db2-7c91-436f-83db-85b44aa57144,CUST000580,Sports & Outdoors,3,670.21,2010.63,cash_on_delivery,2026-04-06T07:28:11.256326
7c6c12c5-aec2-42fd-823d-67326c940ce9,CUST000102,Beauty & Personal Care,5,1938.68,9693.4,cash_on_delivery,2026-04-09T12:22:15.099179
e41e64da-3952-4ca7-ab28-b96ecedb8cd2,CUST000041,Fashion,5,1166.17,5830.85,debit_card,2026-06-18T13:44:29.910365
c33f18dd-a841-45d5-a4e0-107e8f90920a,CUST000135,Groceries,2,1664.12,3328.24,wallet,2026-02-27T05:10:44.172343
f644fba7-3c8b-4600-af28-c865953b8ae8,CUST000485,Sports & Outdoors,2,577.08,1154.16,credit_card,2026-02-12T23:21:44.176707
f1af6a32-fd97-4ff7-bb88-79fdd35836c6,CUST000718,Home & Kitchen,1,1990.75,1990.75,credit_card,2026-07-18T08:00:46.008862
1ec594a1-10b6-40d7-8465-ec1bc0d92835,CUST000774,Toys,4,576.14,2304.56,debit_card,2026-07-02T15:52:28.515559
e1b076bc-e726-48f1-86e6-54a8936bc3e3,CUST000050,Toys,2,879.9,1759.8,debit_card,2026-03-14T20:09:32.127614
345bfd8c-275d-4ac1-a724-f3d32dce20ec,CUST000304,Toys,5,685.53,3427.65,wallet,2026-06-14T23:36:40.609250
2901efd0-d109-462b-9fbe-80ade0a8c5b2,CUST000192,Toys,4,179.18,716.72,debit_card,2026-06-09T02:48:10.634339
879bc052-b8d5-4f1e-acac-932554671c65,CUST000132,Home & Kitchen,4,1390.47,5561.88,cash_on_delivery,2026-03-10T18:27:43.144836
a300c265-090b-4cf0-bc7e-591a6df20b0a,CUST000184,Books,2,1235.96,2471.92,debit_card,2026-06-06T14:45:13.581254
1dd4abf5-6fbd-4e7f-9ae0-37c6cc8ff5f9,CUST000358,Toys,1,405.3,405.3,cash_on_delivery,2026-04-24T20:28:15.934072
abd2afca-5c94-4fa9-a975-6bb43f8c1b7c,CUST000464,Home & Kitchen,2,1378.78,2757.56,cash_on_delivery,2026-07-25T22:23:03.260921
f4b88ffe-7cb1-46b6-96e2-03585a008e0b,CUST000414,Beauty & Personal Care,3,501.29,1503.87,debit_card,2026-04-08T14:50:46.480300
70b376ce-f53b-4f89-9cfb-8cfa623ca0c3,CUST000210,Sports & Outdoors,3,318.28,954.84,cash_on_delivery,2026-03-26T04:42:21.463172
6e79c9d0-fb8f-4981-ab31-d752fd8b65e1,CUST000014,Home & Kitchen,3,1993.78,5981.34,debit_card,2026-06-22T19:51:01.445497
9cab4f40-f32c-4058-a792-46d06003abce,CUST000538,Sports & Outdoors,5,1854.58,9272.9,wallet,2026-04-05T16:06:32.186762
97721e66-e7b3-48e7-b429-dc829531cfc6,CUST000650,Toys,2,1729.66,3459.32,credit_card,2026-07-05T05:23:12.947035
1a752362-8061-4f54-b967-3079d99711d5,CUST000545,Books,5,923.25,4616.25,upi,2026-02-13T02:28:04.453591
45d9f4de-2de0-4a28-9dbf-185e4c5b7072,CUST000415,Books,4,312.32,1249.28,credit_card,2026-02-24T21:57:11.772888
cd82b724-d19d-4646-82eb-8df5b0328280,CUST000593,Groceries,1,265.68,265.68,credit_card,2026-02-26T05:57:04.164621
6f2283f3-8783-4962-8bb2-db16e9878fd9,CUST000721,Fashion,2,1972.48,3944.96,cash_on_delivery,2026-06-04T11:51:33.241861
41baefb1-a690-49c0-89cb-82a5a6daf3a8,CUST000014,Sports & Outdoors,4,574.4,2297.6,cash_on_delivery,2026-03-03T09:44:56.603185
b4ad2924-d291-4982-9feb-cf0f1534ed42,CUST000549,Sports & Outdoors,3,451.56,1354.68,debit_card,2026-07-07T20:28:43.334947
8df72c7c-fe70-4d3b-bc0c-d102e73b2424,CUST000348,Beauty & Personal Care,1,1957.9,1957.9,credit_card,2026-07-27T09:06:44.412914
5b8abb84-8f95-4333-8648-3208319f1f9e,CUST000611,Groceries,3,63.46,190.38,credit_card,2026-06-02T23:38:11.031033
c9f1b7a9-bc47-4726-a5e5-5443d3e2845f,CUST000190,Sports & Outdoors,2,494.41,988.82,upi,2026-04-01T08:52:05.337391
9024b001-c593-4300-a0cc-749202057c16,CUST000385,Electronics,5,1526.04,-7630.2,cash_on_delivery,2026-05-04T04:40:13.481661
6053f95f-3e7a-432f-a893-b05f0f872035,CUST000259,Beauty & Personal Care,2,756.59,1513.18,credit_card,2026-05-10T22:51:50.995302
c6a75fc5-394e-4dab-9879-87f0b0f249f1,CUST000689,Groceries,2,701.91,1403.82,cash_on_delivery,2026-06-15T21:51:13.684803
20ce66b7-71f0-4eb7-b405-c1b1e1a201cd,CUST000681,Toys,1,1903.25,1903.25,debit_card,2026-03-08T09:06:52.820535
ef7bbdbc-7832-474a-b7b8-13811d3773f1,CUST000134,Electronics,3,961.64,2884.92,upi,2026-05-09T00:44:35.915219
2539b6e7-220d-4696-a9b5-b75018d0ac3c,CUST000141,Electronics,1,665.04,665.04,cash_on_delivery,2026-02-21T06:35:24.701374
0788c7a5-ca11-4bd3-8e66-81f9b92d0bcd,CUST000412,Home & Kitchen,1,1530.4,1530.4,debit_card,2026-03-11T05:59:59.203171
67bc914a-9160-4efc-b48b-8091f14eb7fc,CUST000753,Fashion,2,1185.03,2370.06,wallet,2026-05-24T04:41:15.437717
5266c930-8b5c-4f4c-928f-752265e7848f,CUST000307,Toys,4,1945.66,7782.64,credit_card,2026-05-18T17:17:09.732508
a7085d86-2f70-44c0-b522-25c4581566ac,CUST000141,Toys,5,1389.8,6949.0,upi,2026-08-07T11:54:01.753550
79a495f5-70e4-4b54-9201-6ba40284cf1e,CUST000482,Fashion,1,1551.16,1551.16,credit_card,2026-05-11T15:47:33.875196
f042f35c-4a6c-4c9a-9c48-0e5aabbec0c6,,Fashion,5,951.16,4755.8,cash_on_delivery,2026-07-15T23:55:57.674371
cbebf9e4-4560-4829-96e3-5113f3b92f6f,CUST000659,Fashion,5,1176.34,5881.7,upi,2026-07-27T22:54:24.364517
d7c49166-0378-4b55-80bf-77da8957ca41,CUST000083,Home & Kitchen,2,129.08,258.16,cash_on_delivery,2026-03-10T06:48:44.262047
ed8d2c61-5664-4756-bdee-97597d9fa264,CUST000523,Groceries,2,1948.76,3897.52,wallet,2026-04-13T00:51:52.823007
93d7f739-4195-4ca5-9516-18387d791b12,CUST000646,Groceries,4,992.58,3970.32,credit_card,2026-04-13T03:18:42.656437
382c6f8b-190d-4ddb-af58-83c5ffd3efe4,CUST000402,Toys,2,919.66,1839.32,upi,2026-06-15T00:06:23.341127
388be485-ff26-41bf-a7db-3ff7977999b4,CUST000493,Electronics,4,777.31,3109.24,debit_card,2026-06-02T23:10:30.056754
d081136c-4fbe-4416-98f6-defdedcd0e6e,CUST000436,Beauty & Personal Care,4,737.71,2950.84,upi,2026-07-07T18:53:45.253651
e89fe00f-4036-456f-926c-194c69a5d3dc,CUST000694,Books,2,1415.04,2830.08,cash_on_delivery,2026-06-11T09:44:20.129966
573cae55-7cb3-452d-8b19-9b37b942b5b4,CUST000397,Books,3,1176.07,3528.21,upi,2026-05-25T06:48:10.707825
1186fa1d-580b-4830-80e2-f368e69c5a1b,CUST000637,Home & Kitchen,2,1173.98,2347.96,cash_on_delivery,2026-05-14T10:53:39.746346
e66fb839-c014-4b2c-b08f-18cc81bce0c8,CUST000208,Electronics,1,1620.97,1620.97,upi,2026-04-29T20:39:59.657513
505823a9-70fe-4dd2-9ad1-0a42d373db6e,CUST000326,Toys,3,1343.89,4031.67,debit_card,2026-04-20T05:08:48.840923
289a813c-3bce-4a11-9eea-b96fd69d110d,CUST000141,Fashion,4,1446.15,5784.6,debit_card,2026-02-14T04:05:47.030537
2d9108a0-38e7-4efb-8b9b-4e9a5594e10e,CUST000385,Toys,2,1213.65,2427.3,wallet,2026-06-22T20:23:55.602684
32fef30b-fe90-4bcb-82cb-08161b706ac2,CUST000093,Fashion,5,1611.82,8059.1,cash_on_delivery,2026-04-12T14:10:37.735847
39910cf7-1df9-4346-bfba-4bffb67a0eb9,CUST000175,Sports & Outdoors,2,1184.39,2368.78,wallet,2026-02-12T02:58:27.450330
2539f981-0be7-45bf-9eb3-69c63504b88c,CUST000321,Sports & Outdoors,4,171.56,686.24,wallet,2026-06-15T02:15:07.904867
27554fd8-e794-4262-b705-fef4cfc99191,CUST000545,Books,4,1174.23,4696.92,credit_card,2026-05-29T06:46:31.518115
f32eb8f4-34a2-4316-9f87-0078ea9caf74,CUST000372,Books,1,1693.74,1693.74,debit_card,2026-08-05T13:22:13.946372
25fdb1d9-d486-4507-8a77-84bad5fa2e9e,CUST000155,Electronics,3,68.44,205.32,debit_card,2026-04-03T23:51:15.206465
0b59dc6c-73f4-451b-b17e-be9995ef21a0,CUST000585,Fashion,2,1372.21,2744.42,debit_card,2026-03-18T20:00:11.559094
186c9a38-7fe0-481f-bf89-d40f993d793a,CUST000404,,4,330.72,1322.88,cash_on_delivery,2026-04-11T05:58:08.076842
5d412cd8-4d3f-4c1e-a448-0db9210bfd6c,CUST000668,Electronics,1,1958.61,1958.61,wallet,2026-06-08T20:07:05.321944
9d1952bd-6f47-467e-a33a-ff81de2c624d,CUST000071,Toys,3,1878.47,5635.41,debit_card,2026-05-19T13:27:05.343911
5b22efd1-0526-4537-8cc3-2c952e4d0659,CUST000397,Fashion,5,1670.47,8352.35,upi,2026-06-05T06:13:11.168814
68af40e6-3627-4ffd-b4d7-8d11e96973db,CUST000706,Fashion,4,929.84,3719.36,credit_card,2026-02-25T16:26:12.577210
be8c0554-0482-41e5-80c3-31a45b1c70e3,CUST000719,Groceries,5,1592.14,7960.7,debit_card,2026-04-02T07:29:37.093240
a9aff0fb-2889-4407-a1d5-4feb19f88eba,CUST000322,Toys,1,401.41,401.41,debit_card,2026-05-06T22:32:12.205464
f227a5e1-04a4-4f95-beb6-6badff0724d0,CUST000791,Fashion,3,584.45,1753.35,credit_card,2026-02-18T15:18:05.380194
d260b0b3-55e1-4878-a416-1f70c2456441,CUST000423,Toys,5,361.55,1807.75,wallet,2026-03-06T17:44:55.468132
56b011e8-0162-4561-8f61-9f795203e1f8,CUST000196,Groceries,2,1999.95,3999.9,credit_card,2026-04-13T07:30:59.431486
4fcb8917-d869-44ed-8293-0cf6621b6864,CUST000001,Fashion,2,983.38,1966.76,credit_card,2026-02-17T01:49:54.633243
f8c55b60-ca0c-4370-8dda-43122c29b966,CUST000120,Toys,5,112.09,560.45,wallet,2026-06-20T16:49:22.415898
5fc123b8-2b74-4c99-85e2-7d46c9b23e87,CUST000038,Sports & Outdoors,5,1753.4,8767.0,debit_card,2026-03-17T08:41:43.393949
8db1a69c-6e98-47ca-91ba-6f0e5139849f,CUST000569,Home & Kitchen,5,1585.9,7929.5,cash_on_delivery,2026-05-22T01:24:29.221105
e6dafc8e-56c9-4a70-8864-da5004cbe3b7,CUST000601,Fashion,1,1283.66,1283.66,wallet,2026-03-24T12:23:32.563062
61bac044-e217-4f12-8ed2-0accb483b391,CUST000353,Toys,5,975.02,4875.1,credit_card,2026-06-04T03:47:50.479201
2aa11544-7815-4bbf-8e8e-9f0af111eb6d,CUST000328,Fashion,2,898.57,1797.14,upi,2026-03-09T02:48:45.673010
fd97ab23-6496-4a73-8502-93a15eb1ca47,CUST000608,Home & Kitchen,2,223.19,446.38,upi,2026-04-16T20:52:44.431955
db86c88a-eabb-4b64-8428-a2bb0ca7ebbd,CUST000782,Home & Kitchen,4,1139.87,4559.48,wallet,2026-03-20T13:54:23.262356
8ed2f943-838b-4651-812b-843b602805d7,CUST000648,Sports & Outdoors,4,370.24,1480.96,upi,2026-08-01T20:12:03.646540
8dd2e81a-c862-4bb7-a8fc-52f8102a7328,CUST000096,Books,1,217.3,217.3,wallet,2026-07-22T01:38:39.609550
d7ae5e2a-8afa-437f-b20f-105fc447d74d,CUST000544,Groceries,5,685.58,3427.9,wallet,2026-04-04T15:28:26.402711
fb397934-45bc-47df-bc07-ead82f337507,CUST000368,Beauty & Personal Care,4,1502.2,6008.8,debit_card,2026-02-25T02:33:59.892194
8f53ffa3-854c-4af7-bf4b-0f1103332e66,CUST000067,Electronics,2,1611.7,3223.4,wallet,2026-07-30T22:23:42.652150
86f40eeb-cf2d-41e5-ad7c-326901b8c83e,CUST000006,Electronics,3,1425.67,4277.01,wallet,2026-06-29T06:10:40.364244
429c6cdc-d576-47b6-84ef-d683e8109154,CUST000547,Toys,3,185.43,556.29,debit_card,2026-07-31T12:11:05.006026
74867412-1d99-4139-ad73-8933e21087f8,CUST000346,Sports & Outdoors,1,1382.58,1382.58,cash_on_delivery,2026-05-11T11:10:33.099512
c295f4da-a509-4350-b490-386fec5cefd6,CUST000281,Beauty & Personal Care,3,927.57,2782.71,credit_card,2026-02-21T23:12:52.477908
a0a454e9-7387-43ab-a5fc-7443dbce5c8d,CUST000409,Sports & Outdoors,2,32.83,65.66,debit_card,2026-07-24T05:10:59.248843
8a0681f5-f63d-43ac-b419-6e8a953be030,CUST000033,Beauty & Personal Care,5,521.8,2609.0,credit_card,2026-03-16T02:11:54.121109
1dc8bb74-a760-4b12-a510-c3ea33a3402b,CUST000773,Home & Kitchen,5,1949.45,9747.25,wallet,2026-03-25T21:11:10.420567
b7467350-a784-4474-957c-eef214dff663,CUST000473,Groceries,1,667.62,667.62,upi,2026-06-13T23:27:28.197504
5c841456-b509-493d-aefe-e15a3dab4ec9,CUST000115,Toys,2,392.02,784.04,credit_card,2026-03-31T21:05:56.222182
9d566750-c182-45a4-a080-3e087b2eab56,CUST000006,Groceries,5,1814.16,9070.8,cash_on_delivery,2026-06-05T19:28:54.361125
162edd48-134e-4a25-b968-88eb67da7fdf,CUST000438,Home & Kitchen,3,211.73,635.19,wallet,2026-08-06T19:45:04.088050
0c840725-2e99-4432-b5fb-ff91997f0148,CUST000271,Sports & Outdoors,4,1776.55,7106.2,wallet,2026-07-20T10:23:48.884833
ca9a530e-9cf0-4b4a-a3ab-af6e472eb215,CUST000736,Books,3,1789.41,5368.23,debit_card,2026-05-29T03:30:39.491652
0368cfe6-1a0f-4387-9643-45363ec9f85f,CUST000555,Sports & Outdoors,1,1706.18,1706.18,debit_card,2026-03-23T18:05:16.422129
4d0bd111-b743-43dc-b92c-b46b91f1f5f5,CUST000640,Books,5,1112.75,5563.75,cash_on_delivery,2026-05-21T04:19:34.156588
1ae43154-48af-4d21-af0f-02d89d79b149,CUST000662,Books,N/A,535.63,535.63,wallet,2026-06-28T10:41:27.224456
0874f878-67fb-4201-88c0-26c0d2e8c6b4,CUST000318,Toys,3,941.63,2824.89,debit_card,2026-07-27T14:32:14.561792
447d2b2e-a550-4260-8300-17bd4a3e23ba,CUST000092,Toys,4,1726.09,6904.36,debit_card,2026-05-31T14:44:16.114516
1cd92ef5-88da-490e-8fd5-bb9f812f5fd3,CUST000071,Toys,5,119.62,598.1,credit_card,2026-07-14T05:57:20.951402
70bf9ffd-9a86-4a96-92a5-92f227b31d6b,CUST000101,Books,4,434.15,1736.6,credit_card,2026-07-12T05:08:14.043001
c863efe5-4a05-4804-838a-29a6526a5a25,CUST000740,Groceries,1,11.38,11.38,cash_on_delivery,2026-05-09T15:55:23.427782
221127e6-df52-4bfd-8d04-64fcafe280b5,CUST000117,Sports & Outdoors,5,343.71,1718.55,upi,2026-07-05T18:44:08.552895
b2953bb2-ac10-4ade-a42e-4ac5f7bfe2f7,CUST000712,Toys,5,133.11,665.55,wallet,2026-05-16T23:48:59.090947
c5aaf9ab-acec-4577-a9b4-b854909562b6,CUST000321,Fashion,3,1929.33,5787.99,upi,2026-08-07T09:14:07.106760
38d8772e-8a14-4e82-8fda-76cdec59fb68,CUST000131,Fashion,2,1536.72,3073.44,cash_on_delivery,2026-04-23T03:54:50.070993
1ee5f6ef-45d2-4694-958e-1e5a0abce0fc,CUST000334,Books,2,1533.79,3067.58,upi,2026-05-23T23:29:12.035109
51fd69b1-d829-43c3-99cb-1d9fdceb66fc,CUST000719,Books,1,808.55,808.55,cash_on_delivery,2026-02-10T20:04:40.404410
46d8ee50-8c49-44da-bfce-448dd658d162,CUST000553,Books,2,1422.39,2844.78,upi,2026-06-22T18:55:33.775042
a44f73d5-7fc9-42d0-99d7-376c9d5c9f25,CUST000292,Electronics,1,1816.33,1816.33,wallet,2026-03-01T11:03:38.467355
9a463010-0c74-4540-8147-2f7e6d11a2f8,CUST000019,Books,5,1154.92,5774.6,credit_card,2026-06-06T19:59:37.076458
defde8ad-9618-493a-a8ce-fb6f1eb64977,CUST000427,Beauty & Personal Care,1,622.1,622.1,wallet,2026-04-18T16:54:03.147703
bee5045f-ff15-4b26-925b-fd9dd76d873b,CUST000191,Electronics,4,1526.26,6105.04,debit_card,2026-03-19T17:30:14.188414
7580c92d-da95-45f2-96d4-cf48b67a3b8a,CUST000779,Electronics,3,335.19,1005.57,wallet,2026-07-11T02:12:21.809466
77666bac-428a-4c28-9260-f25ab137d88d,CUST000236,Beauty & Personal Care,2,1485.11,2970.22,credit_card,2026-02-28T23:27:56.583366
b265111c-2858-49cd-9ae4-6ef30ef5e576,CUST000628,Fashion,5,1256.9,6284.5,credit_card,2026-08-04T19:42:34.672827
581b2479-c0cf-4dd5-9850-96af688c9911,CUST000528,Beauty & Personal Care,4,1994.08,7976.32,cash_on_delivery,2026-04-04T22:19:49.842729
cb9d758b-287e-4ba6-9119-39a6aeda7052,CUST000504,Sports & Outdoors,3,1022.87,3068.61,wallet,2026-08-04T14:07:35.886202
5d7856e0-153f-4ef9-997b-3b97ad8328cd,CUST000233,Toys,3,351.06,1053.18,cash_on_delivery,2026-03-12T11:01:22.204356
7689373b-4fd4-4af8-bb09-82fb645d00c1,CUST000367,Toys,5,904.28,4521.4,debit_card,2026-06-11T08:10:22.145555
3fdb2742-bf36-4da6-91a5-4263fe1dc798,CUST000105,Books,1,1636.02,1636.02,upi,2026-04-29T09:03:51.432459
69a68aff-e60c-4c14-af65-020488baa286,CUST000125,Electronics,2,261.99,523.98,debit_card,2026-04-16T00:43:08.908397
47b73f99-7efc-4bdc-8569-8a19bf195d56,CUST000066,Groceries,4,1805.48,7221.92,debit_card,2026-04-17T15:23:31.853787
9c9c376f-f315-4b22-93c8-1758cc9c1a39,CUST000674,,3,365.0,1095.0,upi,2026-03-07T02:48:10.951717
e0058595-3649-4c65-a3af-4e7627f43521,CUST000783,Toys,2,1486.99,2973.98,credit_card,2026-04-10T23:02:51.167018
f2a248c9-1821-4d73-b6d4-92b6850279e5,CUST000297,Beauty & Personal Care,3,344.55,1033.65,cash_on_delivery,2026-06-02T07:01:43.622683
a1de4600-9b0b-437f-af68-dbf4b1597fd6,CUST000228,Toys,5,667.29,3336.45,wallet,2026-07-17T19:31:42.736570
8eec0130-9f04-41a5-bc5b-6876d904f6d4,CUST000626,Beauty & Personal Care,4,1389.49,5557.96,debit_card,2026-02-25T21:34:23.949782
eb78682b-511f-4009-9dd6-f9e352e9928a,CUST000603,Home & Kitchen,3,853.85,2561.55,cash_on_delivery,2026-07-21T05:47:38.228359
25826baf-e3db-4938-8ec9-c87a7bb5d7e5,CUST000091,Home & Kitchen,3,210.89,632.67,upi,2026-06-29T14:02:57.879492
5ae2d5da-35ba-4968-aa0e-7a4edba3f343,CUST000396,Home & Kitchen,2,1486.91,2973.82,debit_card,2026-05-29T20:17:35.110251
e1475bfd-166e-470d-b638-145f26c21d06,CUST000363,Beauty & Personal Care,5,1173.21,5866.05,credit_card,2026-06-12T16:27:53.835797
55ed40cc-598f-4ae7-8af1-b45f7deccd0e,CUST000612,Home & Kitchen,4,1775.6,7102.4,debit_card,2026-06-18T19:13:42.121171
dc7eb093-96c7-49c1-8526-f72e428e7d9a,CUST000697,Beauty & Personal Care,1,748.83,748.83,upi,2026-04-14T14:59:54.445657
41d6cb75-2926-4c26-8612-26d3fa07cd5a,CUST000772,Toys,1,1922.56,1922.56,upi,2026-05-03T10:06:35.434280
70fdce0e-4cc6-4146-91bd-36ff761fba6b,CUST000143,Fashion,1,250.22,250.22,credit_card,2026-07-22T11:06:58.908510
11695cc3-d05a-4c31-b7fe-eb4b7d2637f0,CUST000080,Toys,2,1684.75,3369.5,debit_card,2026-06-07T06:35:39.216618
384aee46-615b-4d7f-bb80-76cb8dea39c1,CUST000483,Books,2,1663.54,3327.08,credit_card,2026-05-14T00:20:43.969160
9acc7376-addd-4de0-82d8-a650458ed28b,CUST000270,Home & Kitchen,5,982.32,4911.6,upi,2026-05-21T09:10:13.867119
d22aca1a-2a0c-4fb3-89a3-6ba1a2339524,CUST000167,Books,1,1366.27,1366.27,cash_on_delivery,2026-07-26T14:46:52.320215
bf5d3344-e5db-45d5-9b09-fecef28ff9b6,CUST000189,Fashion,4,381.78,1527.12,debit_card,2026-05-23T08:46:40.935247
b5597e17-dcd4-4811-af54-7a8533c5ebb8,CUST000263,Toys,4,510.81,2043.24,credit_card,2026-07-31T05:56:30.408776
5931b6c2-7922-4013-9a68-1ceb87b839a3,CUST000007,Books,5,779.11,3895.55,credit_card,2026-03-04T19:05:38.814662
6d8993b0-f337-481d-8a49-b0c9b1a46596,CUST000716,Fashion,5,535.95,-2679.75,wallet,2026-03-18T15:41:23.436279
601fb657-71d5-41cb-90f6-1af804ddbdc2,CUST000440,Home & Kitchen,4,1441.36,5765.44,debit_card,2026-04-14T16:39:12.691806
b6967927-7369-479f-a0b4-76aca9de8f14,CUST000652,Beauty & Personal Care,5,1780.77,8903.85,debit_card,2026-03-16T08:05:56.499659
f00a0404-1d94-4c63-81fb-7c26681bd1f9,CUST000592,Toys,5,573.75,2868.75,upi,2026-07-11T09:59:05.910753
aec9ecaf-2004-40ea-945d-6a29ecfafcfc,CUST000791,Toys,5,1854.86,9274.3,credit_card,2026-04-21T20:14:38.282912
76f95190-45d2-49e7-88e0-88eab1e962fd,CUST000769,Books,3,185.24,555.72,cash_on_delivery,2026-07-07T02:31:57.034859
475da3c7-cd3a-474a-aebb-770f3c873080,CUST000361,Beauty & Personal Care,5,1421.76,7108.8,wallet,2026-07-22T17:27:59.686897
a6c7c541-8a0c-414a-a9a5-1e77b24d45f2,CUST000254,Beauty & Personal Care,3,190.55,571.65,credit_card,2026-02-22T21:55:46.121737
6d7b7702-cc3d-4d27-bbdc-04fc71ddfe73,CUST000734,Electronics,5,1212.06,6060.3,credit_card,2026-06-21T19:11:16.933929
715b22f5-8eb1-4530-85fb-aab10747f8e0,CUST000710,,5,1932.28,9661.4,cash_on_delivery,2026-06-09T15:17:12.409597
5ad60a5d-2c27-4b52-9e85-629f2cfe7fbc,CUST000772,Toys,2,1065.46,2130.92,cash_on_delivery,2026-05-24T03:52:09.030548
d1f40508-44fd-4144-ae82-7dd626d728f7,CUST000079,Toys,2,1690.02,3380.04,cash_on_delivery,2026-02-19T17:43:31.018258
5096072c-0a13-4d14-96e9-bd4d6939734c,CUST000525,Sports & Outdoors,4,269.05,1076.2,wallet,2026-07-28T20:02:20.566059
fe734a20-3758-4db9-8aad-c4f80c16cc03,CUST000211,Electronics,5,1142.3,5711.5,upi,2026-07-31T08:21:35.743664
f1a68102-f3df-4f95-aea9-daad6a3496a4,CUST000000,Electronics,3,1322.56,3967.68,debit_card,2026-05-21T12:59:54.547382
4f816678-e5d5-43d0-b52d-da5c9fe3d47a,CUST000145,Groceries,4,190.91,763.64,upi,2026-03-29T13:26:07.385526
f9d87165-5413-43d7-a442-3ed935f14a8f,CUST000533,,3,49.85,149.55,debit_card,2026-03-16T05:37:12.979365
dae0e29d-43cf-479a-810e-ee4f28f2781a,CUST000572,Sports & Outdoors,3,1843.92,5531.76,debit_card,2026-03-04T05:53:32.656951
281f26d0-a349-42b0-b7de-1ffc81b5261d,CUST000032,Groceries,2,218.58,437.16,credit_card,2026-07-05T07:24:02.102545
859e9740-2a42-4a29-9366-daa03e39fa61,CUST000419,Beauty & Personal Care,5,1209.74,6048.7,upi,2026-06-19T02:16:18.071004
5794df65-694b-4823-a0fd-2a6e0333ec25,CUST000755,Beauty & Personal Care,5,1773.76,8868.8,wallet,2026-07-01T21:05:17.409846
94f9793f-4a42-4f21-bf63-7dd356c3fd39,CUST000708,Home & Kitchen,2,1539.63,3079.26,cash_on_delivery,2026-05-25T03:16:15.923952
bc01dc60-c1f4-4cba-9f8a-7a7d20d68dad,CUST000011,Electronics,5,1477.09,7385.45,wallet,2026-03-02T18:05:00.788221
764d7acf-e6be-4f63-be3a-4c979986ad24,CUST000064,Electronics,3,1855.51,5566.53,upi,2026-05-19T10:57:24.558098
e6312c25-7769-4125-8438-86df740f2390,CUST000715,Books,2,1905.64,3811.28,upi,2026-07-03T09:42:45.596918
04767bfd-9527-44a0-ad48-32ecd965853f,CUST000495,Books,3,615.27,1845.81,credit_card,2026-02-18T01:50:47.134757
8e00f4b5-6276-4952-9d4c-33797321af1f,CUST000004,Sports & Outdoors,3,1828.65,5485.95,debit_card,2026-05-19T02:45:49.302469
52d79978-b74b-4106-8c17-8cd2a71fbc39,CUST000672,Toys,4,1117.13,4468.52,cash_on_delivery,2026-04-30T02:20:06.080330
c80e4e2e-051d-483e-ac08-36a6bffa4979,CUST000621,Books,1,1924.82,1924.82,upi,2026-05-11T22:04:27.954005
cf7ba718-a810-46fb-8c22-816e999e0144,CUST000348,Toys,4,461.32,1845.28,credit_card,2026-07-22T04:12:56.491344
f4d5dd6e-e386-4f43-a10d-a03a666cf3f2,CUST000447,Fashion,5,425.82,2129.1,wallet,2026-04-28T13:33:41.633538
8a3ea915-eea3-4ce8-b7f3-5604197f9c36,CUST000392,Groceries,3,896.24,2688.72,upi,2026-03-07T01:47:45.342765
c713a28c-67b6-41f1-9510-5aa33f71b359,CUST000339,Books,2,435.15,870.3,credit_card,2026-07-09T13:26:38.979499
fa7514d0-2be6-49b4-8144-508539c99bda,CUST000411,Groceries,1,1425.41,1425.41,upi,2026-03-31T02:19:45.766719
4cd00144-eb31-4617-89fc-161e081dd5a1,CUST000049,Groceries,1,485.99,485.99,debit_card,2026-05-19T15:40:24.704675
1cdc7e72-ceac-4e5f-89b4-d52a7369ae9c,CUST000168,Electronics,2,1559.98,3119.96,wallet,2026-07-25T06:39:11.417725
82e78e61-a2d1-4580-8f55-be5141191d6c,CUST000023,Beauty & Personal Care,2,1370.17,2740.34,cash_on_delivery,2026-07-07T22:42:17.580974
0ef3ac29-a88e-4530-a5b7-5d1cc2cdf1b8,CUST000360,Toys,5,1734.93,8674.65,credit_card,2026-05-18T12:37:50.668467
2912e12f-5acf-4a79-8065-322954d3a2d3,CUST000742,Fashion,5,1043.34,5216.7,upi,2026-03-21T15:14:32.179820
905f77f6-9947-400a-ac6d-f49ca2b42da5,CUST000714,Home & Kitchen,4,930.61,3722.44,debit_card,2026-02-11T15:24:12.427646
a421f690-c1ac-404d-8377-caed0bf1dd7a,CUST000406,Sports & Outdoors,4,28.37,113.48,cash_on_delivery,2026-06-04T22:18:36.244596
587f73c2-c8f5-4b80-94a9-661466c88b63,CUST000091,Books,4,777.53,3110.12,upi,2026-07-27T05:37:28.835638
5b4049a1-e407-4353-a5b0-9ae3a096b509,CUST000557,Toys,4,1396.45,5585.8,debit_card,2026-05-27T12:38:35.104192
73757ced-1b2b-449f-95a8-7d3f7ecc9b8c,CUST000362,Home & Kitchen,2,1489.83,2979.66,credit_card,2026-05-31T20:08:55.757759
4dcfe2a0-f27e-427a-aceb-3095b8d00839,CUST000321,Home & Kitchen,4,167.6,670.4,wallet,2026-02-12T13:01:02.040811
0c2a555c-f152-4959-9976-d0fa62dfdf42,CUST000606,Beauty & Personal Care,3,238.47,715.41,cash_on_delivery,2026-04-28T03:27:05.094473
af4f8f1e-ce8f-449c-be22-effaaa72e32d,CUST000172,Beauty & Personal Care,5,1128.68,5643.4,debit_card,2026-04-29T01:30:37.590627
b1e65ea2-18dc-454e-b71e-6423e059a206,CUST000429,Fashion,3,1147.18,3441.54,cash_on_delivery,2026-05-20T20:15:50.349822
d1dc45cc-6b44-485a-a342-81b7ebf1f963,CUST000735,Toys,4,1920.9,7683.6,debit_card,2026-04-26T05:54:26.079949
4d369de7-44cb-4594-9030-55d221aa66b5,CUST000438,Toys,5,1272.26,6361.3,credit_card,2026-03-14T07:22:59.004531
6b887927-d71f-45aa-81f0-0b29e9672424,CUST000363,Books,5,1646.92,8234.6,wallet,2026-05-01T07:26:54.533016
3690d18d-4436-4408-9fbd-41754dbf41e5,CUST000566,Sports & Outdoors,1,243.91,243.91,upi,2026-02-26T22:06:22.158922
9195d542-0566-46c6-9b39-610542893641,CUST000382,Books,3,1174.1,3522.3,upi,2026-06-19T05:56:58.394043
ccdfe89b-c5f7-4738-b4b0-0b134f8aedeb,CUST000116,Groceries,5,1186.49,5932.45,debit_card,2026-05-20T19:13:13.637716
18df2d46-fa14-48f7-b0db-7a249ba21848,CUST000165,Groceries,3,238.25,714.75,wallet,2026-07-04T17:04:58.654302
0840d21d-fce9-434c-82e9-526d9fe287ff,CUST000257,Fashion,3,703.69,2111.07,wallet,2026-05-06T19:13:18.500779
10147f42-0e21-4380-ae83-af8036d6b33e,CUST000095,Electronics,1,655.07,655.07,upi,2026-05-27T02:49:52.790073
e16aa3f7-d04b-489c-a183-7c142704e708,CUST000632,Beauty & Personal Care,2,1390.42,2780.84,wallet,2026-04-26T21:41:24.415275
a3ce4358-5982-4ac4-8882-2d936970b518,CUST000764,Home & Kitchen,5,1533.74,7668.7,upi,2026-05-21T09:32:19.436208
2c60f873-d283-419e-850d-2b397f0d9c39,CUST000457,Sports & Outdoors,4,498.56,1994.24,credit_card,2026-05-16T06:26:46.168025
f5fc0355-56ad-412f-b5bd-35f3fa31d6a4,CUST000587,Beauty & Personal Care,2,369.65,739.3,cash_on_delivery,2026-05-02T03:51:29.462298
e49364d3-57ee-41fa-afdd-2d1b772cfcdd,CUST000211,Toys,1,699.86,699.86,cash_on_delivery,2026-05-24T19:28:16.235476
7517c3f5-b533-430f-9a6e-fb21c433913a,CUST000111,Sports & Outdoors,3,1629.38,4888.14,debit_card,2026-02-16T01:49:25.418266
9fc09423-5b6e-4647-a46d-2d00a35d9d22,CUST000293,Books,5,261.97,1309.85,debit_card,2026-03-31T15:10:07.131899
006a5226-80bf-417e-afea-93fc0f87afb6,CUST000045,Groceries,2,415.43,830.86,cash_on_delivery,2026-05-13T21:16:44.599112
eefdf7a6-2edc-401d-ab17-4430722995f1,CUST000302,Fashion,5,140.98,704.9,upi,2026-06-02T02:02:56.286735
6ebbecfb-25d3-44ff-bce2-cfd2fab16664,CUST000536,Beauty & Personal Care,4,1818.3,7273.2,wallet,2026-05-05T03:30:05.280522
40f94967-4067-4e84-b967-55da80460951,CUST000504,Beauty & Personal Care,3,1324.86,3974.58,upi,2026-04-17T01:19:50.677387
346457c3-5f13-4e58-b71a-6d6ae372b503,CUST000076,Groceries,5,1707.12,8535.6,wallet,2026-02-14T05:51:05.849534
06672ec6-68d5-493e-b8ae-b9a8d87d05ab,CUST000783,Beauty & Personal Care,N/A,1742.98,5228.94,credit_card,2026-02-17T14:40:57.760465
8bad08fd-692e-4982-ba23-22d311ff5055,CUST000130,Sports & Outdoors,5,1564.28,7821.4,debit_card,2026-05-15T08:36:14.221575
97b58fbd-b4a7-4c1a-a8ee-8f7e94465056,CUST000719,Sports & Outdoors,2,1931.72,3863.44,debit_card,2026-03-09T10:21:06.427610
d1669d4d-09db-4688-9c1c-5002232b0dde,CUST000729,Sports & Outdoors,4,1053.32,4213.28,cash_on_delivery,2026-07-12T23:48:39.872416
04abc235-3db6-49db-b919-40488976263e,CUST000564,Beauty & Personal Care,1,1216.9,1216.9,debit_card,2026-04-14T05:27:09.059074
a6d969f7-aae9-42df-8715-c35cbf16454d,CUST000140,Sports & Outdoors,4,649.29,2597.16,credit_card,2026-07-02T07:06:11.623238
86b4bf50-e27c-4d95-aee2-cd458b56e876,CUST000412,Electronics,5,928.3,4641.5,cash_on_delivery,2026-02-25T08:20:17.933682
a577aa5b-f46a-47c0-b07b-72bf2f59e5af,CUST000560,Home & Kitchen,5,679.21,3396.05,cash_on_delivery,2026-05-07T06:46:07.715169
3d592002-6813-44dc-aac3-eaf2a3e6518b,CUST000238,Groceries,4,44.76,179.04,credit_card,2026-05-30T05:52:21.816470
8db13208-918f-4bf0-b477-6acd8dd734e7,CUST000535,Beauty & Personal Care,4,555.24,2220.96,credit_card,2026-05-23T21:45:35.830517
5653b745-c5b6-4077-8f90-7fa9004b5ce1,CUST000645,Home & Kitchen,3,1415.09,4245.27,credit_card,2026-05-31T20:18:04.136571
b14aa9ec-277e-4154-8474-4e1752efae92,CUST000665,Sports & Outdoors,2,1188.82,2377.64,cash_on_delivery,2026-05-27T06:49:29.145645
df863e71-31fa-4c67-ab50-e7f3a8ffed90,CUST000050,Toys,2,1860.24,3720.48,wallet,2026-05-01T10:51:05.859944
829905d4-dabd-4125-8e94-b33241993dc5,CUST000033,Sports & Outdoors,2,1422.96,2845.92,wallet,2026-05-02T06:57:46.721403
767301f2-44a3-498d-8bef-82a013522327,CUST000384,Groceries,5,1171.64,5858.2,debit_card,2026-02-23T07:02:03.181755
73a6f93c-7217-44b0-b17b-815d0e66daf7,CUST000423,Books,5,1559.44,7797.2,debit_card,2026-08-09T13:18:33.774270
84ff8086-254f-48a4-a2d5-be20410818d5,CUST000250,Books,4,39.34,157.36,cash_on_delivery,2026-05-13T01:10:02.974173
bf283ebd-4e67-41cd-97ac-78e6143bc8a4,CUST000449,Sports & Outdoors,5,119.21,596.05,credit_card,2026-03-25T06:36:18.709208
0d37f182-17d5-40fe-b9e2-cdff80bdb504,CUST000361,Home & Kitchen,4,146.91,587.64,upi,2026-06-13T08:20:39.648693
a13e843b-ac3c-4feb-a5a5-3e92fa36c2f6,CUST000585,Sports & Outdoors,2,1956.45,3912.9,upi,2026-04-19T10:34:10.517210
7c7abdeb-3b02-423f-84a2-85e89310cfc2,CUST000492,Groceries,5,978.28,4891.4,debit_card,2026-07-08T00:58:30.405613
3ec3a627-1b1b-4d66-9d1f-f6a3ed4590aa,CUST000251,Books,3,971.26,2913.78,wallet,2026-05-10T11:32:41.953609
ceb1a589-b81c-4be8-8693-3f4d92143bd3,CUST000546,Groceries,4,622.39,2489.56,debit_card,2026-07-02T15:54:42.940938
f5e6cf8c-0b3c-4495-bd6e-7f6b5838c04d,CUST000663,Home & Kitchen,1,298.84,298.84,credit_card,2026-04-05T00:14:41.256111
5d4b3afa-c18b-4990-9e46-b8a558e139dc,CUST000558,Fashion,2,1897.32,3794.64,debit_card,2026-06-14T01:47:36.725999
6137931e-c54f-4861-bae9-811321867c3d,CUST000405,Electronics,2,1476.09,2952.18,cash_on_delivery,2026-04-23T11:17:02.020949
17cd0956-6094-43ee-9900-b17081f7efa5,CUST000789,Toys,5,1018.63,5093.15,cash_on_delivery,2026-06-18T06:16:22.717009
d4a94aee-c39b-44d1-aed7-d46325462b83,CUST000418,Toys,5,1255.54,6277.7,credit_card,2026-03-24T16:45:54.613425
2588a0d0-f063-4fe3-8af2-17ab3cfe92e7,CUST000159,Beauty & Personal Care,2,1613.35,3226.7,debit_card,2026-05-25T15:14:27.619952
289c2c97-e93e-4057-b3d1-7d60878ba127,CUST000498,Home & Kitchen,4,1186.37,4745.48,upi,2026-05-29T05:56:48.683825
2e24cf4b-3536-40f4-86b7-1a2884a5c0e5,CUST000605,Toys,3,1277.23,3831.69,cash_on_delivery,2026-03-07T17:08:45.113211
d3568bb4-d09a-4572-b581-13819c368473,CUST000011,Home & Kitchen,5,1043.64,5218.2,credit_card,2026-06-11T13:51:26.477324
452539fa-0df6-469c-aa7b-d1dc355c881e,CUST000394,Fashion,1,870.51,870.51,credit_card,2026-05-12T21:07:47.459791
686e350f-7539-4bfc-8726-58cc2ba75b48,CUST000793,Home & Kitchen,5,1158.35,5791.75,cash_on_delivery,2026-07-05T09:03:25.424021
abe73258-0c6a-4dd7-bc12-7a3ef157dfc5,CUST000304,Electronics,3,1797.55,5392.65,debit_card,2026-03-14T08:24:14.589160
5b53af6b-25cd-47d0-aa54-edb52738b9a8,CUST000136,Fashion,5,828.43,4142.15,upi,2026-07-06T09:18:31.434435
2b9710e6-775e-4772-99d7-dbdb8fe06434,CUST000405,Fashion,1,656.59,656.59,upi,2026-05-25T18:41:08.732860
7be68d40-0152-4e97-a46e-773ea36ecf7e,CUST000486,Fashion,1,1155.85,1155.85,credit_card,2026-04-03T16:01:29.147770
6c6ebb28-abc3-404f-87c9-b00fd275eb1d,CUST000381,Beauty & Personal Care,4,1136.06,4544.24,debit_card,2026-02-20T21:21:30.550579
0b31b982-66d5-4ae9-8f9d-5c9a179f7f08,CUST000372,Groceries,5,680.57,3402.85,cash_on_delivery,2026-06-27T14:27:02.243637
47b489dc-97ec-44ce-a384-d8c9192bd07e,CUST000619,Fashion,3,751.85,-2255.55,debit_card,2026-04-12T02:07:44.331133
2452d1e0-e524-4435-9c8c-7fd0314cbc06,CUST000788,Groceries,4,1516.16,6064.64,cash_on_delivery,2026-06-01T11:42:03.718513
705e1916-8cde-4a0d-9ae8-3b51d423a73e,CUST000783,Beauty & Personal Care,5,622.44,3112.2,wallet,2026-07-16T08:45:16.234914
a5787475-b4bc-4029-9992-364a7070031a,CUST000093,Groceries,4,1936.96,7747.84,wallet,2026-07-12T12:20:35.708790
1505031c-181d-495b-8874-b2b6183d8b71,CUST000791,Books,2,92.53,185.06,debit_card,2026-06-13T11:43:18.358407
122591b6-f53e-4ca2-818f-1551d9d1484e,CUST000593,Beauty & Personal Care,5,543.78,2718.9,cash_on_delivery,2026-07-28T08:06:33.684161
6797491e-08ce-46f2-838d-3117e0d15808,CUST000312,Beauty & Personal Care,4,435.09,1740.36,credit_card,2026-04-07T15:09:53.961312
e7085a6a-7c61-4dc4-83f9-ad8395d9b0cb,CUST000154,Fashion,3,1984.73,5954.19,cash_on_delivery,2026-05-19T13:49:02.518922
b14d5c5e-cf50-4c2d-b9b1-d714a3663464,CUST000366,Toys,3,744.03,2232.09,cash_on_delivery,2026-04-29T00:19:25.825148
57f43ee9-5824-4ea6-8332-09428f548366,CUST000088,Sports & Outdoors,N/A,424.32,1272.96,credit_card,2026-06-29T11:19:04.178328
838f7979-42f1-424e-bf46-43d56102620f,CUST000498,Toys,1,585.12,585.12,debit_card,2026-07-19T14:11:52.635603
df670b8b-8f0e-4b20-90df-fc5012bb52cf,CUST000664,Home & Kitchen,4,1079.61,4318.44,credit_card,2026-02-11T06:19:43.405818
21556333-ed2c-4953-b2e9-ec9457851e65,CUST000526,Home & Kitchen,3,1685.91,5057.73,debit_card,2026-04-22T13:16:51.548648
a02c7289-c5ed-4ac9-89a5-4812dfb8bdef,CUST000347,Groceries,3,1004.22,3012.66,upi,2026-07-02T10:18:50.492148
92dcdf5a-9a76-4dd0-bc0a-83c5746a8952,CUST000734,Groceries,5,1851.96,9259.8,debit_card,2026-03-17T02:08:54.460886
ec9e2a6a-82ab-47c6-9d28-ceafbe4545e4,CUST000382,Home & Kitchen,2,1674.77,3349.54,credit_card,2026-02-24T19:55:40.997897
c7e05cdd-108b-4530-aa7e-c8c028391bfa,CUST000774,Groceries,5,718.71,3593.55,debit_card,2026-05-30T19:26:39.359020
ae8a2cdf-679f-4593-9c8c-88750fdc1744,CUST000468,Toys,2,229.42,458.84,credit_card,2026-06-21T11:30:09.028692
81c7c404-4af8-4e72-8b1b-8ef6bd7fbee2,CUST000642,Toys,N/A,844.33,2532.99,upi,2026-05-11T15:23:19.464611
4901e377-7f13-46b1-a270-b739e5c3bbbb,CUST000684,Fashion,1,791.51,791.51,wallet,2026-04-02T20:57:10.997619
23e816e5-9062-4672-9905-340036dff386,CUST000489,Electronics,4,808.31,3233.24,debit_card,2026-02-17T00:58:35.455453
18138d5d-29b8-44a2-8576-53e7962f5344,CUST000133,Books,2,1919.44,3838.88,debit_card,2026-06-04T07:38:57.662796
80757faf-0936-428a-a3cb-23b9dea9a653,CUST000421,Electronics,4,839.69,3358.76,upi,2026-05-11T09:18:09.827322
5dbd054e-59d0-4d27-8408-e3ca1c64c286,CUST000116,Books,1,529.29,529.29,cash_on_delivery,2026-05-14T18:31:08.056728
7247960c-4af4-41c4-9b20-4d58dcec5d00,CUST000386,Toys,5,922.06,4610.3,cash_on_delivery,2026-05-23T00:10:35.155838
a26f1071-2f0b-481b-b9d5-5031aca3bb0f,CUST000657,Books,2,1752.33,3504.66,credit_card,2026-02-24T07:26:27.818337
0e64751a-6b2c-4ffc-a46e-addab0dc7e4b,CUST000754,Sports & Outdoors,5,1582.58,7912.9,debit_card,2026-06-14T01:03:41.272793
684c376e-8f7e-40fe-b56e-cc185aac2581,CUST000222,Fashion,1,1775.09,1775.09,debit_card,2026-04-26T06:53:32.205034
b9b2e81c-c6a0-4c9a-a10d-308607ccab65,CUST000555,Fashion,2,417.48,834.96,wallet,2026-07-26T01:12:13.629027
9f38f076-e0fa-4614-bdcd-a459cdc96ec5,CUST000424,Fashion,3,1304.31,3912.93,upi,2026-06-21T22:32:30.983213
870bce05-a315-4020-b9b5-823dd0fe9aec,CUST000225,Home & Kitchen,3,1317.63,3952.89,wallet,2026-07-06T11:24:10.842606
406231c8-7d9d-47ed-9ba9-b02662fb7538,CUST000360,Books,5,1206.22,6031.1,upi,2026-07-13T19:41:30.241225
7b200d86-e185-442a-a329-ab1f41630582,CUST000274,Home & Kitchen,3,748.38,2245.14,debit_card,2026-05-07T10:15:18.869207
7623033a-c18d-4d57-9600-336f90483ed6,CUST000087,Fashion,5,1125.31,5626.55,debit_card,2026-03-26T15:46:38.966844
c068d27f-9bb0-4f63-b229-2e10b19c893c,CUST000472,Electronics,1,1825.55,1825.55,cash_on_delivery,2026-08-07T09:33:27.227500
827352d8-1ddd-4de1-b4b6-f17446b1c89e,CUST000387,Beauty & Personal Care,2,889.61,1779.22,debit_card,2026-05-17T13:13:55.225256
5d62e8f2-b738-47cd-a304-3ba88dfada3d,CUST000722,Beauty & Personal Care,1,1469.1,1469.1,debit_card,2026-04-05T20:04:27.973620
b85bca48-6627-4d21-bb56-b26fa0fbe4ef,CUST000668,Fashion,4,6.08,24.32,upi,2026-06-03T18:10:28.617241
6bc08067-fac8-4f7a-bd15-9b59e84e5302,CUST000348,Toys,5,1466.22,7331.1,upi,2026-07-01T20:09:38.657424
08eb4ad1-d1b9-45ea-8e4b-b7aff7a048a3,CUST000344,Beauty & Personal Care,3,1282.99,3848.97,upi,2026-08-02T02:55:49.185600
8ca06622-7e91-433a-9236-025ec1fe1915,CUST000571,Toys,1,1984.84,1984.84,wallet,2026-03-29T05:24:38.235807
33351680-ff56-4bfe-8a51-4844e3e8853d,CUST000488,Beauty & Personal Care,2,92.96,185.92,cash_on_delivery,2026-04-14T17:43:15.491198
d7d92808-ec7e-44dd-80e1-111fcca52ec8,CUST000233,Fashion,5,730.42,3652.1,cash_on_delivery,2026-02-24T08:37:14.013434
c0b577b8-a4dc-416e-8b93-acf2749175e0,CUST000422,Books,3,64.79,194.37,cash_on_delivery,2026-07-11T06:18:11.782975
21e6e6ff-d491-4d66-b0fb-3caf24dfb406,CUST000129,Beauty & Personal Care,5,1191.12,5955.6,wallet,2026-06-07T17:22:08.137421
fc3869e0-9030-4f66-afcc-50214b5bb403,CUST000400,Home & Kitchen,2,170.59,341.18,credit_card,2026-06-28T07:05:53.980566
28e6983e-83a1-42d3-a1ff-05b9a3612a6c,CUST000728,Groceries,1,339.73,339.73,credit_card,2026-06-21T15:19:39.895213
5219611b-1515-44ef-af26-e80e48ecca84,CUST000035,Sports & Outdoors,3,1721.44,5164.32,cash_on_delivery,2026-03-23T08:43:16.416404
e24037b4-fd3f-42cb-91dd-2148116d8f62,CUST000227,Groceries,3,432.83,1298.49,cash_on_delivery,2026-05-07T20:47:42.354440
b42e3443-fc0e-4736-9c23-e73390d277a7,CUST000325,Books,4,362.56,1450.24,credit_card,2026-05-23T00:30:34.161206
cc5e2935-eca2-443d-b788-02d72cb577bd,CUST000563,Books,4,1778.14,7112.56,wallet,2026-05-21T18:18:06.417487
ae880b75-22fa-4a99-9c1e-55844b332ec4,CUST000316,Electronics,3,1961.18,5883.54,cash_on_delivery,2026-02-28T20:06:50.574214
3d1940b6-7741-48f9-9fd9-7fbffe2ce081,CUST000382,Toys,5,1865.35,9326.75,debit_card,2026-07-24T10:07:18.585801
500de4c4-923d-4194-ad9a-4657f603e601,CUST000154,Fashion,3,1649.59,4948.77,wallet,2026-04-23T01:07:28.686189
8a19d9b0-e16c-4096-9587-55e35e860fca,CUST000418,Fashion,5,884.45,4422.25,wallet,2026-07-19T00:19:47.087788
722fb633-f31b-47d2-8172-413d4acb587c,CUST000516,Beauty & Personal Care,5,1087.16,5435.8,wallet,2026-07-15T23:56:06.575737
d189e54d-4d26-474e-81b3-6e23d25c432f,CUST000086,Sports & Outdoors,2,633.04,1266.08,cash_on_delivery,2026-05-20T03:29:29.951501
8dc5a347-5784-480a-95d4-6ef64a56c227,CUST000103,Toys,5,1549.35,7746.75,wallet,2026-02-26T15:29:03.603603
2cd96646-f6b7-410d-919f-23c6af24f6ad,CUST000700,Fashion,4,968.74,3874.96,credit_card,2026-06-29T04:07:29.099500
f022c410-ab96-4a5a-b63b-a55123752f28,,Home & Kitchen,5,813.92,4069.6,debit_card,2026-07-02T11:09:33.134722
eeb9ef92-8658-46e0-8344-2ae9f746d8a2,CUST000076,Home & Kitchen,2,1810.03,3620.06,cash_on_delivery,2026-08-03T09:57:13.867889
af3f4774-15e1-463c-bdb8-73e5b045e6e8,CUST000773,Electronics,3,210.4,631.2,wallet,2026-04-05T00:02:18.429230
15b69a0a-b9bb-499d-b64a-fb40e10c18c0,CUST000214,Groceries,5,1943.63,9718.15,credit_card,2026-02-22T14:41:53.080301
6f5db4ef-7290-4271-98e7-240a6f876da6,CUST000307,Home & Kitchen,1,793.63,793.63,debit_card,2026-07-15T11:40:01.340356
b1ff55f5-a5f1-4d97-b589-2150f775259d,CUST000224,Groceries,1,618.89,618.89,credit_card,2026-03-03T07:00:27.337377
f97086f2-b0ac-4225-811d-ce0fd1d84fbc,CUST000233,Toys,5,358.97,1794.85,upi,2026-05-16T08:56:22.084859
577872c4-8d60-442b-afb4-a54458340583,CUST000676,Beauty & Personal Care,5,191.53,957.65,cash_on_delivery,2026-02-21T07:05:19.980202
de406288-6214-459f-84fc-18be4899b477,CUST000634,Home & Kitchen,3,124.55,373.65,cash_on_delivery,2026-06-21T04:46:26.534577
722e7008-f4b3-496b-a66c-7cbda90bad10,CUST000321,Home & Kitchen,2,226.1,452.2,wallet,2026-08-04T01:32:53.677339
0057c789-bf88-49cc-b544-5968ab1092e6,CUST000116,Electronics,1,1622.46,1622.46,debit_card,2026-05-15T21:20:44.806603
e12d266b-bec9-4458-91cc-95d4bcd4b277,CUST000460,Fashion,4,1632.48,6529.92,upi,2026-03-28T02:20:52.299548
dc97142e-c995-4d63-a095-ce082ac9def5,CUST000251,Beauty & Personal Care,5,931.0,4655.0,cash_on_delivery,2026-03-27T08:40:09.316833
acfa523e-0c45-4763-be2d-1e4526c449d1,CUST000243,Toys,3,1479.81,4439.43,debit_card,2026-04-20T16:37:26.228598
e333eaac-141e-400b-92fe-c331aa445982,CUST000093,Sports & Outdoors,2,1847.68,3695.36,wallet,2026-05-04T16:01:49.217644
d8f6f0df-8446-4c0b-9f49-e87dfb21c05e,CUST000531,Beauty & Personal Care,5,1912.74,9563.7,upi,2026-07-26T17:43:03.513882
4ba45029-5d05-468b-86e7-0f68d27a3283,CUST000149,Sports & Outdoors,4,1067.99,4271.96,debit_card,2026-06-06T03:39:19.041574
07b68c9f-760c-4133-aa72-81385ec6ec88,CUST000171,Electronics,5,1391.63,6958.15,upi,2026-07-12T07:00:09.390298
747c9632-ac26-47f9-8dce-cae88149d7b5,CUST000778,Sports & Outdoors,5,1369.07,6845.35,credit_card,2026-07-12T16:22:10.913419
e459f4fa-86ae-43b3-805f-7b0eb17c335a,CUST000430,Beauty & Personal Care,4,1572.52,6290.08,upi,2026-02-17T22:04:41.563027
45dea5b7-425e-48d3-be9e-6b1472a48623,CUST000018,Electronics,1,1981.47,1981.47,cash_on_delivery,2026-02-26T10:59:57.709212
b84ba48e-5038-4453-8924-f4bcd0628e1a,CUST000554,Beauty & Personal Care,1,1567.78,1567.78,debit_card,2026-07-30T14:29:44.637918
d5c6d7d3-985a-42df-b8eb-d314b55bcf82,CUST000463,Sports & Outdoors,3,1903.65,5710.95,upi,2026-04-22T23:35:59.217210
dff2b200-e0c5-41e7-89a8-2a9e0cad29f2,CUST000271,Toys,2,307.11,614.22,cash_on_delivery,2026-07-21T07:38:53.088744
1e23fa83-07a9-4cf8-9503-a14ab418647a,CUST000696,Books,1,557.9,557.9,upi,2026-07-04T09:32:16.019708
7fafcc84-8163-456e-9eed-0cf03aa32ea7,CUST000397,Fashion,1,171.8,171.8,debit_card,2026-07-22T11:34:18.355997
5a848780-59aa-41fe-9f8f-d7679c80b529,CUST000359,Electronics,2,1324.17,2648.34,debit_card,2026-07-02T01:46:54.468663
078fd76e-c210-40a8-be68-d98a8d81f7cf,CUST000150,Sports & Outdoors,3,1132.85,3398.55,credit_card,2026-03-22T12:45:18.739043
4376ec93-1ad1-4701-be89-24ccd75c1c58,CUST000522,Sports & Outdoors,1,1943.17,1943.17,cash_on_delivery,2026-02-11T23:37:41.657353
aa35d33a-0a9f-4923-9dab-d8df832b4e48,CUST000360,Sports & Outdoors,5,390.99,1954.95,debit_card,2026-07-15T07:57:40.831051
f7a82d16-2efa-45a1-978c-f5032cbbb674,CUST000137,Books,3,800.01,2400.03,upi,2026-04-18T01:37:22.287041
3d91366f-1dbd-4443-9bd9-59b942be3e77,CUST000151,Toys,5,577.93,2889.65,credit_card,2026-05-27T01:07:23.566919
bc75173d-3899-4362-b0eb-70095f16e5c5,CUST000425,Toys,2,1515.91,3031.82,debit_card,2026-07-20T05:50:50.077133
950876cd-ef37-4f51-a9f2-c71453044b21,CUST000388,Fashion,4,1640.2,6560.8,upi,2026-06-07T02:23:28.651323
d0bbf272-3688-436b-83db-462350104375,CUST000014,Home & Kitchen,2,176.76,353.52,cash_on_delivery,2026-07-13T21:41:05.880012
576f57e0-1396-4a84-973a-846c6a6ce6b6,CUST000232,Home & Kitchen,3,886.51,2659.53,cash_on_delivery,2026-02-21T04:10:05.428808
96804a89-7f12-4174-914e-132f45399bd1,CUST000729,Books,5,482.03,2410.15,wallet,2026-05-24T18:22:23.425347
12e2a7f9-286a-4bc8-88d0-46e3d1eef10f,CUST000068,Electronics,2,1511.56,3023.12,debit_card,2026-07-14T01:32:06.056064
6fcae5a7-3c77-4b60-bb5a-f0ad7a7dd8ae,CUST000072,Books,3,955.16,2865.48,wallet,2026-03-18T19:02:31.088157
50dfabad-270a-43e9-8873-e00ad14e80d7,CUST000270,Fashion,2,975.78,1951.56,cash_on_delivery,2026-02-23T11:24:50.511614
10247b0b-dd7b-4b1e-b023-c858b6396378,CUST000763,Home & Kitchen,3,479.8,1439.4,debit_card,2026-04-09T03:16:57.053921
92c0a653-f761-4e18-b32f-aca13f9e1732,CUST000232,Sports & Outdoors,2,1702.41,3404.82,cash_on_delivery,2026-06-09T19:06:04.560112
3be1fe5c-f8d1-40c6-af0a-128d5096efc3,CUST000053,Sports & Outdoors,2,863.47,1726.94,credit_card,2026-06-11T23:55:00.371408
8607dcd0-4faf-49e7-a616-c21b91528070,CUST000674,Fashion,3,1924.94,5774.82,debit_card,2026-02-13T01:56:43.637693
986c4ae1-8322-4b6d-880d-bae6e748f952,CUST000469,Sports & Outdoors,2,501.04,1002.08,wallet,2026-05-16T13:25:37.111548
3639bb7d-8701-4065-8046-2acdfc1fd460,CUST000156,Sports & Outdoors,4,1616.36,6465.44,debit_card,2026-05-16T09:25:17.517536
99f6ae5e-67ca-480e-9148-b151515f491d,CUST000347,Home & Kitchen,3,363.86,1091.58,wallet,2026-06-03T08:09:30.846787
e2525d7f-13ad-41b3-a247-b88e3d989bbc,CUST000183,Home & Kitchen,5,1559.22,7796.1,upi,2026-04-17T12:22:10.841816
91f975d0-964a-4454-b909-1a986bdfa84e,CUST000065,Beauty & Personal Care,N/A,1457.69,7288.45,cash_on_delivery,2026-03-19T12:31:00.048437
527998e2-07ff-4e94-960a-9396f857bdce,CUST000014,Electronics,5,736.95,3684.75,upi,2026-04-18T16:28:25.787749
0b59c9d8-d841-4f71-8640-bf8f01657532,CUST000568,Electronics,5,1539.47,7697.35,credit_card,2026-05-22T17:24:10.644054
3b05c55c-d7c6-4f58-823e-27d3821a7d78,CUST000663,Home & Kitchen,3,1065.49,3196.47,cash_on_delivery,2026-06-16T13:10:56.009944
57ddee75-a076-4139-bded-253f365ae369,CUST000306,Beauty & Personal Care,1,1851.25,1851.25,upi,2026-05-30T15:28:31.318275
e8dc5185-e04c-467d-bb6e-607f63235f56,CUST000135,Electronics,5,1184.92,5924.6,cash_on_delivery,2026-04-26T08:32:59.786630
7764dab5-380d-4d1c-9afa-03899b372658,CUST000098,Groceries,5,1106.57,5532.85,debit_card,2026-08-06T11:36:41.739977
45c3b7e3-36f5-470c-a5d4-dd0de77ce0b2,CUST000723,Home & Kitchen,2,1039.48,2078.96,cash_on_delivery,2026-03-31T11:30:53.769527
59cfe464-fd7d-4906-9b7d-8f294982e0f2,CUST000220,Beauty & Personal Care,1,881.96,881.96,upi,2026-07-31T11:40:49.597843
7b6dbfaa-55f4-4c7b-81da-32ddeb12c386,CUST000314,Fashion,1,423.63,423.63,cash_on_delivery,2026-06-08T08:29:38.917052
9205dafd-21ed-45ed-9c61-64424888839f,CUST000179,Electronics,1,1155.64,1155.64,credit_card,2026-07-01T21:56:15.294141
43117717-97e9-4364-8d95-a8fbd2c788bb,CUST000503,Books,4,1178.9,4715.6,cash_on_delivery,2026-05-05T06:38:30.359612
70cff060-ac80-41a6-bd82-064f587f1e15,CUST000163,Books,2,785.04,1570.08,debit_card,2026-03-15T22:04:52.824758
8853fa59-6325-4dd8-976b-cd8aec720c3d,CUST000176,Electronics,5,514.77,2573.85,wallet,2026-06-22T04:21:22.053305
00551933-fb73-404d-b183-ac4739af096f,CUST000211,,2,409.52,819.04,wallet,2026-07-17T19:11:25.521414
9542d182-2fd9-4666-90f6-8e69447d92ec,CUST000773,Books,2,609.2,1218.4,wallet,2026-07-07T14:15:25.405964
d20f9cdc-f18f-41ed-9b67-eb4607d476ad,CUST000629,Home & Kitchen,4,1935.43,7741.72,upi,2026-02-27T00:23:28.077976
e0081d22-723b-4b4f-a72a-b906bf47e062,CUST000278,Toys,1,379.64,379.64,debit_card,2026-07-10T02:16:04.547664
ccd12265-72e8-4d36-b0ea-dbd951ac11c1,CUST000083,Toys,3,1688.32,5064.96,cash_on_delivery,2026-06-04T01:38:16.994329
5ef65d18-d258-401c-b4f9-e53e04fb86ba,CUST000542,Fashion,5,813.34,4066.7,credit_card,2026-06-14T17:08:56.493519
e9af3cb7-8106-4f27-8b34-dbe153dd993a,CUST000482,Beauty & Personal Care,2,1683.92,3367.84,credit_card,2026-03-04T15:54:39.029599
3b42cbc7-16f9-4ecd-ada3-c24ea9ba0841,CUST000138,Books,2,1991.39,3982.78,wallet,2026-03-26T04:13:05.280140
08da68c8-2e3e-4b17-b90e-4978351edae6,CUST000587,Sports & Outdoors,2,755.08,1510.16,debit_card,2026-07-23T05:58:04.263591
e7aaf891-edd5-4d3a-892a-9ce1599dc10b,CUST000626,Sports & Outdoors,4,382.99,1531.96,cash_on_delivery,2026-07-05T20:54:01.990675
da21e14b-669c-4bbc-883a-04d311eec974,CUST000257,Books,2,1945.48,3890.96,wallet,2026-05-22T09:14:12.038829
a0f4514f-4ce9-44d6-aebd-09893c9e99a7,CUST000721,Groceries,4,1382.03,5528.12,upi,2026-05-13T04:09:44.501474
75d2ce6c-e87a-4a8e-b212-15bc0dae3273,CUST000154,Home & Kitchen,3,175.99,527.97,wallet,2026-05-25T22:14:30.814772
cbb3ab9f-812e-4772-9bbc-5ea9de293993,CUST000667,Groceries,1,1435.89,1435.89,cash_on_delivery,2026-06-15T16:59:12.738353
73f9fabe-c6d2-42ad-9344-927d6f4c6493,CUST000289,Groceries,5,1403.71,7018.55,cash_on_delivery,2026-06-17T15:31:15.506621
91d09a49-03b4-4bff-a376-8d9e146ce7bc,CUST000654,Groceries,5,1233.74,6168.7,credit_card,2026-05-20T08:42:10.825336
54314c9b-46db-454e-ba37-4a46336b266b,CUST000481,Toys,3,1305.54,3916.62,wallet,2026-06-29T13:54:44.257226
5cdc7984-4ca1-4184-8dd3-c5fe288f9fd2,CUST000381,Fashion,5,1408.4,7042.0,cash_on_delivery,2026-03-04T11:13:23.941750
975206df-4aa6-444b-b57e-a3ca3756c778,CUST000526,Home & Kitchen,1,253.09,253.09,wallet,2026-03-08T16:05:32.755713
0aca0948-12a6-4d90-a354-2709a9388af5,CUST000545,Electronics,1,1322.5,1322.5,wallet,2026-06-01T23:41:16.597016
8275c112-5852-4dc1-b306-a511e10e3e1d,CUST000281,,2,142.41,284.82,cash_on_delivery,2026-04-02T18:02:54.639834
4c102a73-2d92-40b3-a595-80b9ddf0f831,CUST000494,Toys,5,831.98,4159.9,wallet,2026-06-30T06:13:33.785651
508ed005-d77d-4bc5-8f7c-4f4775da2cfc,,Electronics,2,1386.25,2772.5,debit_card,2026-07-20T01:57:06.788924
44a1f0a9-50b4-4854-aab3-623770d3888a,CUST000747,Home & Kitchen,5,788.03,3940.15,debit_card,2026-03-03T01:21:42.560048
df6a0c76-66a9-47cb-a364-a753cfa47a8a,CUST000361,Fashion,4,962.44,3849.76,debit_card,2026-06-11T17:47:48.999975
d7e3971e-3e96-441b-8c56-36eb40c83028,CUST000040,Fashion,1,1082.45,1082.45,upi,2026-06-14T06:56:27.123174
52ec8a7d-220d-4b80-953a-e4e2f647e802,CUST000722,Toys,4,1345.08,5380.32,credit_card,2026-04-27T01:57:34.994096
a5bd905e-a7d1-466d-9ec3-4fd72530f933,CUST000295,Home & Kitchen,3,223.18,669.54,credit_card,2026-04-23T00:08:55.144648
d4721f1d-6dca-46d0-8388-5188784b9e92,CUST000751,Toys,4,669.97,2679.88,upi,2026-06-06T21:35:08.723448
5b9259b9-4194-4613-9bef-0a9ceef10b50,CUST000229,Sports & Outdoors,3,1447.12,4341.36,credit_card,2026-04-09T03:57:45.152763
cf6bfbd1-51b2-42a9-b4c9-0e20632f5026,CUST000377,Toys,2,1552.71,3105.42,cash_on_delivery,2026-03-19T11:11:21.818862
e152c688-9208-458b-bbbf-babf30dcacdd,CUST000288,Books,1,1499.12,1499.12,wallet,2026-06-22T05:38:02.421246
f734f50b-204a-4141-97a9-8706b3d602c4,CUST000714,Fashion,4,526.35,2105.4,debit_card,2026-04-13T17:27:36.630972
da84450e-1699-4489-a188-f71338c6493b,CUST000328,Toys,3,459.23,1377.69,upi,2026-02-28T01:45:52.416255
080aa2b9-c738-448a-bed5-561595280869,CUST000301,Fashion,2,1252.42,2504.84,debit_card,2026-04-11T12:15:36.440021
c7647500-a130-4f5b-a1f3-3dbc1af4e26a,CUST000080,Home & Kitchen,2,403.39,806.78,cash_on_delivery,2026-07-08T02:12:20.917890
fa94c3b2-dd3c-4396-a096-202622e9f7da,CUST000271,Groceries,5,9.46,47.3,cash_on_delivery,2026-07-19T12:28:55.278417
a69d1ea6-8dcb-4e76-808c-4069193bc872,CUST000093,Home & Kitchen,3,1413.92,4241.76,credit_card,2026-08-05T02:13:13.724131
1b5a17cb-c60d-4c71-a1ad-de644c8d339a,CUST000226,Groceries,5,1563.61,7818.05,credit_card,2026-07-09T04:19:55.061973
fac077eb-19d2-4d50-be67-e060cedc98c5,CUST000794,Sports & Outdoors,1,290.87,290.87,wallet,2026-05-02T21:36:34.628903
920665f5-ea1c-4a5b-a2b9-305b3e336fd0,CUST000609,Books,2,1262.28,2524.56,upi,2026-03-22T11:12:31.330065
333da2a4-4d55-4ad0-9bf7-c8b5588e72bf,CUST000737,Sports & Outdoors,1,546.16,546.16,wallet,2026-07-30T23:17:43.851321
ce41e5c4-06d0-4d89-879e-1ef9d5ed0064,CUST000024,Fashion,2,177.32,354.64,debit_card,2026-06-17T00:18:48.725743
3cc2f90c-2895-4918-a8ff-642dc15cdb85,CUST000152,Electronics,5,658.12,3290.6,cash_on_delivery,2026-04-02T13:58:03.288379
50fd59c1-ee21-46ab-8bb0-0e0febd84f18,CUST000138,Electronics,2,1902.88,3805.76,wallet,2026-06-10T19:39:48.826425
4801898b-c650-489d-a5a0-c11005441f44,CUST000033,Fashion,3,1888.42,5665.26,credit_card,2026-04-10T14:47:38.607828
e3404831-a658-40b8-8a1a-d874988cfa0d,CUST000006,Electronics,1,362.93,362.93,wallet,2026-05-23T04:20:39.984414
1451bd93-74de-43bf-a3be-3e96f71b9429,CUST000359,Electronics,4,515.29,2061.16,cash_on_delivery,2026-05-22T08:31:02.846549
db4ac4a6-13b1-4b1e-a486-6d0064446378,CUST000437,Fashion,1,1852.34,1852.34,upi,2026-06-17T14:50:13.125736
e79c2e70-3b09-4f78-9a5e-dde5429cf9de,CUST000556,Fashion,4,193.69,774.76,credit_card,2026-02-12T19:24:06.031228
b2f8d19b-6901-470d-8deb-865526141820,CUST000473,Toys,5,1780.41,8902.05,debit_card,2026-02-17T04:50:39.917788
1b8b8c91-09dc-4d54-b94f-d31331720413,CUST000596,,2,1285.94,2571.88,credit_card,2026-05-22T07:37:19.961162
7b53e723-ed66-4c59-b03e-b33651f1dcb8,CUST000307,Beauty & Personal Care,5,1700.76,8503.8,wallet,2026-05-08T06:55:54.801564
f30dbb3a-621e-41c1-b713-9b39442f6703,CUST000722,Sports & Outdoors,2,1795.79,3591.58,cash_on_delivery,2026-06-17T03:18:12.477410
c4895026-0c8d-4a71-8d96-6841fcfcd675,CUST000470,,3,1178.06,3534.18,debit_card,2026-06-02T11:35:57.457076
90ae660f-e4ee-4928-865a-c192f7a940b4,CUST000223,Home & Kitchen,3,1137.39,3412.17,cash_on_delivery,2026-05-26T21:58:13.443329
f393c795-679e-4e6a-9685-ce0a82d025b4,CUST000309,Fashion,4,1307.33,5229.32,credit_card,2026-04-09T20:52:43.034408
e685d338-630e-462b-a58f-f6814113c5ee,CUST000358,,1,455.38,455.38,wallet,2026-05-24T00:37:52.677088
349b56da-fc96-445a-88df-5f6f568cae40,CUST000432,Sports & Outdoors,5,1324.1,6620.5,credit_card,2026-07-04T05:16:51.836894
499f0756-9596-440f-9a03-9bb86e84f2a6,CUST000350,Beauty & Personal Care,2,186.06,372.12,upi,2026-07-01T09:30:17.442617
a5994c64-f3be-43a5-88c6-567d650cbdcd,CUST000605,Beauty & Personal Care,3,1604.34,4813.02,credit_card,2026-08-06T02:07:28.964973
63bc0ada-ac14-4c2a-9105-65259a38f37b,CUST000766,Beauty & Personal Care,5,1685.02,8425.1,credit_card,2026-03-09T00:02:21.117703
47ad2258-0d48-41ef-98ff-b4eee7b41937,CUST000747,Groceries,2,987.84,1975.68,credit_card,2026-03-27T18:47:02.423578
b153e229-ce27-4170-9540-40fff9360356,CUST000280,Toys,2,880.64,1761.28,upi,2026-03-06T15:40:58.033631
82c73118-298f-447f-ac1c-331f6813562f,CUST000693,Sports & Outdoors,2,1773.34,3546.68,wallet,2026-06-23T03:49:37.862133
26c92f2c-577a-4a35-bd19-569a423c0dae,CUST000776,Sports & Outdoors,4,1015.15,4060.6,cash_on_delivery,2026-02-28T04:07:42.969419
df372dbc-0feb-41a5-a5c6-0fcfd25fd5d6,CUST000782,Toys,4,1150.32,4601.28,cash_on_delivery,2026-04-01T08:10:14.569681
045df0aa-8bed-4c26-8d42-f47fdc02e8ed,CUST000291,Books,5,774.72,3873.6,cash_on_delivery,2026-03-30T01:28:59.651799
31e91e88-91f6-49e9-849b-ff7c8edd298e,CUST000322,Books,4,1102.5,4410.0,upi,2026-08-07T17:35:18.522116
335e2de0-bb5f-4da5-b127-599ea0ae7c16,CUST000555,Fashion,5,5.68,28.4,debit_card,2026-03-10T03:41:14.131345
a71f2bb8-e567-4a55-a0f5-14f31bd634f6,CUST000010,Books,2,1355.68,2711.36,cash_on_delivery,2026-04-14T21:18:41.029827
777938d8-dae9-46c2-9580-73bd851bf904,CUST000367,Sports & Outdoors,2,7.97,15.94,debit_card,2026-07-24T02:14:43.913352
299116a0-90d2-4800-8449-9ea2445b918c,CUST000241,Books,3,302.8,908.4,wallet,2026-03-10T16:47:52.688687
1c3a4aa8-42d9-452f-9158-f95ab3d0c97c,CUST000669,Fashion,3,854.29,2562.87,upi,2026-06-19T09:22:26.298116
b6fc04fe-60e8-48a1-b80a-3b42464b3f13,CUST000514,Home & Kitchen,3,583.22,1749.66,wallet,2026-03-22T13:18:05.379993
513fed1e-f2fa-46bd-9164-1e97ddc1ac76,CUST000084,Beauty & Personal Care,5,1685.99,8429.95,wallet,2026-02-22T00:17:41.093462
12160983-13c9-4335-a9d1-9caa5f15771a,,Toys,1,328.18,328.18,credit_card,2026-05-25T19:08:40.988763
9a33fb3e-849f-46ea-a524-c6561be9c7f0,CUST000518,Books,4,1585.63,6342.52,wallet,2026-06-12T01:20:13.289332
a274eaf2-86fa-4cff-86b9-41f8ea64fb87,CUST000539,Sports & Outdoors,1,1505.77,1505.77,credit_card,2026-07-26T19:32:04.765590
8ccb840b-6e57-44ba-b051-fda3effeb589,CUST000542,Electronics,3,814.23,2442.69,wallet,2026-07-15T11:52:30.299387
28d5ef13-7276-4caa-a94f-84dd83d72df6,CUST000157,Sports & Outdoors,5,1195.78,5978.9,upi,2026-02-12T00:44:20.034631
10fbb38b-d878-4d7b-9fc3-165edb7a49c6,CUST000148,Home & Kitchen,1,957.99,957.99,wallet,2026-04-13T08:38:31.238504
caa70374-3125-48b9-a426-1745d1c3f799,CUST000012,Groceries,3,1955.9,5867.7,wallet,2026-03-24T14:25:26.538285
f42a60ad-be40-44d9-876c-05da0b800425,CUST000308,Home & Kitchen,4,1841.27,7365.08,cash_on_delivery,2026-03-03T07:31:05.704407
8465f7be-3255-4149-98f5-214e60ef494a,CUST000796,Beauty & Personal Care,2,296.93,593.86,upi,2026-03-01T12:59:20.343833
dc5dbef1-f892-4b9a-87c7-d967d0c4066d,CUST000168,Toys,5,491.07,2455.35,credit_card,2026-06-10T10:42:37.333681
0287d47c-0d5f-408c-bf5a-5e5a5263a011,CUST000471,Home & Kitchen,2,256.95,513.9,wallet,2026-08-01T04:41:02.636291
8e735ee9-996c-4132-ad45-9298d4539feb,CUST000509,Groceries,2,1258.6,2517.2,credit_card,2026-06-08T11:05:40.315415
86ba96e4-9916-4a16-9802-e5faa835b039,CUST000410,Groceries,2,1813.7,3627.4,credit_card,2026-03-22T11:17:03.886426
f1494e49-8bf7-4ac1-9ebb-d9a3a74dab91,CUST000124,Books,4,1792.04,7168.16,upi,2026-07-18T00:01:28.531980
4479019a-c533-4a4e-9093-df344aeee45c,CUST000125,Beauty & Personal Care,3,965.05,2895.15,debit_card,2026-04-06T09:00:18.174616
ac699515-66e9-43b8-a0cb-cca195e6d5dc,CUST000477,Toys,3,1163.95,3491.85,credit_card,2026-04-28T05:57:18.826061
8aba6b92-c550-422e-9e60-6a083ff609bc,CUST000554,Groceries,2,1096.59,2193.18,upi,2026-03-20T13:45:53.183013
8521db35-a367-46e6-a726-a2cac5a38035,CUST000797,Groceries,2,218.01,436.02,credit_card,2026-02-25T00:35:45.279802
2d7651c7-1e12-4701-908d-172e23790743,CUST000206,Beauty & Personal Care,3,1866.38,5599.14,debit_card,2026-04-18T23:53:56.724192
84dafcf8-34c6-497b-a84b-67b7a5f2772b,CUST000306,,4,1148.21,4592.84,debit_card,2026-04-25T02:41:32.093249
a7a8929f-940b-4f53-ad3c-84138c7c2c33,CUST000630,Beauty & Personal Care,3,1126.96,3380.88,debit_card,2026-06-01T03:12:17.381311
28618e90-af06-46d8-ab86-440f29e24fef,CUST000552,Electronics,4,1794.45,7177.8,wallet,2026-06-22T01:45:48.292601
9de079ac-07b7-44b2-aeba-a511ae3e7665,CUST000737,Fashion,1,205.23,205.23,upi,2026-05-22T17:42:29.659417
7e6c3368-d7ce-49ee-a248-cfb83e53189c,CUST000510,Books,2,522.86,1045.72,cash_on_delivery,2026-02-20T13:58:43.663027
ea820380-ba3d-44df-9f3c-1ece5bfb7633,CUST000091,Sports & Outdoors,5,1490.3,7451.5,credit_card,2026-02-24T10:19:04.860363
41420f62-898c-42c4-b990-beb230dc526a,CUST000553,Groceries,4,11.6,46.4,credit_card,2026-03-07T20:29:11.716173
06ae9acf-aa97-4d86-86cc-f6a165dc27ab,CUST000630,Books,3,831.01,2493.03,upi,2026-06-12T16:01:25.789314
d1718768-4777-4514-9fc5-a43f888926d2,CUST000302,Home & Kitchen,5,1017.84,5089.2,wallet,2026-06-28T17:01:39.341650
af0e06ce-c6e7-4b1e-ade8-3a9b8ba0898c,CUST000673,Sports & Outdoors,1,541.75,541.75,debit_card,2026-06-28T15:47:15.851847
b8a0500f-cc26-4829-8a40-1d2d6243714c,CUST000115,Toys,5,792.24,3961.2,debit_card,2026-07-29T07:40:57.515755
19a592e2-07ba-4b67-9924-ecf0913c80ea,CUST000716,Beauty & Personal Care,2,1381.48,2762.96,credit_card,2026-07-08T15:15:47.079017
86af0f94-5107-4b7b-8cbf-e4f1449758b5,CUST000463,Books,1,1108.83,1108.83,wallet,2026-03-08T05:58:04.367524
99c92002-e60e-4094-8eaa-d804d46b819e,CUST000790,Home & Kitchen,3,1308.14,3924.42,debit_card,2026-06-06T19:07:16.222152
9ee03231-bb64-4ff9-8a5a-a6172a348c85,CUST000716,Groceries,4,447.44,1789.76,cash_on_delivery,2026-02-20T10:35:36.909858
b6d2cca3-d737-4614-a5e2-a21e2b186dcf,CUST000487,Books,5,1975.11,9875.55,upi,2026-04-28T07:54:03.688137
1f015960-a14e-417b-b2f9-1d356f3e4b58,CUST000464,Groceries,2,182.93,365.86,upi,2026-05-20T19:05:00.936105
6421cf07-9588-4c5c-9243-7363196913e3,CUST000024,Toys,1,1435.15,1435.15,credit_card,2026-07-20T14:32:05.590677
1ad78135-bf58-425d-a39a-3aea1d53d9e3,CUST000524,,1,727.29,727.29,upi,2026-05-16T07:39:59.726982
9bb38d9a-9c03-47b3-94fd-d3623ae723b9,CUST000447,Groceries,3,1073.38,3220.14,wallet,2026-05-05T01:06:12.612136
b2553c25-665a-4274-89be-e0398d61a5e1,CUST000254,Fashion,4,1706.4,6825.6,upi,2026-06-15T09:37:46.640615
a70b96ea-6819-4a15-b7a6-8eb67aebbcb6,CUST000163,Books,1,1102.94,1102.94,debit_card,2026-07-26T05:58:13.254526
6f961af9-f167-4e51-834e-49388c15ea53,CUST000607,Home & Kitchen,3,111.12,333.36,credit_card,2026-05-26T06:11:07.462559
e072c9e2-0e92-46ef-8cf2-4d12f914aff2,CUST000631,Home & Kitchen,1,1769.4,1769.4,wallet,2026-06-08T21:54:35.174704
c76dce56-7492-4d59-b38e-17b22790c82d,CUST000099,Books,3,693.56,2080.68,cash_on_delivery,2026-06-01T17:00:21.459012
b257971a-19e2-43a5-9981-5170f842feae,CUST000261,Books,2,924.91,1849.82,wallet,2026-07-01T13:21:43.396075
bda65efa-e7f0-4d9f-9876-d700abc5f297,CUST000602,Sports & Outdoors,5,1397.66,6988.3,credit_card,2026-07-18T06:28:25.524984
f8f1d14a-62e3-43c9-82c2-be6c6bc50576,CUST000224,Groceries,2,744.62,1489.24,wallet,2026-07-19T18:21:20.851042
05aba076-3458-492e-9d26-e2164be07957,CUST000734,Fashion,3,361.38,1084.14,cash_on_delivery,2026-06-28T09:33:46.669092
4685f1bc-530f-4aab-9438-36b556c50c7f,CUST000581,Beauty & Personal Care,2,1190.88,2381.76,debit_card,2026-04-02T00:59:51.654601
f0fad932-b6c4-4107-b36f-f11d66eb2eb0,CUST000606,Books,1,1179.76,1179.76,upi,2026-02-23T00:47:06.804010
319b6400-3903-4f90-b991-f597cfa3d311,CUST000473,Electronics,5,1852.83,9264.15,wallet,2026-02-26T08:25:18.889375
2a1a9592-8a52-4117-8c9d-77de4790072f,CUST000155,Books,3,1096.38,3289.14,debit_card,2026-07-06T14:30:04.988957
5dbe2ed5-d960-45d4-b170-a80c0e8e0960,CUST000670,Toys,3,1900.96,5702.88,credit_card,2026-06-25T14:55:35.788810
cdf9ad3d-157c-4286-a328-821a2fab55b0,CUST000007,Books,4,1607.81,6431.24,credit_card,2026-05-03T00:05:44.322547
8e739838-8e15-41bc-85d6-e4ec69d9c310,CUST000216,Electronics,4,1905.53,7622.12,upi,2026-04-05T21:18:29.919792
dce14593-db14-4fcc-b1ac-4f0691fe0083,CUST000516,Books,5,840.24,4201.2,debit_card,2026-05-12T13:25:53.498509
ce45a6e5-ce5b-4614-8023-4ece3924d2c2,CUST000710,Groceries,5,1433.82,7169.1,credit_card,2026-05-26T17:30:02.921468
1f789bdb-2bf4-453b-9176-0a88f15c19b3,CUST000202,Toys,2,681.0,1362.0,credit_card,2026-05-03T08:49:49.906550
594627d5-df6b-48e3-a4aa-6e64b713dfe8,CUST000745,Groceries,1,1614.38,1614.38,credit_card,2026-05-10T00:25:48.718973
89503cb0-d208-4d32-8402-c6d40b683064,CUST000238,Beauty & Personal Care,1,1623.09,1623.09,wallet,2026-06-23T22:16:45.297942
01e2ceb5-9fdb-47e4-9ab1-6d5cf755d09c,CUST000018,Fashion,3,544.77,1634.31,upi,2026-05-16T17:33:09.469645
eb6df961-2b3d-4661-97f7-3f8829915f67,CUST000437,Electronics,3,1708.45,5125.35,cash_on_delivery,2026-03-27T11:43:47.027572
2f6abbac-c00e-47b3-a889-bdf977e95dcf,CUST000303,Fashion,1,798.95,798.95,debit_card,2026-07-02T05:17:04.062827
ee61998b-c1b6-4324-97f3-c3ad6a5b4331,CUST000784,Books,4,752.05,3008.2,cash_on_delivery,2026-06-08T19:59:32.228257
a3d1988a-59c8-435a-8e30-b0a59dc8444c,CUST000234,Electronics,4,447.49,1789.96,debit_card,2026-04-21T23:22:06.227070
a1615b58-890c-4a74-8f26-63a4744324d6,CUST000784,Home & Kitchen,4,583.68,2334.72,upi,2026-04-26T07:47:44.033029
9b7e3dd3-8220-4df9-b0fb-4edd351af5d7,CUST000585,Sports & Outdoors,1,722.24,722.24,cash_on_delivery,2026-04-20T02:21:42.311783
fc0bb556-add2-4d7c-894f-5e7857735319,CUST000748,Fashion,4,595.59,2382.36,wallet,2026-06-11T16:22:23.984053
205531e2-4b64-40ad-9af0-34ee929b8dd5,CUST000415,Electronics,3,266.51,799.53,credit_card,2026-07-10T11:37:49.924050
9e743273-665e-4857-935f-20a53d087900,CUST000216,Sports & Outdoors,4,904.46,3617.84,upi,2026-07-25T21:48:54.287364
94b68295-613e-4d09-8fdc-f3c305c18615,CUST000619,Groceries,2,1649.15,3298.3,wallet,2026-05-18T07:12:21.262961
e66e92f0-7551-4720-b80a-d35ab1526de4,CUST000779,Fashion,3,436.53,1309.59,credit_card,2026-05-14T04:36:27.747406
5b80b109-eda7-4c8a-84a2-d6dc8502a560,CUST000498,Electronics,2,596.39,1192.78,upi,2026-06-11T00:04:07.657349
250aac42-099f-470b-b9af-5b95ad0f9822,CUST000697,Fashion,2,1538.81,3077.62,wallet,2026-07-18T19:43:58.687049
bc44ec25-21ca-4c0e-b7a2-856964e4e9ef,CUST000046,Electronics,2,1747.15,3494.3,credit_card,2026-02-19T11:36:29.598267
87158198-e162-4bcf-abc1-b02165aaca75,CUST000180,Electronics,4,1994.36,7977.44,cash_on_delivery,2026-06-27T00:05:08.664025
d1a47d09-204c-49b1-8000-535c33bbfd85,CUST000779,Toys,4,1215.13,4860.52,wallet,2026-06-02T13:57:47.987142
dc1b58d4-1d7b-468a-8f59-da02e6d25479,CUST000691,Home & Kitchen,1,1853.01,1853.01,cash_on_delivery,2026-04-29T23:25:39.981075
bff367b4-fa71-461a-ba4e-e6bc8acfd8f2,CUST000245,Sports & Outdoors,5,1554.95,7774.75,credit_card,2026-03-01T08:38:13.203772
b313e3b7-709c-4ed8-996b-7e6b033b0d4f,CUST000102,Electronics,1,1992.65,1992.65,credit_card,2026-07-24T01:47:18.093334
35236e74-5717-4e35-a451-bdc08881fec2,CUST000654,Toys,3,1845.78,5537.34,cash_on_delivery,2026-06-28T23:20:31.701303
9f72794c-b047-4ac8-a9c0-d562f5d7b065,CUST000789,Electronics,3,609.39,1828.17,credit_card,2026-03-14T19:23:01.098853
05943ff1-4b9f-470d-b27e-3e9b450acd6a,CUST000143,Toys,5,372.18,1860.9,credit_card,2026-05-14T03:45:51.774713
a552ff98-0299-4412-a862-e48606f05b75,CUST000394,Beauty & Personal Care,3,916.61,2749.83,cash_on_delivery,2026-05-24T21:21:26.966957
2baf1f87-56f5-4a65-be1c-a56d8488d74d,CUST000799,Beauty & Personal Care,5,713.44,3567.2,cash_on_delivery,2026-03-14T07:48:29.343859
fbc65358-2d81-4493-9f26-c9e3f323488f,CUST000586,Beauty & Personal Care,3,1355.28,4065.84,wallet,2026-08-07T02:16:13.128024
ba684cfe-a885-45be-9486-a217c7e659bc,CUST000137,Toys,1,1004.74,1004.74,cash_on_delivery,2026-05-01T07:59:02.274963
b2a94b17-98e5-4f59-9bab-4633d935f18e,CUST000268,Sports & Outdoors,4,1810.14,7240.56,debit_card,2026-03-21T04:23:39.536535
4c1f5e3d-b78e-4c7d-b612-f053b4d7d01d,CUST000432,Fashion,2,958.01,1916.02,cash_on_delivery,2026-07-31T12:57:18.672948
5e5eec35-a3d9-4d43-aeef-f4d06e9698f4,CUST000717,Sports & Outdoors,3,1989.16,5967.48,cash_on_delivery,2026-05-05T11:51:48.647767
b5c12a66-d490-46b2-8206-ec7b27bae175,CUST000785,Fashion,1,1631.88,1631.88,cash_on_delivery,2026-05-03T15:15:18.503752
5a4694fc-9431-4c7a-8f1f-5a7f4470e383,CUST000552,Home & Kitchen,5,1299.83,6499.15,debit_card,2026-04-28T13:08:54.654084
f469ce15-488d-45fd-8554-1939a367fd14,CUST000747,Fashion,2,1466.45,2932.9,wallet,2026-02-17T09:35:16.922290
90c727cf-4280-4b13-a31b-2372c4d62ff4,CUST000108,Home & Kitchen,4,1906.14,7624.56,wallet,2026-07-24T14:48:05.467017
383ef0f1-9067-4187-8ccd-ba56f9eedb99,CUST000485,Sports & Outdoors,1,843.16,843.16,upi,2026-05-02T17:23:48.576890
beb7366c-3cb2-4260-8d60-5a3849fe86b6,CUST000038,Books,4,1627.26,6509.04,credit_card,2026-04-03T03:01:30.861568
7baf9b17-c7fc-457c-916c-5c0cc501ed4c,CUST000384,Fashion,2,1514.99,3029.98,wallet,2026-02-13T23:59:43.491859
e6c12c30-3104-4e95-83cc-18dad5f86539,CUST000287,Sports & Outdoors,N/A,1852.84,5558.52,upi,2026-02-27T14:27:41.439343
dd89ec7e-01c2-4e83-a0af-601f49eac22e,CUST000461,Sports & Outdoors,4,1861.29,-7445.16,credit_card,2026-06-02T01:07:43.351355
08275a31-a9ba-48fc-9ad3-c379a9c1b880,CUST000625,Toys,3,561.95,1685.85,wallet,2026-06-10T16:23:12.607512
2a02917e-c983-4526-856c-4257b0503df1,CUST000263,Home & Kitchen,3,1423.09,4269.27,debit_card,2026-06-05T18:52:28.907556
6b255fc1-f713-4fb2-af59-2b88b38cde58,CUST000129,Books,4,119.87,479.48,upi,2026-03-02T21:52:22.564782
6bd2066e-7234-4ea4-bb24-9dac03241042,CUST000574,Electronics,5,84.31,421.55,upi,2026-06-20T19:06:19.206723
acf0f3b1-90cf-40d3-a804-c74fc3b1b58e,CUST000255,Electronics,4,1463.85,5855.4,debit_card,2026-07-04T19:03:21.461456
bb0987a1-90f7-401f-aabb-1a963c0ef1ec,CUST000340,Beauty & Personal Care,1,1223.0,1223.0,cash_on_delivery,2026-07-05T05:45:29.893168
0c9c85b5-5608-44d1-9591-0a3fbe984387,CUST000178,Fashion,3,1320.02,3960.06,debit_card,2026-06-07T23:42:43.221318
e646aaf2-d4d7-4e8e-9548-ba075d653269,CUST000275,Beauty & Personal Care,N/A,540.47,1080.94,credit_card,2026-03-07T05:34:46.352545
e08ccffa-65bf-45c4-94f4-43f245748ec2,CUST000534,Groceries,4,1268.67,5074.68,wallet,2026-06-24T22:59:37.471523
88711710-5aed-4248-9d24-7d8ce3c9316e,CUST000450,Home & Kitchen,5,1491.2,7456.0,upi,2026-08-03T13:36:40.598509
c5fb8a59-9535-465f-b7d8-f3a64ce25dc2,CUST000425,Books,2,188.43,376.86,debit_card,2026-03-30T20:38:53.772949
e1bf3687-6e9c-4c33-9a30-37e1cecf7744,CUST000433,Beauty & Personal Care,3,1247.7,3743.1,cash_on_delivery,2026-05-29T06:43:56.865971
8ce36e31-5261-44ae-982a-a8cdcd696ef5,CUST000157,Books,4,252.07,1008.28,credit_card,2026-06-27T06:50:41.589430
c12c0c57-56f5-466e-bf2b-681807ebf748,CUST000481,Electronics,4,854.27,3417.08,cash_on_delivery,2026-02-28T08:57:51.380067
c821f37d-1caf-472f-af7f-98939b51dabc,CUST000721,Electronics,2,929.59,1859.18,wallet,2026-06-24T19:00:02.474465
84c129cf-85df-410b-932f-463ea2bc9646,CUST000334,Beauty & Personal Care,5,1375.74,6878.7,credit_card,2026-02-15T06:54:34.790423
e4885fe4-047f-49df-b257-57dcde432e7a,CUST000744,Beauty & Personal Care,4,127.53,510.12,wallet,2026-04-20T04:21:26.597999
88711710-5aed-4248-9d24-7d8ce3c9316e,CUST000450,Home & Kitchen,5,1491.2,7456.0,upi,2026-08-03T13:36:40.598509
9eb41c0e-e65b-4b32-bf33-0313cb5220d9,CUST000536,Beauty & Personal Care,4,500.21,2000.84,cash_on_delivery,2026-05-31T22:33:26.288880
acf95cba-8c2c-4c85-8392-2dbe17608040,CUST000561,Home & Kitchen,1,1099.84,1099.84,credit_card,2026-04-27T14:41:55.715369
118dceae-df36-4712-96c7-88b4b5099487,CUST000506,Beauty & Personal Care,5,1256.27,6281.35,cash_on_delivery,2026-04-14T11:29:59.557896
334434ed-f4f5-4ec0-af1d-8c5627d67756,CUST000492,Fashion,2,1181.01,2362.02,cash_on_delivery,2026-03-24T08:22:59.524623
7e9d9fd0-08b7-4f90-b956-5e4620193362,CUST000730,Fashion,4,1694.69,6778.76,upi,2026-07-09T06:34:28.616035
581297ed-497d-4c28-aa38-fb2cc9fd131b,CUST000334,Sports & Outdoors,2,1126.3,2252.6,wallet,2026-02-24T07:10:38.634145
cf3b4be1-0ebb-4c0a-b1ce-915545f2ca52,CUST000526,Electronics,5,1294.38,6471.9,upi,2026-05-11T11:16:15.098490
3746d503-8c72-4e9a-b9d2-6daf0ac6d605,CUST000448,Groceries,5,1017.73,5088.65,upi,2026-04-03T02:05:26.437218
932363da-7331-4d6d-a746-cfa5db089476,CUST000067,Beauty & Personal Care,3,1850.68,5552.04,cash_on_delivery,2026-03-25T00:48:01.719309
bda1b791-7682-4474-a1ba-45a99342544f,CUST000354,Fashion,1,554.92,554.92,credit_card,2026-08-01T23:13:15.019593
c4296e40-de92-46f4-a911-86eee4002897,CUST000299,Home & Kitchen,5,1118.13,5590.65,debit_card,2026-06-09T17:18:55.672350
bccde15a-0828-4bb9-ae36-e0a09b69ca48,CUST000027,Beauty & Personal Care,2,972.1,1944.2,wallet,2026-05-01T00:59:44.874876
20cc2d4a-23c5-4678-a76c-5d74423e9ab8,CUST000369,Groceries,5,875.99,4379.95,cash_on_delivery,2026-04-21T13:36:49.930897
b290b33b-eb83-4d73-ad13-b47f1b3c357c,CUST000711,Books,5,685.97,3429.85,debit_card,2026-07-08T18:23:14.380979
1a86a092-a650-454d-be8e-2d7e8f551d22,CUST000741,Beauty & Personal Care,2,1279.0,2558.0,wallet,2026-02-24T22:17:56.729678
c2da3e38-82bc-47b4-8e9b-c610a6b0c545,CUST000756,Sports & Outdoors,5,1881.97,9409.85,upi,2026-07-23T16:38:30.611290
d1ba3893-e8aa-46ac-b53c-45a3f6c40284,CUST000045,Electronics,1,1331.89,1331.89,wallet,2026-05-05T06:40:43.512121
90f27c69-a420-4a40-b177-9849837df9d7,CUST000475,Fashion,5,1852.47,9262.35,wallet,2026-04-10T07:37:22.138463
82904eba-e89a-4b15-8941-f798a9ecfe69,CUST000421,Beauty & Personal Care,2,1482.32,2964.64,credit_card,2026-02-26T15:28:42.889198
e75ea0ee-3162-43ab-9854-39517710cbb8,CUST000152,Fashion,5,659.29,3296.45,upi,2026-05-11T18:29:42.064239
2ff1ca56-6367-421c-a410-0304e6ccac8b,CUST000355,Toys,2,1735.82,3471.64,credit_card,2026-06-21T17:42:37.310723
f1babb1c-53a9-4125-941d-68393c27034d,CUST000027,Electronics,3,1174.25,3522.75,cash_on_delivery,2026-03-11T15:54:58.698288
f676fdc8-8c0c-4d3b-bdea-8ee52e7b0365,CUST000178,Fashion,4,665.32,2661.28,cash_on_delivery,2026-07-19T23:10:38.741172
7faf6213-b061-464f-92c7-44530adfb086,CUST000308,Groceries,5,1328.25,6641.25,cash_on_delivery,2026-04-04T06:31:36.598502
ad701cc6-3b02-44ec-b7cc-9b50127ca92f,CUST000768,Beauty & Personal Care,4,1090.25,4361.0,credit_card,2026-04-06T07:27:00.245517
8ba635f3-ec05-4924-8b96-bd9ad31b83e2,CUST000145,Beauty & Personal Care,5,883.61,4418.05,upi,2026-02-12T12:40:56.641801
76593fc5-2d31-4ed1-a1c4-bde5fd5f6c3a,CUST000127,Beauty & Personal Care,5,730.3,3651.5,debit_card,2026-07-07T09:40:30.285161
239339d5-c077-41d4-94c9-f964723612af,CUST000566,Sports & Outdoors,3,1123.95,3371.85,debit_card,2026-06-22T17:36:29.471705
6e461df7-e15b-40b4-8eb4-5d333ddea547,CUST000697,Electronics,2,140.36,280.72,credit_card,2026-05-22T08:37:23.894500
3f15c8b6-d6fc-47a8-8a9a-198724869340,CUST000155,Home & Kitchen,2,1899.76,3799.52,credit_card,2026-07-27T13:59:28.352077
23ef30d3-b8d3-4cf2-8abf-f8c26cb258ce,CUST000275,Home & Kitchen,4,1978.79,7915.16,debit_card,2026-07-04T15:45:11.886643
64797754-1066-4eaf-8d05-1e41d0b3045b,CUST000236,,3,1062.13,3186.39,credit_card,2026-06-22T20:38:03.194857
fb0dd439-27be-47ff-a204-f4a516e297f1,CUST000147,Toys,1,974.28,974.28,upi,2026-04-22T02:58:52.283867
b1858143-9dcc-456a-8fb9-5bb0bc9583ba,CUST000477,Groceries,4,590.66,2362.64,cash_on_delivery,2026-03-30T02:35:40.375175
5aaea6f1-01af-4dba-bfd9-77b37200dc44,CUST000785,Fashion,2,1578.53,3157.06,upi,2026-05-04T03:08:54.262267
7b8b7e6e-8208-42d9-ae03-caeebf1684c8,,Electronics,2,1216.71,2433.42,wallet,2026-02-19T11:13:47.262668
6310e5fa-299e-41be-8b79-69e541b8a0a1,CUST000247,Fashion,3,1661.68,4985.04,upi,2026-03-27T22:14:25.941597
e2fe8771-2c36-4844-a9fa-31ac40dc8575,CUST000277,Electronics,4,212.6,-850.4,wallet,2026-07-03T09:13:19.515274
9833b059-5f31-4683-9f0e-53b40b98e32d,CUST000749,,5,1236.88,6184.4,upi,2026-04-08T15:00:27.491228
bcaf4be9-7249-4eab-9695-f691968ba136,CUST000683,Beauty & Personal Care,2,389.13,778.26,debit_card,2026-03-27T19:34:33.863491
036e8953-6cfc-4e2e-bc6c-8d8cb4b508cc,CUST000336,Groceries,3,1007.25,3021.75,wallet,2026-07-23T15:35:05.760432
576ac44c-7003-4d36-95b8-263fca634651,CUST000090,Books,2,788.2,1576.4,debit_card,2026-08-02T14:55:12.658334
187bc49b-aadc-4e7f-bb0a-4d7bb3565f3a,CUST000319,Books,5,1239.2,6196.0,credit_card,2026-03-23T04:18:03.842410
751a901e-1bd9-4f16-b0b7-24f64e86c7b9,CUST000272,Fashion,5,214.95,1074.75,upi,2026-02-20T17:06:32.363797
30521aac-936e-4623-9d6c-c22d72706354,CUST000791,Beauty & Personal Care,4,1220.78,4883.12,credit_card,2026-04-05T07:39:23.823801
3bd4fb60-2af3-4775-b441-30742b0a8b58,CUST000662,Books,1,49.78,-49.78,debit_card,2026-02-23T22:43:13.187037
a359c493-3f65-4d17-8a31-99f1571e8071,CUST000604,Home & Kitchen,3,1345.86,4037.58,credit_card,2026-04-08T20:47:32.331002
3e4dc814-9163-4b9e-86b2-2db00d615483,CUST000328,Beauty & Personal Care,3,1494.92,4484.76,wallet,2026-03-30T17:27:48.274465
dc96dfca-5522-42bf-8337-7073d737999c,CUST000242,Toys,1,527.51,527.51,wallet,2026-05-28T23:58:59.716684
b63c61ab-2b70-41ff-972c-d5f32ca8135d,CUST000320,Books,2,1655.37,3310.74,credit_card,2026-06-16T21:00:47.314920
dd9a116e-8efa-4d9f-8ac2-5c4ff1c5a46b,,Electronics,4,751.64,3006.56,credit_card,2026-06-15T04:34:19.541527
223b0170-0912-4db3-a809-2dfb6516ebdf,CUST000781,Toys,1,1314.1,1314.1,cash_on_delivery,2026-08-03T15:37:56.137420
cb6cb448-f17b-44c3-81dd-5fd727d0be0c,CUST000580,Groceries,2,493.16,986.32,debit_card,2026-06-18T04:25:01.642807
e261603d-c4a0-4758-b80d-b0c2ea700b34,CUST000515,Toys,2,1479.49,2958.98,debit_card,2026-03-13T09:34:30.599485
367ec658-1cdb-4279-bc37-513806577ea2,CUST000629,Electronics,2,1643.75,3287.5,debit_card,2026-02-25T00:59:46.695930
3a7f144f-8f2d-4fef-a8cb-8658fc1e37d3,CUST000669,Electronics,1,101.23,101.23,cash_on_delivery,2026-06-24T03:52:54.469460
031a8df4-20b4-440f-8eb6-f161922124cf,CUST000414,Home & Kitchen,4,600.18,2400.72,cash_on_delivery,2026-06-30T03:02:46.559816
332e1876-5263-4f10-8380-ec0cf9d555b2,CUST000046,Electronics,2,1589.81,3179.62,cash_on_delivery,2026-02-28T06:12:58.229632
734908ed-b6bf-4a8e-8ba3-feebc0cf1274,CUST000586,Fashion,4,580.04,2320.16,cash_on_delivery,2026-04-28T02:39:57.676151
17f110ff-1a20-49eb-85d8-0aa48d37e980,CUST000799,Beauty & Personal Care,5,1661.41,8307.05,wallet,2026-06-03T02:47:06.967142
95c0fe60-22a3-4c45-8d4a-822dcd137619,CUST000207,Fashion,5,333.25,1666.25,cash_on_delivery,2026-04-23T11:33:38.514029
a01f4d47-4b21-4fb7-9892-94517e7c1df9,CUST000750,Groceries,1,866.94,866.94,upi,2026-03-04T08:50:15.455140
737dd535-fb76-49a4-9067-33cd43da0984,CUST000324,,1,518.07,518.07,credit_card,2026-04-14T04:59:56.145662
90d67906-7e9d-4ee2-9d04-a34c603b2f00,CUST000794,Home & Kitchen,4,138.71,554.84,credit_card,2026-05-03T15:47:30.102661
33f23a2d-5fb0-43ef-9809-e59b71f6e756,CUST000600,Groceries,1,1037.9,1037.9,credit_card,2026-03-24T03:22:53.566685
fff5d36a-6ab5-4abe-ba0a-a47797eb6f71,CUST000660,Electronics,2,577.1,1154.2,credit_card,2026-07-06T02:57:26.751719
6a35abf6-7ac2-4fa4-9cee-4b9b1522c0cb,CUST000041,Books,3,1676.77,5030.31,credit_card,2026-06-25T23:44:00.294143
fd73046d-e792-410f-9c0e-c3b92cb027a9,CUST000062,Electronics,3,407.98,1223.94,upi,2026-04-03T14:01:56.502816
f4724dd0-1f72-4310-8801-94837e503e92,CUST000578,Electronics,4,577.3,2309.2,credit_card,2026-03-13T01:12:44.867962
e48e411b-1e02-467b-be6c-c7f1cd325c1f,CUST000783,Beauty & Personal Care,4,1513.82,6055.28,upi,2026-03-22T03:20:02.173277
3c684fc1-6f79-43fe-aad8-5a1a72f28bce,CUST000282,Beauty & Personal Care,2,1989.88,3979.76,cash_on_delivery,2026-06-04T18:49:59.266629
e81c8764-02f5-49a2-bd51-f67e0aee9e06,CUST000775,Fashion,2,895.21,1790.42,wallet,2026-06-19T20:19:06.210042
135ba4e3-3264-4293-b95c-f88335471bd7,CUST000235,Beauty & Personal Care,1,28.57,28.57,wallet,2026-07-21T18:43:47.339807
a6f529dd-ceb2-4ef2-b2c5-fbfb3c897d79,CUST000388,Beauty & Personal Care,2,1398.84,2797.68,wallet,2026-06-08T21:40:10.100637
da7d24d8-37ad-4563-a9c6-23c09aeb6697,CUST000293,Electronics,4,1006.92,4027.68,debit_card,2026-03-05T12:32:47.337949
e6e86e52-a37e-447b-90e1-2a8891688be5,CUST000232,Toys,4,509.58,2038.32,cash_on_delivery,2026-03-07T00:09:01.639851
7b4882d1-817f-4420-83a1-a3af6e531d59,CUST000602,Books,3,1271.37,3814.11,wallet,2026-05-19T05:05:46.303762
287e4c2c-0244-4a1d-ba52-3591ca1667f5,CUST000053,Books,1,1792.36,1792.36,upi,2026-05-21T07:08:13.680259
c08e7001-8174-4e5e-a890-8c6442034bec,CUST000272,Electronics,3,1469.93,4409.79,credit_card,2026-02-19T00:43:24.647002
7bb81881-7b12-448c-a738-f773cda57608,CUST000634,Fashion,3,273.27,819.81,cash_on_delivery,2026-03-16T16:55:12.913660
e8f0985b-d3e2-4942-b435-c7d6c16610aa,CUST000145,Fashion,3,244.3,732.9,upi,2026-07-20T03:21:28.533375
015edcbf-cf00-46bb-a038-65b7f30c21fc,CUST000743,Books,4,1527.12,6108.48,debit_card,2026-05-25T13:59:16.024724
66241fad-6ee7-4fb9-918a-3687cd7b60b9,CUST000095,Books,5,761.63,3808.15,cash_on_delivery,2026-02-16T15:08:14.558532
da5f4784-5677-49ee-b94c-9812e74fd714,CUST000616,Home & Kitchen,5,852.7,4263.5,credit_card,2026-08-07T06:33:39.383568
8cea908b-fbf3-4efd-be17-cf31f0840ed5,CUST000170,Beauty & Personal Care,2,1394.93,2789.86,upi,2026-05-08T06:15:05.237149
6cf22bb2-7db5-405b-8689-5f372007a51c,CUST000054,Sports & Outdoors,2,434.54,869.08,cash_on_delivery,2026-02-21T03:28:23.113835
cbaed083-1ca7-4ce8-b741-b3c2cf09a7a9,CUST000779,Books,2,499.26,998.52,wallet,2026-04-12T15:10:45.486224
1cd733ae-cdec-4f89-af0a-3739152e8894,CUST000456,Electronics,3,138.66,415.98,debit_card,2026-05-30T18:25:34.897514
f37dac1e-abf8-4295-b06d-65686231fc79,CUST000343,Fashion,2,328.44,656.88,debit_card,2026-03-24T03:49:26.562915
ea67a61f-24a2-4d28-ba60-a432ca0eb04b,,Fashion,4,1941.29,7765.16,cash_on_delivery,2026-03-07T19:46:24.447226
81ee52ed-ffbc-4d9e-81be-5353f30ded0b,CUST000264,Toys,3,910.95,2732.85,cash_on_delivery,2026-05-31T16:31:49.554033
8c247a53-84bb-4209-bbe4-183d38ab4e98,CUST000704,Beauty & Personal Care,5,1228.69,6143.45,debit_card,2026-05-01T03:00:15.913843
4ec150c3-6a2e-4cc3-a923-7e1397105a36,CUST000359,Groceries,5,1155.82,5779.1,debit_card,2026-06-23T03:20:56.724210
ebabbbee-1df1-4815-bb75-f94c9bb1d552,CUST000420,Sports & Outdoors,4,1002.92,4011.68,debit_card,2026-03-28T00:41:49.058663
69f65820-f1e1-4e3b-ab43-90549c459fd1,CUST000381,Sports & Outdoors,4,10.46,41.84,wallet,2026-07-29T10:10:53.026818
031bb99a-6ad4-4467-a206-43a4b7cc947f,CUST000609,Electronics,5,1861.85,9309.25,upi,2026-07-06T05:42:28.557803
b9e41c2b-a0c6-4046-bbfc-a89e4bd120f4,CUST000796,Toys,4,1730.47,6921.88,upi,2026-08-05T10:57:03.161340
4ef1abbf-4c39-43f4-b0fa-0ff67bab5277,CUST000361,Home & Kitchen,2,1051.61,2103.22,cash_on_delivery,2026-08-09T19:01:28.406270
91a33c14-ed1f-425a-b0de-cbf7cc9a5f18,CUST000332,Fashion,2,537.2,1074.4,upi,2026-05-27T04:22:00.952640
01238276-f229-44cd-94cb-76b55bf639d7,CUST000756,Toys,4,1927.91,7711.64,credit_card,2026-06-22T04:52:20.283630
ac88abc5-32ef-4e81-91e3-a33fc8390e60,CUST000362,Electronics,5,691.9,3459.5,credit_card,2026-03-10T12:36:58.775848
dfcd9ba8-5a35-4f07-becc-b1a69643ac5a,CUST000128,Toys,5,1279.64,6398.2,credit_card,2026-04-19T02:31:29.581148
914164c4-67ab-430a-ae85-9edaeaa4b4c3,CUST000122,Electronics,5,531.02,-2655.1,upi,2026-03-31T16:06:05.822957
deeb62ac-d0a7-4853-85c5-eb3b37508ecc,CUST000281,Books,5,1561.59,7807.95,credit_card,2026-07-20T22:24:51.481895
28fde2c1-168f-475b-8707-c8c653414205,CUST000295,Home & Kitchen,2,196.2,392.4,credit_card,2026-06-15T03:45:55.376234
225aac42-7d01-4168-a521-e1cbe64e6047,CUST000339,Beauty & Personal Care,1,1733.13,1733.13,wallet,2026-05-21T17:35:53.943537
8b8d48f8-2af1-4814-8a10-ce2b25df22ed,CUST000109,Fashion,1,1187.53,1187.53,upi,2026-05-09T23:44:33.612963
edfa8173-6f5f-4fa7-ae50-89fde44c8d9d,CUST000594,Sports & Outdoors,5,258.91,1294.55,wallet,2026-07-16T00:46:28.606779
a0a23b20-6be1-4076-be03-f0ba5acdff45,CUST000004,Beauty & Personal Care,5,354.19,1770.95,credit_card,2026-07-18T08:07:55.531748
7c0753c3-370c-464f-9ec4-2226700e690e,CUST000263,Books,1,207.35,207.35,debit_card,2026-07-14T17:25:46.452228
d9d26c82-8da0-465e-8a25-802a8ae316df,CUST000285,Toys,2,1974.87,3949.74,debit_card,2026-07-04T01:00:52.100515
7dd7bcac-db94-43e2-890c-881a5eb04ded,CUST000777,Electronics,1,1843.57,1843.57,cash_on_delivery,2026-04-22T18:41:45.070323
be607ce8-0c3f-4038-a847-875329df5014,CUST000329,Groceries,4,1527.36,6109.44,cash_on_delivery,2026-06-24T19:18:04.283480
985b35fe-d0ee-4979-9a0b-bee2b4253278,CUST000561,Electronics,4,57.6,230.4,wallet,2026-04-05T18:45:03.865459
ce23ac55-b31a-4934-a029-1be1579b0bd8,CUST000689,Home & Kitchen,1,870.43,870.43,credit_card,2026-03-21T03:37:56.380539
4a7e5e8b-1e77-4a91-b6b1-33ba110c6dbd,CUST000752,Electronics,2,608.91,1217.82,cash_on_delivery,2026-07-26T19:47:35.446229
bab8d5a1-00c8-418a-a834-26002d2b80f4,CUST000415,Toys,1,988.55,988.55,credit_card,2026-04-06T12:49:07.753634
703bdcf8-2c41-4df4-863a-fac5ae92b30c,CUST000240,Groceries,1,1115.88,1115.88,upi,2026-05-31T01:09:24.677138
e52fccbe-54fe-46f8-98a2-3f6862a9d081,CUST000600,Beauty & Personal Care,3,660.26,1980.78,upi,2026-05-10T10:29:47.155201
e3c93e10-9d02-4ebf-9bde-273356f45c7f,CUST000411,Toys,2,784.04,1568.08,wallet,2026-03-10T21:36:55.717892
541d5ce0-a0a8-4395-95bb-99d8e7478435,CUST000541,Groceries,1,176.61,176.61,credit_card,2026-05-16T03:25:15.594325
71b4c5a4-15e1-460d-ba0e-6fe846a3c7c7,CUST000218,Home & Kitchen,2,716.37,1432.74,credit_card,2026-03-18T09:30:51.236287
3872ffb3-03aa-4ee8-be5e-7df950ab08aa,CUST000067,Sports & Outdoors,3,1282.15,3846.45,upi,2026-06-05T22:30:24.610331
cf9c974e-b5eb-4419-b45d-4743c8726b95,CUST000704,Fashion,4,1994.57,7978.28,upi,2026-05-28T08:05:18.121423
67651b7f-d610-4fcb-a2c1-35ce2097791e,CUST000711,Toys,2,181.33,362.66,credit_card,2026-05-14T17:19:16.437476
f3dc23c8-00a9-493e-a646-8541aa80625c,CUST000532,Home & Kitchen,4,947.59,3790.36,wallet,2026-05-11T13:22:02.117160
014c3687-d571-418d-ad0c-efefc4358ef1,CUST000239,Home & Kitchen,5,1020.54,5102.7,debit_card,2026-08-08T03:06:25.267313
e9f3c884-caa9-4193-9ec7-ff5bc64f6f49,CUST000193,Home & Kitchen,1,1407.22,1407.22,debit_card,2026-06-09T11:48:31.888812
276249b0-bca4-472f-8514-4e6354765c1b,CUST000440,Groceries,4,1228.45,4913.8,debit_card,2026-06-19T11:45:53.511379
be9509b1-7fb4-43b3-9a7f-ac2151390316,CUST000356,Books,4,1878.47,7513.88,credit_card,2026-04-09T01:00:41.935675
bd563888-9bb4-478b-b9d5-f2f0b7a5f22b,CUST000460,Books,3,1555.98,4667.94,debit_card,2026-03-01T23:40:20.182222
94a047df-31fe-4a63-a1ad-cbbbb1a129be,CUST000541,Beauty & Personal Care,2,1115.92,2231.84,wallet,2026-07-20T11:48:56.065578
b04f9a91-bfa5-4752-bd66-9d6158b96d73,CUST000198,Books,2,1437.77,2875.54,wallet,2026-03-10T12:09:37.507877
469a140b-ac90-46c8-a758-f576c1ddd78a,CUST000383,Beauty & Personal Care,5,506.16,2530.8,cash_on_delivery,2026-05-09T16:35:12.547504
7aad313d-66be-4541-a5b5-4ce55147add7,CUST000342,Beauty & Personal Care,1,227.5,227.5,wallet,2026-06-09T17:00:56.427472
81157df2-363b-4033-b831-6f2b46fa528d,CUST000574,Groceries,3,281.12,843.36,debit_card,2026-04-11T09:06:29.123163
601b9311-aac9-41c3-90d4-03e0b4df8684,CUST000635,Books,5,254.58,1272.9,wallet,2026-05-16T08:31:59.876256
10f37540-021a-410d-8f71-28d78b05bf38,CUST000278,Electronics,2,1710.0,3420.0,cash_on_delivery,2026-03-21T15:55:15.783214
38894dd1-205c-46e1-93eb-0af596409608,CUST000058,Home & Kitchen,5,1488.1,7440.5,cash_on_delivery,2026-06-15T13:45:12.338948
be96efc8-0fbd-4761-91fb-09b41a938bc0,CUST000741,Fashion,1,1454.9,1454.9,wallet,2026-06-11T01:36:09.536456
acf11401-1435-4dea-8ad1-7c58feb4b0a7,CUST000170,Electronics,1,1848.04,1848.04,debit_card,2026-03-23T10:53:28.086099
4d94c94e-0989-4294-a7eb-9564a6f86f3d,CUST000679,Sports & Outdoors,3,665.48,1996.44,debit_card,2026-04-11T03:12:50.717120
ff81ef4e-06dc-472c-8deb-f6a1a9c5c42b,CUST000445,Toys,1,1584.97,1584.97,upi,2026-06-12T03:01:05.173501
58b75123-a410-4de2-81f5-527c28916cae,CUST000617,Beauty & Personal Care,1,665.57,665.57,credit_card,2026-06-09T06:15:52.907930
6472ee5b-8a4e-471f-8a7b-bb397b0b772e,CUST000230,Books,4,854.31,3417.24,wallet,2026-03-02T09:59:43.509989
ce389b09-c0f6-4ae2-b80c-5dc2070bd7f0,CUST000277,Electronics,3,1848.7,5546.1,wallet,2026-05-01T17:03:01.825259
35c7fdb4-88e0-4d44-9938-e0937ce7d1bb,CUST000173,Fashion,3,495.14,1485.42,credit_card,2026-07-09T08:52:12.487707
657521d0-7a6a-4c95-8e82-ad8a3a157938,CUST000059,Home & Kitchen,5,1144.88,5724.4,credit_card,2026-07-08T13:31:51.934834
a7233886-37d2-4055-9380-dc4aee23672c,CUST000488,Beauty & Personal Care,1,1295.8,1295.8,debit_card,2026-06-15T13:57:23.457658
a7e6eca5-7462-4b82-b322-46c635a9ff96,CUST000756,Home & Kitchen,1,194.52,-194.52,credit_card,2026-06-08T07:43:46.789851
d118124e-2957-4225-b467-540a774e353e,CUST000180,Fashion,4,1572.06,6288.24,wallet,2026-04-19T03:25:45.518504
dad8209d-9b25-4bcf-82bd-211971a05ce5,CUST000571,Fashion,4,1413.64,5654.56,cash_on_delivery,2026-04-15T19:31:47.315778
e53dbebe-940c-4a87-bf6e-506a29c51ca6,CUST000619,Fashion,5,941.07,4705.35,credit_card,2026-05-17T11:00:36.585085
b3a513f3-c992-410d-a36b-09378c08aae3,CUST000119,Home & Kitchen,4,1290.57,5162.28,cash_on_delivery,2026-04-09T16:33:49.919125
65de24af-00d4-47f8-9106-4f14f0074ad1,CUST000611,Beauty & Personal Care,2,1591.03,3182.06,credit_card,2026-04-23T22:01:06.836056
bdefa20f-54a4-4f8b-9c1c-86e151a9ea2a,CUST000335,Sports & Outdoors,4,1650.55,6602.2,wallet,2026-05-27T04:01:55.115265
af190150-5c0e-4a94-a9e8-a8590f8bb4a8,CUST000115,Electronics,5,489.88,2449.4,debit_card,2026-03-22T04:06:06.346011
8f79c8db-a505-4d95-9685-cfd534b1ec30,CUST000445,Fashion,5,10.76,53.8,debit_card,2026-03-08T23:15:00.920990
66ea3de7-e114-437a-aecf-06856f38f6e0,CUST000489,Beauty & Personal Care,4,1019.93,4079.72,credit_card,2026-04-25T04:12:22.971167
73731f40-0948-44ce-ad0e-ce0dcad2500c,CUST000272,Toys,1,813.11,813.11,debit_card,2026-07-01T10:22:36.748935
a9f2c1f5-3e98-486f-a69e-b7038d94fe02,CUST000421,Sports & Outdoors,N/A,204.69,1023.45,wallet,2026-04-22T10:29:41.446325
955474fa-de02-4d22-9192-ae91bfb9b003,CUST000489,Groceries,3,1035.57,3106.71,upi,2026-04-10T15:40:56.936475
c03b7afb-42fe-474a-8979-e160f8f2e29b,CUST000080,Sports & Outdoors,4,1918.8,7675.2,wallet,2026-04-16T23:43:23.859715
3539e974-62f6-4961-bcdb-5cf1319e96e3,CUST000601,Books,3,244.95,734.85,wallet,2026-02-16T12:20:13.712323
c411caf7-eb0a-4221-9e89-4024126a276e,CUST000611,Groceries,5,1903.23,9516.15,debit_card,2026-03-27T11:37:27.647982
744856ae-41ce-4726-bb37-9e2e1a1692e5,CUST000013,Beauty & Personal Care,4,895.0,3580.0,upi,2026-08-06T21:22:52.170936
7f041ae0-64d9-47ac-b60a-5dfdc8109742,CUST000240,Fashion,5,1179.88,5899.4,cash_on_delivery,2026-06-17T07:31:01.908033
c6fdc3e7-d09c-4e9a-873a-fe96844f8cb8,CUST000523,Toys,1,44.45,44.45,cash_on_delivery,2026-04-27T10:11:39.340455
9649d69d-602b-4a47-bced-d2b5896255f6,CUST000365,Groceries,2,1332.74,2665.48,cash_on_delivery,2026-03-09T14:39:23.215493
8cbcd116-1a2b-4f86-8bd2-de2f5649554d,CUST000160,Home & Kitchen,4,262.63,1050.52,cash_on_delivery,2026-07-06T04:03:05.061592
4ac49f63-af8d-4004-9c28-5d817cfdd315,CUST000404,Beauty & Personal Care,5,1205.1,6025.5,upi,2026-05-18T20:56:53.659412
60458793-8eb7-41db-b5dc-2a1be4149ded,CUST000725,Beauty & Personal Care,3,263.2,789.6,wallet,2026-03-23T12:42:02.341968
79287dee-da22-4b74-81d7-0788dce436af,CUST000587,Books,4,1610.8,6443.2,cash_on_delivery,2026-05-18T22:38:16.520661
ee4dfdaa-8142-4448-baaf-ae9eee4090f5,CUST000420,Books,1,1647.56,1647.56,debit_card,2026-07-28T06:52:17.410668
17db298b-6266-4ae5-8faf-58a4cc1d5641,CUST000460,Beauty & Personal Care,1,1770.2,1770.2,cash_on_delivery,2026-03-25T17:52:40.937905
cf9e3d13-81f7-4124-99aa-df0d8e4ee1df,CUST000120,Sports & Outdoors,3,706.82,2120.46,cash_on_delivery,2026-02-19T10:25:17.763059
005b3717-38c0-4f20-91cb-957074fd540e,CUST000620,Fashion,1,840.56,840.56,wallet,2026-03-23T10:08:03.442972
bcf702a4-f5d9-43d3-961f-9cf386aba1b3,CUST000397,Sports & Outdoors,2,1870.74,3741.48,debit_card,2026-04-18T23:26:58.526524
847c9ef3-28d0-4dab-ace2-ebd7e7231230,CUST000697,Home & Kitchen,5,364.91,1824.55,credit_card,2026-07-31T19:49:57.893814
b3758b4d-065e-4506-b155-95d195eb3646,CUST000551,Fashion,5,1740.11,8700.55,cash_on_delivery,2026-02-16T19:47:17.096351
c32f3ddd-c487-4d6b-80d4-8134b6b47123,CUST000442,Groceries,5,1875.58,9377.9,upi,2026-07-06T12:11:36.802630
bce1a402-9e21-468d-803a-3e65cef05699,CUST000164,Beauty & Personal Care,2,368.65,737.3,debit_card,2026-05-25T17:22:32.621699
afead6dc-5628-4a72-88e0-c67afa639327,CUST000260,Home & Kitchen,5,619.01,3095.05,wallet,2026-04-20T21:26:54.321417
5e79adc5-56c7-4e2c-8b9c-fb81ce125531,CUST000228,Electronics,1,1908.39,1908.39,cash_on_delivery,2026-04-27T01:34:29.528344
347697f4-48d0-4088-a774-4b6ac8c36ef3,CUST000290,Books,4,1388.54,5554.16,debit_card,2026-06-06T21:46:03.283158
af58a34d-c43d-4476-8ec5-2cb5ac02312c,CUST000422,Home & Kitchen,5,931.99,4659.95,upi,2026-06-06T06:50:30.261736
ef2b6ae7-e79a-49b6-b730-e3b721c15440,CUST000390,Books,4,607.66,2430.64,debit_card,2026-04-11T19:02:40.244859
27805fd7-ca50-4de9-9d02-0b247aa80ef3,CUST000710,Toys,N/A,1974.89,1974.89,upi,2026-03-03T20:18:56.390865
2142df78-d2ad-42e7-a053-140ef1ba6360,CUST000570,Books,3,835.09,2505.27,wallet,2026-03-10T09:02:45.249468
f16c1fb6-6ce9-4e34-860b-ae4e43fdedd4,CUST000724,Fashion,2,237.57,475.14,cash_on_delivery,2026-05-06T08:50:54.438770
e0e3ef96-de80-481e-b750-7faa74122a5c,CUST000040,Books,3,1323.16,3969.48,cash_on_delivery,2026-04-27T23:08:43.957978
2f8c124b-06ad-457c-96bd-d6d3b4322518,CUST000301,Electronics,2,910.45,1820.9,upi,2026-06-04T23:49:36.157276
6f614204-a8f9-4887-9ca6-227daece16cf,CUST000167,Sports & Outdoors,2,1514.94,3029.88,cash_on_delivery,2026-05-28T16:08:55.098980
584155f4-dda9-4dc5-b482-40b3ca1493db,CUST000676,Books,1,1231.77,1231.77,debit_card,2026-04-12T19:52:15.645004
bdf1aeb3-9147-4795-9196-be7cf22e797e,CUST000428,Sports & Outdoors,3,715.88,2147.64,cash_on_delivery,2026-03-16T02:58:35.113624
14e072a3-926a-4702-b39d-67eac787bdaf,CUST000065,Books,2,1211.67,2423.34,wallet,2026-07-14T23:37:45.513911
7a3e581c-7e5a-4552-b29c-72cc5ad0bc21,CUST000148,Groceries,2,1959.46,3918.92,debit_card,2026-06-27T07:31:54.399718
c973f3dc-57dc-467e-9f23-18ecc54df78e,CUST000111,Home & Kitchen,2,792.84,1585.68,credit_card,2026-04-19T14:24:07.625551
858371f8-7b91-46a5-8dbd-e25ec9a3efb7,CUST000602,Toys,1,1334.74,1334.74,upi,2026-03-23T09:45:00.113507
8dbee836-0266-4541-bdda-2aac05901fcb,CUST000241,Groceries,5,239.43,1197.15,credit_card,2026-03-01T20:54:47.666578
f36b9614-f7bc-4907-8ef8-f80045c8ba8a,CUST000211,Books,2,709.59,1419.18,cash_on_delivery,2026-03-31T04:32:38.130604
ffd09fc6-4842-4a38-a137-651bb6e298ce,CUST000029,Groceries,2,545.35,1090.7,credit_card,2026-08-04T00:33:31.282485
428a9564-3093-4911-bedd-2c6253cf21ba,CUST000062,Beauty & Personal Care,1,1504.84,1504.84,wallet,2026-05-17T20:46:18.108470
9c572f3e-c84b-451e-8593-a9ab63824cca,CUST000544,Home & Kitchen,5,554.54,2772.7,cash_on_delivery,2026-05-07T10:24:31.857387
1b5fef15-1c49-4a50-a67f-413eeacf7616,CUST000471,Sports & Outdoors,1,1574.11,1574.11,wallet,2026-04-12T17:12:58.448664
9721b980-b4ce-4bac-b81a-94bef91c88d7,CUST000646,Fashion,1,1623.94,1623.94,cash_on_delivery,2026-07-01T23:42:43.966154
d0a0c68f-da73-48df-8e64-b7f4c060e474,CUST000098,Electronics,1,646.92,646.92,upi,2026-05-26T03:13:39.500214
065490b1-f076-41ea-bd11-ee0440cf989b,CUST000422,Books,3,1653.18,4959.54,wallet,2026-03-24T04:54:47.671603
1fecc42a-5791-4d2c-8253-b9e63aed746c,CUST000175,Electronics,5,1122.12,5610.6,credit_card,2026-06-03T14:13:34.900664
6fff4ae8-68f6-47eb-8f17-02becb312d55,CUST000740,Groceries,5,951.5,4757.5,wallet,2026-04-10T12:38:22.397663
1e78ffcc-9f24-4386-a539-21fca2e8940a,CUST000775,Electronics,5,1914.8,9574.0,debit_card,2026-06-09T06:01:08.311575
1348591f-e11d-4d7c-851b-34a9a9c177fa,CUST000291,Beauty & Personal Care,5,572.99,2864.95,upi,2026-05-24T10:19:28.681155
99efb039-db9d-4073-ba27-22a9b3b3d071,CUST000691,Electronics,4,1871.4,7485.6,credit_card,2026-03-27T19:50:38.478882
c8691fbd-2137-4dd0-b22c-700350d12bc0,CUST000189,Toys,2,384.32,768.64,wallet,2026-03-06T21:12:11.217413
4418f3e5-14ce-4410-b8e8-cd85b01c20e6,CUST000708,Books,3,1089.57,3268.71,wallet,2026-03-14T03:18:21.383612
009093eb-7307-4e8b-b1d7-28219076aaf8,CUST000440,Books,1,1101.34,1101.34,cash_on_delivery,2026-05-28T16:59:05.103590
cf77b28d-0f02-494a-abb5-56e023457fd2,CUST000771,Home & Kitchen,3,1445.38,4336.14,cash_on_delivery,2026-02-24T04:56:19.795366
419ec20f-d135-4e3a-ae8f-924ace88ecda,CUST000287,Fashion,2,1783.14,3566.28,upi,2026-07-09T23:32:12.087162
28974bc9-be32-4b33-b387-b6c37cb7b5eb,CUST000479,Groceries,4,1505.06,6020.24,upi,2026-06-14T04:10:59.406309
baa53d54-dd15-4e9f-8adf-55c74cd4338d,CUST000247,Toys,2,1221.17,2442.34,debit_card,2026-05-16T10:24:35.622367
e71add71-563b-4b64-93c1-fb93f55295f0,CUST000495,Beauty & Personal Care,5,1977.07,9885.35,upi,2026-07-15T15:40:14.909689
1395033c-5667-4ceb-9197-dcc8a2edad13,CUST000112,Sports & Outdoors,4,279.02,1116.08,debit_card,2026-06-15T17:34:16.952659
6225e03b-baf3-4a83-9368-ae7e2f772c84,,Beauty & Personal Care,5,1069.15,5345.75,cash_on_delivery,2026-05-04T01:02:33.393526
7599b4bb-f6d1-4c18-b9b1-a442cbca7ee9,CUST000399,Books,1,1769.66,1769.66,credit_card,2026-06-28T15:12:14.653369
c3549760-d4b8-42b6-9ff4-9dbe487e5d97,CUST000212,Books,1,1878.15,1878.15,debit_card,2026-08-09T06:58:12.499181
76481031-c4d6-4bb1-b9af-de59989eec94,CUST000204,Toys,4,893.66,3574.64,cash_on_delivery,2026-02-26T21:08:34.971615
a0d62cc1-723e-4a83-a5db-8dd4aea2f116,CUST000763,Toys,4,874.94,3499.76,debit_card,2026-05-07T03:19:57.755944
82e28f3c-83cb-434a-926c-1a1d0bb890f5,CUST000197,Beauty & Personal Care,1,78.89,78.89,wallet,2026-07-03T05:18:04.401307
a29cb793-6fe3-4a64-bf00-63216735255c,CUST000485,Books,5,1858.45,9292.25,wallet,2026-03-01T12:12:12.539345
fcba9d86-998e-49e2-a424-5a0c6d0d788c,CUST000619,Home & Kitchen,1,594.76,594.76,debit_card,2026-05-23T10:36:29.535822
0eeb771d-cf58-4e46-aa5f-d17b7f394225,CUST000471,Fashion,3,1466.88,4400.64,debit_card,2026-04-24T22:03:39.520407
cbbef1dc-0538-424d-93d7-6db1882f6cf3,CUST000216,Electronics,3,1514.26,4542.78,debit_card,2026-03-09T17:41:15.354285
01fb2dcc-bf6c-4514-aa90-f378109200b3,CUST000224,,1,507.53,507.53,credit_card,2026-04-17T12:05:59.637571
2829f60c-4a34-410c-a526-9817a06eae02,CUST000508,Home & Kitchen,2,1854.26,3708.52,debit_card,2026-04-23T11:09:11.899992
8ffaede0-fb2e-4f8c-b4d4-cc597db12237,CUST000399,Sports & Outdoors,2,140.57,281.14,upi,2026-07-06T23:06:31.343498
8f544152-4658-44c4-9842-e49d44b087b2,CUST000698,Sports & Outdoors,3,135.5,406.5,wallet,2026-07-21T09:07:37.831432
4449b69a-f140-4149-87b2-f8e224ece0a1,CUST000786,Fashion,3,1895.84,5687.52,debit_card,2026-06-11T12:39:46.611746
d7bb6227-0ee1-44cc-9030-ce0c38d75445,CUST000779,Fashion,2,1154.68,2309.36,cash_on_delivery,2026-06-29T22:52:14.440945
a5300468-a4b0-40f9-bafa-3056ac91cd80,CUST000490,Fashion,5,341.24,1706.2,wallet,2026-07-15T22:23:25.146066
d2bb6742-00e5-4f1a-a443-331e769619ef,CUST000561,Electronics,2,1867.46,3734.92,debit_card,2026-04-17T06:27:36.818535
1ab36533-8f32-4bdf-88d1-96dcb2a56ed2,CUST000619,Beauty & Personal Care,4,1777.87,7111.48,upi,2026-05-16T08:22:27.832597
10130223-f9f6-404f-aa15-6e3ebfc830b4,CUST000020,Sports & Outdoors,3,525.77,1577.31,wallet,2026-05-01T02:02:05.171032
c53adb4c-15db-4725-8f50-7c9824badae2,CUST000411,Toys,4,64.33,257.32,debit_card,2026-04-18T08:12:59.173283
7e00f30d-e56f-4c29-9e9f-9eec79e2365c,CUST000590,Toys,4,429.84,1719.36,upi,2026-02-21T11:20:52.107310
326c1865-6dd0-4054-9796-d08cdfdff3e8,CUST000752,Home & Kitchen,5,1132.79,5663.95,credit_card,2026-06-04T02:44:07.253779
5bc6034d-70e7-4391-a84e-c1db59c7371b,CUST000085,Toys,5,398.81,1994.05,wallet,2026-05-19T13:20:20.571840
b1629e55-ab86-42b1-954a-cbce36c6c0af,CUST000640,Fashion,5,1119.05,5595.25,cash_on_delivery,2026-02-13T17:18:09.900372
fc79d066-e1ca-40f4-a42f-a293d45c87a2,CUST000382,Home & Kitchen,2,679.23,1358.46,wallet,2026-03-12T17:48:53.463918
a7fb5bb0-a4b0-4eb1-aa1f-4364ac3c6973,CUST000465,Toys,2,1779.07,3558.14,wallet,2026-04-12T17:45:24.959211
27981356-dff4-4dab-a098-e8034c000636,CUST000376,Beauty & Personal Care,4,927.5,3710.0,debit_card,2026-06-14T06:48:15.257624
124e1368-dba7-4ba5-b0d7-20768a74e018,CUST000742,Fashion,1,934.04,934.04,upi,2026-02-17T21:49:23.816311
9c8cdbd2-76f7-4e26-a1c6-183699015052,CUST000013,Home & Kitchen,3,1625.61,4876.83,cash_on_delivery,2026-04-06T16:31:10.836751
fbd95db6-9064-4822-a439-8cbb190a11f4,CUST000790,Books,4,123.7,494.8,cash_on_delivery,2026-02-13T16:03:03.917600
5de7749d-bb3e-4fc0-9bfe-d8694854ca00,CUST000339,Sports & Outdoors,3,524.82,1574.46,cash_on_delivery,2026-07-29T00:12:34.773741
f7c6c000-0bf8-48fd-873f-d72fff30b7db,CUST000200,Groceries,3,652.81,1958.43,upi,2026-02-13T10:50:38.818701
770234e4-b687-4825-938f-5944b94711a6,CUST000201,Beauty & Personal Care,2,1211.3,2422.6,debit_card,2026-02-17T12:46:45.600729
f56d3e5d-96d5-4035-b02d-2efdbe4acb42,CUST000615,Electronics,5,493.2,2466.0,upi,2026-06-13T23:57:53.818347
