transaction_id,customer_id,product_category,quantity,unit_price,transaction_amount,payment_method,transaction_ts
dc8ddd95-2f22-4e93-97d8-ea9f9f98a858,CUST000398,Sports & Outdoors,1,17.46,17.46,credit_card,2026-04-02T23:09:34.232803
6f410a76-9242-479b-a516-407fc4ba23ce,CUST000378,Groceries,2,760.11,1520.22,cash_on_delivery,2026-05-15T07:23:45.750938
9d11a514-f3de-4a96-817b-7db33eee9af5,CUST000491,Beauty & Personal Care,4,327.8,1311.2,wallet,2026-02-18T19:39:58.835207
a7c439a8-7440-4558-82b7-8e9c02a66625,CUST000040,Books,1,1710.35,1710.35,credit_card,2026-05-06T02:06:02.702789
2b05b5fb-eecf-464b-ac8c-6ff1867b6168,CUST000171,Beauty & Personal Care,2,1800.03,3600.06,upi,2026-05-08T15:10:43.907448
b6850deb-e49c-4636-9a97-b1ee11cc1ee2,CUST000610,Sports & Outdoors,5,260.77,1303.85,cash_on_delivery,2026-02-22T18:20:16.867741
881d727e-4389-4811-8dfa-4293fdbb9733,CUST000459,Toys,5,1166.58,5832.9,wallet,2026-06-16T19:34:57.868794
b6339383-d323-4072-9e98-90ddf0c06caf,CUST000783,Electronics,5,282.88,1414.4,upi,2026-02-14T17:18:03.207165
7a474e24-7dea-4690-8a60-3c7746c6ecb9,CUST000757,Beauty & Personal Care,2,798.81,1597.62,wallet,2026-02-20T13:54:09.873245
2eb4fd76-305b-406a-b268-ed4aa29faa38,CUST000258,Fashion,4,1431.9,5727.6,credit_card,2026-06-18T11:57:04.080904
22825cf3-b2ac-4fd2-b105-432eada008bd,CUST000532,Home & Kitchen,3,1328.71,3986.13,wallet,2026-05-23T14:56:44.513938
169f2e20-499d-4eda-8a44-bde2b6daf80a,CUST000324,Home & Kitchen,5,902.7,4513.5,upi,2026-04-26T10:59:24.679297
4360c628-a4b6-4389-9bc7-1bdad2656e3c,CUST000047,Toys,2,731.13,1462.26,debit_card,2026-03-08T03:13:36.979647
b54b044a-8f85-4b8d-a90b-4c126677317c,CUST000473,Home & Kitchen,3,1640.9,4922.7,wallet,2026-03-04T16:46:08.121070
72a70fbd-6180-4766-a1bb-966375dadae4,CUST000746,Sports & Outdoors,2,440.23,880.46,wallet,2026-05-17T06:08:44.045874
cdbef883-8c57-46ba-95d3-3293960b369e,CUST000346,Fashion,4,1661.62,6646.48,cash_on_delivery,2026-08-03T14:00:46.901642
021939a7-ba35-4e48-a3c4-ec224d31b812,CUST000411,Home & Kitchen,4,1236.52,4946.08,debit_card,2026-02-26T07:49:15.644883
53521082-a9cb-4749-9508-f8cefd0c08eb,CUST000701,Toys,2,876.69,1753.38,debit_card,2026-02-23T01:51:05.628938
2b0a3d2e-44cf-4930-bc80-fc0636d4da5e,CUST000632,Electronics,3,895.75,2687.25,wallet,2026-06-15T21:20:34.426009
408e750a-e3c7-40c1-9ba8-b3e75b8dbf9a,CUST000497,Sports & Outdoors,5,462.08,2310.4,upi,2026-04-07T15:31:39.477436
391f9d1e-374b-4b9a-95b4-e95187a974fa,CUST000043,Groceries,4,1039.81,4159.24,credit_card,2026-04-19T16:00:29.129068
4bc1e568-f6d2-4427-9f5d-6a5ad5a389bc,CUST000769,Books,1,1832.42,1832.42,upi,2026-06-29T05:23:34.500334
00bb193b-9383-4172-ad43-c7e87b4e0d06,CUST000587,Electronics,1,838.45,838.45,credit_card,2026-04-14T11:17:34.213278
8393bb5f-426b-4513-929a-36b9e899901a,CUST000516,Beauty & Personal Care,5,868.66,4343.3,upi,2026-03-07T04:22:46.672768
8705c21b-057c-4568-86e1-807b71b13991,CUST000548,Sports & Outdoors,4,1839.06,7356.24,wallet,2026-06-23T10:57:37.679985
613aaef3-35cb-4668-9e7c-385c7573d0c6,CUST000708,Beauty & Personal Care,2,820.14,1640.28,upi,2026-06-12T18:22:40.827882
0ccfba98-5277-42fc-9997-76b08f1612dc,CUST000464,Toys,4,65.38,261.52,credit_card,2026-06-27T19:39:08.631157
6a47f1bb-dbc6-4cc8-a367-3b79322753ff,CUST000118,Home & Kitchen,4,1790.68,7162.72,wallet,2026-05-05T03:04:07.019413
544143ff-2e78-4922-b464-b1cb77054120,CUST000036,Electronics,5,1511.47,7557.35,credit_card,2026-07-21T08:20:34.383111
3bf2d182-a4d0-4256-ae30-36af51148bd5,CUST000780,Beauty & Personal Care,5,1213.18,6065.9,debit_card,2026-08-02T10:48:07.294598
20be8683-117f-46dd-8732-5c9487cdec60,CUST000306,Sports & Outdoors,5,1175.98,5879.9,credit_card,2026-03-01T19:04:37.329597
ffe6777e-8f0e-445f-86e8-9e218a693b8f,CUST000316,Fashion,4,1603.97,6415.88,cash_on_delivery,2026-04-13T11:47:08.151419
71c68ca7-9656-4eed-850b-ddf12a0526be,CUST000546,Beauty & Personal Care,2,1560.45,3120.9,cash_on_delivery,2026-03-05T12:44:02.870177
b5c2acaa-ca9f-4718-8f11-04887e13b68b,CUST000343,Books,3,1360.15,4080.45,debit_card,2026-03-21T07:27:41.791136
dd814a49-7b6b-4865-9ea8-e2c611a82139,CUST000385,Sports & Outdoors,4,1393.38,5573.52,wallet,2026-06-23T12:07:02.959464
c7d9e82a-0a17-49e1-b446-944d5ecbd77c,CUST000789,Electronics,4,1624.76,6499.04,upi,2026-05-21T10:58:55.192452
10abba18-6892-4ad1-8ba8-4dd32ab88fcc,CUST000634,Beauty & Personal Care,3,1631.35,4894.05,cash_on_delivery,2026-06-06T21:44:21.042878
fe939e4f-792f-4af2-8ba2-9d5c5fce9e10,CUST000582,Fashion,1,507.62,507.62,wallet,2026-07-06T09:01:41.866409
40e1fdb6-5dba-4803-aa25-b8b3ccd69723,CUST000565,Sports & Outdoors,5,1713.97,8569.85,cash_on_delivery,2026-03-26T08:55:28.903316
07994696-a05c-4185-8958-97e62e6093cd,CUST000010,Beauty & Personal Care,2,233.79,467.58,upi,2026-02-27T19:50:55.507780
44ff1740-5bcc-4aa0-b0ce-12a8100863c0,CUST000142,Home & Kitchen,4,1987.11,7948.44,debit_card,2026-04-12T07:22:51.385263
40a852d5-305d-4e14-b43d-6837c0d43a9b,CUST000044,Sports & Outdoors,2,702.59,1405.18,upi,2026-05-01T18:04:23.821687
d8c4dc2a-4aed-44e2-802f-badc36f439b6,CUST000225,,2,163.02,326.04,wallet,2026-02-25T00:13:11.380156
5bfe30a8-2359-425d-9c33-036121ccce35,CUST000725,Sports & Outdoors,1,1271.49,1271.49,cash_on_delivery,2026-03-29T04:25:00.982471
d39cba66-2852-4512-8f45-3f7d74c9b98f,CUST000790,Sports & Outdoors,4,59.46,237.84,credit_card,2026-02-17T14:18:15.966932
2ff192f4-81be-49a6-814a-75df14f3342a,CUST000147,Toys,2,1926.38,3852.76,cash_on_delivery,2026-04-23T12:16:20.485115
dda78342-e134-43e6-ade1-190a84a8dbe3,CUST000707,Electronics,1,1213.34,1213.34,wallet,2026-03-17T06:25:09.988867
895d619c-5f43-4ff4-b2b1-f1033103c92c,CUST000071,Fashion,3,1573.67,4721.01,upi,2026-06-27T03:15:06.940488
1bf43d97-4f6a-438e-a685-a97cd35310ce,CUST000330,Sports & Outdoors,5,1129.72,5648.6,credit_card,2026-03-14T00:48:17.001880
ef8d2839-bccc-4553-b314-1d542fe408a5,CUST000043,Fashion,3,1604.23,4812.69,debit_card,2026-07-02T07:44:47.778090
aab22128-73a0-4e49-aae9-8fddf2c1be68,CUST000070,Sports & Outdoors,4,382.76,1531.04,cash_on_delivery,2026-05-20T03:46:17.341067
8d9ce5e5-5b91-4396-823e-a749e13f255c,CUST000374,,3,385.03,1155.09,wallet,2026-03-07T12:35:56.282289
25bf439c-d703-4f12-9df8-d7a219d4b0cd,CUST000280,Home & Kitchen,3,1310.9,3932.7,credit_card,2026-04-12T13:09:07.810894
dffb00bd-4d68-48f2-a3ba-11ea60e0459e,CUST000309,Beauty & Personal Care,4,990.73,3962.92,debit_card,2026-03-08T05:18:16.064904
80ebd83e-3999-4b5c-8a19-42631aca9a49,CUST000751,Electronics,2,1181.44,2362.88,credit_card,2026-05-22T22:33:12.242024
fc75e21a-0e2f-4a27-9e6d-4276aa0317ed,CUST000727,Books,2,336.13,672.26,debit_card,2026-03-23T08:40:01.867895
4d1c43b4-0915-41b0-8931-5fc97926fd74,CUST000515,Home & Kitchen,2,1016.98,2033.96,wallet,2026-06-18T03:29:31.100890
ab872293-146a-4254-83bb-1d505ee137af,CUST000031,Electronics,1,1037.57,1037.57,cash_on_delivery,2026-06-10T19:35:25.999602
43a08330-10de-4312-a3d2-f02739c7d243,CUST000634,Home & Kitchen,4,1201.14,4804.56,credit_card,2026-03-19T07:58:20.487887
2de800f9-7fef-47ef-bdb4-e7b6eca9be5c,CUST000750,Toys,3,86.08,258.24,upi,2026-02-13T01:48:15.050907
ee7d170e-d858-4dca-88b1-7e86d80a7658,CUST000217,Electronics,4,1342.65,5370.6,cash_on_delivery,2026-07-15T02:14:16.479144
fe9f2551-5bb3-49ea-90de-ba49a48c727a,CUST000473,,4,1664.24,6656.96,cash_on_delivery,2026-04-02T13:46:46.199234
d3da6a85-afec-4210-9f3b-313eb3970056,CUST000078,Sports & Outdoors,2,507.14,1014.28,cash_on_delivery,2026-03-13T20:30:39.772680
6ed4a95a-46bd-4180-891b-ab4699a48626,CUST000399,Beauty & Personal Care,2,325.11,650.22,cash_on_delivery,2026-06-16T20:40:37.843277
65634b77-282f-4e99-b40d-e948d0b7bf8a,CUST000219,Electronics,3,396.56,1189.68,cash_on_delivery,2026-03-20T07:07:37.797753
b821a3d2-b587-4481-b196-deb3dfa9b731,CUST000535,Fashion,5,150.14,750.7,debit_card,2026-03-21T10:40:12.384565
2f9ef84b-5502-4b46-a3b9-341259df997c,CUST000308,Toys,1,1966.29,1966.29,wallet,2026-07-13T06:51:55.559726
a5a45214-23c3-42fe-8c22-689f6baedfee,CUST000586,Home & Kitchen,4,385.61,1542.44,upi,2026-05-24T11:54:10.111581
1fb6c240-2b16-44f0-a6f3-f116d8d1e0b8,CUST000723,Toys,5,1120.25,5601.25,cash_on_delivery,2026-03-25T20:32:43.073793
936a1e6a-8999-404a-8f12-d2397a98f632,CUST000367,,1,39.99,39.99,cash_on_delivery,2026-07-28T05:34:44.865771
7d0b1e4e-ae5d-4e13-ae22-609e8dee9995,CUST000690,Toys,1,28.94,28.94,upi,2026-04-27T11:59:25.879048
e2b7450b-c83e-4e4d-991c-05683a53b5fa,CUST000692,Toys,5,1229.58,6147.9,credit_card,2026-02-18T17:44:17.625831
5d4ec206-7267-4d16-82ed-34b24cf92cb1,CUST000525,Electronics,1,1545.21,1545.21,upi,2026-06-21T04:02:23.703230
fcdf3c28-75f2-4394-8bee-f264b0e7e07b,CUST000084,Groceries,1,1449.94,1449.94,cash_on_delivery,2026-05-14T04:02:02.557953
e241f992-da63-4add-95f3-07e81932b664,CUST000253,Home & Kitchen,2,671.46,1342.92,wallet,2026-05-20T10:54:44.068094
a66b573d-a4e1-4b79-8606-dbae0ed710ac,CUST000269,Groceries,5,1674.97,8374.85,credit_card,2026-08-04T17:55:16.349308
9c463330-524a-431f-b9ab-5fc1f2e63144,CUST000147,Sports & Outdoors,3,1723.66,5170.98,upi,2026-07-10T09:01:58.277217
0816d5b8-b9e8-4384-9dfc-986692e2fc3c,CUST000664,Electronics,2,77.55,155.1,cash_on_delivery,2026-05-20T15:53:42.697052
60a62727-10bf-4eba-b13f-bc434a099134,CUST000385,Fashion,2,909.96,1819.92,debit_card,2026-02-27T10:41:07.257315
1f415db5-a07d-467b-af96-563ec8a987b9,CUST000797,Fashion,2,728.01,1456.02,upi,2026-04-18T21:11:27.886460
26bed64a-ed4c-4f52-b3b4-40123fa7d7f1,CUST000207,Home & Kitchen,4,1207.22,4828.88,upi,2026-05-13T04:58:41.204943
f4d14ba6-8c24-4b4a-bfc7-9c577b0a05f4,CUST000194,Home & Kitchen,5,256.96,1284.8,debit_card,2026-03-18T10:27:51.823085
4cb6b7cb-8ef2-423b-b3b9-be8308b2ff4e,CUST000008,Groceries,2,648.16,1296.32,upi,2026-06-24T05:22:32.542186
ee1a26d8-9ae9-455a-a7bd-9b5945ef4258,CUST000397,Electronics,3,1085.85,3257.55,upi,2026-05-31T19:07:53.032023
c58d938d-fbf2-4303-a05b-51cb7ef19038,CUST000459,Fashion,1,1966.99,1966.99,debit_card,2026-02-27T22:41:57.165317
c21bd733-2757-42cf-914b-6ad2a7d3cd98,CUST000061,Electronics,5,1021.47,5107.35,upi,2026-02-28T14:12:24.078626
845791f5-2036-4b81-a80a-ef5a3612e5b9,CUST000665,Electronics,4,1234.44,4937.76,credit_card,2026-03-18T21:46:30.821915
5d4e5eb2-fef5-4d68-b46e-1ac57f1ffe69,CUST000591,Sports & Outdoors,2,383.72,767.44,cash_on_delivery,2026-02-14T04:43:56.418135
ec6dffe8-9771-47f5-b663-1bad1f41e33c,CUST000261,Toys,5,1114.23,5571.15,cash_on_delivery,2026-04-24T18:25:46.176479
8f4b046a-6593-44a9-9076-a406832a1e82,CUST000268,Fashion,5,104.32,521.6,cash_on_delivery,2026-07-14T05:06:03.906437
14988d99-c773-4452-b9ff-80c613f15582,CUST000209,Groceries,4,1017.31,4069.24,cash_on_delivery,2026-06-01T19:58:36.862155
e250b344-f0ea-47d9-8ed5-3830aa51f713,CUST000559,Books,5,1234.85,6174.25,wallet,2026-03-23T12:08:06.630444
06f3f7f0-7ec2-454c-b0fd-4e062be00ed1,CUST000519,Electronics,4,783.96,3135.84,credit_card,2026-06-26T04:57:55.399814
fcf154b3-0dc5-4827-9fa1-a47fe7b9ac00,CUST000571,Electronics,4,1387.85,5551.4,debit_card,2026-05-03T05:12:26.749530
21cf4a57-a273-4228-a09b-ec9d5cf13a80,CUST000351,Beauty & Personal Care,1,740.82,740.82,wallet,2026-08-09T09:04:33.232136
676432de-b53c-40ee-b781-1374be4f9b22,CUST000040,Beauty & Personal Care,3,723.63,2170.89,cash_on_delivery,2026-03-11T04:56:27.617233
7d20d486-dc50-483a-9055-60e6c5c44673,CUST000694,Home & Kitchen,5,690.76,3453.8,wallet,2026-06-07T06:43:45.942230
0f8dbcd7-3b3b-4ace-9471-1866493e34a5,CUST000060,Electronics,4,320.03,1280.12,credit_card,2026-07-27T15:43:50.685471
ffe4f80d-f956-4cab-bcbc-c5ceada02857,CUST000558,Electronics,4,1051.74,4206.96,debit_card,2026-03-24T03:14:51.327237
68fd9035-43a4-4686-a4b0-2c5d86e72484,CUST000747,Fashion,3,699.92,2099.76,cash_on_delivery,2026-04-16T17:42:30.748159
e98682e3-f87b-4ae7-b672-a713969c09db,CUST000106,Toys,5,1123.54,5617.7,cash_on_delivery,2026-05-26T06:48:31.601812
e281964a-d41b-4ea8-9633-a1361735def6,CUST000671,Beauty & Personal Care,5,1424.65,7123.25,credit_card,2026-06-26T21:19:50.259886
972fd674-d820-4407-b4f4-8eb16035031a,CUST000586,Home & Kitchen,1,1617.61,1617.61,debit_card,2026-03-13T02:01:32.774307
06666d80-cadf-46a4-bb97-efb0404c6001,CUST000618,Books,3,676.42,2029.26,upi,2026-06-28T07:19:49.303255
0b30eccc-5f1c-422e-99ad-57dbc1ef13b0,CUST000048,Beauty & Personal Care,5,1837.19,9185.95,cash_on_delivery,2026-07-09T10:56:33.274833
b79f63f5-b01d-40e4-964a-e34e49698d77,CUST000622,Books,1,1365.47,1365.47,wallet,2026-06-29T14:26:02.764318
e698735e-cdc8-4551-bc42-51129875f355,CUST000477,Electronics,4,1931.94,7727.76,wallet,2026-07-24T15:22:34.270289
67e49031-6fb0-4ede-9e8a-a379dfe4c44d,CUST000053,Sports & Outdoors,1,1006.59,1006.59,credit_card,2026-05-18T16:35:46.272098
50c80267-4d52-45cd-92c1-5238c1eda28f,CUST000078,Sports & Outdoors,1,241.11,241.11,credit_card,2026-04-05T13:40:35.999280
c765c6b2-e518-4475-b8c3-ef7cbd6d72ec,CUST000017,Home & Kitchen,4,461.58,1846.32,credit_card,2026-06-09T15:26:46.182148
625d7177-8c1b-4572-9f12-9d8543ee960d,CUST000198,Toys,1,1774.75,1774.75,upi,2026-07-06T12:36:39.337528
ec2c9483-a911-4929-8e07-0a2ee93cd26b,CUST000249,Toys,2,1603.44,3206.88,cash_on_delivery,2026-04-03T11:43:35.593041
365be931-5617-4d53-9801-03b945a4f4e3,CUST000764,Beauty & Personal Care,4,1689.02,6756.08,upi,2026-06-17T00:47:53.354069
0089d26d-ad4e-4e0f-8bd4-0e387ed72839,CUST000308,Home & Kitchen,4,100.26,401.04,wallet,2026-06-20T14:08:45.981870
4a181a67-136b-4441-8724-e1002c224385,CUST000380,Books,4,1647.39,6589.56,debit_card,2026-02-22T03:49:19.011495
aacb816b-30e3-4526-ab96-2c0e56de8207,CUST000278,Beauty & Personal Care,4,1485.11,5940.44,cash_on_delivery,2026-07-03T11:16:07.600408
ef13536b-5bce-4e29-a3cf-52bfd302c5f3,,Books,5,579.25,2896.25,debit_card,2026-03-24T15:59:34.937326
ef665156-51b7-4e9e-86c3-4ffc27a78950,CUST000012,Home & Kitchen,3,617.26,1851.78,upi,2026-03-11T15:26:58.205906
2e15f0f4-d84d-4344-b067-15ff4679c2f8,CUST000395,Books,3,1907.93,5723.79,debit_card,2026-05-13T02:38:33.252867
0c3455b3-73bb-4686-b270-df44f191682d,CUST000152,Beauty & Personal Care,5,473.58,2367.9,cash_on_delivery,2026-07-27T11:32:49.944113
6e79cd39-b507-4762-9d33-e837246e8b46,CUST000058,Books,2,1322.76,2645.52,credit_card,2026-04-05T12:09:06.954831
cc736718-4f36-47b7-a2fe-a53e854c335e,CUST000564,Groceries,1,1278.59,-1278.59,debit_card,2026-05-23T18:19:16.753561
37e72072-066d-4380-b8cd-7fef5e40db63,CUST000741,Fashion,5,475.9,2379.5,wallet,2026-04-19T07:22:48.042665
ddea70b8-f7e7-4674-b219-66bf731cee09,CUST000586,Toys,1,1919.74,1919.74,cash_on_delivery,2026-08-02T13:04:37.549681
59dc3b53-70e5-4227-b5cd-077a24604fa3,CUST000085,Fashion,5,1791.72,8958.6,wallet,2026-04-23T19:42:59.514416
c2b103a0-939e-4c19-a4ab-75ffbf226c8c,CUST000310,Toys,3,1492.49,4477.47,debit_card,2026-07-03T20:45:37.836562
8075e041-e31f-46fb-9e75-d14e5a3f5b22,CUST000606,Sports & Outdoors,2,1681.81,3363.62,credit_card,2026-03-22T22:47:42.067904
78b98c9e-a256-46fe-a6dd-3a2cf0388839,CUST000069,Electronics,1,404.25,404.25,debit_card,2026-06-01T07:13:30.508042
a1bfae07-2bb1-46ff-bf8e-52ed54191e54,CUST000335,Toys,1,1291.75,1291.75,credit_card,2026-02-12T23:56:49.242675
9ef47e54-8860-4f8f-8c7d-e976cf61b1fd,CUST000607,Sports & Outdoors,1,1362.57,1362.57,cash_on_delivery,2026-06-25T15:45:42.949994
ceff0c4b-cfdb-426e-b6bf-55a52e18af31,CUST000563,Beauty & Personal Care,5,1783.72,8918.6,upi,2026-02-26T13:11:24.243942
e673259f-7fa8-471c-b9e5-8475ba0b974c,CUST000342,Groceries,3,657.48,1972.44,cash_on_delivery,2026-07-05T13:30:40.300517
3629f950-9cbf-42b6-94f7-f02be0082375,CUST000129,Electronics,1,1702.49,1702.49,wallet,2026-07-08T19:08:00.148427
6ae6cb80-f21b-413a-9d35-f0f0bfd481b7,CUST000214,Sports & Outdoors,5,1505.21,7526.05,credit_card,2026-06-07T09:35:19.596257
6b9c2fcd-aa76-4dd8-8706-ce480d45b4e3,CUST000605,Fashion,4,1253.86,5015.44,wallet,2026-04-28T04:28:26.732824
d5d31dd0-36b0-4547-9494-9a6aded5673c,CUST000468,Fashion,5,1035.1,5175.5,upi,2026-04-12T17:45:08.253688
4b62b43e-8a03-4de6-9d3c-27ec26daf460,CUST000626,Groceries,1,872.7,872.7,cash_on_delivery,2026-06-29T13:04:08.988652
c32db6e3-3d2d-44fc-882b-2431cf0907eb,CUST000249,Sports & Outdoors,3,489.93,1469.79,debit_card,2026-07-14T04:20:59.560577
aeaa73a7-8997-47d8-9db4-bce61603949a,CUST000009,Books,5,1596.94,7984.7,debit_card,2026-04-21T16:36:21.047054
fe8bce6a-0c5c-4fc8-8e63-196ab4a110ca,CUST000615,Books,1,1376.01,1376.01,upi,2026-03-23T02:15:01.465323
e044003f-0df4-464b-b698-462dd65b35ba,CUST000711,Fashion,2,1802.16,3604.32,wallet,2026-08-02T19:04:46.518583
ef79377a-85ac-4e15-af41-39a71a6459db,CUST000273,Beauty & Personal Care,4,160.15,640.6,debit_card,2026-03-16T19:22:39.363877
ca1748e0-af62-4c97-b6c8-151b8e9d9f64,CUST000657,Books,4,373.84,1495.36,upi,2026-03-30T13:43:37.356002
4a181a67-136b-4441-8724-e1002c224385,CUST000380,Books,4,1647.39,6589.56,debit_card,2026-02-22T03:49:19.011495
4a0b83f4-e19c-4c60-a378-c7819e7d8d0a,CUST000453,Beauty & Personal Care,4,331.76,1327.04,cash_on_delivery,2026-05-28T00:09:46.412130
e7b61a5e-d297-45c3-af11-658e6c8181b6,CUST000660,Books,4,546.14,2184.56,upi,2026-04-20T09:13:24.844058
c3ade99e-a785-414c-93b3-3d40de152628,CUST000513,Books,1,1583.73,1583.73,debit_card,2026-06-01T02:25:26.703565
470ec4df-4082-4557-9f21-7b69d0aa0cd7,CUST000141,Sports & Outdoors,3,370.06,1110.18,upi,2026-06-08T11:31:07.382121
265e233d-57a2-4983-9273-6cb1f1ce9ab8,CUST000393,Toys,4,28.12,112.48,cash_on_delivery,2026-08-05T07:24:39.476952
bef1f628-3e22-4cf2-910b-d2a914b12089,CUST000541,Fashion,2,1457.08,2914.16,credit_card,2026-04-30T10:15:55.910359
148fff97-4402-405d-b320-abaabf228519,CUST000123,Toys,1,634.72,634.72,credit_card,2026-08-08T14:29:02.478212
9715a652-0251-4a50-b19b-f35019d8b9c7,CUST000743,Toys,3,1569.27,4707.81,debit_card,2026-02-19T21:46:21.609337
7b060fab-7441-4012-b611-9572fb548d34,CUST000593,Books,2,895.1,1790.2,credit_card,2026-07-29T21:56:33.561069
8b834a27-53dd-4782-8140-89c8ffbd970d,CUST000042,Electronics,5,1626.22,8131.1,upi,2026-08-05T06:51:14.741126
7741af02-b310-4708-b94d-68d22e709458,CUST000240,Electronics,1,30.44,30.44,credit_card,2026-06-13T09:23:05.775314
7b9db18d-346c-4cb2-a99c-040f463c2c66,CUST000208,Home & Kitchen,4,191.06,764.24,credit_card,2026-05-07T04:49:51.759485
60b93de8-c8d1-4982-8b67-e2cfa441ff90,CUST000275,Sports & Outdoors,3,564.71,1694.13,cash_on_delivery,2026-08-05T04:02:12.238360
7e55628a-7344-48bd-8bfd-12e7f112beab,CUST000534,Beauty & Personal Care,3,56.75,170.25,wallet,2026-03-30T08:09:02.186252
ae6a7267-9f77-41f0-82ea-3fea77b19879,CUST000096,Fashion,4,1454.94,5819.76,cash_on_delivery,2026-07-18T17:20:13.958011
5d0a2ea1-ecb4-4b62-bdfb-29d748d68f71,CUST000255,,5,253.77,1268.85,upi,2026-07-23T11:21:46.279388
8143d212-1d8a-433b-b1b2-900659804800,CUST000470,Beauty & Personal Care,2,1297.35,2594.7,wallet,2026-03-10T12:32:03.582258
4f97c4c8-8669-49e6-bc64-9eb6b3701b2a,CUST000033,Fashion,1,765.27,765.27,credit_card,2026-03-30T07:39:20.354135
2c765dc2-601a-419e-b5da-efa3932d5f3e,CUST000583,Toys,2,290.73,581.46,credit_card,2026-07-22T00:19:14.697874
a0f35a12-401b-45c3-b1f4-f286ec86c8e3,CUST000576,Toys,3,1781.66,5344.98,wallet,2026-03-19T18:02:39.562732
b12fd924-7e93-4eb0-af75-8563a8dd1b25,CUST000015,Groceries,1,1874.63,1874.63,cash_on_delivery,2026-05-01T16:19:11.142884
4653f0e3-90cc-469a-b10e-19b81cc29c42,CUST000271,Beauty & Personal Care,1,1783.57,1783.57,debit_card,2026-02-25T22:51:36.818972
8a82990b-011d-4ae1-9432-789c3a1b8716,CUST000761,Electronics,1,1041.08,1041.08,credit_card,2026-07-08T04:55:49.459809
08e1f218-9d57-4866-885a-f83ffd7cd4b1,CUST000462,Groceries,3,909.12,2727.36,wallet,2026-07-20T10:22:51.706256
f55ef2f1-f852-4cd2-aa43-2058d8279698,CUST000610,Books,1,1076.62,1076.62,upi,2026-06-17T03:01:10.184059
8f1cd347-c2a0-4396-b87e-f53fdfaec006,CUST000203,Toys,5,557.98,2789.9,debit_card,2026-04-11T12:20:34.734900
75fc476f-8de8-40d2-8b22-3855a0be93d1,CUST000335,Groceries,3,111.25,333.75,debit_card,2026-03-08T09:41:20.441908
6db6287b-b2dd-4e8e-b08f-5092c08dc05b,CUST000497,Toys,3,754.38,2263.14,credit_card,2026-06-03T07:17:47.459346
ae1a41d4-6cd3-49e1-8476-74efc20d0bbf,CUST000380,Fashion,3,108.32,324.96,debit_card,2026-07-27T02:00:43.088119
558a9551-6113-4633-a9ce-7b75041ca230,CUST000780,Fashion,2,1932.17,3864.34,upi,2026-07-25T10:52:59.068875
a7c10a93-b245-49a0-afb5-ae4542457ea4,CUST000742,Books,5,1833.76,9168.8,debit_card,2026-05-19T06:22:23.767636
5353d7be-f411-41c7-aa23-05232d7cdd53,CUST000499,Books,5,1516.05,7580.25,wallet,2026-03-25T01:14:12.056258
8d9ae632-02f6-47ca-a899-02a0ec8d30fa,CUST000227,Home & Kitchen,5,793.65,3968.25,cash_on_delivery,2026-02-14T08:43:28.098747
193765d8-c617-47ec-8009-3bf299ad1d8f,CUST000702,Sports & Outdoors,1,1862.04,-1862.04,credit_card,2026-06-26T13:20:39.714314
9cd928f9-40f0-494d-815b-ccc9ebf3efc1,CUST000467,Sports & Outdoors,1,1865.97,1865.97,cash_on_delivery,2026-05-13T15:40:00.171755
d9144593-7c46-4144-be3c-e44399b31aad,CUST000292,Sports & Outdoors,3,1756.4,5269.2,cash_on_delivery,2026-03-17T02:49:25.866364
9648a0cc-8952-458f-885f-8d81d20c73e6,CUST000575,Books,3,804.69,2414.07,debit_card,2026-06-05T15:37:09.129928
025ce273-4acf-4420-ba5d-4f62e6449f8d,CUST000172,Books,3,418.23,1254.69,upi,2026-05-15T01:16:54.329325
87e8e21a-42da-44dc-8b86-e180af349d1d,CUST000429,Home & Kitchen,4,229.26,917.04,cash_on_delivery,2026-05-30T22:59:59.962138
ced8d964-c51e-45e7-abf7-cf54970425f3,CUST000223,Toys,1,525.39,525.39,wallet,2026-07-24T14:37:10.477064
29a6e01b-9c90-4178-ae19-53e2ef29836f,CUST000015,Electronics,4,1144.78,4579.12,credit_card,2026-04-11T18:25:03.512729
c555ae76-b335-458b-aaa7-ba1e2cff1a64,CUST000491,Books,N/A,1350.12,6750.6,upi,2026-02-13T07:28:45.410258
0a76c321-3ca9-4d3c-88e0-59650cfa55a9,CUST000790,Toys,4,468.2,1872.8,upi,2026-05-23T21:20:23.206841
e09e8b0f-bca2-4903-b533-fa9e1f2337ca,CUST000028,Books,1,807.12,807.12,cash_on_delivery,2026-07-13T01:57:09.845677
994519c8-323c-416e-acf9-8f38a880b981,CUST000296,Sports & Outdoors,1,1301.5,1301.5,wallet,2026-04-12T02:40:11.698623
2c09f610-4497-4b4a-a05d-5a3af302fdb3,CUST000773,,5,764.97,3824.85,upi,2026-02-24T16:08:46.747134
dcc29126-db35-43d3-8f9d-45f205a47225,CUST000189,Home & Kitchen,5,1495.32,7476.6,upi,2026-04-14T23:45:59.403194
9daa2884-d218-4d3b-be28-d39bd0455be3,CUST000694,Fashion,2,1483.4,2966.8,credit_card,2026-07-17T07:27:11.683093
338f8bd2-a486-4c2b-9d2e-329431e6ca20,CUST000102,Toys,4,1558.92,6235.68,credit_card,2026-07-02T15:35:38.691636
51883142-0286-4e0c-af60-9b8ce0e00bd0,CUST000452,Groceries,4,1827.3,7309.2,cash_on_delivery,2026-07-13T11:37:27.023861
06cf3a8d-4f5b-404e-81ea-9632b874d61d,CUST000196,Books,5,376.19,1880.95,wallet,2026-05-09T10:21:06.939656
9d44a13e-66ab-49d1-a156-13548010f614,CUST000756,Fashion,1,948.61,948.61,debit_card,2026-07-18T12:04:17.426447
c0add374-e790-4ed8-a147-541704460fb6,CUST000627,Beauty & Personal Care,4,1036.36,4145.44,debit_card,2026-04-16T15:42:59.082594
a5d6eff6-6d38-47d1-a854-2a5d4f93d403,CUST000288,Toys,4,1197.05,4788.2,upi,2026-05-31T08:59:51.301453
316811b5-110e-4110-a361-cac29b2f9274,CUST000314,Home & Kitchen,5,1881.9,9409.5,debit_card,2026-05-09T12:39:52.704930
99352730-58c4-4f99-8b37-274613d3d47d,CUST000608,Groceries,2,918.43,1836.86,upi,2026-06-19T04:23:36.597146
6b75642f-d98c-44f2-8360-9538c73188b0,CUST000454,Beauty & Personal Care,4,1506.02,6024.08,debit_card,2026-04-05T00:27:26.764933
866ee685-77c7-407d-9d7c-bcc8613d43bf,CUST000106,Electronics,5,742.22,3711.1,debit_card,2026-03-18T01:00:58.657145
5ca7f7f8-d2f1-4ad0-a905-3e269e999b6e,CUST000142,Home & Kitchen,3,291.56,874.68,cash_on_delivery,2026-06-11T18:09:03.990863
a48bde8a-230a-4fb3-bc01-157bbedd0d26,CUST000403,Groceries,3,88.57,265.71,credit_card,2026-04-16T15:09:35.933238
b7e5db7b-212d-435b-b40f-8259cb7a6d40,CUST000055,Sports & Outdoors,5,1055.49,5277.45,credit_card,2026-08-01T05:24:53.564849
0383e10f-0b9c-410d-a47b-85aca8f6c55f,CUST000491,Groceries,5,1517.97,7589.85,debit_card,2026-05-19T01:43:14.805052
933c64a1-2786-4984-8572-76c5bdd17ece,CUST000346,Toys,1,1832.75,1832.75,debit_card,2026-06-14T20:27:25.536493
37b7a1ac-51c6-4a5e-b921-8e3516b95d78,CUST000696,Home & Kitchen,5,1053.39,5266.95,upi,2026-04-08T14:00:34.193413
93b28539-5e8d-4d1c-875e-003ad72b42ae,CUST000241,Home & Kitchen,5,1641.99,8209.95,upi,2026-04-22T11:43:58.271337
f5442384-ae83-409f-8a14-fceacbeefe86,CUST000361,Beauty & Personal Care,2,914.57,1829.14,wallet,2026-07-04T01:23:25.207719
7a4a11be-a0ae-45ff-bcd7-073c53d798ed,CUST000591,Toys,5,921.09,4605.45,cash_on_delivery,2026-06-18T11:52:18.888908
dbff796f-55a8-4d43-8252-048c5ebb3cd7,CUST000631,Fashion,2,690.14,1380.28,wallet,2026-03-05T14:30:13.408869
f7783df7-0679-4910-bbda-1f494c42d19a,CUST000736,Sports & Outdoors,3,1932.89,5798.67,debit_card,2026-02-15T23:53:02.255823
bd0b3a3d-13fa-423f-a469-1468f03c1eea,CUST000416,Electronics,4,289.86,1159.44,wallet,2026-02-14T18:41:49.292181
9e123842-8422-4a15-ac71-01cfb43c2c4d,CUST000003,Groceries,1,1158.73,1158.73,cash_on_delivery,2026-04-03T06:38:04.647618
05f40db6-d58e-4af6-99b4-87fe6eed83b2,CUST000006,Toys,2,517.39,1034.78,cash_on_delivery,2026-02-17T04:51:07.784737
8180c3ca-96d9-4c69-aac4-b06d37b8b7c6,CUST000151,Groceries,1,1135.31,1135.31,debit_card,2026-07-08T08:27:19.813638
85f75c18-8328-406a-a1ef-f77fabedc7a9,CUST000296,Fashion,4,1600.15,6400.6,upi,2026-08-03T15:23:39.852009
ba38323a-ae5a-4660-8aea-c78ba479e3a3,CUST000652,Groceries,4,395.46,1581.84,cash_on_delivery,2026-05-03T20:14:14.003734
856603fc-01fc-48ed-bda8-8bb5fe19be81,CUST000342,Beauty & Personal Care,3,822.14,2466.42,credit_card,2026-05-01T06:16:06.739187
9da2db48-1b4b-4e18-af0b-9484a83c2373,CUST000575,Sports & Outdoors,3,526.9,1580.7,cash_on_delivery,2026-07-17T22:36:56.702739
e1292ff3-2888-453c-ae05-56b9508a53d9,CUST000230,Fashion,3,1256.29,3768.87,cash_on_delivery,2026-04-13T21:10:30.688135
974f8d48-13e0-47ec-92a0-954146dd8bc6,CUST000441,Fashion,4,57.48,229.92,credit_card,2026-05-02T15:02:47.170209
2520ab7d-1e2c-4c9a-93a6-db296367c312,CUST000432,Books,3,1637.91,4913.73,debit_card,2026-07-08T07:00:34.259206
404f2ada-babd-4c14-88f1-d39f5541b6b9,CUST000547,Home & Kitchen,4,1855.73,7422.92,cash_on_delivery,2026-04-09T23:56:36.708594
65b9ac55-1262-41a2-806c-585aa7bfce38,CUST000046,Fashion,2,1695.59,3391.18,wallet,2026-03-04T01:42:59.204817
d6a44766-45db-4fd6-b312-08a3b266ef1d,CUST000046,Electronics,2,1704.8,3409.6,debit_card,2026-04-07T22:52:26.835092
d40e7ca8-d325-47ef-a355-237c3056b09e,CUST000331,Electronics,1,1767.1,1767.1,debit_card,2026-06-30T03:09:20.618978
32c30a73-a581-4f6a-a3be-c4239cd7c417,CUST000509,Fashion,1,323.72,323.72,credit_card,2026-05-22T05:10:01.610967
d01cabdd-9457-4948-a11a-75d7d39325d3,CUST000138,Beauty & Personal Care,1,174.2,174.2,cash_on_delivery,2026-02-18T13:36:41.826798
5e1eaa2f-ed14-407a-b95c-c58c58821566,CUST000215,Fashion,3,1832.2,5496.6,cash_on_delivery,2026-02-27T13:00:27.066609
2490c077-175b-49a2-a396-8e8d4c749e55,CUST000120,Sports & Outdoors,1,935.17,935.17,wallet,2026-06-11T18:17:16.844758
8543f0bf-5889-47db-a1a3-8260b43206ab,CUST000050,Beauty & Personal Care,5,626.42,3132.1,wallet,2026-05-10T07:46:49.084838
e1ba2341-1e74-4b2e-a6b4-24762662184b,CUST000427,Books,1,923.71,923.71,cash_on_delivery,2026-07-10T01:53:30.556604
fdf030aa-4054-4646-9797-c694d742f8c0,CUST000673,Beauty & Personal Care,4,1345.26,5381.04,debit_card,2026-04-16T00:11:23.007453
30d555d5-4030-49f2-9a75-e032496ce703,CUST000012,Electronics,3,657.09,1971.27,credit_card,2026-03-06T21:00:09.346914
9b25bb81-fb27-4cd7-9592-421bc00f8407,CUST000326,Fashion,2,108.76,217.52,upi,2026-06-02T22:54:36.963554
73552907-1b75-4f17-88cf-494ec3974df7,CUST000023,Toys,5,1446.96,7234.8,wallet,2026-05-24T10:40:50.164111
f8aaab69-83ac-41bb-9ad4-8f67f3614bdf,CUST000130,Books,1,141.94,141.94,debit_card,2026-03-06T18:47:51.879992
2631d1c1-a777-4918-af72-e25249e0f4de,CUST000244,Groceries,2,1833.39,3666.78,upi,2026-05-22T09:37:21.543957
e47bae34-c088-4867-8294-6b0fda54e60e,CUST000635,Home & Kitchen,1,682.53,682.53,cash_on_delivery,2026-04-18T04:22:01.873540
acadd315-6a35-44a4-ae8d-ac62e46fd560,CUST000344,Toys,3,1418.94,4256.82,cash_on_delivery,2026-06-04T12:40:51.258188
97914204-f2f3-4906-988d-98b85b7227b6,CUST000721,Fashion,1,1546.97,1546.97,upi,2026-07-28T05:20:17.855973
5dd85c21-fb2c-438f-af06-98f778a1d5f4,CUST000224,Beauty & Personal Care,1,768.72,768.72,credit_card,2026-07-19T02:37:26.183924
c9959d00-328b-4128-a1b9-7128aeb84636,CUST000410,,2,332.23,664.46,upi,2026-06-15T10:18:09.606110
9fe6d886-690c-4a44-9850-f773a6bfee59,CUST000054,Books,5,977.33,4886.65,wallet,2026-04-30T06:27:05.491135
b00ff86b-2777-4001-87df-a2a0e3fb228d,CUST000713,Home & Kitchen,1,570.54,570.54,credit_card,2026-02-20T12:28:05.859222
9dc5e94b-f5e5-41eb-89a3-daa56b061bc2,CUST000587,Sports & Outdoors,3,844.93,2534.79,upi,2026-04-23T00:01:29.648488
443f18c7-0824-46ac-876e-e929c9c86555,CUST000328,Home & Kitchen,3,659.87,1979.61,upi,2026-06-28T02:53:52.392356
52cd2d6e-fff8-4152-8585-bde1b9349f12,CUST000464,Fashion,5,1762.39,8811.95,debit_card,2026-04-25T20:43:52.461756
4af4c02a-60d4-4366-a22b-041238ee37a0,CUST000272,Books,4,147.41,589.64,debit_card,2026-07-05T14:43:34.408812
5ea43a8f-e696-4af5-9ba9-8487f8430a91,CUST000047,Books,4,1377.16,5508.64,debit_card,2026-05-14T19:30:16.376662
b63bc717-b03e-4877-a02d-1824f7bfb357,CUST000353,Electronics,3,1856.12,5568.36,upi,2026-07-09T07:58:44.526103
e3fee705-0ea9-4d30-984a-7130d661bc59,CUST000346,Groceries,4,1454.63,5818.52,cash_on_delivery,2026-08-01T06:33:33.731087
6a69cc65-d1b2-4998-bc09-2af8fa2abede,CUST000353,Toys,2,960.86,1921.72,cash_on_delivery,2026-05-30T03:21:47.339611
2fce45bf-d5d3-468c-a88f-2728af5d624c,CUST000441,Books,5,677.94,3389.7,credit_card,2026-07-23T20:43:46.527888
4b4baced-c5cb-4584-9b4c-0d25e97e5f50,CUST000571,Toys,N/A,1915.44,1915.44,credit_card,2026-03-17T11:12:44.058990
9147e22c-2eed-4546-a25b-e3911490f717,CUST000404,Toys,1,1279.57,1279.57,debit_card,2026-06-12T19:34:24.631367
a96d5a48-a79f-4683-bf32-014d05d54874,CUST000635,Home & Kitchen,2,947.08,1894.16,wallet,2026-04-03T13:53:08.367744
1e32aa19-67dc-4180-8cdc-fa3c6e560673,CUST000420,Sports & Outdoors,2,552.27,1104.54,debit_card,2026-06-23T03:49:17.621948
1bd494e4-d047-403c-8276-798fbf26009f,CUST000755,Fashion,3,1365.58,4096.74,upi,2026-05-20T10:39:14.202833
b85ffb89-4f35-4885-8115-a73cb24b6cff,CUST000631,Sports & Outdoors,3,1701.93,5105.79,wallet,2026-06-13T02:26:47.161814
26624295-7701-4e58-99dd-9705272ee623,CUST000216,Beauty & Personal Care,3,1773.2,5319.6,upi,2026-04-02T10:21:37.004327
83e209ac-8c94-4af8-bcdf-eeee839fefbd,CUST000679,Books,2,447.45,894.9,credit_card,2026-02-22T11:06:55.076129
08aefd1a-2060-4a31-a12c-c2cfbb9de69c,CUST000560,Home & Kitchen,2,1636.57,3273.14,upi,2026-02-18T16:18:35.410072
0f89000b-a430-4786-aa04-a8a53a2fd6a8,CUST000387,Electronics,1,346.89,346.89,wallet,2026-08-05T06:30:55.874069
747f8d82-5aa4-41c1-8610-eb960c23f787,CUST000283,Electronics,3,1963.6,5890.8,wallet,2026-07-21T08:06:11.411454
8bb79ae0-70c8-4eeb-8689-2170206558aa,CUST000103,Fashion,5,282.71,1413.55,wallet,2026-07-15T22:34:34.039279
2185dfe6-c18f-427e-8704-0e2431b1114d,CUST000421,Beauty & Personal Care,5,542.37,2711.85,credit_card,2026-07-09T21:26:22.458933
c24d2f9d-d130-40b0-a474-cd34bb79f2ad,CUST000633,Toys,4,996.78,3987.12,credit_card,2026-06-22T19:32:53.884275
f2a948d2-2de0-4e06-ba41-2b44fe6c06a4,CUST000500,Home & Kitchen,3,1939.05,5817.15,upi,2026-03-30T01:10:34.355568
806fdd3b-a806-4141-a007-1035473bc026,CUST000162,Books,2,1708.39,3416.78,cash_on_delivery,2026-04-18T19:34:45.702845
4fb8e48c-696f-4a93-bc39-6c8f95e2296e,CUST000143,Sports & Outdoors,1,1495.45,1495.45,upi,2026-02-16T18:58:43.656196
54127785-5678-4f43-814a-db1762ae9c9d,CUST000509,Sports & Outdoors,1,549.67,549.67,debit_card,2026-04-22T18:13:59.250164
0bff6020-00e2-4813-a40c-7e4af5b6c92b,CUST000248,Books,3,1655.0,4965.0,wallet,2026-08-02T03:34:11.758579
6088f3ac-f7b9-4ae4-b3e1-7c42c2a59434,CUST000337,Toys,5,672.8,3364.0,debit_card,2026-07-06T16:03:09.571898
ea43d87f-a60a-4e5d-a55b-6fb2c9533621,CUST000557,Toys,5,691.35,-3456.75,wallet,2026-05-20T18:01:05.456175
ff8da9c7-ec8a-42af-be42-c7b68b7d62b1,CUST000037,Fashion,1,980.34,980.34,cash_on_delivery,2026-04-27T01:41:40.366918
1776a096-7a74-4657-a4f5-870d48e49ffc,CUST000572,Fashion,3,763.38,2290.14,credit_card,2026-05-03T10:47:08.901025
56d5c68b-701f-4757-84b9-349c491e6e23,CUST000754,Electronics,5,625.04,3125.2,wallet,2026-02-17T14:38:20.103144
402ccd0d-7a27-4392-819b-f17831ac9ecb,CUST000330,Sports & Outdoors,2,1129.8,2259.6,debit_card,2026-07-03T07:08:21.651000
cdec13a0-b004-4ef3-8e0e-3dbe6be62ca6,CUST000652,Sports & Outdoors,4,358.81,1435.24,debit_card,2026-06-19T23:07:44.823109
9e2b9b12-e7ee-47c4-9a2e-c7873a577699,CUST000302,Beauty & Personal Care,3,873.09,2619.27,upi,2026-04-16T07:44:42.564276
5c3cffc0-0bb4-4bbd-bd52-bcd784c21653,CUST000269,Home & Kitchen,4,1565.0,6260.0,credit_card,2026-08-02T02:34:02.926929
f57db55a-8bed-414e-8223-57217e8f91ab,CUST000663,Beauty & Personal Care,1,1187.1,1187.1,upi,2026-07-07T05:05:04.468185
1189cecd-d6b3-428e-9726-82881248dcc7,CUST000181,Home & Kitchen,5,1347.44,6737.2,wallet,2026-06-10T13:49:32.635171
8e993356-7750-4f79-bd44-648cc8892f08,CUST000329,Books,3,1743.5,5230.5,debit_card,2026-05-11T11:57:57.985293
90c42f1d-2554-4bbb-9d68-b7d9fed9f464,CUST000394,Beauty & Personal Care,5,1205.59,6027.95,debit_card,2026-03-22T01:17:55.208942
39423f04-f6c4-41b1-b048-e70899c5ed44,CUST000080,,3,1889.04,5667.12,upi,2026-03-07T18:45:21.101465
b9b3c79e-dd13-4734-a63f-7dfc87969b85,CUST000077,Home & Kitchen,3,1517.54,4552.62,wallet,2026-06-05T03:45:16.204490
3fcb5f51-e677-4404-88cd-1513724a6a59,CUST000110,Books,3,854.66,2563.98,wallet,2026-05-31T09:29:17.922240
079717ab-83dc-40f1-9e5c-8a49bc20d5d3,CUST000249,Sports & Outdoors,1,1437.12,1437.12,debit_card,2026-05-17T22:41:44.436436
610dc4de-d335-4aeb-85f7-36e456b69ccd,CUST000346,Beauty & Personal Care,4,1369.69,5478.76,wallet,2026-05-19T15:33:12.853297
bfe8639a-02bd-489c-a8a6-0b4f2db71cd4,CUST000517,Home & Kitchen,3,1465.31,4395.93,upi,2026-04-03T08:15:46.267089
f5973c31-f8c9-4ac9-a79a-fe5473594098,CUST000422,Sports & Outdoors,1,1035.43,1035.43,upi,2026-03-26T02:18:50.206515
b7c98862-6267-4e99-b875-0a98c9a1797d,CUST000266,Home & Kitchen,2,629.97,1259.94,cash_on_delivery,2026-07-18T13:31:34.019109
0344ae54-51e6-4040-a548-648cbb713d58,CUST000111,Beauty & Personal Care,4,1443.16,5772.64,upi,2026-04-30T16:35:43.514472
1ab6dd9e-dd8e-4501-824d-03ca77624f93,CUST000107,Toys,5,1103.76,5518.8,wallet,2026-05-05T08:02:55.341972
33dd5369-364c-482d-a33b-23233f99b5b9,CUST000081,Toys,1,1603.03,1603.03,upi,2026-03-19T08:08:46.744012
5543cd44-2312-465f-96d8-aeeacc70518e,CUST000175,Electronics,1,335.98,335.98,upi,2026-03-07T17:29:27.121032
1d48ab35-92e6-4c0a-8c42-bff1509737d7,CUST000117,Fashion,5,1343.6,6718.0,credit_card,2026-07-05T03:15:14.112163
6c12de9b-427c-4c7d-bde7-61a8c2b97dd7,CUST000225,Fashion,5,1043.61,5218.05,debit_card,2026-05-02T04:31:58.835134
2bcf7f4c-36b4-4a79-b99e-6422bc8ac750,CUST000001,Home & Kitchen,2,814.06,1628.12,upi,2026-02-25T00:49:17.770338
68bdf4af-7f1f-4323-b68d-68f5825016d6,CUST000761,Toys,2,1374.21,2748.42,credit_card,2026-02-14T04:59:15.882875
36a261ba-c724-4af0-8da4-c93d2311672c,CUST000741,Home & Kitchen,3,1913.39,5740.17,debit_card,2026-03-12T06:12:35.425908
9734a76d-e433-4385-8e83-b9bb323c4ce2,CUST000525,Books,1,916.31,916.31,wallet,2026-02-17T08:50:14.238942
61d608e1-ca90-4fe7-8e88-9533db422b30,CUST000489,Beauty & Personal Care,2,301.47,602.94,upi,2026-04-20T15:59:25.767826
1bab7702-d530-48f1-8ba7-2ca0aa4a444e,CUST000711,Books,2,324.73,649.46,credit_card,2026-05-18T06:50:38.758377
ef5b1808-1745-4ab7-ad4a-7e0c1b33f89e,CUST000102,Sports & Outdoors,1,661.89,661.89,upi,2026-03-15T00:19:44.144953
430a10d4-0c60-44f2-94af-460286b8c941,CUST000652,Home & Kitchen,4,234.98,939.92,credit_card,2026-06-24T07:41:07.764264
6a9988f5-c7e1-4b89-9dd8-b40fc68634af,CUST000275,Home & Kitchen,5,1953.44,9767.2,credit_card,2026-05-26T15:48:02.055121
3167c38a-a2a5-4276-b506-4c9111e96db7,CUST000698,Books,2,112.7,225.4,debit_card,2026-04-28T15:30:25.666296
3f3f98b5-aeb6-401b-8148-e69235339f9b,CUST000141,Beauty & Personal Care,4,109.1,436.4,upi,2026-06-23T17:34:39.534679
553007b4-3ec6-4d2d-9e4d-22735d5a94dc,CUST000763,Home & Kitchen,1,375.22,375.22,credit_card,2026-07-23T01:34:59.011974
f1b72c05-614f-468b-997c-f6a35b735aa6,CUST000327,Groceries,1,990.34,990.34,wallet,2026-05-24T11:08:24.304374
c3117d46-66e4-4ae5-b049-8ca2ec5de564,CUST000021,Home & Kitchen,4,621.15,2484.6,debit_card,2026-04-29T17:52:15.978816
c5fffe4f-375a-46f4-a9a4-8bc95717f381,CUST000723,Home & Kitchen,2,1378.99,2757.98,debit_card,2026-06-13T21:53:50.539196
04fe5811-1a36-431b-9da5-213e2fb32e2f,CUST000734,Toys,2,998.56,1997.12,credit_card,2026-04-19T07:40:32.573709
99f79963-9395-4c07-8f5d-d81bd735f4dc,CUST000019,Beauty & Personal Care,4,1735.48,6941.92,debit_card,2026-05-17T13:47:36.566918
3e0f284f-77f5-4cad-ba96-c346e4acba68,CUST000772,Fashion,3,1918.82,5756.46,credit_card,2026-03-13T03:09:29.673610
43e9b450-8ca4-4854-96ed-3cff717b3db6,CUST000134,Home & Kitchen,4,1626.64,6506.56,credit_card,2026-04-16T16:51:37.947630
f6dd14c3-654a-4ffa-adf0-a66c060be7c1,CUST000704,Sports & Outdoors,1,820.65,820.65,debit_card,2026-02-25T05:18:55.885372
06bc918e-ef90-48d7-b9c7-de87e236a941,CUST000264,Sports & Outdoors,3,95.58,286.74,wallet,2026-07-12T13:43:59.367075
44c9229e-5db9-4498-89e5-d74511838d8b,CUST000047,Books,2,944.1,1888.2,wallet,2026-07-03T18:41:27.623059
6e7289d7-a3db-40f7-9cc3-5f086eeabd84,CUST000400,Electronics,3,368.25,1104.75,wallet,2026-03-07T22:29:21.890732
f941be2f-aed9-4fe4-a061-8fdd1bda5ab5,CUST000681,Groceries,3,176.47,529.41,cash_on_delivery,2026-03-14T19:17:27.376173
3cdc34b6-3c6f-4458-9c33-ca194243f0c7,CUST000719,Books,3,697.11,2091.33,debit_card,2026-07-27T03:55:03.829051
04e05c88-79de-4f5c-9c80-41a50e855bfc,CUST000232,Fashion,5,298.07,1490.35,credit_card,2026-02-13T01:42:46.688529
e4d5e178-20bf-4ca9-8735-906634b82a54,CUST000690,Electronics,5,1404.64,7023.2,debit_card,2026-02-21T05:15:15.324078
9857f7dd-d8bb-4dc9-b165-f17c67efe70c,CUST000103,Books,4,1886.39,7545.56,upi,2026-03-19T18:09:39.808707
6a0aff69-98ea-4c44-96e8-3c0866eb0ec7,CUST000423,Toys,5,1338.13,6690.65,wallet,2026-06-08T00:58:14.521419
18ed2b3b-87b3-4833-ae19-74947aa8f6c2,CUST000221,Toys,3,1674.79,5024.37,credit_card,2026-04-13T12:41:01.020480
8b162a50-0f43-4807-97ad-90ea4b302376,CUST000625,Fashion,4,1431.14,5724.56,debit_card,2026-07-15T11:01:49.446148
38a82f8b-9faa-4ef5-b95f-1c56fa12b2de,CUST000614,Sports & Outdoors,5,1704.76,8523.8,upi,2026-07-04T01:14:28.512412
ba672532-0fdd-45e3-8aa5-dd42d26257f7,CUST000282,Groceries,2,19.85,39.7,cash_on_delivery,2026-03-21T11:31:31.317895
27a82c25-0359-4dc3-9883-2fef573de4f6,CUST000026,Fashion,1,1865.49,1865.49,credit_card,2026-04-29T12:35:51.542184
61e325b6-d131-479e-87fb-37c96a43e080,CUST000581,Fashion,2,1641.7,3283.4,cash_on_delivery,2026-07-23T14:46:36.876840
8359ed33-5c7d-4fcf-8638-da82d49fdd09,CUST000246,Electronics,N/A,1788.73,3577.46,upi,2026-07-24T00:29:36.620334
b1ba6c41-25ce-4567-be27-4b8019cc0f39,CUST000235,Toys,2,1573.68,3147.36,wallet,2026-03-03T15:19:41.186514
a59c6022-8834-45ff-84fe-bdadfbb1deb0,CUST000741,Fashion,5,92.8,464.0,credit_card,2026-07-25T21:55:37.299668
aa14f507-70e8-4a99-8f56-0f1371b9c549,CUST000430,Home & Kitchen,3,1326.65,3979.95,wallet,2026-07-23T17:01:52.537679
35e714c2-9e0e-4099-934a-519dc4777ea2,CUST000296,Electronics,2,533.7,1067.4,debit_card,2026-04-17T12:58:14.582219
579fe8d1-8d26-4c3d-af5c-08293b5859e1,CUST000181,Books,5,580.37,2901.85,upi,2026-06-14T02:28:41.562267
95a66780-ae08-41cd-9521-7a4715529f71,CUST000609,Beauty & Personal Care,N/A,79.56,397.8,cash_on_delivery,2026-04-15T04:02:11.769899
9c6d2f06-2ad2-48dc-83cd-671857aac0b8,CUST000166,Toys,2,1298.33,2596.66,credit_card,2026-07-10T05:53:34.629987
3d50aed8-3b2c-47f0-ba25-2d6927b04b3a,CUST000410,Home & Kitchen,5,1812.02,9060.1,cash_on_delivery,2026-04-01T16:31:02.913138
f3471125-11ea-4faf-bda0-c68583916e44,CUST000380,Fashion,1,1560.13,1560.13,credit_card,2026-07-21T23:07:19.228277
b311ee28-a9fc-4cb0-a5f5-d16e5ce63681,CUST000336,Toys,5,923.11,4615.55,credit_card,2026-03-09T11:23:39.696684
d26dfbb8-20ef-41c8-b502-c703a987b8af,CUST000324,Beauty & Personal Care,5,394.07,1970.35,upi,2026-07-18T02:55:20.265370
fb4ced07-d9dd-4d1d-b486-80c919ec9c42,CUST000062,Fashion,5,1324.68,6623.4,debit_card,2026-06-28T20:12:59.010518
3141ec05-4028-452f-bd45-9f0fd59dc169,CUST000594,Groceries,4,862.22,3448.88,credit_card,2026-03-06T09:33:30.502226
190dc85f-452b-4005-8687-ac40ab9b5f39,CUST000112,Home & Kitchen,N/A,1586.46,3172.92,debit_card,2026-03-11T17:44:34.704861
58d8d993-754b-453b-be62-a3a5f32a7c29,CUST000412,Beauty & Personal Care,3,1390.93,4172.79,cash_on_delivery,2026-06-03T06:43:55.765249
6be6a79a-0f9a-4016-b580-04aaf9027f15,CUST000294,Electronics,1,689.83,689.83,upi,2026-05-03T20:35:50.216324
2e3d500f-978d-4761-bb05-5f49ad5ddc2c,CUST000038,Beauty & Personal Care,1,1375.22,1375.22,upi,2026-06-17T23:15:35.224289
294f9ad1-a43d-4ec9-a084-cec73ab7501b,CUST000309,Groceries,1,1683.74,1683.74,debit_card,2026-07-03T18:12:47.252104
438cefa8-f8ed-4bc1-9f84-8f93edc02f6e,CUST000103,Home & Kitchen,1,999.93,999.93,wallet,2026-03-12T10:55:56.330281
26069de3-6bf3-4d01-ba91-00246cfc7767,CUST000284,Books,3,565.26,1695.78,upi,2026-03-17T00:09:32.926346
e23ceceb-53b6-46d6-bc6f-1809e3ada1e4,CUST000533,Groceries,1,613.85,613.85,upi,2026-04-12T05:04:23.688615
20de3eb8-1fe8-4ecc-ae01-8f7f6c7ec5f4,CUST000097,Toys,4,1921.68,7686.72,wallet,2026-05-29T12:55:58.492753
556210c3-59b7-4ef1-8839-02eff2a726ea,CUST000359,Toys,4,1989.3,7957.2,credit_card,2026-04-12T23:17:17.590075
d61fbab9-c8a6-44b5-a830-1d5cf8122ba7,CUST000202,Beauty & Personal Care,5,292.07,1460.35,wallet,2026-02-27T13:12:58.348141
3ca7a251-c5c6-453f-a6e7-49f3e4f3282d,CUST000129,Groceries,1,929.9,929.9,credit_card,2026-03-20T21:05:06.988193
6ca4e4c4-4c3a-440e-ad00-19f03e79c0dd,CUST000384,Fashion,1,759.97,759.97,credit_card,2026-07-04T04:57:24.890256
7e100e31-05a0-4e16-b95c-c891f973f719,CUST000321,Beauty & Personal Care,1,1582.55,1582.55,upi,2026-03-08T15:30:47.626125
d10c9c4f-0e25-489c-913d-73269ad4dc33,CUST000227,Sports & Outdoors,3,450.54,1351.62,cash_on_delivery,2026-05-22T15:56:31.003354
932ef54a-3cb5-4bc4-9020-fc5cc162c7f8,CUST000538,Books,5,959.25,4796.25,credit_card,2026-06-30T11:13:49.441019
afb1f324-6ea5-486d-b9bb-f09b7de4542a,CUST000628,Home & Kitchen,1,837.61,837.61,credit_card,2026-08-01T02:35:34.013989
11d9c1a1-75c6-4fd0-b31b-85f7e2106be5,CUST000581,Beauty & Personal Care,3,110.46,331.38,debit_card,2026-07-08T16:12:52.398021
5f50eda3-2459-441f-ac88-833249d19234,CUST000583,Beauty & Personal Care,4,1837.41,7349.64,upi,2026-05-22T11:50:00.359698
141687ad-db4b-46a0-b974-1eb6b41464a1,CUST000546,Fashion,2,92.4,184.8,cash_on_delivery,2026-02-11T11:07:07.778379
5cb1490c-b8e7-482e-951d-3602728248cf,CUST000260,Groceries,4,379.15,1516.6,debit_card,2026-07-27T21:33:37.765257
e7b8cb74-9d1a-4071-8c23-8602d4d69b47,CUST000171,Electronics,3,1916.4,5749.2,wallet,2026-07-30T12:25:01.263238
9142dfa3-33fa-4dc0-8142-c66cb551ca04,CUST000029,Electronics,5,228.77,1143.85,wallet,2026-04-15T01:11:11.360633
99e31f04-3d6c-427f-b068-23ccc0ddceb2,CUST000006,Sports & Outdoors,5,1787.27,8936.35,cash_on_delivery,2026-06-02T01:36:27.906497
931a9c3e-83b0-4ad3-aed1-925673193b0a,CUST000171,Groceries,2,1617.88,3235.76,credit_card,2026-06-20T14:08:43.453794
2de09ef1-46d8-4a99-98c9-7efa5a200249,CUST000775,Fashion,1,1907.26,1907.26,debit_card,2026-04-27T16:33:05.703967
fc53ee27-b82f-4093-91bd-11edfe2d227d,CUST000242,Home & Kitchen,1,1728.06,1728.06,credit_card,2026-06-13T23:06:16.510804
de3f6e02-e7b5-4a6f-9157-853e5035af09,CUST000551,Toys,3,568.88,1706.64,credit_card,2026-03-20T17:12:41.498197
0cb4df20-75a3-4786-8980-f3d3fb1e309d,CUST000745,Fashion,4,538.84,-2155.36,debit_card,2026-08-03T20:40:23.708294
287e8268-8072-430b-bc0b-4fd94165430a,CUST000688,Fashion,2,650.91,1301.82,cash_on_delivery,2026-04-14T01:23:13.386876
f6037d5a-630c-47eb-a5be-8716d95b444e,CUST000443,Toys,3,850.36,2551.08,upi,2026-07-04T22:22:17.499062
df205678-0753-42b8-82ce-0f9353841d2a,CUST000214,Home & Kitchen,3,1943.86,5831.58,credit_card,2026-06-02T23:00:01.685898
08c05372-ef76-4e64-a4d6-69e2d748bf82,CUST000649,Fashion,3,599.62,1798.86,credit_card,2026-08-07T18:24:55.983396
71482a33-39e8-4cc7-8e56-cfa8c4bdb374,CUST000244,Electronics,1,1951.41,1951.41,upi,2026-04-28T02:52:07.118414
bd8c97cb-82df-44e1-9d65-eea057032551,CUST000535,Sports & Outdoors,2,231.19,462.38,cash_on_delivery,2026-05-16T03:33:07.248160
913b6c0b-19fe-46b6-805f-9a391a28f5e5,CUST000092,Fashion,2,34.38,68.76,upi,2026-05-30T16:06:12.830146
6d480250-3c8d-4f29-bb0b-f12de9e6d973,CUST000432,Electronics,3,407.97,1223.91,debit_card,2026-07-12T14:47:45.572119
41167f46-303d-4f06-8a16-cc464ee7bcdc,CUST000492,Books,3,1205.48,3616.44,debit_card,2026-07-31T15:24:58.905455
57cf206f-e674-4604-8ce7-d895ff6d9a34,CUST000014,Fashion,2,1271.09,2542.18,debit_card,2026-04-04T20:56:33.154759
8a6c1981-12a9-4614-a6e1-df974a84507a,CUST000055,Books,2,690.91,1381.82,debit_card,2026-06-22T14:52:37.812969
cf6b98a6-b352-4c8c-8d45-a5a0659b79b3,CUST000130,Home & Kitchen,4,1851.87,7407.48,debit_card,2026-05-25T04:33:33.396972
904ed9cf-292f-4cda-9e46-806f7bf895b1,CUST000287,Books,1,1507.76,1507.76,debit_card,2026-03-19T19:05:38.476937
ac4d6af5-b179-4c01-aeab-6908e4da613f,CUST000007,Beauty & Personal Care,3,534.97,1604.91,wallet,2026-04-21T19:33:48.440459
200d6210-eeb6-45f4-ae60-a1185e27a834,CUST000589,Groceries,1,1576.45,1576.45,wallet,2026-07-28T03:54:01.887791
3a92acdc-857d-40fc-80d6-0ec42df09cd6,CUST000499,Sports & Outdoors,2,1263.91,2527.82,upi,2026-04-22T19:00:56.750127
e128c6b0-6c19-4425-a58f-ccb2a29dbf12,CUST000558,Books,2,952.33,1904.66,upi,2026-07-18T16:38:47.533465
da1e09c8-c4cb-4064-b748-11fd388ec712,CUST000375,Electronics,3,753.51,2260.53,wallet,2026-03-31T16:02:25.050208
85503323-094c-4a40-81b7-402d48bb8c16,CUST000215,Fashion,5,1036.58,5182.9,credit_card,2026-06-18T02:04:52.855219
2aa6d9e2-333a-4439-81cc-82711d0e4cf4,CUST000691,Electronics,1,216.32,216.32,credit_card,2026-04-20T04:14:07.892434
3d1fd968-7fc3-4636-97d3-3c947bc03b93,CUST000067,Electronics,5,770.94,3854.7,upi,2026-04-12T04:50:11.603625
3b5200f8-4b65-4c88-8651-c99bf0b30e6b,CUST000530,Electronics,2,1239.08,2478.16,upi,2026-07-19T13:01:24.550069
627bd4fb-5cc4-4f81-ba40-e07451519cb1,CUST000223,Books,4,1650.57,6602.28,upi,2026-06-06T03:42:04.469354
5a2b7a87-bc0f-4caa-a10b-6b25c41aee7a,CUST000063,Electronics,2,698.93,1397.86,debit_card,2026-06-13T21:50:07.145768
080c36af-0e72-429a-8acd-48a7c1c9a0b3,CUST000404,Books,3,442.05,1326.15,cash_on_delivery,2026-06-21T11:33:17.213368
884374d9-2b18-42e2-9aa4-4927954d2f0c,CUST000693,Fashion,2,1860.2,3720.4,wallet,2026-03-06T03:14:50.164509
77709e11-2145-49c9-881c-3e4a0b51998e,CUST000483,Groceries,3,1105.86,3317.58,credit_card,2026-03-21T16:28:08.600756
5e82742b-ef5e-4562-b79f-9e4c04dbf7d7,CUST000736,Toys,5,992.32,4961.6,cash_on_delivery,2026-03-27T18:01:02.600323
8c07140e-0ab4-415d-bed7-2630f9014d3a,CUST000298,Beauty & Personal Care,4,1702.57,6810.28,upi,2026-04-22T13:26:30.447330
71febc12-a832-477f-9365-57699813afd9,CUST000429,Home & Kitchen,1,116.82,116.82,upi,2026-07-14T04:06:54.869714
b68fcff1-3f08-4e84-b0f3-3d62361f6cda,CUST000594,Sports & Outdoors,1,1724.47,1724.47,credit_card,2026-06-06T02:06:23.970768
d36dbdb9-5c1f-41b0-ad0b-f33db55b068e,CUST000089,Toys,3,192.76,578.28,debit_card,2026-04-24T07:28:59.001528
285c4fde-a33e-456d-bd5f-b87c25cee98a,CUST000651,Books,4,1993.04,7972.16,cash_on_delivery,2026-07-26T13:01:51.403634
fcb7d3a0-9bf6-4f8c-b69b-2ab4755ff1cd,CUST000270,Sports & Outdoors,3,1528.89,4586.67,credit_card,2026-06-30T11:42:04.782746
0ac40d34-4bac-4a75-8315-dbbb440facc3,CUST000511,Toys,3,299.11,897.33,debit_card,2026-04-11T11:43:35.068066
71adbba1-157d-4bf0-b136-989c3032476e,CUST000458,Home & Kitchen,5,1783.34,8916.7,upi,2026-05-20T18:59:13.036929
b1e8942a-0443-4146-b911-918e20344310,CUST000660,Home & Kitchen,1,907.23,907.23,cash_on_delivery,2026-06-12T02:45:38.796038
6674180a-783f-4438-947b-f8dc0d28113d,CUST000478,Books,1,1072.29,1072.29,credit_card,2026-05-11T11:42:18.795319
fe27cf1e-2fcb-497c-82cd-caf356221161,CUST000735,Fashion,1,586.09,586.09,wallet,2026-06-20T07:14:44.398792
c61ee232-8511-44bf-b3b1-4f5a72820d03,CUST000297,Sports & Outdoors,4,1248.82,4995.28,credit_card,2026-06-08T15:19:05.854937
2a9d08ac-1cf0-4d0d-bf5a-660a667dbaa5,CUST000038,Toys,4,1317.25,5269.0,wallet,2026-05-24T09:21:24.210407
35e81943-05d9-49c9-80bd-d88ee9138f37,,Toys,5,273.14,1365.7,credit_card,2026-04-02T10:47:27.293633
716bdc3e-988e-4f6a-b9e1-b82ed8988698,CUST000601,Beauty & Personal Care,2,319.68,639.36,wallet,2026-05-17T19:58:23.273036
1bb26583-9cb7-4766-a510-d71f57d48e44,CUST000563,Electronics,5,1870.96,9354.8,debit_card,2026-07-23T10:07:26.159581
1268ebdc-d34e-4e45-8c68-2ff90377b1f0,CUST000216,Groceries,3,1095.12,3285.36,wallet,2026-06-05T13:37:23.059062
448cf0a6-fe2c-4a39-9244-d330ac751c76,CUST000371,Groceries,2,651.26,1302.52,upi,2026-04-12T11:57:28.050297
52551518-b8c0-4846-b23b-9c3371017337,CUST000532,Fashion,3,326.03,978.09,cash_on_delivery,2026-08-08T15:34:17.529207
9c6535b8-6ed6-4d71-a501-4052ba49c21a,CUST000083,Groceries,4,1878.08,7512.32,cash_on_delivery,2026-07-18T15:29:09.889719
26126a7d-d8e9-4dce-8b7f-8ca6423c140c,CUST000130,Beauty & Personal Care,5,1171.12,5855.6,upi,2026-04-18T01:34:39.457930
496c30f7-dd3c-4ce6-bbe7-223a720896ad,CUST000332,Electronics,1,1253.78,1253.78,upi,2026-04-18T13:26:39.202323
9604cbde-5582-47d0-ac76-ac0cee4ed840,CUST000052,Sports & Outdoors,4,20.71,82.84,cash_on_delivery,2026-04-29T01:35:41.707993
30f4305e-c5e2-4895-a9d4-e2f8aad7d2d9,CUST000634,Groceries,4,1635.99,6543.96,wallet,2026-07-27T22:25:02.034261
65537b49-933a-4c28-8ccc-f2aa114a3987,CUST000237,Books,2,1261.37,2522.74,cash_on_delivery,2026-02-22T14:40:02.533118
2a520f48-9848-445b-bfc1-f99fb46ab611,CUST000597,Electronics,5,1054.4,5272.0,debit_card,2026-02-27T04:36:57.759597
5d864af0-313e-42fe-aebe-0dd4e58d7839,CUST000764,Fashion,1,855.9,855.9,credit_card,2026-03-16T22:52:17.724459
b8169bc3-68aa-4626-b944-f278946c4774,,Beauty & Personal Care,1,110.91,110.91,credit_card,2026-06-09T10:44:38.086626
9b7d2601-17f7-46a4-852a-00fb173c2d35,CUST000616,Books,4,1105.21,4420.84,upi,2026-02-23T12:44:54.920578
cd991075-f72a-494f-a6fe-80526afd84b7,CUST000476,Beauty & Personal Care,1,1150.65,1150.65,cash_on_delivery,2026-03-18T03:13:17.365161
81f7553a-cfd6-4de6-919b-d21c88f03f24,CUST000200,Beauty & Personal Care,2,169.11,338.22,debit_card,2026-08-05T14:22:29.087728
6dd6ef87-de11-43da-8013-94d16f70773c,,Books,2,1960.44,3920.88,cash_on_delivery,2026-04-08T07:15:33.692054
a6b82a93-8ff7-48fa-9426-16506a7d58c0,CUST000151,Toys,2,1267.1,2534.2,debit_card,2026-03-07T16:29:58.372446
041dc536-8753-4de8-b5c9-e259eb0a4f2d,CUST000274,Books,4,184.99,739.96,upi,2026-07-05T20:22:08.679688
e67d30f3-9244-4a8f-8548-8f486292c34b,CUST000695,Fashion,2,1837.48,3674.96,credit_card,2026-06-15T13:37:05.912906
00367278-d70f-4895-a26e-bc4e260ec3e3,CUST000374,Fashion,1,1526.64,1526.64,credit_card,2026-05-03T09:56:46.355719
40869489-c213-444c-bc90-3b255f530db7,CUST000651,Toys,2,367.66,735.32,upi,2026-02-27T01:49:44.185216
0a105c41-152c-4998-af23-82e42447e490,CUST000099,Groceries,4,1598.61,6394.44,upi,2026-06-04T21:01:40.226349
370e6d7d-b3e4-4125-94d5-b3a8df19f99a,CUST000250,Electronics,4,242.01,968.04,cash_on_delivery,2026-04-12T08:34:45.778382
a277b13a-7113-45f7-a02e-22d42f6b6165,CUST000799,Toys,3,1660.82,4982.46,wallet,2026-04-10T19:16:43.396727
850e3139-b00e-43a2-bfa5-546bf7e5e12e,CUST000585,Books,2,55.45,110.9,cash_on_delivery,2026-04-13T17:47:28.507934
c7d85a30-3117-477b-bfdb-782bf1802425,CUST000702,Toys,1,1140.54,1140.54,credit_card,2026-04-10T05:18:18.824430
c536cb9c-676c-447b-b5c8-4b7ef997a4f4,CUST000531,Beauty & Personal Care,3,1692.64,5077.92,debit_card,2026-02-25T11:10:15.759506
02d3c722-3f81-4e19-94fe-c9aec8a45900,CUST000670,Fashion,4,1788.2,7152.8,cash_on_delivery,2026-03-11T04:07:52.941958
c2254714-f5ea-424e-a8f3-6469378dbcd5,CUST000697,Groceries,4,1179.19,4716.76,debit_card,2026-07-23T23:58:55.802136
b061563b-5104-43aa-a9b4-693c6029c3e2,CUST000702,Sports & Outdoors,3,297.28,891.84,cash_on_delivery,2026-03-20T02:18:17.166953
fa7f92d3-8acd-4898-8159-1704cfd0e298,CUST000304,Home & Kitchen,1,680.82,680.82,debit_card,2026-06-10T04:46:06.556637
c4480ad5-9407-440f-9d91-6fd59b40eccb,CUST000320,Groceries,2,460.08,920.16,credit_card,2026-07-29T16:37:01.157043
c6f366ce-fe87-49c1-ae02-40888b90fb7c,CUST000739,Books,3,431.68,1295.04,upi,2026-06-06T19:30:22.275950
af4777de-f706-4512-8ff7-c8f3a6c24171,CUST000415,Home & Kitchen,5,1198.53,5992.65,cash_on_delivery,2026-07-16T05:53:53.092875
84338366-b816-4921-9170-aa61d9b1c135,CUST000265,Electronics,1,697.9,697.9,credit_card,2026-03-17T07:39:21.307874
3138407a-d4eb-470b-a7b4-2dee73f2d2f4,CUST000443,Beauty & Personal Care,5,119.37,596.85,upi,2026-04-09T11:02:21.273730
489ceb78-2c67-4125-aa3d-5643cf8ef1ab,CUST000450,Home & Kitchen,3,328.37,985.11,debit_card,2026-06-14T03:23:14.705493
0291c0c5-3468-48f7-8a1b-cee7a069e644,CUST000659,Electronics,1,1827.34,1827.34,credit_card,2026-07-19T20:03:45.570327
5687684d-870d-490c-a145-e4f817e46deb,CUST000523,Toys,5,1350.31,6751.55,upi,2026-02-22T23:35:31.971173
6b60f08d-54a0-4c81-9712-df53690b6f63,CUST000421,Groceries,5,1876.49,9382.45,credit_card,2026-08-03T19:15:34.749259
387278ee-c4e6-4847-9892-439ae12c2391,CUST000076,Groceries,5,314.33,1571.65,debit_card,2026-04-04T19:23:06.290290
87e67f5e-35f1-42cb-8700-035a011c1dee,CUST000792,Home & Kitchen,3,1693.73,5081.19,credit_card,2026-02-17T18:44:38.003061
709a52d1-6ccc-4015-a938-89e1d07ef0f4,CUST000116,Books,4,803.5,3214.0,upi,2026-06-07T20:57:45.736029
590f8744-bcab-4083-b134-021c942254cc,CUST000207,Beauty & Personal Care,4,102.58,410.32,upi,2026-06-24T05:36:54.872235
d3179030-dab3-48e4-9824-0d6f5e50af8c,CUST000360,Books,5,1161.21,5806.05,debit_card,2026-05-24T21:23:26.649265
d6379f20-8f3b-4dae-a00b-9523738338a5,CUST000092,Toys,2,1653.19,3306.38,debit_card,2026-03-02T22:34:54.278511
2efad4a8-9b2c-415a-aecf-748659e870fc,CUST000583,Toys,5,887.28,4436.4,cash_on_delivery,2026-08-02T21:20:33.482631
92ccb75c-16f2-4d37-b888-e904d1fb80e8,CUST000699,Electronics,5,199.24,996.2,upi,2026-06-04T16:46:27.088533
aa5a1f5d-10e8-4fb4-bb65-ad28b82aae86,CUST000648,Sports & Outdoors,3,1747.5,5242.5,cash_on_delivery,2026-03-14T01:04:17.511791
2772e078-6402-4d96-a5bb-808ca6ec4b76,CUST000437,Home & Kitchen,5,592.63,2963.15,cash_on_delivery,2026-07-22T13:18:34.004340
7e4cbb68-6680-44d5-8d82-b50e9a978d32,CUST000780,Sports & Outdoors,2,1497.14,2994.28,upi,2026-05-12T14:40:42.043390
d2b014b5-6b4f-40b9-b948-8f6509269aa3,CUST000531,Groceries,4,1123.97,4495.88,wallet,2026-05-16T00:05:19.841012
e263c846-d93a-4c03-8300-1bd1ad2f241d,CUST000144,Toys,5,671.86,3359.3,credit_card,2026-03-20T03:37:47.970211
dec8a1ef-9d7d-459d-8d31-58376353213e,CUST000330,Sports & Outdoors,1,1914.03,1914.03,cash_on_delivery,2026-04-20T10:20:31.910319
3d507b30-fbdb-4baa-81ec-e57b2a988606,CUST000400,Books,1,1444.28,1444.28,wallet,2026-03-19T08:06:57.570636
ef1ab216-3d76-4ab3-95e8-8e563e77f745,CUST000650,Groceries,4,547.36,2189.44,credit_card,2026-07-19T16:14:20.385319
1bcb8f61-9850-4f8a-a851-deaf8a551aff,CUST000199,Sports & Outdoors,5,1801.21,9006.05,cash_on_delivery,2026-06-07T06:47:43.609354
ac9b11c4-cba9-4250-aa74-70379a47a9c1,CUST000630,Beauty & Personal Care,3,726.58,2179.74,wallet,2026-04-25T12:46:56.897176
7b7fcace-e9a1-401b-9a0a-71f225bff81b,CUST000514,Fashion,5,929.04,4645.2,cash_on_delivery,2026-05-01T11:23:45.898041
b7d3865b-4682-48ae-9eda-722a8de6b7f3,CUST000086,Books,2,622.19,1244.38,upi,2026-05-18T14:29:08.367806
20f5a648-2af3-4092-84ba-8641f2f0a0c6,CUST000485,Fashion,1,1890.4,1890.4,wallet,2026-06-09T23:04:42.325127
1db4bf83-886a-4c80-944f-29e5b2e9eaea,CUST000537,Groceries,3,1340.94,4022.82,debit_card,2026-04-09T12:47:12.039855
052eabf5-4c90-46ac-9d08-3d7d43036e9f,CUST000138,Books,4,830.05,3320.2,credit_card,2026-06-06T20:38:05.426702
d0acd325-3373-4bf2-bbcf-06ebfd0f994a,CUST000251,Fashion,2,396.0,792.0,upi,2026-04-19T12:08:34.163439
183cf441-897d-4ce8-a4f3-57a405b0f131,CUST000011,Beauty & Personal Care,2,1621.96,3243.92,upi,2026-04-10T12:32:19.336371
c20e1fa3-43d4-43a1-927d-c25ac406d5e4,CUST000483,Fashion,2,1731.6,3463.2,debit_card,2026-07-10T12:26:34.229062
555d388a-b4a1-43a1-88e0-8ac03e06c202,CUST000616,Home & Kitchen,5,1488.59,7442.95,cash_on_delivery,2026-05-10T08:53:08.207726
b2a789ed-93f4-4f44-a5a0-5ef82892cf58,CUST000461,Books,1,868.88,868.88,cash_on_delivery,2026-06-05T17:52:06.529501
d2bec1dc-59c3-427e-b045-c01c4d195448,CUST000725,Electronics,3,1502.07,4506.21,debit_card,2026-05-15T13:40:18.785723
32b51d4e-0980-40aa-b351-9ae918b256bb,CUST000092,Fashion,1,1760.01,1760.01,cash_on_delivery,2026-06-01T00:38:27.251161
9279ad7e-2ddd-4af8-aab3-487dc7635bda,CUST000214,Groceries,2,1609.7,3219.4,credit_card,2026-04-17T10:57:34.984661
51c851bc-7ca7-42bb-bab0-84460079142a,CUST000388,Toys,5,1921.51,9607.55,debit_card,2026-02-12T07:00:14.142155
ee719a38-1f75-44c4-bda3-0688d76fec86,CUST000067,Beauty & Personal Care,1,1336.83,1336.83,credit_card,2026-05-01T16:04:30.304170
2f06b730-bab4-4eea-b388-e793c9a2ef9a,CUST000713,Toys,3,1918.0,5754.0,debit_card,2026-03-01T21:38:03.517237
ac80b3fd-016d-417d-ac32-0967049a505a,CUST000396,Toys,4,74.48,297.92,debit_card,2026-06-14T08:47:46.895906
7e64cf2e-6cc2-4ad2-a02b-06f91f347b3a,CUST000181,Groceries,5,1764.62,8823.1,wallet,2026-07-23T20:47:36.626034
b7102931-0ff8-4520-bde8-0f625ae97118,CUST000074,Groceries,5,1610.28,8051.4,wallet,2026-06-19T22:56:21.596719
c927401d-7db2-47e9-843f-138d8923c2f3,CUST000781,Electronics,5,1334.31,6671.55,wallet,2026-07-11T18:59:36.017395
5935e548-a194-4dbe-955c-c71f8294e161,CUST000575,Toys,2,277.12,554.24,upi,2026-05-03T03:30:19.810697
7af8f016-d1de-441a-9ea5-7bd751855969,CUST000408,Fashion,5,1522.53,7612.65,wallet,2026-06-27T08:49:45.638915
7583d0a4-3c86-42ca-a4bf-1adaa8f6c28e,CUST000040,Electronics,3,24.66,73.98,wallet,2026-04-01T05:28:56.128636
c544391c-37c3-454d-9f0e-3e8621651167,CUST000564,Home & Kitchen,5,355.66,1778.3,credit_card,2026-03-02T23:22:39.125988
480b1ff3-fffb-4e5e-9116-77d8dade9412,CUST000482,Electronics,3,1902.86,5708.58,upi,2026-04-21T21:17:01.039385
0df05de8-5538-42d1-a13c-ff13cea54bd5,CUST000093,Electronics,5,763.8,3819.0,upi,2026-04-29T22:22:52.385860
89e2a028-3b2a-49c6-a643-d8a720faf50e,CUST000371,Beauty & Personal Care,2,616.79,-1233.58,wallet,2026-03-11T17:50:53.471415
7bf41e07-07dd-4f3d-b82e-0d280bc4b150,CUST000265,Electronics,5,376.16,1880.8,debit_card,2026-04-06T14:52:17.599261
7652a964-4415-4775-9709-9a5e74bd66eb,CUST000105,Electronics,5,183.79,918.95,credit_card,2026-05-31T21:56:41.946340
346a5998-0562-4ca1-9532-6fbf39d98f58,CUST000782,Beauty & Personal Care,5,1651.5,8257.5,wallet,2026-03-25T16:41:39.157807
4b999149-730a-4468-88d8-51d36bcf81b5,CUST000163,Fashion,1,330.7,330.7,wallet,2026-07-18T21:47:39.702886
ff3c786e-833a-435e-94a6-aeccf1fb63ae,CUST000028,Electronics,5,1919.91,9599.55,wallet,2026-07-12T18:13:36.827254
ccbbbfdb-9f18-47f0-b95a-b4cd81764ab0,CUST000382,Electronics,4,647.08,2588.32,upi,2026-03-03T04:24:40.875751
99598141-a5af-4d50-883e-1b07feb40a96,CUST000737,Books,4,1441.34,5765.36,cash_on_delivery,2026-06-21T04:27:09.783233
807aaa9d-d8df-41f2-b000-b65fac524a28,CUST000410,Electronics,N/A,371.94,1115.82,credit_card,2026-02-20T07:52:34.872345
63e274b1-43e2-42ea-b60a-ddc95ce321e4,CUST000314,Fashion,4,1737.76,6951.04,credit_card,2026-04-17T17:31:37.783734
46901544-06e2-42d6-a7c7-06ad2a6ce70e,CUST000474,Electronics,2,663.85,1327.7,credit_card,2026-02-23T21:03:49.874849
e8fa748c-26c3-42ac-9e49-cc81b3d0fd28,CUST000571,Books,1,1644.94,1644.94,wallet,2026-04-08T02:27:31.237469
ae565fbb-4a17-4b7c-9096-d6497070b68c,CUST000554,Beauty & Personal Care,3,1371.04,4113.12,upi,2026-03-24T20:03:08.719782
95b554aa-60ac-4448-973d-f7e462a68de5,CUST000460,Groceries,5,406.67,2033.35,cash_on_delivery,2026-04-15T01:16:10.279238
bd46d093-bbe8-4581-9e95-d48067b12978,CUST000391,Beauty & Personal Care,5,1385.64,6928.2,debit_card,2026-08-04T11:44:13.078265
3d24d246-28d4-4190-bb67-1311ca58d717,CUST000627,Home & Kitchen,2,117.05,234.1,debit_card,2026-03-14T17:05:57.810503
bc342bb9-73d0-4e9e-978e-c2351127c41e,CUST000424,Books,3,709.04,2127.12,credit_card,2026-04-25T03:22:20.589045
1c5aff69-a42d-4cda-be60-3a2c729c0b17,CUST000607,Sports & Outdoors,3,161.52,484.56,cash_on_delivery,2026-03-23T04:33:46.485585
8d69d00e-0340-4bc9-96dd-0c35c813bacd,CUST000368,Beauty & Personal Care,1,208.95,208.95,debit_card,2026-06-17T12:04:44.039889
598a1716-e597-4911-ba33-776891f0b714,CUST000183,Toys,4,928.13,3712.52,credit_card,2026-05-20T10:35:42.053504
f0e1c3fb-bef3-4ac2-85c2-f0a5a093a0e1,CUST000292,Toys,5,563.92,2819.6,credit_card,2026-07-27T09:06:48.631973
073d4698-277f-4918-a894-53ea849918ac,CUST000081,Sports & Outdoors,3,1323.53,3970.59,cash_on_delivery,2026-04-27T03:15:01.177301
5b70f425-776e-4d00-b3ff-828d12f40504,CUST000693,Sports & Outdoors,2,770.77,1541.54,credit_card,2026-04-08T08:46:50.383329
27cd9763-98eb-4560-96d0-acb5f188da05,CUST000475,Sports & Outdoors,4,1304.24,5216.96,cash_on_delivery,2026-07-27T17:20:52.003754
c18a45c1-076c-43f3-a737-2ab4d59391bd,CUST000788,Groceries,4,906.57,3626.28,upi,2026-02-19T12:50:19.283322
31976c0c-b001-43a0-9b6f-943eedb32bdf,CUST000607,Fashion,1,674.33,674.33,upi,2026-03-02T11:06:41.301399
7ad183de-0bd1-4d1a-9eb4-ea2bb70e7a4f,CUST000280,Books,3,1927.37,5782.11,cash_on_delivery,2026-03-31T21:17:30.291457
dc0c7001-0c3e-494c-950d-82e30b9f6e0b,CUST000322,Toys,2,1293.15,2586.3,credit_card,2026-06-11T11:37:49.275569
98609c18-0210-42ee-9563-511f80487cd1,CUST000731,Electronics,2,340.5,681.0,debit_card,2026-05-09T18:39:38.581646
5f0f23a6-fa5d-48e2-b567-7e851d5e3839,CUST000030,Books,2,1368.01,2736.02,upi,2026-02-19T23:38:12.354181
59c8f00d-edf0-484e-a021-5322c61cf4cd,CUST000159,Toys,3,1263.85,3791.55,credit_card,2026-05-30T18:26:35.349777
99a01125-5f70-429c-b720-e1848cfd86b0,CUST000346,Groceries,3,1775.29,5325.87,cash_on_delivery,2026-04-10T16:44:07.822283
77395f5a-71de-4cb0-90b5-ebcde6586b1a,CUST000119,Electronics,2,374.3,748.6,credit_card,2026-08-05T07:27:45.051227
ab2ace56-b5c3-41e2-82b0-476e8817d1f9,CUST000088,Books,2,1340.17,2680.34,debit_card,2026-05-07T21:53:24.781002
067ba619-0cb6-49b9-8878-9adbf0372a70,CUST000341,Fashion,2,1656.63,3313.26,debit_card,2026-03-14T17:15:43.939514
25eec26b-790f-4c95-8eb9-51d399040442,CUST000687,Books,2,729.81,1459.62,credit_card,2026-07-17T22:00:13.860763
370793ed-8c46-451c-9454-e9e902a184d1,CUST000706,Groceries,3,159.71,479.13,wallet,2026-08-06T14:03:25.065687
53736ebb-6c98-4213-bb4a-7d51b47fe651,CUST000699,Groceries,1,291.91,291.91,debit_card,2026-07-03T19:09:29.089513
9fdd1ab9-4bd8-4c56-b415-4e02dc18d1f3,CUST000575,Electronics,3,1332.78,3998.34,debit_card,2026-04-17T14:51:41.193424
f4d1720a-3f8c-4698-8d69-0d9e5e1a3c62,CUST000725,Beauty & Personal Care,2,1106.54,2213.08,debit_card,2026-07-02T01:18:08.464337
a1df83ea-a256-4e6c-b562-4d08c201e99d,CUST000175,Fashion,2,1222.2,2444.4,upi,2026-03-26T00:56:18.174290
7788c25a-8e66-4f54-a945-496fb5e28bed,CUST000241,Books,2,652.4,1304.8,upi,2026-03-20T21:38:42.470906
44ffd5d9-162f-44e2-80e3-1676d230c9fb,CUST000026,Sports & Outdoors,3,1110.27,3330.81,cash_on_delivery,2026-07-24T16:01:01.040369
765f6b38-b839-4423-ba21-5589bcc29ed9,CUST000748,Groceries,3,563.57,1690.71,wallet,2026-04-11T12:45:26.272627
99b50c7d-8458-4f5c-97f9-1c66a086a7b8,CUST000412,Fashion,4,1646.06,6584.24,upi,2026-03-29T03:48:37.479369
1881ee7e-aa69-4063-9bab-c3303823a550,CUST000347,Sports & Outdoors,2,1511.16,3022.32,wallet,2026-06-02T21:10:37.958839
8384cacb-b2e2-4bcd-8df7-797702ceeaa0,CUST000775,Groceries,1,40.74,40.74,debit_card,2026-02-25T00:02:33.788825
a58678ea-8f13-4e29-a6c8-2683e4dfc66d,CUST000105,Fashion,5,1951.69,9758.45,cash_on_delivery,2026-06-04T21:49:42.248388
fa95a33a-8223-44d5-b715-d73a1fc2f766,CUST000121,Home & Kitchen,5,1611.8,8059.0,wallet,2026-06-25T21:05:46.133435
4c4a0308-05bb-4d47-9609-defc32d60a94,CUST000208,Toys,3,1622.67,4868.01,credit_card,2026-06-28T07:09:49.218214
6e6df998-79c0-4d87-aad5-ba52f1448158,CUST000434,Groceries,4,1030.93,4123.72,credit_card,2026-05-23T14:14:43.972363
c2042482-9b9a-47cf-8556-00df9eb477ab,CUST000383,Fashion,2,1409.57,2819.14,cash_on_delivery,2026-05-06T16:18:43.560347
2d276aec-ac8c-439d-81e8-4da646fb0b71,CUST000397,Beauty & Personal Care,3,1327.65,3982.95,credit_card,2026-02-13T14:35:48.438350
819ddf15-4232-4e1c-994b-3a691acf5f7f,CUST000715,Books,2,1461.27,2922.54,credit_card,2026-07-15T20:15:03.914899
9b8e169b-4e60-4fd8-9686-470c4f989a01,CUST000215,Toys,3,1918.19,5754.57,credit_card,2026-07-21T17:52:30.470083
1b7de49b-c893-4d33-a370-86c313d200a6,CUST000215,Home & Kitchen,2,50.57,101.14,wallet,2026-04-06T16:44:43.914443
d8255a8f-51bb-40e8-86a1-c470142fcf1a,CUST000323,Groceries,1,98.47,98.47,upi,2026-04-26T01:02:52.552852
14fb9bd8-421a-4220-bd1e-f0ac9fe07ad9,,Beauty & Personal Care,1,700.03,700.03,upi,2026-02-17T00:39:45.531801
44ba89a2-f302-4945-b241-87212251b401,CUST000232,Books,3,773.84,2321.52,upi,2026-07-29T07:43:01.046657
b40cd27c-c9e0-4eb3-9f1c-7ab3db8574c3,CUST000262,Groceries,2,678.1,1356.2,cash_on_delivery,2026-03-04T17:46:33.273052
7821548d-52ec-4dc1-bb4d-02f0cf372146,CUST000085,Sports & Outdoors,3,1579.06,4737.18,debit_card,2026-03-07T02:19:55.049083
d1b32080-d3b7-41da-ac95-f1116b6da79b,CUST000500,Beauty & Personal Care,3,877.71,2633.13,credit_card,2026-03-16T14:47:53.731981
5410d292-73c6-4563-a349-18a4b4f52c35,CUST000622,Beauty & Personal Care,2,681.24,1362.48,cash_on_delivery,2026-04-08T16:39:52.647025
f626d7ae-57dc-4c7a-98b0-e51e0810ed91,CUST000330,Beauty & Personal Care,5,678.82,3394.1,debit_card,2026-05-28T07:14:52.941564
a134d787-8c70-4b51-9889-c1a4970d681e,CUST000670,Electronics,5,92.0,460.0,wallet,2026-06-18T23:02:13.743904
e4c45242-3958-45d6-8c0c-0bbe65da04ff,CUST000619,Electronics,2,1157.99,2315.98,wallet,2026-04-16T18:41:42.635927
fd18fdcd-582c-4c5d-8a1b-ed57820c411a,CUST000674,Fashion,1,1927.89,1927.89,wallet,2026-06-06T05:06:18.592776
0ba3d778-5457-4c0b-97f0-06527c5f09f9,CUST000250,Sports & Outdoors,4,1043.96,4175.84,cash_on_delivery,2026-02-25T04:30:29.419662
153962ca-2003-4b9e-a954-e35fe6afacd9,CUST000051,Sports & Outdoors,3,508.39,1525.17,upi,2026-07-30T10:59:08.618553
6f148c36-4fb0-4d7d-b867-11e838b6a4d9,CUST000039,Home & Kitchen,3,114.55,343.65,debit_card,2026-04-25T23:21:21.584601
02fd5a85-8f85-403f-83ea-ceb2269266c9,CUST000136,Books,3,845.01,2535.03,credit_card,2026-03-29T18:42:26.145644
1df49554-1463-4319-a11f-1cd33b897020,CUST000067,Sports & Outdoors,2,496.21,992.42,debit_card,2026-03-08T01:02:13.012203
9f6ea56f-f98a-4bd7-bb62-71f46f3b8f0b,CUST000296,Sports & Outdoors,3,1225.39,3676.17,upi,2026-06-15T17:17:26.854668
0c3c8b36-fe11-423a-8954-a3c32d578c34,CUST000758,Groceries,N/A,1490.51,1490.51,wallet,2026-05-19T08:36:49.802855
7817b4ad-6ce6-44dc-81cf-c4b73243e9df,CUST000438,Electronics,4,152.01,608.04,cash_on_delivery,2026-02-18T23:09:42.533115
4acfeb2f-2aba-4247-a412-871fe8777d31,CUST000729,Sports & Outdoors,2,1110.52,2221.04,debit_card,2026-05-17T05:19:49.232595
fdb890b8-275d-45fc-a399-3ad50c50172c,CUST000449,Home & Kitchen,5,1252.57,6262.85,credit_card,2026-04-23T22:37:51.221220
2f21be6f-bf89-4a3a-8770-2036247238db,CUST000786,Home & Kitchen,4,312.68,1250.72,debit_card,2026-07-08T19:51:54.884530
5082757b-4fb8-43f3-83f0-1839cf79790a,CUST000036,Electronics,3,357.85,1073.55,debit_card,2026-03-03T21:44:35.484111
566b19cb-3cbb-4202-a9e2-31f8e703ca64,CUST000442,Home & Kitchen,2,1206.29,2412.58,upi,2026-04-23T16:11:20.746263
db241025-62f2-4168-9d80-8a02bf424ea4,CUST000529,Books,5,1200.72,6003.6,credit_card,2026-05-19T04:27:42.815451
ec2ff380-5978-41e4-90cb-16ae7dffd31f,CUST000481,Home & Kitchen,4,1660.55,6642.2,upi,2026-05-22T20:07:49.087543
78cd5dab-dbaf-431f-b758-0ff5fbf2b740,CUST000073,Beauty & Personal Care,1,1255.59,1255.59,debit_card,2026-05-05T10:56:29.385778
3a91ed70-dab3-4aa8-926a-8900fe06846f,CUST000658,Fashion,1,966.88,966.88,credit_card,2026-03-22T19:25:55.599350
8bec4895-1299-4d32-94f0-3059d8bc673d,CUST000587,Fashion,5,273.77,1368.85,credit_card,2026-04-28T01:00:29.728077
94351319-0bcb-44e7-b64c-f0db9d377e72,CUST000246,Groceries,5,753.25,3766.25,upi,2026-05-24T08:07:34.501573
05d255f0-3672-42ed-bea0-3bea2cbfe4ee,CUST000602,Groceries,3,1979.5,5938.5,upi,2026-04-26T06:04:11.005013
5d2b9568-c796-44ae-ab45-884e8f5f3400,CUST000548,Groceries,1,1945.09,1945.09,debit_card,2026-03-04T15:28:20.844498
0376f186-831f-4717-98d2-cc89bcbd64f6,CUST000670,Electronics,5,195.73,978.65,credit_card,2026-03-19T02:13:58.164394
ccb0448d-1081-4cb5-9e10-0f28ae523e92,CUST000206,Beauty & Personal Care,5,393.52,1967.6,wallet,2026-05-05T02:48:44.671381
1511765b-3900-457c-9520-1c1ff98773f3,CUST000554,Fashion,2,574.28,1148.56,upi,2026-05-14T21:02:17.645741
f905bea6-3852-4d65-b445-0990c43d1474,CUST000429,Fashion,2,1595.69,3191.38,cash_on_delivery,2026-05-08T00:22:59.867269
67e31568-6d2d-444e-95e8-a3e63f2aa02d,CUST000783,Sports & Outdoors,4,1760.86,7043.44,cash_on_delivery,2026-04-15T13:49:16.000584
fc2ab107-b684-4169-b22d-a02428c91f6a,CUST000497,Groceries,4,1256.27,5025.08,wallet,2026-04-30T02:39:23.632793
62633089-2152-4aed-a74b-24750ee86b10,CUST000127,Beauty & Personal Care,4,837.23,3348.92,debit_card,2026-05-29T03:11:42.312888
e09c599c-9996-4728-a4c3-0e4a72f3aff9,CUST000754,Books,3,1853.36,5560.08,cash_on_delivery,2026-06-05T01:08:48.164178
1f756e37-3df8-4eed-8b2f-dc91551e1eec,CUST000221,Fashion,3,53.17,159.51,credit_card,2026-02-23T08:12:35.775025
21ccbcc0-6a82-49d6-88f1-ca9c478ce736,CUST000624,Home & Kitchen,1,494.24,494.24,wallet,2026-05-04T04:35:52.114949
f52d53c5-d5d2-4992-a329-cc8fd8f5f312,CUST000743,Electronics,4,1910.11,7640.44,upi,2026-06-09T12:55:24.091697
484bb96f-5dc3-4c76-b0b8-ce3e4e731860,CUST000728,Home & Kitchen,2,709.25,1418.5,debit_card,2026-03-26T00:44:25.912056
47eb2632-32dc-4d2b-a22d-8acf93937f8a,CUST000120,Beauty & Personal Care,2,1969.5,3939.0,wallet,2026-04-03T13:27:07.845547
4ac52899-ef93-4d8c-b0de-2f4fdf3089e6,CUST000438,Toys,N/A,1248.95,6244.75,cash_on_delivery,2026-07-27T03:19:05.573703
877173dc-10e4-41f0-8be4-cd18faf0ecc0,CUST000087,Sports & Outdoors,4,1692.37,6769.48,cash_on_delivery,2026-03-24T19:50:09.796679
b523d70b-d598-4a43-b059-ff9fe7954a4b,CUST000136,Toys,2,1451.24,2902.48,cash_on_delivery,2026-03-18T14:41:19.467422
82bd0de9-1925-476b-94e9-b32f0aa4ccc8,CUST000705,Home & Kitchen,5,550.54,2752.7,cash_on_delivery,2026-07-05T22:28:47.067797
639994b4-5d9e-4dfb-bf00-c144d5f2dc11,CUST000463,Fashion,4,589.84,2359.36,upi,2026-08-02T07:28:17.058943
b4033aeb-e424-408e-8f88-592298b1e46f,CUST000650,Beauty & Personal Care,3,254.71,764.13,wallet,2026-03-23T04:38:34.773858
bf9114f6-365f-466e-a6a1-a128d97bf602,CUST000081,Beauty & Personal Care,3,1813.11,5439.33,credit_card,2026-06-26T18:16:39.443962
68817551-39b9-42df-a910-66baf26ebc2a,CUST000239,Electronics,2,276.9,553.8,upi,2026-07-25T11:56:41.807228
22b72a71-a91e-495b-8946-d7aae653a45e,CUST000729,Beauty & Personal Care,2,1830.14,3660.28,debit_card,2026-04-24T20:41:47.842873
839f2232-2deb-43f3-8d5f-e5b6d2757d01,CUST000015,Sports & Outdoors,5,485.64,2428.2,credit_card,2026-07-22T00:28:10.397189
88551c9d-88fc-486d-a689-8ce1f9ed5a0b,CUST000168,Groceries,3,494.4,1483.2,credit_card,2026-05-28T01:26:15.032015
d987aadd-71a4-4240-9def-9c60b629acd8,CUST000593,Sports & Outdoors,5,707.65,3538.25,wallet,2026-07-04T00:50:27.595097
316fc92a-c3bd-4648-8188-9d9fe5b8e8ab,CUST000157,Groceries,1,792.97,792.97,credit_card,2026-07-14T00:14:15.990963
4d8b3a3b-701b-455d-a092-33076294799b,CUST000726,Electronics,1,546.64,546.64,cash_on_delivery,2026-06-01T06:32:00.113281
25ddfa21-c923-4b43-9766-4818f59205a7,CUST000640,Electronics,1,1942.43,1942.43,cash_on_delivery,2026-04-25T10:25:33.696254
6aee733c-79cc-4e6c-96e2-7f504b336a14,CUST000515,Home & Kitchen,1,838.77,838.77,cash_on_delivery,2026-03-12T15:37:25.474398
40e67bcf-b8b8-436f-a170-6319ee6911b7,CUST000602,Books,5,1744.67,8723.35,cash_on_delivery,2026-02-25T00:00:31.331836
3ef90b99-1e91-409b-95d7-0185c5e315bf,CUST000754,Home & Kitchen,4,590.73,2362.92,wallet,2026-05-04T05:13:34.295706
6eb97514-c837-4ab7-b95c-8d14f99ce5ae,CUST000079,Toys,1,230.8,230.8,debit_card,2026-07-31T16:14:32.436650
172eba8c-b259-46ec-85cb-1afaed8944c6,CUST000769,Books,4,1006.21,4024.84,debit_card,2026-07-20T14:29:55.075804
80e3547d-7dd3-418f-b1b6-5326675d3854,CUST000071,Beauty & Personal Care,5,219.39,1096.95,upi,2026-07-19T08:30:01.689409
261d33c2-2cd9-4520-89e2-f263807ae6b0,CUST000781,Sports & Outdoors,4,1631.51,6526.04,wallet,2026-03-01T04:53:48.554046
b419e613-948b-486e-a5e4-568510661705,CUST000752,Electronics,2,1981.4,3962.8,cash_on_delivery,2026-04-04T07:00:33.901757
c370afbd-146e-4754-ada8-62b9f64bbea8,CUST000361,Home & Kitchen,5,1311.59,6557.95,debit_card,2026-06-10T05:51:55.934237
09b6c91d-1932-4056-9a51-1b2cf04893c1,CUST000025,Toys,2,1810.39,3620.78,debit_card,2026-06-04T22:02:48.078038
b50ca6cd-05ed-4066-8e4c-081f4a8f85bd,CUST000364,Groceries,5,16.21,81.05,wallet,2026-04-23T01:34:07.119429
a62269ed-4f54-4b4d-9d7c-8a1fe51cfe8c,CUST000113,Books,5,734.35,3671.75,credit_card,2026-05-14T15:43:45.162300
1e653d2e-3caf-45dd-ab1b-4482f4323e8d,CUST000591,Electronics,4,1290.03,5160.12,wallet,2026-04-26T09:50:46.302885
5be269d3-6cbc-4889-bc25-4087305be2f6,CUST000414,Books,2,1567.64,3135.28,cash_on_delivery,2026-04-22T17:21:59.821726
9bafdfd7-ff35-4fe2-a8d3-283e3a8860f7,CUST000735,Home & Kitchen,2,31.11,62.22,cash_on_delivery,2026-04-09T10:02:36.045036
3ca44639-5f8f-4bd2-a4a3-da41fe02500d,CUST000415,Sports & Outdoors,2,1091.28,2182.56,cash_on_delivery,2026-07-03T17:47:37.423651
62110236-8803-49e0-9292-62d0460faa3c,CUST000649,Home & Kitchen,3,1509.99,4529.97,upi,2026-02-24T21:57:09.286757
771054f0-719e-4267-bdb1-cdd4d1975264,CUST000082,Fashion,1,929.88,929.88,cash_on_delivery,2026-07-09T13:02:40.919544
6c238c23-8dcd-4bdb-b88e-d2776d4a1cfd,CUST000780,Beauty & Personal Care,1,1847.34,1847.34,cash_on_delivery,2026-02-11T12:27:01.865969
1db25cb0-0454-4959-a258-af5b144ee138,CUST000770,,1,525.3,525.3,wallet,2026-07-03T18:24:07.459444
9e8f176c-8b5e-4170-aa31-6352252d3d86,CUST000043,Fashion,2,809.54,1619.08,upi,2026-06-22T18:00:40.711435
77377246-ebf2-4aa8-bdc3-b82eba31f26f,CUST000510,Beauty & Personal Care,4,963.4,3853.6,upi,2026-07-26T19:39:34.235715
c7d7dcce-106c-4c2f-9223-0462421032c6,CUST000353,Sports & Outdoors,3,1170.77,3512.31,credit_card,2026-08-03T18:14:09.023134
324970b7-2dcb-4aad-83e2-7fb5a591e29e,CUST000642,Beauty & Personal Care,1,698.97,698.97,wallet,2026-07-04T02:21:13.513973
26cfa3b8-345d-4abe-8a27-c4d8b6a2ca81,CUST000167,Sports & Outdoors,2,517.27,1034.54,credit_card,2026-06-19T20:56:03.046955
4dcfdab1-efa7-4785-92ce-2ce2696f9c4a,CUST000689,Toys,4,340.27,1361.08,credit_card,2026-05-28T06:11:07.919841
06ef1d50-f451-4aa0-8bd3-8ad6f92c99b1,CUST000752,Toys,2,1935.69,3871.38,upi,2026-06-10T23:42:12.421685
8215ff84-3e0c-45b3-894a-4c2bdf05620a,CUST000559,Fashion,5,242.12,1210.6,cash_on_delivery,2026-08-05T10:15:44.011660
d87a176c-4a35-479b-9d79-5932aa1e75ca,CUST000461,Toys,4,1802.83,7211.32,debit_card,2026-06-14T23:13:56.410618
ddd4a520-49e0-485d-b67d-8a69cf1ed281,CUST000153,Home & Kitchen,5,358.96,1794.8,wallet,2026-03-07T03:41:17.731644
3c89c10f-04e1-4e8e-94fd-3eda31b53081,CUST000443,Home & Kitchen,5,1588.32,7941.6,upi,2026-02-20T23:10:05.449845
ca8231a3-9d71-4c25-aff6-343ac54bc666,CUST000191,Toys,4,94.01,376.04,cash_on_delivery,2026-06-08T18:47:18.799296
b36d1551-bb04-44e4-9045-5e8d92dbe08f,CUST000770,,3,549.66,1648.98,upi,2026-06-29T23:24:59.881068
4d7c1d28-2880-4ec8-9ac9-df744e18c7b3,CUST000215,Home & Kitchen,3,7.79,23.37,wallet,2026-03-30T11:27:16.383973
f2c126db-82a6-4320-8be5-c818d7a7130f,CUST000300,Toys,4,284.01,1136.04,upi,2026-06-22T21:29:37.825776
3741c679-4d2e-4b13-95cb-f5fea1f630c1,CUST000731,Beauty & Personal Care,1,1950.69,1950.69,upi,2026-05-25T02:58:31.804270
648fd54a-1bb6-443c-9cdc-8f2f7ea0a7d2,CUST000574,Groceries,3,488.42,1465.26,cash_on_delivery,2026-02-19T12:13:03.858543
ea6f42fd-bc77-4eb6-8fbf-6e4478afb5f0,CUST000405,Sports & Outdoors,1,475.38,475.38,upi,2026-05-29T06:44:24.651546
9c93ec13-f596-4b7f-a8ee-94764f23401a,CUST000085,Books,2,1056.26,2112.52,credit_card,2026-03-12T20:47:14.774309
5099c4a2-609a-405d-8ddb-ad2a429833d2,CUST000151,Toys,2,191.91,383.82,cash_on_delivery,2026-07-11T10:48:56.753195
c29d969b-5a5c-4fff-96af-f5888410257e,CUST000018,Beauty & Personal Care,2,341.61,683.22,credit_card,2026-07-15T17:15:18.852997
f92bf559-1cb9-4313-8168-41a725d6853b,CUST000613,Home & Kitchen,1,1417.61,1417.61,credit_card,2026-03-18T17:46:18.357547
80d5d214-004d-4ee8-af2f-64defa51a81c,CUST000004,Sports & Outdoors,2,496.12,992.24,cash_on_delivery,2026-05-16T20:20:36.425586
3b919921-782c-4b28-9a57-4636c635a2ef,CUST000556,Sports & Outdoors,3,232.47,697.41,wallet,2026-07-22T11:04:59.905210
360df7e9-0cab-4973-bcba-3f506b83a632,CUST000194,Electronics,2,1310.43,2620.86,debit_card,2026-03-01T23:52:24.196423
6d3d8126-146b-4573-83a0-82005d108fab,CUST000479,Sports & Outdoors,4,858.2,3432.8,cash_on_delivery,2026-07-21T11:43:35.357726
48cc7fb1-c9dc-4fab-88ab-78987cf3c179,CUST000223,Electronics,3,307.51,922.53,upi,2026-07-08T09:20:38.800305
b173b88b-d167-4907-b1e2-95de01b1aac7,CUST000608,Home & Kitchen,5,1644.77,8223.85,cash_on_delivery,2026-08-07T08:55:19.076226
ac4cb2d5-1d1b-471a-84e7-16eac46d4488,CUST000543,Electronics,2,610.17,1220.34,upi,2026-03-30T04:18:22.400542
c49df27f-9aa5-4136-b390-91d2f9b803ec,CUST000140,Books,5,402.92,2014.6,debit_card,2026-04-21T07:39:44.926085
a4a2c3ce-f82d-4427-bf90-1ec44f687396,CUST000460,Home & Kitchen,3,1611.92,4835.76,wallet,2026-02-13T18:11:09.979356
989e9c49-6bef-4cf5-9ed3-244d8f0914b1,CUST000248,Toys,1,805.97,805.97,cash_on_delivery,2026-06-14T00:23:20.900292
6a05d931-5d03-4bac-8690-9e820fffee42,CUST000371,Sports & Outdoors,4,1168.98,4675.92,cash_on_delivery,2026-08-04T05:46:05.822092
06ec1970-6ae6-4012-8853-b301b430daf5,CUST000473,Toys,3,720.69,2162.07,cash_on_delivery,2026-07-25T21:07:57.679858
cec8fbce-3e35-4c5a-a4e6-b6abc88727f8,CUST000364,Fashion,1,1558.98,1558.98,credit_card,2026-03-26T19:53:13.519748
78177fe2-5104-4fe3-ba82-d926d8fb34d1,CUST000689,Toys,3,282.66,847.98,debit_card,2026-03-11T03:03:29.637425
5fb8350e-8622-4605-b5e6-a2b548d40c64,CUST000408,Home & Kitchen,3,1994.5,5983.5,wallet,2026-06-09T10:11:16.518780
b9cc6e76-527f-4683-8a93-ee278c29ba01,CUST000107,Sports & Outdoors,2,1035.32,2070.64,upi,2026-06-06T01:45:23.907834
cf6bb81b-8e7d-40c4-9f63-ff2ad3b4068b,CUST000451,Fashion,4,1128.59,4514.36,cash_on_delivery,2026-02-25T17:35:27.380223
4ef701ce-d2e6-4547-a43c-dec600f6802c,CUST000686,Sports & Outdoors,2,63.37,126.74,upi,2026-05-23T13:09:14.573858
cc0568f9-7358-4a38-9a51-b563958b5f03,CUST000084,Toys,4,1747.52,6990.08,upi,2026-04-14T07:02:53.474941
881aadea-4682-4b5d-83a8-30652c943a2e,CUST000661,Home & Kitchen,1,1732.58,1732.58,wallet,2026-05-31T23:45:27.746831
49ef58d8-3786-4c3f-abd5-c3fbd523698f,CUST000641,Books,4,811.45,3245.8,credit_card,2026-06-22T12:53:41.590933
93ca3f53-1119-481d-991d-834fed0fff57,CUST000254,Books,5,1394.48,6972.4,cash_on_delivery,2026-04-25T07:44:26.619091
d741955a-0b1c-4ea9-8722-6fee4cf91205,CUST000602,Sports & Outdoors,1,1664.95,1664.95,credit_card,2026-03-11T23:00:41.946744
0c1c78d7-5768-448d-b270-7315d6981a01,CUST000548,Electronics,5,1147.51,5737.55,upi,2026-02-18T16:50:41.994920
e0d3847d-1aaf-430c-a47b-613e404a5945,CUST000307,Sports & Outdoors,2,778.56,1557.12,upi,2026-02-11T14:43:47.374756
bb46b1c3-0cec-4c23-b580-acaab0a87851,,Toys,4,704.43,2817.72,upi,2026-08-02T08:02:31.553848
3df74f77-0d8d-4430-a73c-c12ad55df27f,CUST000573,Groceries,2,27.54,55.08,upi,2026-05-19T01:51:54.926999
3886f203-43b8-4b19-a00d-1b5cec4b7a91,CUST000674,Books,1,1569.2,1569.2,wallet,2026-06-27T01:45:56.820446
1ffc0a4d-1bb7-4ecf-a0e8-cc6bfac70c0b,CUST000343,Electronics,3,1031.9,3095.7,credit_card,2026-06-24T01:33:00.466007
272d6c06-cdf6-4ae6-8891-7aad58b62a69,CUST000790,Beauty & Personal Care,1,627.55,627.55,upi,2026-04-19T11:31:18.184198
59923cc6-8add-4d54-bc7b-8a5c76667062,CUST000507,Fashion,3,1832.11,5496.33,debit_card,2026-04-14T07:43:40.581939
da4fe70a-0598-419b-933b-dd4661e1b174,CUST000094,Sports & Outdoors,3,1390.13,4170.39,wallet,2026-06-01T14:09:02.855918
f548aba1-26e3-4ba0-af0f-8740408c46eb,CUST000572,Beauty & Personal Care,3,847.14,2541.42,debit_card,2026-07-26T02:33:45.233939
44aafe7c-9dc7-473e-ada6-a03bc0a1ada3,CUST000239,Groceries,2,1372.29,2744.58,credit_card,2026-03-09T23:05:01.061820
795dd474-ea7a-47cd-82ba-277ba192b981,CUST000469,Sports & Outdoors,4,1887.76,7551.04,debit_card,2026-07-11T19:00:00.806757
46b426d6-5cd8-4950-93f4-7f739357eadc,CUST000145,Beauty & Personal Care,3,385.56,1156.68,wallet,2026-06-10T02:42:58.398720
ef038dd9-2475-4d26-96bf-7eb5e22f1050,CUST000676,Groceries,3,832.15,2496.45,credit_card,2026-02-11T07:39:44.614185
5ae24ee9-b616-4ac8-81de-d91ec4ea7915,CUST000296,Fashion,4,1730.46,6921.84,wallet,2026-06-15T12:07:09.841732
edfaec7e-67e2-4ff1-a626-e2e350cc8e8c,CUST000461,Toys,2,1077.77,2155.54,debit_card,2026-05-05T15:50:59.497950
6408d5e7-30f4-499a-af09-d22fde42151c,CUST000249,Electronics,3,1366.69,4100.07,cash_on_delivery,2026-03-29T20:32:42.601481
c37bae73-eb46-4133-b2fb-e964edc2fb2e,CUST000068,Home & Kitchen,3,179.05,537.15,cash_on_delivery,2026-07-02T17:37:46.401752
079859b0-c41b-4dc8-b614-6c5aab6c2be5,CUST000156,Fashion,4,1477.03,5908.12,cash_on_delivery,2026-04-14T20:52:21.039903
83a1e224-18b1-4774-872d-87fadf9175ac,CUST000772,Fashion,1,133.98,133.98,cash_on_delivery,2026-06-12T22:00:43.170995
bd4f2c8c-a4f0-45e6-8dec-3da26947ba31,CUST000454,Home & Kitchen,5,1149.97,5749.85,upi,2026-07-28T22:47:01.351769
0093836b-2c13-42d8-b18a-423b5688de63,CUST000432,Beauty & Personal Care,3,413.73,1241.19,cash_on_delivery,2026-06-07T12:15:44.891989
8cb97313-e985-4428-addf-f66862b9de89,CUST000022,Groceries,4,398.55,-1594.2,cash_on_delivery,2026-05-26T16:00:57.959151
aab22128-73a0-4e49-aae9-8fddf2c1be68,CUST000070,Sports & Outdoors,4,382.76,1531.04,cash_on_delivery,2026-05-20T03:46:17.341067
eeb77480-8205-40bf-97a4-0992079dd392,CUST000253,Fashion,1,1882.21,1882.21,upi,2026-02-14T19:45:01.021539
a738d7e4-633e-450c-9e16-d0d29ea667bd,CUST000753,Electronics,4,1108.69,4434.76,wallet,2026-05-16T03:41:29.853762
54663de2-42b0-4a74-b3c7-92062f11d3bf,CUST000770,Groceries,5,6.95,34.75,cash_on_delivery,2026-05-15T06:48:42.968662
1a1d1b11-f603-499e-bbb0-246ddfa9df07,CUST000692,Fashion,1,414.35,414.35,cash_on_delivery,2026-03-23T20:11:36.239013
f60b17e1-71f9-4d8a-88cd-b0700533c4a9,CUST000650,Home & Kitchen,2,1363.94,2727.88,upi,2026-05-07T21:11:53.532957
b188a2b8-92a0-4df2-81c7-d8166ebd84f5,CUST000061,Electronics,5,1522.18,7610.9,credit_card,2026-07-18T18:35:19.872896
db3367b4-3572-41c5-bd05-1791f56060bf,CUST000675,Toys,5,36.38,181.9,wallet,2026-06-12T19:58:46.137273
f6123f42-cf70-48e5-9913-c7071201ee2f,CUST000343,Sports & Outdoors,5,343.08,1715.4,upi,2026-07-24T07:28:55.648755
b2f51aa5-a837-44cd-946e-d5a21e0cc167,CUST000318,Fashion,3,299.08,897.24,wallet,2026-08-04T17:03:39.652587
536f01f7-2249-4aec-b5ae-aa2d2b1554c8,CUST000362,Books,5,1504.5,7522.5,cash_on_delivery,2026-07-14T21:53:21.504960
51b18fc1-8801-4969-bee3-a166a97a8b57,CUST000054,Electronics,2,1152.58,2305.16,credit_card,2026-06-05T16:09:00.949777
219844c3-c399-4274-bd9b-b4680697c7ac,CUST000417,Electronics,3,1364.42,4093.26,wallet,2026-04-30T10:56:06.210509
690168f5-9edf-4eb7-8854-066ca55ab1c3,CUST000517,Toys,2,1438.49,2876.98,debit_card,2026-04-05T19:56:31.417365
a900d56d-f3dd-46ca-94ba-06923e07f291,CUST000248,Beauty & Personal Care,2,1291.9,2583.8,cash_on_delivery,2026-07-23T10:30:51.656694
d0ee0f59-cb3d-4b01-8037-bd55ee15c294,CUST000284,Groceries,4,1634.37,6537.48,upi,2026-08-04T02:18:08.665805
aea1eafb-1a42-469a-8806-5c0a55a2523b,CUST000479,Fashion,2,593.33,1186.66,cash_on_delivery,2026-07-21T09:55:22.510431
a7e819ba-2259-4aa1-8224-17175e531231,CUST000651,Electronics,4,1069.93,4279.72,wallet,2026-04-12T23:56:10.542726
d3843c51-7cee-4e86-9933-131b1415d607,CUST000578,Sports & Outdoors,4,1225.7,4902.8,debit_card,2026-07-18T04:42:27.479737
14282d9b-0a9f-491c-9106-b5b446e83bf3,CUST000449,Toys,4,1377.29,5509.16,debit_card,2026-08-08T06:40:13.016569
4d9233a7-8d1b-4b32-b4c1-d50ce8f54ce8,CUST000285,Beauty & Personal Care,3,512.51,1537.53,upi,2026-04-09T23:59:12.421542
7c367a2e-1ec2-45a7-91e0-68d851be5f46,CUST000264,Books,1,1883.45,1883.45,credit_card,2026-06-25T17:40:10.325427
66b2bd5b-7817-4ac0-953f-98f273b5fdcc,CUST000633,Groceries,3,1978.67,5936.01,upi,2026-06-03T16:35:35.731676
847b7a51-064a-49c2-8220-cd1826515dcd,CUST000111,Groceries,5,488.7,2443.5,debit_card,2026-06-25T07:02:35.631982
45ce5ebc-7bfc-4810-bba2-ba8ef042c858,CUST000763,Toys,4,1451.35,5805.4,cash_on_delivery,2026-06-17T05:39:12.072444
088a0a1b-4923-413e-b03d-5d4871ee1378,CUST000717,Beauty & Personal Care,2,785.23,1570.46,cash_on_delivery,2026-08-04T02:07:24.864951
29400bf3-617b-4b8c-9076-1e10294e535f,CUST000699,Beauty & Personal Care,4,1750.63,7002.52,cash_on_delivery,2026-04-25T22:10:17.178981
d62c49e4-e9be-4a94-9ccd-48c66d0803bf,CUST000432,Sports & Outdoors,1,1324.86,1324.86,wallet,2026-04-24T11:43:39.016876
566fb856-f2f1-493d-b331-aa40dcab11da,CUST000383,Beauty & Personal Care,2,430.96,861.92,cash_on_delivery,2026-04-25T17:43:12.469802
a6225518-39f3-47d8-abf8-6ff01b987f62,CUST000179,Books,5,1654.84,8274.2,upi,2026-08-06T07:46:27.977388
6c3da13c-ef6c-41dd-ab1a-4fad0fd7a504,CUST000358,Home & Kitchen,3,456.48,1369.44,debit_card,2026-06-01T19:34:42.326231
73bfac03-92d5-4359-86ba-f01d50834e7a,CUST000671,Sports & Outdoors,2,921.67,1843.34,upi,2026-02-14T00:01:59.585813
126b330f-c877-49a4-a52a-0957d2bfd5f0,CUST000438,Beauty & Personal Care,4,276.53,1106.12,cash_on_delivery,2026-03-10T23:57:36.905478
9da14535-0dc4-46ab-8aa4-14cdbf2ab105,CUST000379,Sports & Outdoors,5,830.79,4153.95,debit_card,2026-04-30T01:34:42.719656
1d8bd0d5-e1d5-4c59-aa25-2e0ebb6a61f0,CUST000721,Electronics,5,486.27,2431.35,upi,2026-07-17T20:15:39.422471
18401194-27f2-40ab-a43f-8fad7ba525f8,CUST000247,Books,4,389.36,1557.44,credit_card,2026-06-13T09:18:31.653615
e2e96f09-aa25-4ae2-bc4f-fe78a03e2292,CUST000421,Toys,3,96.71,290.13,upi,2026-06-08T04:33:57.855478
b18f78ff-6f47-45ea-bc3b-9c93489a4056,CUST000524,Home & Kitchen,3,678.86,2036.58,cash_on_delivery,2026-04-20T07:59:43.116098
8ceb3b65-5f72-4786-ae43-b12ebbc401ac,CUST000564,Fashion,1,1225.84,1225.84,credit_card,2026-07-07T18:47:37.035065
89667bc7-a00f-4fa0-b41c-5cf60b1b60bf,CUST000158,Toys,5,1798.93,8994.65,upi,2026-06-12T20:26:57.458555
ad2313ce-a02c-4327-9089-b4d8342c8b78,CUST000334,Fashion,4,1838.64,7354.56,upi,2026-03-12T06:11:33.711347
f7119bc5-742d-4c95-b5b0-d94b5756924f,CUST000654,Groceries,1,1450.09,1450.09,wallet,2026-07-18T01:47:35.667599
7f369ffa-3c18-47ce-91a4-20f0a74055ec,CUST000499,Home & Kitchen,5,952.37,4761.85,credit_card,2026-03-03T20:06:51.929460
402dbdaa-243f-482d-84cc-8ff23060a049,CUST000200,Toys,2,725.18,1450.36,credit_card,2026-07-22T05:08:40.949681
2304ff9f-f85b-429f-9b8e-08551c5fabd0,CUST000727,Home & Kitchen,3,50.06,150.18,credit_card,2026-08-06T17:14:49.965261
b102cd20-1486-4231-8a02-11ea233461a5,CUST000026,Toys,4,436.29,1745.16,credit_card,2026-04-21T23:53:16.686085
083b7858-c3a3-48ff-827a-27388ab02828,CUST000295,Fashion,2,239.52,479.04,debit_card,2026-06-15T09:19:06.504045
96bb88e4-8f81-43ec-a7e9-d5a76faa484d,CUST000720,Electronics,1,1721.46,1721.46,cash_on_delivery,2026-04-13T12:43:56.240402
57f4a31f-ac75-4b0c-b278-90fe027962e0,CUST000092,Sports & Outdoors,3,1863.47,5590.41,debit_card,2026-05-14T18:31:24.051908
606a5f2a-d8a1-4551-9e49-eeae206c6f5f,CUST000609,Fashion,2,1107.94,2215.88,upi,2026-04-27T05:43:47.939245
c2439f25-f3a2-4ad8-8d0f-54447cd2f574,CUST000734,Toys,2,205.59,411.18,credit_card,2026-02-22T22:29:34.242002
a9439cb5-a08f-419e-8b53-9e497e65eeb0,CUST000173,Home & Kitchen,3,452.92,1358.76,upi,2026-03-25T04:36:32.686990
0c1cffc2-d1a1-4d3e-9f2b-3b46729c507f,CUST000325,Books,5,365.44,1827.2,wallet,2026-04-09T06:57:22.498003
a3477433-8140-4237-9054-241adac19db9,CUST000547,Sports & Outdoors,2,227.79,455.58,cash_on_delivery,2026-06-05T09:56:45.867059
ddcb3017-b3a6-4229-a2e9-53e3f6d4f8e0,CUST000424,Sports & Outdoors,4,367.87,1471.48,wallet,2026-04-02T19:45:27.518010
28e32e1c-90fb-4959-a787-561cda3078bd,CUST000116,Books,3,516.9,1550.7,credit_card,2026-04-16T11:54:02.112407
33a08556-8fae-4f1f-83f5-113ea12428cc,CUST000323,Electronics,3,786.76,2360.28,credit_card,2026-05-24T15:40:15.290627
3c27a305-9015-42bd-941c-037d3c0636d8,CUST000614,Books,4,1815.14,7260.56,credit_card,2026-02-28T23:55:41.078087
56b76476-35c7-47e5-ac68-2cc5acf9b673,CUST000517,Books,1,1711.77,1711.77,upi,2026-04-30T05:34:21.422060
20e01fa2-a3ec-4a4c-b3e3-8eb477088ca4,CUST000370,Books,2,1957.23,3914.46,credit_card,2026-03-23T19:24:41.696335
dda836c1-16a2-4fd0-a809-ed028582dc4f,CUST000306,Groceries,4,1125.86,4503.44,debit_card,2026-04-05T03:13:49.094819
420c03a8-3b63-4fc0-8412-f0d90a8926f0,CUST000753,Beauty & Personal Care,5,150.75,753.75,credit_card,2026-08-08T07:22:36.290139
6b419d4f-769d-4b16-a932-d111558baf98,CUST000471,Fashion,5,1671.33,8356.65,cash_on_delivery,2026-02-24T21:11:15.256313
ab4a1b19-3bf1-4e32-9e4f-cfc640dc5824,CUST000722,Groceries,4,891.19,3564.76,wallet,2026-08-01T21:28:45.880624
9fbc038b-40ae-4eb7-afb4-8c6afa8bf402,CUST000764,Books,1,27.33,27.33,wallet,2026-05-18T04:39:06.463842
98b84826-3c05-4373-968a-04411ab1622b,CUST000008,Toys,4,1894.18,7576.72,upi,2026-05-17T04:12:00.691376
ef912b03-baf0-474b-9ead-e206547e00f4,CUST000225,Toys,1,367.67,367.67,upi,2026-03-05T09:00:28.435138
7af16200-ff33-4ce7-a38c-501377afdc2c,CUST000176,Beauty & Personal Care,2,618.52,1237.04,debit_card,2026-07-05T15:21:28.312810
5e7b61a7-6c30-481a-90f7-78bbd8869415,CUST000387,Sports & Outdoors,4,639.31,2557.24,debit_card,2026-08-02T18:57:18.066926
6a2d5e49-583e-4bba-9871-9b1077c67669,CUST000770,Electronics,3,925.1,2775.3,debit_card,2026-08-03T01:02:03.629549
53f0d645-0888-4bd2-b323-7da3f2988153,CUST000400,Fashion,4,121.07,484.28,debit_card,2026-06-28T16:58:47.748090
bf24c44b-3de4-4255-8dc7-404d09cea02a,CUST000646,Electronics,5,1626.22,8131.1,cash_on_delivery,2026-03-19T03:57:10.226489
f1037ad4-a6b0-41f7-93a6-060a87d7ed8d,CUST000145,Home & Kitchen,5,1428.49,7142.45,cash_on_delivery,2026-08-07T09:32:03.572220
48ef3825-946c-4cda-b715-9a8bf2812f1f,CUST000529,Books,2,1184.69,2369.38,debit_card,2026-03-24T02:56:58.084330
b042a505-c880-47b8-883f-a257473dee85,CUST000624,Books,2,770.54,1541.08,upi,2026-04-06T09:05:57.728589
c02af59c-0fe9-4417-841c-67800c027844,CUST000665,Electronics,3,1746.72,5240.16,upi,2026-03-06T21:53:23.231354
67948e65-0aba-417a-98f6-a42d218bf7bb,CUST000433,Books,5,169.44,847.2,wallet,2026-04-26T14:07:17.397122
e56a064c-4d5d-4d12-9be0-fed76d00bec2,CUST000428,Fashion,2,1521.88,3043.76,upi,2026-07-10T09:55:41.565686
c72a5ee0-4a93-4d79-ad7e-071386b24d90,CUST000222,Toys,4,910.21,3640.84,credit_card,2026-07-27T03:00:12.914296
068b0cd4-aee9-47ab-ae15-c7fee83bb0a3,CUST000116,Beauty & Personal Care,3,1551.35,4654.05,wallet,2026-07-10T10:14:37.822183
4affada9-355f-4f8b-b38f-0390fe2d961d,CUST000459,Beauty & Personal Care,1,1102.15,1102.15,upi,2026-05-10T01:57:55.531692
d486504c-09fa-4b3c-8adc-8518808d8288,CUST000367,Toys,5,209.45,1047.25,debit_card,2026-05-31T17:57:32.378759
10d921d7-7ca0-4fed-b0c3-a85d3d38d9b7,CUST000659,Sports & Outdoors,4,1666.48,6665.92,upi,2026-07-11T04:02:43.350802
dde4dbe3-79d2-46c9-bd83-26f9cfc5efb0,CUST000764,Home & Kitchen,1,1013.79,1013.79,wallet,2026-04-11T10:46:33.558923
2d76a73a-d0d5-47d4-a798-bce839d8a88b,CUST000748,Home & Kitchen,4,750.71,3002.84,upi,2026-04-07T22:54:19.863453
5e11f49c-c873-4aed-925a-3146dfef8436,CUST000593,Groceries,4,1438.69,5754.76,cash_on_delivery,2026-05-02T19:52:57.185238
7b8966fe-6092-4aea-af2a-4c97cb1e990a,,Groceries,5,1783.42,8917.1,upi,2026-07-14T14:00:54.387006
5530c847-e133-4c62-9bc4-ed3a381efd74,CUST000525,Groceries,2,1561.14,3122.28,credit_card,2026-02-15T08:36:08.376464
dad792db-983d-4213-9405-342455f59c13,CUST000777,Groceries,3,9.38,28.14,upi,2026-02-17T12:29:21.967958
5604ebe2-c38a-438e-b622-f4dd44c76353,CUST000121,Groceries,5,1615.17,8075.85,cash_on_delivery,2026-07-27T00:08:13.966308
1fe38b21-4564-488f-91fc-832ada2efe42,CUST000599,Toys,5,931.22,4656.1,credit_card,2026-07-02T07:16:16.138175
82fe3a7f-4b43-4df3-9c35-f21a95486699,CUST000234,Books,4,965.36,3861.44,debit_card,2026-04-27T19:43:08.717848
17169be0-1f2c-4777-b283-a802d84ae5d2,CUST000405,Home & Kitchen,5,711.67,3558.35,debit_card,2026-05-02T00:38:53.601160
d13a9785-ced3-4f6d-9dcd-259b66c16f31,CUST000248,Sports & Outdoors,4,93.26,373.04,upi,2026-06-23T13:55:28.031168
4d3f44a5-f786-48f9-ab0a-59b1841b99cd,CUST000424,Groceries,4,13.29,53.16,credit_card,2026-05-05T08:03:33.548814
67f92cbf-bbca-4f5b-9b70-0b32051a2064,CUST000635,Home & Kitchen,2,1984.29,3968.58,debit_card,2026-05-18T20:21:28.264654
a0c1269c-58c6-4a28-b047-37be89e67b47,CUST000439,Home & Kitchen,1,1408.88,1408.88,debit_card,2026-02-18T04:35:41.808371
5fb64957-49d6-4772-b1ac-cc853302384a,CUST000383,Fashion,2,1157.13,2314.26,upi,2026-03-07T06:38:19.435473
4b529373-daff-4f22-ba84-b3f6c2587256,CUST000617,Fashion,3,1994.7,5984.1,cash_on_delivery,2026-06-13T22:12:50.087183
cb6a18cd-54b1-45db-9df6-9764d3f22ba4,CUST000099,Fashion,5,650.22,3251.1,credit_card,2026-03-08T06:34:30.235990
eec99530-1a8c-41a6-a826-e15d856bb128,CUST000008,Sports & Outdoors,5,92.81,464.05,credit_card,2026-06-03T19:43:29.803059
32a924c1-b19d-4244-a069-f80cfb368853,CUST000277,Books,5,776.39,3881.95,wallet,2026-07-16T10:36:56.268304
af0d24c9-e990-4e9e-87d2-7140dc049ff8,CUST000703,Beauty & Personal Care,2,812.84,1625.68,credit_card,2026-08-06T23:13:10.102527
bb57b1f0-199f-4993-8d88-f4663cd9db6c,CUST000787,Home & Kitchen,1,1714.72,1714.72,wallet,2026-05-14T09:27:13.879920
c1559ede-65ef-4f00-a87a-42a71480b818,CUST000207,Groceries,5,1505.51,7527.55,debit_card,2026-07-17T23:58:58.797133
d7ad7968-81a7-4e01-a8db-edc695a36c27,CUST000473,Beauty & Personal Care,4,1447.94,5791.76,upi,2026-06-07T05:14:44.557349
7607be1c-3ef8-4bb9-8fb4-3d95938abb7d,CUST000372,Groceries,1,644.78,644.78,wallet,2026-04-07T07:01:11.365230
aacdfdac-b3eb-463d-a4af-36e4e9d7e7e8,CUST000406,Groceries,4,896.94,3587.76,wallet,2026-04-19T22:20:59.838854
51ad608c-b5ed-4c71-b607-00d4c6efe26c,CUST000085,Electronics,4,206.76,827.04,debit_card,2026-03-27T21:36:21.785602
a24b6721-2fef-490d-9a9d-ef4c3a22216f,CUST000250,,4,340.79,1363.16,credit_card,2026-06-12T13:11:46.268708
c95028f5-0c17-4c9e-a370-936682a7e5f9,CUST000669,Sports & Outdoors,5,1761.6,8808.0,debit_card,2026-07-04T04:31:12.667805
d68cfe5c-a0bb-44dc-8336-69683c95f82f,CUST000424,Books,3,204.83,614.49,wallet,2026-07-30T17:18:21.930536
d6d93d86-8eea-4c7c-ad7f-001375d4492d,CUST000481,Books,1,552.82,552.82,credit_card,2026-08-06T09:51:23.084213
e69d2288-1547-4020-9830-eae6eb5187a9,CUST000446,Sports & Outdoors,2,879.03,1758.06,cash_on_delivery,2026-02-24T18:53:36.349661
8d3591f5-504a-4209-ac7e-fba5e3facc1e,CUST000483,Sports & Outdoors,2,1534.85,3069.7,debit_card,2026-05-31T18:20:30.931591
2602762c-2732-4760-9fcf-7557370009c5,CUST000450,Beauty & Personal Care,2,218.13,436.26,debit_card,2026-06-21T02:12:36.661369
5bcbdc39-ed46-47ab-9548-8eac7a59177a,CUST000279,Toys,3,1320.52,3961.56,wallet,2026-03-12T23:11:35.903184
ef6ec84b-751e-435e-aad3-5be6fe3f6a74,CUST000544,Books,1,501.01,501.01,wallet,2026-05-17T21:05:44.403198
1d84fcdc-3f52-4f7b-884f-69654dd89f87,CUST000628,Beauty & Personal Care,4,1545.99,-6183.96,credit_card,2026-07-22T12:20:11.837458
a90a84e6-fca1-41fb-92c6-234c4a0fab04,CUST000754,Electronics,2,1529.28,3058.56,wallet,2026-02-28T04:17:58.470657
0a6b6a6d-a5c0-4178-b938-717f2fd3b9a5,CUST000130,Electronics,1,1269.92,1269.92,upi,2026-07-12T02:37:43.316131
c0f7a84d-bf6e-4da4-94d3-3d334a0dbdb5,CUST000308,Home & Kitchen,3,78.76,236.28,cash_on_delivery,2026-02-13T06:13:23.356880
ee0ad991-7749-4a8c-b941-25651c91f842,CUST000512,Toys,3,1002.12,3006.36,upi,2026-02-13T09:17:31.983629
03cb6536-d8bd-4ce8-8da7-c5b6f3d7dfc0,CUST000093,Fashion,4,290.95,1163.8,credit_card,2026-04-17T04:04:04.797584
f8513d42-6dbb-45bf-99c2-b95a0b05672a,CUST000425,Home & Kitchen,3,976.35,2929.05,debit_card,2026-06-25T17:30:40.388504
0e13024f-13d2-466b-a580-88e3742955aa,CUST000542,Toys,1,1039.64,1039.64,credit_card,2026-06-19T04:23:27.185750
76515b2a-178e-405d-9b2a-4217aad81d28,CUST000310,Groceries,1,1390.04,1390.04,upi,2026-03-30T19:58:54.046398
75b286a7-ec02-459d-ab83-70bc17ed305d,CUST000515,Beauty & Personal Care,2,610.3,1220.6,upi,2026-03-03T13:38:02.782033
8055b531-6878-4137-b558-d8682dbd7b8f,CUST000058,Sports & Outdoors,1,1746.79,1746.79,credit_card,2026-05-25T09:37:31.673258
48fa4546-158e-4480-9396-e6ad4285d71e,CUST000795,Toys,1,1105.42,1105.42,debit_card,2026-02-19T21:03:05.948876
89038694-85c5-48e2-b028-7197275529aa,CUST000281,Sports & Outdoors,5,1943.85,9719.25,debit_card,2026-04-27T19:20:40.813348
36f1b5c7-39c7-4be5-b3d5-b8bdced7b799,CUST000577,Electronics,1,818.6,818.6,wallet,2026-06-08T19:28:22.076238
8da5b9b2-f3f4-4c3e-b88e-9977f4daf7a6,CUST000151,Fashion,4,675.66,2702.64,wallet,2026-05-16T02:04:31.548364
9db57bd6-719d-4abb-b698-2b860f8fe9d6,CUST000553,Sports & Outdoors,2,158.7,317.4,upi,2026-02-25T12:45:42.874876
c7b7cd9d-7c59-4ca3-991c-7eb0f9162559,CUST000549,Electronics,4,1043.69,4174.76,cash_on_delivery,2026-04-24T17:26:16.092118
e3d5c3a7-ae93-4b69-a90a-0ebc778b964e,CUST000413,Books,1,963.4,963.4,upi,2026-03-19T20:09:34.128826
ae375c96-b515-4ed2-ba1f-ea62d24af587,CUST000413,Sports & Outdoors,3,1818.42,5455.26,wallet,2026-07-13T11:04:51.269023
556f892a-5636-4ea5-9ddd-af488bb92405,CUST000379,Home & Kitchen,2,1073.59,2147.18,credit_card,2026-04-04T23:48:00.492141
9a2a9a21-fa09-40cc-8a13-6004268d252d,CUST000747,Toys,4,61.41,245.64,credit_card,2026-05-28T13:09:23.821114
b0402cbd-5d71-4894-9e12-c217d92dfaf7,CUST000273,Electronics,2,1344.13,2688.26,debit_card,2026-06-16T11:56:18.241383
613a9f63-befb-4768-b593-6c5263c411d5,CUST000465,Sports & Outdoors,1,580.38,580.38,cash_on_delivery,2026-05-05T06:04:53.289576
569f4f0b-6907-427e-be39-4d621773d5b5,CUST000457,Electronics,3,1454.99,4364.97,wallet,2026-03-18T17:19:47.119428
277b02dc-d818-4a24-b6a5-4dd54fbd8123,CUST000119,Sports & Outdoors,3,1465.05,4395.15,wallet,2026-05-20T16:52:32.947954
6cefde7a-a5e3-481f-90a5-bf19ecf2ceb0,CUST000313,Fashion,2,1579.59,3159.18,cash_on_delivery,2026-04-01T21:05:06.804176
b3bdb318-6c37-4016-9684-4c77cf260c5a,CUST000625,Groceries,1,268.38,268.38,credit_card,2026-07-01T14:21:40.909710
c70acace-f0f9-43f2-a151-ecb47576ea50,CUST000736,Beauty & Personal Care,2,571.96,1143.92,debit_card,2026-03-15T16:38:31.215393
ac725813-7f7e-4d81-8beb-d7c061727045,CUST000368,Books,4,758.55,3034.2,cash_on_delivery,2026-05-08T00:02:57.022740
a01578f6-24ab-4b35-8f20-00adef6c0cde,CUST000540,Electronics,1,380.22,380.22,upi,2026-06-27T20:11:46.420075
faa1dd74-39d5-4e86-b225-b21e544f17fe,CUST000052,Groceries,5,438.27,2191.35,debit_card,2026-03-05T19:05:57.307688
560409e7-e1be-4135-9a71-9c8be7c407e2,CUST000754,Sports & Outdoors,5,164.91,824.55,cash_on_delivery,2026-05-03T05:02:58.419556
9f0499c8-cb7f-4bc0-9f14-d71d6c41bd20,CUST000080,Home & Kitchen,2,1905.87,3811.74,debit_card,2026-07-19T04:49:19.722488
f2a7425b-c27a-4e3e-bd7a-487442c80a8f,CUST000713,Electronics,5,1758.91,8794.55,cash_on_delivery,2026-05-07T00:27:38.766562
1d655086-5f4c-43e4-9d54-dff6644abafc,CUST000481,Books,3,618.92,1856.76,upi,2026-04-19T18:35:50.499540
aaeb93fa-b78e-41a2-a6d2-69a7257757fa,CUST000335,Sports & Outdoors,4,1200.99,4803.96,cash_on_delivery,2026-08-01T14:56:07.923490
eea6c794-26f7-4b19-8d1b-e626f7840692,CUST000138,Books,3,1837.94,5513.82,debit_card,2026-02-24T23:18:37.239224
5e683f46-cead-43de-9025-66e3fc50fad1,CUST000554,Beauty & Personal Care,4,414.23,1656.92,cash_on_delivery,2026-07-15T15:33:50.829504
77cdf593-eb8b-4d41-b58d-d189db9b62bb,CUST000435,Electronics,2,1210.41,2420.82,wallet,2026-07-05T11:55:40.143685
ad3cbafc-1abe-4259-ba51-f176cdbda0a1,,Electronics,2,273.18,546.36,debit_card,2026-03-30T04:29:04.588559
49ed6438-1965-4b2f-bf49-b9784bdb9535,CUST000651,Electronics,2,1239.66,2479.32,wallet,2026-06-24T15:17:23.315054
731abf21-4363-4b31-bff0-00f3ca093854,CUST000738,Electronics,2,1203.86,2407.72,wallet,2026-05-19T01:55:43.090812
bac946aa-3804-47a7-9789-77a42a08a26e,CUST000519,Books,1,937.29,937.29,wallet,2026-08-04T04:00:08.823290
19578275-cd9e-4a80-a6c5-ab65987142dc,CUST000087,Electronics,4,1833.85,7335.4,upi,2026-07-18T15:14:15.736253
fadd4929-7bb7-49ff-9f49-c9c5a69274ee,CUST000595,Sports & Outdoors,4,1880.18,7520.72,wallet,2026-08-05T16:31:56.899829
f22dc90c-3ca5-41ad-b9d2-15546be4bc67,CUST000629,Beauty & Personal Care,4,729.85,2919.4,debit_card,2026-04-04T10:49:02.822115
f64aeae4-3bac-4bb2-8b6f-6ddeefdda2a8,CUST000074,Groceries,5,993.07,4965.35,wallet,2026-07-03T05:44:41.029682
407ad349-a116-4cdb-b27b-1e66113ca209,CUST000456,Groceries,4,1460.97,5843.88,upi,2026-03-30T04:31:37.391869
a41222a3-29bc-4e2d-82c9-d82e4490093f,CUST000053,Sports & Outdoors,3,1107.39,3322.17,debit_card,2026-05-08T20:28:45.971434
dcd0edd3-9a67-4bbb-842f-2c83940df3b1,CUST000247,Beauty & Personal Care,2,507.94,1015.88,wallet,2026-02-14T18:14:27.533092
f2c0f5fd-4af9-4906-8860-9cde6522cb6d,CUST000300,Electronics,N/A,1249.26,4997.04,credit_card,2026-07-18T22:20:54.227542
344777d3-74bf-4122-8d31-7acc6f667e81,CUST000679,Electronics,5,995.79,4978.95,debit_card,2026-05-01T13:05:18.957811
1aceda18-74ab-4a13-9a19-f79055dcb09e,CUST000268,Books,5,111.71,558.55,debit_card,2026-02-15T06:15:21.178171
4b1b2c66-fd6f-4ff8-85cd-f285dd1bf308,CUST000646,Home & Kitchen,1,1890.85,1890.85,cash_on_delivery,2026-05-14T10:23:52.766446
febdd6a3-8843-4096-b21b-7951aba8ba45,CUST000519,Beauty & Personal Care,3,538.88,1616.64,upi,2026-04-18T01:54:57.177643
af9bc2e1-a65f-4a4d-87ef-ac662410821a,CUST000412,Sports & Outdoors,4,1036.97,4147.88,debit_card,2026-05-09T18:11:39.365963
84b7a6b0-844a-4ee3-b05d-c784d3fa1b32,CUST000791,Toys,3,455.53,1366.59,upi,2026-05-14T21:20:37.842935
35de4de0-5a43-417c-b054-489a76f18753,CUST000166,Books,3,1981.28,5943.84,wallet,2026-05-18T06:23:16.453652
7fa1dbd9-b294-4db2-bf3b-c7a1879a144b,CUST000524,Books,3,392.93,1178.79,wallet,2026-05-04T04:35:35.836217
76b0a8ed-c730-46ef-8a2f-30a326443d9a,CUST000532,Beauty & Personal Care,2,1520.99,3041.98,upi,2026-06-25T04:36:44.833311
8a468a38-781f-4d96-9484-dc50bd0355ce,CUST000095,Home & Kitchen,4,412.37,1649.48,wallet,2026-06-14T18:26:07.841471
cb7d019b-85f1-4e32-9c05-7dfe83bd7347,CUST000660,Beauty & Personal Care,2,818.24,1636.48,credit_card,2026-04-08T18:57:01.622144
b571c345-624f-46d4-8c89-6374e8825eb6,CUST000325,Toys,1,547.55,547.55,debit_card,2026-05-04T01:52:18.947335
868004d2-461a-4682-b409-f2e45ec6d4d7,CUST000552,Sports & Outdoors,4,390.82,1563.28,debit_card,2026-05-18T19:58:03.047921
8bf5ad04-34fa-4a80-b075-2000b0ced44f,CUST000272,Fashion,3,772.69,2318.07,credit_card,2026-06-28T16:32:02.235922
64c2e3c9-e54d-42ff-a03a-0a36239ffc40,CUST000428,Fashion,2,820.01,1640.02,credit_card,2026-02-13T16:58:15.592101
168669d4-c7c7-401d-82e6-89464ba2126b,CUST000755,Books,4,1740.42,6961.68,debit_card,2026-03-09T21:51:13.189928
4907fc3b-b834-42a4-a9bd-50f1d8bc654a,CUST000266,Fashion,1,610.63,610.63,wallet,2026-04-26T01:24:08.308634
60e87264-5815-4bce-9c4a-1606aa367582,CUST000491,Beauty & Personal Care,2,500.24,1000.48,upi,2026-05-24T21:33:26.295630
eb7df836-92a6-4374-9365-72d732125ac6,CUST000674,Groceries,2,1624.39,3248.78,credit_card,2026-08-04T09:41:03.339820
92420a51-945f-432f-b581-61d8144bdfff,,Electronics,4,1303.56,5214.24,debit_card,2026-05-08T02:52:20.393588
496a7fca-84a9-439a-9fa2-c3f35a370c8d,CUST000439,Sports & Outdoors,2,1583.2,3166.4,upi,2026-07-20T19:06:07.500294
75a1fc44-270f-4428-a5e1-deb320748d75,CUST000334,Sports & Outdoors,2,777.8,1555.6,debit_card,2026-07-25T02:13:43.271933
fa69721e-1e21-4c54-99df-fb8f2e9975d0,CUST000081,Toys,5,272.5,1362.5,cash_on_delivery,2026-03-26T13:17:37.170488
c1b38e63-8feb-42b3-a613-956cbaa309d2,CUST000172,Books,4,1644.26,6577.04,cash_on_delivery,2026-02-18T22:04:57.719439
dbfe4dda-5224-4cb0-bc4e-9dde43b50ef1,CUST000694,Sports & Outdoors,5,862.18,4310.9,credit_card,2026-07-30T07:21:32.600260
61c2ea05-d4b9-4bd9-94ad-d462fdbbd11e,CUST000455,Books,3,726.95,2180.85,wallet,2026-06-12T14:16:01.105806
e313f386-010b-42a6-b2ed-4fb7ce10751a,CUST000657,Beauty & Personal Care,1,1512.19,1512.19,credit_card,2026-05-07T23:57:27.513734
9d0f981b-18b8-4ae6-8538-32d23ab9e42a,CUST000240,Fashion,4,342.11,1368.44,debit_card,2026-07-23T08:51:31.523896
f8804d2d-4769-4fb0-8f33-1d051129d5e6,CUST000060,Toys,5,1622.76,8113.8,credit_card,2026-05-23T17:17:56.023537
d62dfbc8-b02d-4324-850e-efdce7923789,CUST000711,Home & Kitchen,2,1484.16,2968.32,credit_card,2026-06-26T23:57:07.642387
0a43843b-7fb5-4291-a241-796e395a4b73,CUST000149,Fashion,4,81.41,325.64,debit_card,2026-03-15T07:53:24.481408
bac42e96-c06e-4401-a765-846028ef4c34,CUST000207,Books,5,990.24,4951.2,debit_card,2026-04-05T18:14:33.097788
aa544435-4be2-432e-84d7-27604157e601,CUST000008,Sports & Outdoors,3,1711.54,5134.62,wallet,2026-05-02T21:47:05.275464
15720580-4cde-4b79-86ae-2436be0865ab,CUST000520,Beauty & Personal Care,1,1889.81,1889.81,debit_card,2026-07-11T04:53:44.187138
d489e2dc-1e0b-40a1-ae70-b3fa5a6fe3f1,CUST000109,Home & Kitchen,3,15.36,46.08,cash_on_delivery,2026-06-30T06:28:55.647882
de853fc2-d92d-41a8-9a32-57b6a3f6a0bb,CUST000636,Groceries,3,1967.92,5903.76,upi,2026-06-09T09:02:41.300935
e0873f77-5e66-451b-8855-c812b1c720fd,CUST000777,Sports & Outdoors,5,1642.93,8214.65,debit_card,2026-06-21T17:00:45.442729
7a363f82-ee21-4489-92a8-f36ff5ff65f9,CUST000543,Books,5,1779.72,8898.6,wallet,2026-02-20T11:09:41.215183
9f79ba57-4106-4d0e-9e6e-eb2b0e68014b,CUST000194,Books,3,1959.8,5879.4,upi,2026-02-20T21:16:52.375213
e82407cf-a404-46a5-81d3-34ca90bdfac1,CUST000599,Home & Kitchen,2,1877.88,3755.76,debit_card,2026-03-17T21:40:56.856227
5699d1c7-d6d6-4f43-b003-524bfb0e510d,CUST000674,Fashion,1,1893.28,1893.28,cash_on_delivery,2026-04-03T18:13:04.639593
342cc5ce-109e-46fd-8871-8a05876303b6,CUST000150,Fashion,4,956.33,3825.32,debit_card,2026-03-27T09:16:02.615542
59374afe-b6b8-455b-b188-8d823d5373d7,CUST000431,Toys,4,1608.79,-6435.16,debit_card,2026-04-16T18:51:41.942405
0db7b7ef-4a67-4a94-bda9-4b24f2a1c153,CUST000106,Home & Kitchen,3,1064.02,3192.06,wallet,2026-05-08T18:21:13.990375
fb843fcf-4c1a-4f0a-ab67-0d7978e8b187,CUST000726,Beauty & Personal Care,1,780.61,780.61,upi,2026-03-14T14:42:37.378886
4c6804e0-9e71-4fb0-94f6-4600ee252e40,CUST000631,Toys,4,1248.25,4993.0,credit_card,2026-02-23T00:15:25.428781
11ad1bd7-189d-4d3b-bd31-3b3c6fecb0e4,CUST000109,Toys,3,89.84,269.52,cash_on_delivery,2026-05-29T05:41:30.354615
c5635db8-0196-40cc-9439-9d8fc08ce6df,CUST000330,Home & Kitchen,1,1260.8,1260.8,debit_card,2026-07-07T12:29:25.084540
f72f7379-0de0-4c13-b80b-754cbf58f6a4,CUST000729,Beauty & Personal Care,3,1444.88,4334.64,debit_card,2026-02-17T08:32:33.054334
3d470570-7407-4667-a267-84b686bf511b,CUST000467,Home & Kitchen,3,1337.69,4013.07,wallet,2026-06-07T09:44:20.345863
c59d77e7-a51f-4688-b076-97d3d9bedef6,CUST000404,Electronics,5,950.61,-4753.05,debit_card,2026-05-07T20:22:52.904682
8fd2b685-411c-4626-8ce1-4bc08ad8dc95,CUST000057,Electronics,1,1407.18,1407.18,cash_on_delivery,2026-03-10T09:29:18.317083
681ad5ad-b25f-47f2-982c-041a156b7fb4,CUST000009,Beauty & Personal Care,4,1655.28,6621.12,debit_card,2026-06-29T11:11:01.796257
fb67925c-1e74-431a-9a88-99ee45e43141,CUST000645,Beauty & Personal Care,5,194.68,973.4,credit_card,2026-05-26T08:41:17.456725
cdc65437-9d2b-4b82-b596-9a02b80d2747,CUST000227,Fashion,3,1536.85,4610.55,upi,2026-06-23T09:41:31.619828
f45df403-ca37-48df-91b1-cc58b6d16ad3,CUST000574,Groceries,2,159.56,319.12,credit_card,2026-07-12T18:05:12.820725
fa3b6268-f0a9-4f97-b316-ccc26a0b45dd,CUST000617,Beauty & Personal Care,4,208.6,834.4,credit_card,2026-06-14T08:24:58.556538
55f6da4c-090a-4a89-b8f0-fbc8414091ac,CUST000782,Fashion,2,1660.38,3320.76,cash_on_delivery,2026-06-04T01:56:56.168769
4b95ca7e-8fbb-4b7e-915e-26eeb42b7002,CUST000344,Toys,3,1008.02,3024.06,debit_card,2026-08-05T23:54:58.432379
2c99fc58-1a53-4459-a9b3-05c98c925c51,CUST000555,Books,4,766.22,3064.88,upi,2026-03-14T01:10:51.360711
1d8654f7-dc73-49e2-8cd7-c87006eb6547,CUST000788,Electronics,N/A,1436.66,7183.3,credit_card,2026-04-27T12:45:57.684694
5f723b75-e02d-42dc-9284-18a95aec9d99,CUST000659,Home & Kitchen,2,1572.82,3145.64,credit_card,2026-06-10T00:23:35.970650
64e074d0-42c2-4c69-9c0b-87b98fda8276,CUST000764,Groceries,5,78.86,394.3,debit_card,2026-04-19T13:34:34.930213
f21f72c4-7ea1-43bf-a4d0-7957ca8879d5,CUST000328,Groceries,3,665.14,1995.42,credit_card,2026-04-26T23:53:55.243874
2529821f-14be-4c88-a0ee-c102d68b89cf,CUST000402,Beauty & Personal Care,2,605.27,1210.54,upi,2026-07-13T06:23:54.254087
4940280c-d778-4dc7-8110-61151f0c5419,CUST000015,Electronics,3,310.98,932.94,wallet,2026-04-23T05:25:34.299937
4a692dd1-79d2-4ce6-b932-501af784e019,CUST000197,Electronics,5,1074.23,5371.15,wallet,2026-06-08T01:29:34.200576
ea0fe31b-4bf5-4f9a-96eb-2c59f303000c,CUST000600,Electronics,3,966.53,2899.59,credit_card,2026-07-29T07:11:00.293355
58ab082e-f0cf-49c8-acae-39316afc0c83,CUST000420,Sports & Outdoors,5,707.66,3538.3,cash_on_delivery,2026-07-01T06:27:59.513569
ba22633c-9eba-4adf-bf89-22c356460f4d,CUST000754,Sports & Outdoors,4,1446.53,5786.12,wallet,2026-03-04T05:39:23.908107
12a4a615-67ad-4f9a-942b-ccf1ee97532c,CUST000691,Sports & Outdoors,2,1831.45,3662.9,debit_card,2026-05-09T16:20:41.220517
4b2dffc3-5179-44e1-a576-e2a2c73613ce,CUST000536,Sports & Outdoors,4,647.55,2590.2,wallet,2026-06-30T10:32:26.445872
2aa9b05b-b0d9-45c4-b948-0dca7e7c7af2,CUST000344,Electronics,2,1896.87,3793.74,credit_card,2026-07-20T00:32:25.962404
0d018b57-93b0-4d2f-a382-88a9a9bdadb4,CUST000314,Beauty & Personal Care,2,1187.15,2374.3,wallet,2026-08-09T05:01:44.086050
ef0bbe0e-121b-4df6-b61e-c047e358f83e,CUST000721,Sports & Outdoors,1,822.97,822.97,cash_on_delivery,2026-05-30T08:49:43.534383
56429f5c-759f-40e0-9ad2-ee2f17ef8f38,CUST000738,Beauty & Personal Care,1,15.09,15.09,cash_on_delivery,2026-03-02T09:01:48.666371
f95f2cd4-5725-4f72-9069-47e30ca746a1,CUST000481,Home & Kitchen,5,424.78,2123.9,cash_on_delivery,2026-03-20T21:56:12.876310
586b6fb8-c359-49bd-8c03-f3d99f13f3c2,CUST000005,Sports & Outdoors,2,401.93,803.86,wallet,2026-02-21T22:31:02.805483
bb32686d-ccd5-448b-8cbe-7df670f2497a,CUST000481,Books,4,162.41,649.64,wallet,2026-08-03T11:14:10.212907
937632a8-1cdb-43d8-b354-b1b526e65df9,CUST000098,Home & Kitchen,2,92.34,184.68,debit_card,2026-05-05T15:46:23.248490
f5cf18f9-27bf-4128-97a1-5b0890a7609d,CUST000636,Home & Kitchen,1,669.13,669.13,upi,2026-02-25T07:21:25.995254
26ee9adb-2de3-4c7f-a94d-68c0b1d97398,CUST000145,Electronics,4,195.42,781.68,cash_on_delivery,2026-07-06T20:07:50.028137
e4984458-1766-480e-adb8-a40560c4ebcf,CUST000229,Electronics,5,392.35,1961.75,credit_card,2026-07-19T03:20:21.001216
dd62379c-247e-4523-9902-e983c740506c,CUST000417,Fashion,5,500.15,2500.75,cash_on_delivery,2026-06-05T07:13:23.444203
d7afc0d1-c41a-473c-9c81-eea5688421a1,CUST000199,Electronics,1,979.29,979.29,upi,2026-03-01T10:40:34.220443
a4d6e825-ed16-48b2-9476-fe49936dac71,CUST000767,Electronics,3,236.08,708.24,wallet,2026-02-18T15:45:12.000813
eea1190d-c4af-4c82-a605-ac7ba6cfe910,CUST000502,Groceries,4,714.84,2859.36,cash_on_delivery,2026-03-16T06:21:47.265398
c1f4b600-ad45-4533-9bac-c1d19c4bd886,CUST000137,Sports & Outdoors,1,797.28,797.28,wallet,2026-06-23T21:37:41.510386
a865bdbe-941a-4a95-aaf4-8c227d42870a,CUST000797,Toys,2,826.93,1653.86,credit_card,2026-06-02T06:29:11.990129
d1d80532-296d-429e-9307-217c97e5bcd3,CUST000737,Sports & Outdoors,3,1571.74,4715.22,upi,2026-05-15T14:26:24.395928
bc1c6a58-4b48-483d-a08f-46d060a66cef,CUST000150,Toys,3,220.53,661.59,cash_on_delivery,2026-06-23T06:06:24.225599
27a94554-9a03-438d-a80d-176109c76526,CUST000389,Fashion,5,1893.91,9469.55,credit_card,2026-07-07T21:05:54.172913
35a7aa1f-d4e5-4d7b-8761-7f61833dcaa1,CUST000289,Fashion,1,401.15,401.15,wallet,2026-05-08T17:32:22.815796
5e9947ae-6937-478c-8551-9dc17138b912,CUST000231,Electronics,4,365.96,1463.84,debit_card,2026-03-10T17:54:15.561345
c1fa7025-990e-4049-96ca-d4657595ffbd,CUST000148,Books,4,150.04,600.16,credit_card,2026-06-25T06:03:01.190801
43e99d27-88f1-4169-8dad-457c6605b500,CUST000012,Beauty & Personal Care,2,931.93,1863.86,credit_card,2026-03-07T05:11:12.394728
4473bab0-b03b-473b-a804-9623665b0e29,CUST000548,Electronics,1,510.14,510.14,wallet,2026-04-19T15:37:20.527070
6328b05d-eaec-4cc7-a05f-31de210c521f,CUST000594,Groceries,1,301.89,301.89,credit_card,2026-02-26T01:35:01.888943
11c766e3-4f6f-4a5e-9cc9-cfb5a65fb2a3,CUST000421,Electronics,3,38.37,115.11,wallet,2026-04-30T15:32:31.773468
7cdb04d4-b46c-4115-821f-9ab93cad7ac8,CUST000149,Fashion,3,474.41,1423.23,debit_card,2026-03-25T20:12:42.458769
62210225-d73a-44a4-b2ad-7bc95d46ef08,CUST000698,Fashion,1,1996.43,1996.43,debit_card,2026-05-25T07:15:07.099517
a30263ae-ee00-4425-8702-da3400a0217a,CUST000380,Beauty & Personal Care,1,1540.65,1540.65,debit_card,2026-06-17T10:52:39.528397
26e088d6-0509-4e80-80b8-9d6bdfd47942,CUST000331,Electronics,3,232.1,696.3,upi,2026-06-23T22:20:04.898159
2f81f2e8-a516-48b3-9478-80bb835c57c2,CUST000157,Sports & Outdoors,5,1122.63,5613.15,debit_card,2026-07-26T21:03:44.633704
fdefcc90-bce2-4cec-b51e-9d861f34705a,CUST000472,Home & Kitchen,3,716.03,2148.09,wallet,2026-03-31T10:26:39.774398
7aef3370-62de-4852-b1bf-431c3c7e3de1,CUST000756,Fashion,3,1945.46,5836.38,cash_on_delivery,2026-05-12T10:02:25.998893
9637e5fe-09de-49ab-91cc-4829ecbd8e79,,Groceries,5,700.92,3504.6,cash_on_delivery,2026-06-27T00:13:04.021020
17dae7a2-d6b7-4965-be29-1fcc28143ad4,CUST000641,Fashion,4,1144.11,4576.44,debit_card,2026-02-24T11:02:03.770590
dfc34dad-e85d-486f-bf2a-431b6d2bd254,CUST000719,Toys,4,233.08,932.32,credit_card,2026-07-15T06:12:35.348849
e238b2f5-80d5-4312-8207-4e7827731d92,CUST000311,Fashion,2,328.12,656.24,upi,2026-04-21T06:52:23.467829
3b973db7-ca8a-4e23-9b5e-48dcfd0c40a6,CUST000367,Sports & Outdoors,2,708.0,1416.0,upi,2026-05-09T05:33:21.853220
5e9146f0-5a6d-47c5-aef2-1d11f8846ea7,CUST000650,Home & Kitchen,3,1713.32,5139.96,debit_card,2026-03-29T15:44:59.659682
6c8048ff-ae23-46a7-89e1-b47f094e9b7a,CUST000529,Sports & Outdoors,5,1031.05,5155.25,cash_on_delivery,2026-03-25T07:27:45.684067
1fb7439e-7b0a-458a-9942-f2d28548d80a,CUST000598,Beauty & Personal Care,3,344.77,1034.31,debit_card,2026-08-01T19:59:49.870903
072549eb-32e7-41d6-adc4-13cacfd90317,CUST000521,Books,1,1002.66,1002.66,credit_card,2026-02-22T01:57:44.812524
d02abf54-1c40-46a4-8810-58a8bc3d27be,CUST000511,Sports & Outdoors,4,1593.15,6372.6,wallet,2026-03-19T17:02:37.935355
126f4d18-f978-4413-91de-ad2aef2be9f1,CUST000718,Fashion,1,414.96,414.96,upi,2026-02-19T21:56:31.966698
ef1c4587-c701-481f-a94a-3f90b14ce441,CUST000063,Home & Kitchen,2,933.46,1866.92,cash_on_delivery,2026-07-30T15:00:35.303875
b1a7f035-390c-4750-9632-e5ce8592c9d6,CUST000148,Groceries,4,1856.13,7424.52,debit_card,2026-05-08T16:12:23.906012
3d3b20e2-429b-470e-8023-b7d1eb647be4,CUST000421,Sports & Outdoors,2,939.82,1879.64,cash_on_delivery,2026-03-09T05:05:34.036523
7eba0eea-18d8-49b0-a709-5af7fe3519ed,CUST000056,Home & Kitchen,5,1096.58,5482.9,cash_on_delivery,2026-04-13T14:52:33.181330
e17a2d00-e53f-4769-80fb-b09e9e280676,CUST000202,Books,3,1469.21,4407.63,credit_card,2026-05-25T22:38:22.025831
e6d5b1f6-f58b-49ad-b2b8-9a0c9f9a71b6,CUST000589,Home & Kitchen,4,1289.75,5159.0,cash_on_delivery,2026-07-11T09:09:57.267085
198902bc-1f05-403b-bc99-b7bb0110d0b1,CUST000268,Books,N/A,1531.16,1531.16,wallet,2026-05-01T03:16:28.094356
2ce40a60-e443-4f7c-b3f0-de06b8eedfc2,CUST000616,Home & Kitchen,3,1738.67,5216.01,debit_card,2026-04-21T16:37:15.056111
4c1a0428-a1cc-4bbd-ad02-b5e47985d925,CUST000255,Fashion,4,1800.43,7201.72,cash_on_delivery,2026-04-23T02:24:41.883596
bd602831-23cf-42d2-8665-7642ca805ec2,CUST000403,Groceries,1,143.56,143.56,cash_on_delivery,2026-06-16T03:23:24.230676
37db9fee-960d-4a47-a3a5-d033bd4bb91c,CUST000616,Groceries,3,1185.61,3556.83,debit_card,2026-06-17T03:18:43.385768
b0490e1a-565c-4754-be45-18852a544b94,CUST000300,Home & Kitchen,3,944.21,2832.63,wallet,2026-05-09T19:07:43.892563
19adc744-883b-40df-a377-1afc730c5de9,CUST000158,Fashion,3,297.32,891.96,cash_on_delivery,2026-02-11T19:01:21.155349
d77bc036-7339-4553-abb9-7c2cef258684,CUST000041,Sports & Outdoors,2,1946.68,3893.36,debit_card,2026-04-17T22:30:07.397011
fb829ee3-7a5f-4148-9e31-ea60f33794c3,CUST000208,Beauty & Personal Care,5,1883.9,9419.5,cash_on_delivery,2026-07-24T19:08:06.591305
f73d6342-16f7-4483-a21a-70faef0eeacb,CUST000461,Sports & Outdoors,3,1234.6,3703.8,wallet,2026-07-02T12:04:36.968131
7138aad4-7282-4673-8e7e-2fcaa2b515e0,CUST000764,Fashion,4,332.66,1330.64,credit_card,2026-07-20T23:54:52.698527
f47233cf-399a-4f82-9854-e0d93cb7f48b,CUST000645,Beauty & Personal Care,1,1124.28,1124.28,wallet,2026-02-20T16:21:33.093364
75215fc8-7ed6-461e-a135-642d9df04939,CUST000586,Fashion,3,116.54,349.62,debit_card,2026-06-16T20:17:53.624167
d18b6b51-0f17-4595-9ee1-b97099ef1a81,CUST000258,Beauty & Personal Care,3,1426.92,4280.76,cash_on_delivery,2026-07-16T22:54:09.282532
750449a4-dc69-40eb-b612-6bc03ed2062d,CUST000209,Books,2,220.38,440.76,cash_on_delivery,2026-06-01T00:02:22.157406
3ec5aca7-0ac1-4d09-b83d-3cb98979b515,CUST000218,Books,5,692.5,3462.5,upi,2026-04-09T21:13:33.424272
6b49d431-c61a-417e-afa8-030bb9f1717f,CUST000233,Fashion,4,1604.53,6418.12,cash_on_delivery,2026-04-21T09:46:36.445729
138a586e-6f8c-46d8-97d8-034ece88ca1c,CUST000312,Sports & Outdoors,4,610.0,2440.0,credit_card,2026-06-07T17:56:32.416893
974c7f11-3725-4aaa-bf31-61905ed915a2,CUST000523,Groceries,2,1701.37,3402.74,cash_on_delivery,2026-05-01T12:40:17.055923
17e90065-5d16-4836-bb9e-109de20bb3cc,CUST000109,Sports & Outdoors,4,975.57,3902.28,debit_card,2026-04-19T15:14:09.202132
48cc3bad-0e24-42a5-b377-dd89574d60a4,CUST000050,Beauty & Personal Care,2,1790.95,3581.9,credit_card,2026-03-21T14:26:19.060194
c844eb8c-2195-45fa-bc9e-28d57b3aff5c,CUST000377,Electronics,2,139.33,278.66,cash_on_delivery,2026-02-27T07:58:59.788394
1d559207-0b69-441f-803c-0dce213a89bf,CUST000120,Fashion,1,758.03,758.03,cash_on_delivery,2026-03-19T02:55:36.642128
0cca8c5b-9084-468c-ba83-d8e355f23e2c,CUST000167,Toys,2,1513.79,3027.58,debit_card,2026-05-03T12:03:56.772038
76b9391f-ebe7-435c-bac4-d202d83638c3,CUST000763,Groceries,2,204.39,408.78,debit_card,2026-04-02T17:45:11.507114
526f6454-7fee-47df-af09-7bf60ebd224e,CUST000466,Groceries,2,364.62,729.24,debit_card,2026-04-29T22:35:24.092763
beb742f7-8e10-4f3a-b268-c9dd2a91ee32,CUST000694,Books,1,540.93,540.93,credit_card,2026-05-12T12:51:00.341046
8930903c-0cda-4073-8aba-8ea5ee11caa2,CUST000374,Sports & Outdoors,3,59.21,177.63,debit_card,2026-07-03T21:29:47.989979
a44e59be-76e6-4847-9058-a2d12074d783,CUST000511,Toys,1,1933.32,-1933.32,credit_card,2026-05-26T13:55:46.986852
c97e5809-ba8f-430c-936f-385c7d40f11f,CUST000495,Fashion,5,1641.44,8207.2,upi,2026-07-01T03:09:58.200498
b4cd8e99-922e-48bb-970a-cdebc4f7d3a0,CUST000504,Sports & Outdoors,4,1337.06,5348.24,cash_on_delivery,2026-05-07T17:00:17.091428
a08715a1-816c-40ab-9284-4f9bdf1f162c,CUST000782,Electronics,2,827.72,1655.44,credit_card,2026-03-11T13:46:41.571896
f34af67c-adf6-4b4c-8e7a-dda57f98217d,CUST000673,Beauty & Personal Care,2,1479.55,2959.1,cash_on_delivery,2026-06-29T21:04:32.938808
ffe67386-273d-4a1b-88fc-5b084a78e933,CUST000042,Toys,4,1769.78,7079.12,cash_on_delivery,2026-05-09T08:19:51.086768
c50049d5-2dc5-4a3d-a776-7f1ffed441dc,CUST000767,Home & Kitchen,3,136.75,410.25,wallet,2026-02-22T16:40:33.218571
f5949fdf-c5ff-4f03-ba0e-c94780715bdd,CUST000172,Beauty & Personal Care,4,1122.92,4491.68,upi,2026-02-14T15:26:20.705650
ad9ab788-4afb-42c9-b84c-4e1b2d544eec,CUST000322,Fashion,2,544.61,1089.22,debit_card,2026-04-17T17:37:33.952392
b32dc5bf-4d9b-466f-8f4f-810b469fe85c,CUST000121,Home & Kitchen,2,1447.41,2894.82,cash_on_delivery,2026-03-03T07:53:30.413924
2ba1bff3-6f0f-476a-9d23-0d512fa1d060,CUST000399,Groceries,4,746.71,2986.84,credit_card,2026-07-19T10:56:24.413462
8e179173-8f35-4d8e-896e-3f84b0263d8a,CUST000110,Toys,4,1179.68,4718.72,cash_on_delivery,2026-07-18T18:38:41.599657
20c5c736-16d7-44bb-94a9-f8b24202f5c4,CUST000074,Fashion,4,833.03,3332.12,debit_card,2026-08-08T19:01:42.683315
7f84db81-efff-41f1-941f-a714f3c4b3a3,CUST000703,Toys,2,1989.39,3978.78,cash_on_delivery,2026-03-22T20:04:11.110921
6f1f9c75-842c-42d8-a1aa-130f09397a55,CUST000307,Electronics,2,1941.17,3882.34,upi,2026-07-06T21:31:00.805777
5377fafe-fb8b-47b3-8e27-034a7f15e6b1,CUST000172,Fashion,3,349.36,1048.08,credit_card,2026-05-12T00:53:59.885597
973521fa-9a97-44aa-aab2-ad7a27153699,CUST000624,Fashion,5,1178.04,5890.2,wallet,2026-02-12T23:17:59.183267
0273c6b7-e58f-4be1-9356-74a24d4d9d52,CUST000694,Home & Kitchen,2,161.8,323.6,credit_card,2026-05-17T21:05:08.218000
4eca9897-ef93-4731-8f74-3b09e0a9e2a0,CUST000662,Toys,5,1705.2,8526.0,wallet,2026-03-24T23:49:02.863697
158fb985-be9c-4eaa-9b4c-1b9136791277,CUST000789,,1,1182.48,1182.48,credit_card,2026-03-28T02:52:41.231418
72893ed3-0ba3-49cc-88d9-60d9e18b418e,CUST000258,Electronics,4,1428.66,5714.64,cash_on_delivery,2026-07-13T16:51:09.268236
5333d7b5-6842-4334-ad00-9503604a88b1,CUST000255,Groceries,5,1698.37,8491.85,debit_card,2026-06-10T21:44:59.256746
15a55743-447e-4678-9225-83f9d52602a5,CUST000536,Electronics,1,1678.94,1678.94,credit_card,2026-06-25T18:11:41.451241
a1f4f417-2194-4b0b-aa2c-d802c916387f,CUST000686,Toys,1,972.09,972.09,credit_card,2026-03-01T02:52:31.086389
b0c29382-a61b-4d97-953e-3016bf70a867,CUST000046,Groceries,2,587.23,1174.46,upi,2026-05-06T13:06:56.132272
d6ee870f-e623-441e-ad79-065136828357,CUST000174,Fashion,5,1883.49,9417.45,wallet,2026-06-02T07:53:20.601380
95092cde-d522-4d8e-a15e-18013560c68b,CUST000235,Toys,1,19.27,19.27,wallet,2026-06-13T23:57:14.275210
e78240c0-56ed-4537-9f49-312dfd640276,CUST000677,Beauty & Personal Care,4,1216.91,4867.64,credit_card,2026-02-16T03:02:28.157205
6f95172c-68e5-4f32-bd44-6b0a95e8331f,CUST000045,Home & Kitchen,1,1091.56,1091.56,wallet,2026-08-03T14:08:50.053857
0d5e8fb7-2adf-480a-8384-78444e6700ae,CUST000634,Fashion,4,27.1,108.4,cash_on_delivery,2026-06-19T15:35:56.587434
c06fc1c4-849f-475f-8e87-4064795f9ae2,CUST000433,Toys,3,1618.88,4856.64,cash_on_delivery,2026-06-14T21:56:08.798261
9afa6db8-0b1e-42a0-8fe6-367a24ad20b6,CUST000678,Groceries,3,1142.7,3428.1,upi,2026-03-20T23:56:07.542801
629f8d73-dcd6-4345-9e29-ed6df39182c1,CUST000261,Fashion,2,1798.19,3596.38,upi,2026-04-05T19:51:44.683638
aaf33e8a-d565-4eb4-af97-84cc3bf80eb6,CUST000025,Home & Kitchen,1,1591.23,1591.23,cash_on_delivery,2026-07-31T14:49:06.538383
b581bb9a-f4f8-4b2d-8249-284dc4e28b5a,CUST000314,Toys,3,513.55,1540.65,wallet,2026-06-24T05:36:34.387094
a955a765-8952-4636-82f9-6925cfa4ecbb,CUST000713,Books,4,1411.11,5644.44,cash_on_delivery,2026-06-21T01:20:14.145028
dca385d4-213b-4114-a2e6-f547b5b6bd25,CUST000591,Sports & Outdoors,2,477.62,955.24,wallet,2026-03-30T18:52:08.261116
e9c7957c-883b-460f-96d6-9e340e27497e,CUST000089,Beauty & Personal Care,1,1703.64,1703.64,credit_card,2026-06-10T13:43:56.523672
d7bec3fb-3689-4a00-8b6d-fe770f43e95d,CUST000699,Home & Kitchen,4,942.0,3768.0,wallet,2026-07-15T04:24:56.515274
17a16694-c5e2-4843-9c65-2ac946690864,CUST000054,Groceries,2,229.79,459.58,cash_on_delivery,2026-06-25T05:02:26.285746
7fc60d19-3b6a-4fac-b292-b699c898d1d3,CUST000198,Beauty & Personal Care,4,229.53,918.12,debit_card,2026-07-24T14:24:12.911938
7464a245-0fc6-416e-b7f8-ede5062ec653,CUST000396,Fashion,2,640.12,1280.24,cash_on_delivery,2026-07-12T12:43:01.555290
0b8b2bf0-2717-489c-8b6e-0b81b31d1b6e,CUST000782,Electronics,2,755.35,1510.7,credit_card,2026-02-13T17:03:43.669698
862a6c0c-fbb7-446f-a355-ddd00c3ec94f,CUST000640,Beauty & Personal Care,5,1855.97,9279.85,credit_card,2026-06-14T17:05:39.055597
b675de59-b154-48b1-81b7-eb650c78fd96,CUST000089,Groceries,4,1457.07,5828.28,cash_on_delivery,2026-07-26T03:20:39.481113
460cd320-52ca-4651-9175-71f7d0a97a76,CUST000660,Books,3,20.17,60.51,debit_card,2026-03-18T14:47:23.180348
222813d1-99d0-4602-8384-90155f5641a6,CUST000701,Books,2,163.96,327.92,cash_on_delivery,2026-03-13T11:39:43.371505
5929adcf-5aad-4f1f-ae6c-560bc71d9fc6,CUST000352,Home & Kitchen,1,1084.62,1084.62,credit_card,2026-07-15T23:04:26.425858
17153c82-e83e-4aab-aab8-781aa3b74450,CUST000298,Home & Kitchen,2,701.36,1402.72,wallet,2026-08-03T07:07:00.173056
17c1851e-50d6-458b-8eb9-8b77fe1ef336,CUST000749,Sports & Outdoors,3,431.52,1294.56,cash_on_delivery,2026-07-05T05:46:56.560302
a0bc03f3-1b34-45e4-a964-e424dce51935,CUST000577,Toys,4,1331.65,5326.6,upi,2026-04-17T21:58:56.571476
db708b34-f479-4f07-a435-b21851a10179,CUST000764,Electronics,N/A,1199.77,3599.31,wallet,2026-06-01T07:41:51.906687
07295ff9-c07b-40cd-986d-39d73c49bd83,CUST000598,Books,2,1612.65,3225.3,cash_on_delivery,2026-06-29T04:12:55.619983
e5b70c1d-08e7-4938-a0b6-6f946adb33a0,CUST000608,Books,2,956.34,1912.68,upi,2026-06-05T06:57:44.650778
dc9207cf-7bdd-4bc3-8f50-b5ca50a41417,CUST000021,Electronics,2,790.64,1581.28,credit_card,2026-05-24T15:07:31.937124
5419ee39-abdb-4a94-96e5-1a8e8d23d066,CUST000523,Toys,4,853.68,-3414.72,upi,2026-02-28T07:33:48.571172
9ec8a602-e385-4eda-973f-7b5c59219b25,CUST000121,Electronics,2,912.09,1824.18,debit_card,2026-05-09T20:35:25.171572
487cd5ea-39f4-48d1-b2de-c8e944d1e5a9,CUST000130,Beauty & Personal Care,2,1867.46,3734.92,wallet,2026-06-19T07:12:19.507083
506513c2-e4c3-4a3c-8089-818d71f9a4c3,CUST000781,Sports & Outdoors,5,1874.76,9373.8,upi,2026-04-02T15:55:43.658581
ae4cec00-297e-4222-a504-1c4ec2021e9d,CUST000365,Home & Kitchen,1,692.88,692.88,wallet,2026-03-24T21:31:41.790304
22d6cc62-67ff-4846-8d09-d842a661b7eb,CUST000216,Fashion,2,952.37,1904.74,wallet,2026-03-31T04:21:55.720821
e937264d-715a-409a-9a83-3524d30c14e3,CUST000613,Beauty & Personal Care,3,785.87,2357.61,wallet,2026-06-21T08:08:41.130064
0d8ece9b-1df9-425a-94eb-513dddc77e11,CUST000781,Sports & Outdoors,1,1215.03,1215.03,debit_card,2026-02-19T00:08:19.806232
6a2f4fc5-2f64-487d-bf89-7af0a0359e66,CUST000080,Sports & Outdoors,2,226.43,452.86,debit_card,2026-06-01T08:22:05.782154
f85e11a2-4728-413f-aef0-73641cf4a58a,CUST000660,Home & Kitchen,5,500.09,2500.45,wallet,2026-05-19T23:31:49.024127
1dfa4d85-d321-4a62-96db-adcb592ede01,CUST000399,Books,4,1788.02,7152.08,upi,2026-06-21T10:41:05.615812
4e157400-eeab-41e9-bca4-6e5679e59451,CUST000303,Groceries,2,307.58,615.16,credit_card,2026-05-11T01:54:05.636148
290fc37c-8af2-4ea9-81ef-2cd3f7b67078,CUST000104,Fashion,2,1880.54,3761.08,credit_card,2026-03-07T15:05:29.598971
8ec0caad-9d5b-44f3-9bbc-a32d3f7355a7,CUST000413,Groceries,2,69.6,139.2,credit_card,2026-04-26T23:24:35.863438
fbfdd601-d060-43f3-b0be-8a7719c6c2ca,CUST000366,Books,1,594.23,594.23,wallet,2026-04-11T05:30:14.432475
a39cb2eb-4d39-4e58-86d4-a8010b62cb73,CUST000043,Groceries,5,426.78,2133.9,cash_on_delivery,2026-04-18T13:12:08.021419
c2d82b32-6a47-463b-9c3f-faad95ddca9c,CUST000046,Fashion,1,246.5,246.5,upi,2026-03-02T00:47:41.096650
b70010dd-d57d-417b-9645-8e971681ceb6,CUST000463,Books,2,1293.53,2587.06,cash_on_delivery,2026-06-11T04:52:09.781175
2d64f975-4936-41fd-af2b-701254cce72b,CUST000312,Home & Kitchen,5,794.07,3970.35,wallet,2026-06-23T20:42:04.283016
4f4c6071-b2ce-49ed-826d-f12b44a42c71,CUST000359,Groceries,2,1258.02,2516.04,cash_on_delivery,2026-05-24T18:16:05.772441
df1be65b-6868-425a-9115-29a7a8523435,CUST000377,Home & Kitchen,3,859.1,2577.3,credit_card,2026-03-29T05:25:24.611760
7c307e89-bf23-427f-9b24-4358be02046e,CUST000445,Books,1,997.52,997.52,upi,2026-07-20T13:00:39.715168
61c57d56-1d0f-4cb5-a612-92462d78f47f,CUST000771,Groceries,3,644.33,1932.99,wallet,2026-05-04T22:42:34.257353
4f539775-7e2b-436c-97e6-ab196bb2845a,CUST000571,Books,1,1034.67,1034.67,debit_card,2026-05-07T10:58:39.317251
88c403af-34b8-47fb-8573-6bd219c5ab05,CUST000122,Beauty & Personal Care,4,906.04,3624.16,wallet,2026-07-08T23:05:56.999727
eec11b77-7526-414f-b535-a0bd778fc532,CUST000661,Groceries,2,280.47,560.94,credit_card,2026-03-21T21:33:19.446770
7d57ad6e-8087-4d9d-bb5f-7f6c20218782,CUST000512,Sports & Outdoors,4,112.12,448.48,debit_card,2026-04-01T22:34:31.245495
d283c97c-b01c-4806-aefd-574194b6dc52,CUST000059,Fashion,N/A,642.76,1285.52,upi,2026-07-26T05:24:39.820907
a63a5ca0-eaf0-47f5-8736-7ba900a884dd,CUST000584,Books,2,531.02,1062.04,wallet,2026-04-07T15:23:06.641040
fef4c8f5-24fc-480f-95d3-82b2f6fce457,CUST000281,Toys,5,369.83,1849.15,upi,2026-05-18T22:23:52.548128
32e621e4-c734-4aaf-ae44-4f0a36d19a91,CUST000684,Sports & Outdoors,5,894.11,4470.55,wallet,2026-05-24T21:27:56.509168
934f9e1d-da24-4996-9789-c7449c168615,CUST000430,Fashion,4,622.65,2490.6,credit_card,2026-03-21T23:51:38.848406
9085d22a-2401-49b7-8014-cc0f1a92b95f,CUST000211,Home & Kitchen,1,652.52,652.52,upi,2026-06-09T04:11:32.616546
1b73a5d7-5c71-4c39-ba7a-874d13678b06,CUST000407,,2,1501.59,3003.18,credit_card,2026-06-26T13:34:54.542438
4795aa36-daf8-4cd8-bfb1-4bb9fdead642,CUST000248,Groceries,2,796.28,1592.56,wallet,2026-05-02T06:14:08.467192
8d842089-6319-40b8-aee4-8cad6c4773cd,CUST000607,Fashion,1,437.9,437.9,cash_on_delivery,2026-07-11T11:17:54.874247
692e289e-432b-4617-98f7-0f20ebf26a28,CUST000336,Electronics,1,572.14,572.14,cash_on_delivery,2026-03-21T04:36:54.143867
f4eb07ce-5d20-4df4-805a-f113e40dd8b5,CUST000723,Books,5,513.72,2568.6,cash_on_delivery,2026-03-22T11:35:41.412773
9c66ee49-9a45-40c8-8f8f-01e090e4da78,CUST000409,Beauty & Personal Care,1,1603.05,1603.05,credit_card,2026-05-31T22:41:26.764383
9653071d-3d86-4bcc-819c-016428abc6ec,CUST000120,Groceries,5,423.71,2118.55,upi,2026-07-29T00:42:10.835411
4fac7075-8bc8-42f7-bcfb-7a2563dd379c,CUST000309,Home & Kitchen,4,485.34,1941.36,cash_on_delivery,2026-06-09T09:07:40.267191
c475d09a-77eb-4209-b9f9-dcae76ee6ba3,CUST000007,Electronics,4,7.38,29.52,wallet,2026-04-06T03:47:09.104058
b69beb7d-a6b9-4f0c-bae1-e33a194e6bb4,CUST000697,Books,3,82.37,247.11,debit_card,2026-04-26T02:37:23.627437
3c60c243-fa6d-4b24-a4eb-a4fc598d5ac2,CUST000650,Sports & Outdoors,5,1700.96,8504.8,cash_on_delivery,2026-02-27T14:14:46.583853
ac71a4dc-bf7f-4c7f-9e07-1243d6883a33,CUST000342,Toys,1,91.42,91.42,wallet,2026-03-22T13:29:33.561049
8d86a86e-ebe7-4df2-9da5-f1ebc431b14b,CUST000494,Fashion,2,1385.18,2770.36,debit_card,2026-07-20T20:14:18.956550
e8e1d240-633c-4ea6-b919-fec0019c4504,CUST000169,Books,5,1121.58,5607.9,debit_card,2026-05-17T17:01:45.978816
0504e700-5f44-43e2-830f-7869bae78821,CUST000563,Sports & Outdoors,4,518.37,2073.48,cash_on_delivery,2026-06-11T14:08:59.840074
37c2c9fa-3580-4583-8422-45b1c9653cbf,CUST000572,Electronics,4,565.34,2261.36,debit_card,2026-04-12T05:37:32.849396
ef5d21c4-559b-42ab-a40e-135e304e8e77,CUST000441,Books,3,156.62,469.86,wallet,2026-02-12T02:43:59.227779
f06317c6-1cb1-4151-85a7-04fbcea4da5c,CUST000464,Electronics,2,1525.14,3050.28,cash_on_delivery,2026-07-03T23:57:51.115227
074d1b26-160f-4bb7-9263-eba019fb0b48,,Toys,1,979.96,979.96,wallet,2026-06-28T23:27:08.024186
2af87424-2aa3-44e5-a487-435d6a5ed711,CUST000669,Groceries,3,1056.05,3168.15,upi,2026-06-14T05:01:56.923972
cb2dd72b-2eb1-4524-9755-d63daa8efe4a,CUST000567,Sports & Outdoors,5,961.98,4809.9,credit_card,2026-06-21T07:43:06.202630
24e76cfc-9cfd-4f6d-a0fb-570b900089ae,CUST000574,Fashion,4,419.33,1677.32,wallet,2026-02-24T23:11:01.425179
b8cbd3c2-3c54-4ff2-bff4-5f30f845a195,CUST000726,Beauty & Personal Care,1,1488.25,1488.25,cash_on_delivery,2026-04-30T14:43:31.269503
228d7928-0a6e-4b2c-a7fa-276110f4af89,CUST000350,Sports & Outdoors,3,1353.36,4060.08,wallet,2026-08-01T09:20:22.000031
084520f1-fc7e-4e07-89e8-534ac2e9a572,CUST000484,Home & Kitchen,3,1175.04,3525.12,upi,2026-05-03T17:43:02.532637
9b6c6da7-6c8b-4db9-9a3b-b5d7c2d86184,CUST000441,Toys,5,1116.19,5580.95,cash_on_delivery,2026-03-21T09:34:47.256190
03800a78-9074-4ee9-ad86-9376274ab52b,CUST000085,Toys,5,1998.35,9991.75,debit_card,2026-06-17T23:45:27.896000
73c5528a-fa30-4993-b650-4a90d35c9a7d,CUST000736,Beauty & Personal Care,2,1894.77,3789.54,cash_on_delivery,2026-02-21T14:56:23.578243
386f9258-b904-4055-b41b-86f5db1c0e7b,CUST000177,Sports & Outdoors,2,1600.06,3200.12,credit_card,2026-04-09T21:24:46.806423
8609b892-04ff-45de-8f80-8a89223722aa,CUST000680,Sports & Outdoors,2,1964.06,3928.12,wallet,2026-06-16T03:37:51.059104
28773458-9b3a-462f-b17a-b9466e282061,CUST000112,Fashion,2,64.81,129.62,upi,2026-02-18T23:16:06.110082
6b737ee6-6a8e-4500-90fe-0866789055db,CUST000765,Electronics,4,1269.6,5078.4,credit_card,2026-03-15T21:43:18.963538
cf3c179e-243f-4332-999e-e2f06f1bf7d1,CUST000037,Groceries,2,1492.69,2985.38,cash_on_delivery,2026-02-20T21:26:40.918954
84fcb091-1982-4606-b285-a190fd0cb12e,CUST000653,Toys,3,1813.52,5440.56,wallet,2026-06-17T15:48:27.369683
57a660e5-8244-4e6b-a8a1-5eb5cd32244c,CUST000667,Sports & Outdoors,1,691.38,691.38,credit_card,2026-02-11T00:31:35.468068
b4a05b69-1507-4bc7-9496-84b1189f1335,CUST000390,Books,3,836.05,2508.15,wallet,2026-04-24T18:21:14.308364
43b38c30-dd71-44dc-a305-d54d92ee040a,CUST000276,Electronics,4,1352.42,5409.68,cash_on_delivery,2026-02-12T15:00:44.314447
98ecca02-3aec-4abf-9626-4e58d9277a5e,CUST000183,Electronics,4,590.17,2360.68,cash_on_delivery,2026-06-14T14:12:08.774703
145a7d36-4c91-4dfa-9d5f-9686321dcfaa,CUST000109,Home & Kitchen,2,1051.15,2102.3,debit_card,2026-03-25T06:08:08.156297
230e7b59-7334-4468-8ed7-e7610b4c68f8,CUST000727,Groceries,2,1975.04,3950.08,upi,2026-04-11T05:12:23.549060
887c8f33-6763-4a9d-a3fb-21dfd87e885d,CUST000788,Fashion,3,665.77,1997.31,wallet,2026-04-05T07:24:22.872744
ceb03900-9490-4f35-9139-ad9b8e650e1d,CUST000301,Electronics,1,640.84,640.84,credit_card,2026-05-09T22:46:23.132935
694ab8bb-579d-43ee-a04a-6d413bc7c1f4,CUST000636,Books,5,322.81,1614.05,cash_on_delivery,2026-02-12T23:22:23.158544
fc4fe232-d2ee-466d-8765-793b50b26bd9,CUST000459,Sports & Outdoors,2,1461.02,2922.04,debit_card,2026-07-29T09:04:40.665405
efb6d6fc-02aa-49af-9438-8439fc8ca845,CUST000157,Fashion,3,1784.09,5352.27,upi,2026-06-27T19:55:27.711695
1adf8212-b5c5-4914-b6b5-0f623d59a44f,CUST000029,Sports & Outdoors,2,367.67,735.34,wallet,2026-04-13T18:58:59.392704
c9504cb1-b597-4c30-b5ff-0b8c0af7b005,CUST000633,Sports & Outdoors,4,606.45,2425.8,debit_card,2026-02-20T14:05:47.453717
e87437dc-2afe-49b8-b61d-f92542729a8e,CUST000485,Books,4,1741.27,6965.08,upi,2026-08-02T06:18:13.167418
138bcdd8-a384-45a4-8274-69d6fbb82a92,CUST000148,Toys,4,1852.09,7408.36,credit_card,2026-03-05T16:46:29.902041
58dba74e-7811-4c97-a003-e71345d9c09c,CUST000170,Books,1,210.5,210.5,cash_on_delivery,2026-04-25T06:18:54.718054
aab7cf46-c9eb-47a9-a732-87fc363434ea,CUST000223,Books,1,121.88,121.88,upi,2026-06-14T15:40:35.293162
34d8ec3f-6c3c-40cb-913b-a38daf94133f,CUST000636,Home & Kitchen,5,1183.62,5918.1,cash_on_delivery,2026-03-18T15:25:41.595829
87fa845d-7563-48f2-aa99-58d3642f5922,CUST000048,Sports & Outdoors,5,1081.22,5406.1,debit_card,2026-05-20T07:56:43.801390
c598561c-90fc-4f95-87cb-fc90d6a0d087,CUST000566,Home & Kitchen,3,1296.31,3888.93,upi,2026-05-24T15:59:55.184122
ab952f86-9ec1-4281-ae09-e0c2f97f5b4d,CUST000247,Electronics,5,1082.16,5410.8,credit_card,2026-06-26T07:56:07.814157
5d8d5342-918d-4942-b147-d1b3f9dd3861,CUST000324,Fashion,5,776.74,3883.7,cash_on_delivery,2026-04-24T20:57:18.975931
0baccc2c-0b77-4170-9ad1-967577a47a6d,CUST000266,Toys,4,1054.34,4217.36,wallet,2026-06-14T14:45:28.106161
46f92782-e95e-4045-9606-dc522b9c9ebd,CUST000438,Home & Kitchen,3,949.4,2848.2,credit_card,2026-05-07T01:54:17.280647
006a6351-ca49-4e4d-b44b-c87492f5a5f5,CUST000305,Groceries,3,1883.26,5649.78,upi,2026-07-02T07:56:12.647066
d9d378ac-a00c-413a-a11f-591be9d9a3fb,CUST000267,Groceries,5,972.41,4862.05,credit_card,2026-05-28T18:24:46.677291
2d5c0abf-ece0-4b15-b402-287c95d3d434,CUST000492,Home & Kitchen,1,1551.06,1551.06,cash_on_delivery,2026-05-02T05:22:25.180872
39fee44f-a6c7-495b-9ea2-620c50a02d3c,CUST000012,Fashion,5,641.46,3207.3,wallet,2026-06-18T15:32:53.492120
ac36da3c-d7b0-4daf-80cf-6ea0fd924974,CUST000240,Sports & Outdoors,5,1370.27,6851.35,wallet,2026-06-13T21:43:32.391091
97a13d9b-c6f3-4df4-bf05-5c049849c441,CUST000189,Electronics,1,956.93,956.93,debit_card,2026-04-11T05:39:08.376297
1a99c535-4e13-4ce2-b2fb-a30385d6291d,CUST000759,Beauty & Personal Care,5,1159.37,5796.85,debit_card,2026-04-26T13:16:10.972432
c126488d-48c8-4f33-bf36-e36d63ebe481,CUST000370,Home & Kitchen,2,1358.24,2716.48,cash_on_delivery,2026-02-23T19:58:19.537448
1faad069-047c-44df-a04a-81496b27f56c,CUST000017,Toys,5,884.1,4420.5,upi,2026-06-25T01:49:25.467842
1aaf5aed-ac24-4b0c-a611-4d34746fe5eb,CUST000599,Toys,4,446.67,1786.68,upi,2026-03-18T07:28:46.397750
a8643ba9-6d1b-4cb7-8a4b-60d89dda0851,CUST000590,Electronics,2,743.96,1487.92,wallet,2026-04-04T19:10:19.126151
d99e102b-960a-4cc5-968a-433ac86caac6,CUST000428,Toys,4,58.43,233.72,wallet,2026-06-29T02:38:02.515099
c25fbb1d-7914-4b43-84ef-11bc9506dd42,CUST000101,Fashion,5,1010.99,5054.95,cash_on_delivery,2026-05-02T01:48:08.583912
37f6c3a0-4272-42ef-ad5e-0c4389dd0422,CUST000694,Books,1,848.01,848.01,upi,2026-05-17T03:32:16.424006
75ddc7c4-313c-4c1e-973f-1fcb0380909d,CUST000460,Groceries,2,191.5,383.0,wallet,2026-02-25T05:11:57.608145
f5e91b1f-e79e-4543-87c0-d371002808f7,CUST000355,Beauty & Personal Care,2,338.09,676.18,upi,2026-04-23T13:05:28.674770
5fed94c3-a216-4c01-98c6-3f9b17f10fa8,CUST000556,Toys,2,1309.55,2619.1,upi,2026-03-12T09:26:09.859175
6c6e3e4b-cd43-4131-ac8e-9336dce02487,CUST000430,Sports & Outdoors,2,635.03,1270.06,debit_card,2026-05-11T17:16:15.924360
b2a50358-7245-48ad-aede-d99ff505ae18,CUST000755,Electronics,2,1466.22,2932.44,debit_card,2026-04-20T11:02:59.857369
47a3a0d3-aef6-47a8-8a1f-6a7f86a33334,CUST000379,Electronics,1,291.26,291.26,debit_card,2026-04-30T22:59:52.594155
0eca8faa-68c7-4bef-92a8-99d9b9d0eaf4,CUST000780,Beauty & Personal Care,2,1675.49,3350.98,upi,2026-08-02T16:05:00.923015
f56686c8-853f-43d2-a62f-65fb2c331b9a,CUST000437,Beauty & Personal Care,3,293.61,880.83,debit_card,2026-08-06T16:08:10.091468
8f4e9d19-6b83-4a3f-bc66-8f534b0a1893,CUST000740,Fashion,2,309.67,619.34,debit_card,2026-04-23T21:11:44.075110
8d68247b-86dc-47e8-9912-e638695cd68e,CUST000579,Fashion,4,392.49,1569.96,upi,2026-04-20T15:01:38.200408
350cb550-1f60-4ba2-b42d-66e01d663d5a,CUST000793,Toys,1,1224.37,1224.37,debit_card,2026-07-27T03:14:11.793762
42315d42-324e-41bb-9005-7001dcfc6627,CUST000537,Fashion,1,1511.21,1511.21,credit_card,2026-05-22T09:39:08.315794
3250f620-16e4-4113-9476-a854d03a0305,CUST000558,Sports & Outdoors,2,695.49,1390.98,upi,2026-06-23T12:29:56.177701
a4d05382-047a-4849-87ca-f504c8f92324,CUST000361,Electronics,4,848.33,3393.32,debit_card,2026-04-27T07:32:15.020288
b536fe76-b91d-441c-a89c-f6f5840f1f48,CUST000444,Books,1,1860.84,1860.84,debit_card,2026-05-20T03:42:56.504344
c1d70554-d360-4b93-a1f1-3abbd5503336,CUST000003,Home & Kitchen,1,560.92,560.92,credit_card,2026-05-22T12:13:07.874743
fe0d5f07-d369-4d1b-b399-6c8306fb5469,CUST000062,Fashion,5,1762.55,8812.75,wallet,2026-04-24T23:13:32.390428
6dd075ee-fc23-4a9e-9626-960680117c2d,CUST000284,Sports & Outdoors,1,1288.99,1288.99,wallet,2026-04-28T13:49:26.814598
15f12634-cf7a-489a-8477-bf73e6884d39,CUST000495,Beauty & Personal Care,3,856.97,2570.91,upi,2026-07-27T23:22:31.070820
acb27cfe-9ef3-4c3d-ad20-f336983ec7b9,CUST000251,Toys,4,1818.72,7274.88,credit_card,2026-02-28T04:23:27.162191
7a5960d0-43e8-4a4c-8519-8c0a38d7fae8,CUST000150,Electronics,5,630.51,3152.55,cash_on_delivery,2026-05-26T11:22:58.736207
3f7e7f0e-2119-4ada-a503-de4894b0bfbf,CUST000087,Groceries,5,1910.56,9552.8,wallet,2026-06-10T16:05:57.610420
2ade5067-63dd-4f91-a527-55c097b8965a,CUST000345,Electronics,1,1651.35,1651.35,credit_card,2026-06-19T10:09:28.846281
0cd963a9-6040-461b-b2c3-dd9d523a8e45,CUST000514,Fashion,4,52.25,209.0,cash_on_delivery,2026-07-02T05:03:24.042576
7eeab19e-5aaa-4173-9aaa-7ec996a02e47,CUST000755,Electronics,3,1002.1,3006.3,upi,2026-06-29T09:40:08.236723
53fa625c-f88b-4053-8c60-a39205557e9e,CUST000003,Groceries,1,1468.0,1468.0,cash_on_delivery,2026-03-08T19:20:21.879120
ccd0427a-f8a5-4349-9bc2-d5956fc309b0,CUST000707,Fashion,5,1155.35,5776.75,credit_card,2026-06-03T08:01:51.517710
519ae192-aa1e-4552-91ea-4f410f7ababa,,Electronics,4,1389.47,5557.88,wallet,2026-03-07T00:38:36.394498
b3697eb1-85d0-4293-9097-733cf40f3850,CUST000074,Toys,N/A,1897.51,9487.55,wallet,2026-04-28T18:02:32.715204
c4ae5f38-41d8-4990-9604-93514c0c1902,CUST000080,Groceries,5,1381.96,6909.8,wallet,2026-04-21T17:20:46.332078
023d3f85-2467-4930-9b6d-c436deba7891,CUST000526,Home & Kitchen,1,708.72,708.72,upi,2026-05-28T15:12:12.341818
16939218-a6fe-434d-a6c1-48013c62eaa5,CUST000646,Books,3,317.56,952.68,upi,2026-07-21T07:11:38.636429
6bfe9676-452c-454c-98ea-3e153c70dc47,CUST000583,Home & Kitchen,4,1154.58,4618.32,wallet,2026-03-15T18:43:14.970409
38e278a9-8269-4acb-aee2-d057429ff4a9,CUST000203,Groceries,5,1557.03,7785.15,debit_card,2026-02-28T19:29:26.659073
9a32d3b9-da0a-48f3-bc3d-06f1c500ba74,CUST000005,Toys,3,1561.59,4684.77,upi,2026-07-29T13:55:46.394115
94b252a8-a4ec-4070-9f06-4dcec80556ab,CUST000757,Groceries,3,636.49,1909.47,credit_card,2026-03-10T04:58:54.449866
faeec278-be4d-4f26-97df-9129e82cbca1,CUST000687,Groceries,1,269.23,269.23,debit_card,2026-05-14T18:23:27.682018
8a5cf2c4-0411-409d-897a-7d43de412916,CUST000062,Electronics,2,1182.97,2365.94,upi,2026-05-31T14:57:59.554338
642b988c-cfde-4ba2-b9ca-6d6d0edeea66,CUST000166,Beauty & Personal Care,5,467.84,2339.2,upi,2026-03-10T20:47:08.415403
f5c4d303-b099-44e1-a2d1-932aaeccb4d4,CUST000460,Groceries,5,1367.35,6836.75,upi,2026-03-11T02:25:09.549044
e458a112-608a-48ee-af7f-24847328589b,CUST000752,Fashion,4,844.16,3376.64,wallet,2026-03-15T14:05:14.498742
de61f3ca-38fd-4fde-bad0-0f1b693470d8,CUST000084,Home & Kitchen,1,1049.17,1049.17,upi,2026-05-28T20:56:16.636017
3f4798fa-1d39-4033-9765-70d2464e9467,CUST000523,Fashion,4,781.23,3124.92,credit_card,2026-07-21T04:56:50.712631
910f8f79-ac14-48be-ba6c-b2204009c4c9,CUST000493,Electronics,2,1006.16,2012.32,cash_on_delivery,2026-04-07T05:55:41.059844
f5700748-d5dc-43ae-886e-154d0f5e5bdd,CUST000381,Home & Kitchen,5,907.28,4536.4,credit_card,2026-05-20T20:46:35.100451
66696dac-9b77-4830-8b6a-1e6644aa57ad,CUST000224,Beauty & Personal Care,1,357.59,357.59,wallet,2026-04-20T10:28:43.549814
725da3e4-fb44-456f-9900-37900cb73834,CUST000276,Home & Kitchen,5,1065.28,5326.4,cash_on_delivery,2026-05-31T19:48:07.682559
4e67c195-84e8-4548-aef0-ddb8e1b4eab1,CUST000216,Electronics,3,1604.11,4812.33,upi,2026-02-12T05:27:57.073386
c1268506-e342-43af-bb4c-88659781f0a9,CUST000656,Books,2,1152.26,2304.52,debit_card,2026-07-21T02:52:53.386687
2918152b-eb84-4c72-b63c-e84b48732a88,CUST000149,Groceries,3,100.25,300.75,wallet,2026-05-29T01:40:54.075939
e2f06626-31f6-4b15-9949-80cc1ed8cc96,CUST000539,Books,2,1051.67,2103.34,wallet,2026-07-08T12:01:10.411570
a3e23e6e-8e4f-4d5d-8ed7-dae2ba569081,CUST000563,Home & Kitchen,3,1462.01,4386.03,wallet,2026-07-07T07:50:07.328017
6b7c2937-acdb-4f0c-b3f0-2fff8225d088,CUST000747,Books,2,1473.68,2947.36,debit_card,2026-07-01T22:40:55.001566
51311c41-af4d-4530-861a-5fc76bd465e4,CUST000225,Beauty & Personal Care,3,1856.06,5568.18,debit_card,2026-06-28T08:14:55.685179
e415acd6-6475-46f1-9160-842610b09113,CUST000041,Groceries,3,1672.67,5018.01,debit_card,2026-05-29T07:54:59.926750
79779e35-7710-4b04-a1bc-c23153f5abb6,CUST000057,Books,5,530.47,2652.35,cash_on_delivery,2026-06-14T19:41:33.546762
24cee6e1-1608-43e5-a500-28bc4bdd6b05,CUST000006,Beauty & Personal Care,3,499.58,1498.74,cash_on_delivery,2026-02-11T23:13:44.633348
4202a8d5-b226-4e09-a6a8-2e6ea2dd716b,CUST000257,Toys,1,983.37,983.37,wallet,2026-07-20T23:46:45.835757
442552c7-e2cc-4334-ba8a-2dd61b286d4e,CUST000781,Beauty & Personal Care,4,1676.37,6705.48,cash_on_delivery,2026-04-08T00:27:40.870884
b86df5fd-6b3d-4e10-a5e0-6c867f988208,CUST000763,Toys,5,183.86,919.3,upi,2026-05-28T00:44:07.784695
a44781cc-2d04-455d-8215-60dac261e72a,CUST000708,Toys,1,830.01,830.01,wallet,2026-05-27T02:44:06.771444
98648361-b618-4e3d-87ee-55a6b2e96aa7,CUST000522,Electronics,3,1573.41,4720.23,cash_on_delivery,2026-07-17T14:40:29.636117
6cc0f5cf-86af-455c-b106-4d39fa9ab480,CUST000072,Electronics,4,123.35,493.4,wallet,2026-06-01T12:45:57.925477
e52662d0-d454-476f-aa72-60d635265aea,CUST000525,Toys,1,467.65,467.65,wallet,2026-03-27T09:04:21.703434
ac0775ce-701e-438a-b36b-ea658e786143,CUST000446,Toys,1,1818.83,1818.83,cash_on_delivery,2026-02-28T21:51:58.192128
816da1f0-fca0-4298-990c-accf11087978,CUST000233,Electronics,1,92.86,92.86,debit_card,2026-05-02T16:53:25.178557
3616e4b9-746c-414c-9610-40785d107961,CUST000579,Groceries,3,703.92,2111.76,wallet,2026-04-28T00:28:50.057390
0d4e2b63-eb65-47ee-ae80-05dd6c9a3de2,CUST000788,Beauty & Personal Care,4,1421.25,5685.0,debit_card,2026-05-13T16:12:08.169402
e61e1f45-0067-411e-a535-4a87c0628a30,CUST000208,Home & Kitchen,3,1260.99,3782.97,debit_card,2026-05-23T22:09:39.803107
b4220588-1be2-4864-8213-a18f10919cf4,CUST000643,Beauty & Personal Care,1,1190.44,1190.44,upi,2026-05-15T06:38:05.048109
6d70881d-ff65-4083-adea-3943c55ad51d,CUST000534,Toys,3,1446.96,4340.88,wallet,2026-07-16T12:24:17.099275
537a1070-acb6-4492-9a4f-8bb43f7612b0,CUST000296,Beauty & Personal Care,1,607.57,607.57,upi,2026-06-09T04:52:43.988830
765a8b4e-77ae-4b77-90bd-ea264469f687,CUST000223,Fashion,2,1009.25,2018.5,wallet,2026-07-16T13:41:29.734279
8fde9ea6-deef-409c-85dc-4439846982c3,CUST000022,Books,3,969.37,2908.11,wallet,2026-06-07T18:03:15.993383
dc73b9dc-4545-4cf8-8b45-136b819221ed,CUST000013,Books,3,1832.7,5498.1,credit_card,2026-08-02T18:00:32.997998
7bc30baf-df00-44dd-980d-c9abb42bf03b,CUST000040,Groceries,3,408.88,1226.64,debit_card,2026-04-15T08:00:41.120570
001eee62-d3af-4905-9e1f-6495b5ea87e1,CUST000641,Toys,2,854.69,1709.38,cash_on_delivery,2026-08-07T23:45:56.525037
7f8d57fd-50e0-4ace-93a2-9c9a644d35a3,CUST000137,Home & Kitchen,3,530.28,1590.84,upi,2026-06-21T17:37:50.195995
f7734a66-c3e2-441c-ab75-8b547e34d576,CUST000532,Groceries,5,1887.38,9436.9,wallet,2026-02-19T01:02:49.542226
494c5917-7689-4113-924b-6dc45d48f43f,CUST000564,Sports & Outdoors,3,691.78,2075.34,credit_card,2026-08-01T23:31:00.774641
fc155df7-0997-4813-88bd-a0ad97767fa5,CUST000109,Books,1,1203.37,1203.37,credit_card,2026-03-25T10:59:12.756905
a98c16fa-df7c-4710-bd4d-e86ea07afdb7,CUST000309,Books,1,1171.05,1171.05,wallet,2026-07-05T10:24:52.148328
a09baa97-19c0-444e-8afe-2fb4d8521516,CUST000724,Beauty & Personal Care,3,1070.59,3211.77,cash_on_delivery,2026-04-11T14:18:36.751296
5bdfc1d5-2163-432f-ae43-295ca8fb8ceb,CUST000790,Toys,4,987.81,3951.24,cash_on_delivery,2026-06-26T04:28:22.083943
7ec8f2f6-e815-4165-b063-08b47c324d68,CUST000567,Groceries,3,393.64,1180.92,wallet,2026-02-13T21:42:52.416925
0f934b6f-15b8-454a-a2b4-3fa1c5a186af,CUST000291,Home & Kitchen,3,1527.42,4582.26,cash_on_delivery,2026-06-09T22:10:11.499600
d53d0ab1-2346-446e-9963-39f21de25fe2,CUST000513,Electronics,5,1041.54,5207.7,credit_card,2026-06-17T10:16:56.168809
4934f49e-875f-44f4-bfdb-7c1c9141869c,CUST000275,Books,5,1853.5,9267.5,upi,2026-07-30T17:40:33.141659
81810c11-3afe-4f6d-b549-f7c66b44af8d,CUST000107,Beauty & Personal Care,1,834.87,834.87,credit_card,2026-05-10T16:48:37.171175
dfd13df6-51de-4b27-bad5-0fbcb42afd92,CUST000186,Home & Kitchen,3,1258.39,3775.17,wallet,2026-04-19T06:54:28.940374
7580b038-4e47-464a-a50e-b86fda78846b,CUST000096,Toys,2,208.31,416.62,credit_card,2026-02-12T05:57:43.017292
2878bddf-fd43-4250-b857-d23116d5a1e2,CUST000049,Sports & Outdoors,1,1856.61,1856.61,cash_on_delivery,2026-02-24T14:31:36.535990
afa2e9bd-265d-4e3f-90e2-099833eebe8a,CUST000377,Toys,4,1238.61,4954.44,wallet,2026-07-29T02:43:32.211088
95231469-22bd-44fe-b727-17a698830f1b,CUST000525,Toys,1,1802.16,1802.16,credit_card,2026-03-19T04:36:56.748040
d9a47b59-c213-45a9-b98d-cde356de5fd6,CUST000655,Home & Kitchen,1,594.36,594.36,upi,2026-05-17T21:26:25.204826
fabb872a-9392-4f27-a787-0b32389982c9,CUST000445,Fashion,1,977.25,977.25,upi,2026-06-28T15:08:45.462855
8ee930b5-da3b-4e70-a7a3-d861ba1625e4,CUST000484,Fashion,1,799.0,799.0,cash_on_delivery,2026-07-27T21:20:22.644706
1bba6bb1-18fe-4994-9737-7f20581b587c,CUST000058,Groceries,5,1823.75,9118.75,cash_on_delivery,2026-06-23T23:29:29.942814
e90d9298-6849-494f-b761-a40eacbee773,CUST000627,Home & Kitchen,1,783.34,783.34,credit_card,2026-02-17T17:00:26.204535
d1c9b6f0-a0bd-4e13-8461-8186f448c1b7,CUST000350,Groceries,1,415.61,415.61,debit_card,2026-07-24T06:30:35.165240
6db6287b-b2dd-4e8e-b08f-5092c08dc05b,CUST000497,Toys,3,754.38,2263.14,credit_card,2026-06-03T07:17:47.459346
17dc98e8-32c6-4e8f-a436-dbd4507ea4be,CUST000049,Groceries,2,184.5,369.0,credit_card,2026-03-30T02:08:36.186810
126f4d18-f978-4413-91de-ad2aef2be9f1,CUST000718,Fashion,1,414.96,414.96,upi,2026-02-19T21:56:31.966698
6a179746-cab3-41a1-8c92-355ead71be61,CUST000668,Sports & Outdoors,1,78.26,78.26,wallet,2026-05-19T12:31:41.420359
94033f97-0771-44b7-beda-47103e9ffb57,CUST000185,Home & Kitchen,3,1219.93,3659.79,debit_card,2026-05-07T12:06:20.574937
d61b6ceb-4cdb-40c8-956f-5e5932c24e60,CUST000064,Toys,2,1376.53,2753.06,cash_on_delivery,2026-04-17T12:35:30.406291
b2c0c4a2-79cf-45d6-9393-53f696beb597,CUST000284,Books,3,332.57,997.71,wallet,2026-05-11T07:17:10.227356
a841827c-95aa-4730-84fb-9406216b330a,CUST000558,Home & Kitchen,2,26.84,53.68,wallet,2026-05-29T13:17:22.213566
1f029e69-57fa-4d73-ba5e-0d89f119356f,CUST000360,Home & Kitchen,2,1982.44,3964.88,upi,2026-07-11T00:43:17.976588
305ab9fb-bdc4-4427-afe2-949f5723cf11,CUST000394,Toys,2,1600.8,3201.6,credit_card,2026-06-26T20:10:16.795925
017b8329-3f05-420c-bd65-14bdd0e434ed,CUST000097,Books,5,1501.63,7508.15,upi,2026-07-05T13:09:21.801214
8a28e64a-4025-4cdb-aaba-db13b731ee01,CUST000548,Electronics,5,1265.75,6328.75,debit_card,2026-04-17T08:24:32.488562
40cd38be-2111-4091-bbf7-e407d8c4f786,CUST000268,Home & Kitchen,4,1234.48,4937.92,upi,2026-07-01T03:29:05.836158
72502dd1-9807-4e3b-941e-e5bd758071c9,CUST000229,Electronics,5,1896.48,9482.4,wallet,2026-05-20T07:01:01.447246
8b4d145f-8f89-449c-a67f-07df160c6f59,CUST000701,Sports & Outdoors,5,196.19,980.95,upi,2026-03-16T10:54:05.115575
eab23239-e421-4e67-b80f-b654e0b4d861,CUST000261,Books,5,69.37,346.85,credit_card,2026-06-12T08:54:28.562256
c9dd0fc9-f9d7-41ff-8889-919b48abcb98,CUST000534,Groceries,N/A,1144.32,4577.28,wallet,2026-04-29T04:30:47.965301
0e3549fd-a6f7-4fa5-b932-e639fe2c91c3,CUST000361,Books,3,1655.8,4967.4,cash_on_delivery,2026-07-15T08:10:19.469866
915e7a98-9b1c-45d9-b10d-413d8fe3616b,CUST000123,Books,3,698.98,2096.94,wallet,2026-03-07T10:15:25.787111
3dce828a-219c-447c-800a-eb36a06da9fc,CUST000050,Toys,3,1842.07,5526.21,credit_card,2026-03-19T11:26:51.449383
843873f6-a429-43f9-806c-4e769895d3e8,CUST000202,Toys,4,872.6,-3490.4,upi,2026-05-22T23:41:09.848493
5ab36a57-4d5c-479c-b22c-2b99a4d261b0,CUST000629,Home & Kitchen,3,111.53,334.59,cash_on_delivery,2026-03-02T01:06:49.980355
1a21198c-7942-4187-a11c-ffb94682cdda,CUST000734,,5,693.29,3466.45,debit_card,2026-08-09T06:00:56.983444
58b22f6e-24d9-47ff-9ef1-8bc64e9fef2c,CUST000758,Books,4,582.14,2328.56,debit_card,2026-04-13T11:11:51.784369
05a676d5-cf53-4787-a216-2ff237723447,CUST000260,Groceries,2,1206.29,2412.58,credit_card,2026-05-23T14:14:54.141225
b4c05318-b18e-430a-8275-b980e8ede3db,CUST000148,Sports & Outdoors,5,1160.66,5803.3,debit_card,2026-02-19T14:41:07.674923
b0be5d00-64e7-4928-8fb7-93664dc13410,CUST000537,Toys,4,354.9,1419.6,credit_card,2026-06-30T00:51:03.092206
84bd23f9-1d1e-43ce-a6cc-0cea7ab205bf,CUST000467,Groceries,3,742.43,2227.29,debit_card,2026-03-19T17:04:30.887433
67cef27a-6dd5-4ca0-b481-765fb0abbed7,CUST000084,Home & Kitchen,1,1593.41,1593.41,debit_card,2026-06-06T01:56:38.310972
2ef92023-3d05-4dc5-b7be-f8b6b3edf0f6,CUST000027,Electronics,3,312.28,936.84,cash_on_delivery,2026-04-21T16:47:48.764309
5cde3f71-2d97-49e3-88d3-79167f55c94a,CUST000030,Home & Kitchen,1,1417.92,1417.92,upi,2026-06-02T04:22:26.456965
646f01ad-3afb-4914-883b-ea18fd7dd6a5,CUST000211,Home & Kitchen,4,391.72,1566.88,credit_card,2026-07-17T15:13:22.074622
14f6d5ce-e21a-4269-a7f3-421b2fa73f42,CUST000667,Books,1,413.16,413.16,credit_card,2026-05-06T16:14:39.001694
641bd469-2289-4960-8eb5-4d4933504896,CUST000580,Books,4,1697.27,6789.08,credit_card,2026-05-29T03:06:25.014445
949cfb1f-6552-468f-a053-9be6110f665b,CUST000669,Sports & Outdoors,N/A,241.67,1208.35,cash_on_delivery,2026-07-04T15:47:41.183932
9bd1eecc-6822-4382-9d61-b31fe5a9758b,CUST000680,Sports & Outdoors,4,1299.19,5196.76,credit_card,2026-07-24T09:11:00.855168
74dc7595-2f9f-4abe-88af-b310f14fb585,CUST000702,Sports & Outdoors,4,303.07,1212.28,wallet,2026-04-25T22:27:06.533733
9ddeb229-839e-4e90-82b0-b4827ae52cd9,CUST000385,Books,1,733.77,733.77,wallet,2026-05-23T06:43:54.750655
71940642-3828-482f-9c15-294099bb8889,CUST000436,Beauty & Personal Care,5,526.3,2631.5,cash_on_delivery,2026-08-03T07:44:21.341472
135a071e-c801-4da3-90e0-5aa66fad4a6c,CUST000714,Home & Kitchen,4,112.73,450.92,wallet,2026-02-12T10:49:52.331480
61f0e932-df1e-4f46-b96f-b8a4ac87e233,CUST000159,Beauty & Personal Care,4,456.06,1824.24,upi,2026-03-23T09:09:10.578261
62e642ba-986f-46db-8e96-c135efcabc69,CUST000642,Electronics,5,589.87,2949.35,debit_card,2026-07-19T17:36:58.366969
71dc935a-51fc-442b-bc07-7f143541e167,CUST000253,Groceries,5,644.63,3223.15,cash_on_delivery,2026-04-13T20:41:27.155035
f850e607-95dd-4bc7-ab6e-8adb284b7b76,CUST000230,Beauty & Personal Care,4,815.75,3263.0,credit_card,2026-03-14T21:41:38.341264
a75860ff-423f-4403-ba27-223c36c3c709,CUST000367,Groceries,2,826.11,1652.22,debit_card,2026-02-18T23:34:09.958942
3dcd29bd-a38f-46c6-aea7-e2f196e6bf9f,CUST000688,Fashion,2,135.39,270.78,credit_card,2026-07-05T08:05:40.045388
e3ffe4f5-b758-4a82-ac16-7089c6a9f679,CUST000056,Toys,2,1719.42,3438.84,upi,2026-03-26T06:56:35.213284
334f6dca-41b6-465e-809b-66a0673fcedd,CUST000393,Fashion,1,1398.55,1398.55,cash_on_delivery,2026-02-19T14:06:08.004766
de69886e-2c84-412e-9714-be213fee7786,CUST000223,,3,505.64,1516.92,debit_card,2026-02-10T23:49:13.600759
2e054cfd-20da-494e-a1fd-df5a4655e620,CUST000452,Toys,3,1391.72,4175.16,credit_card,2026-07-04T18:15:30.553688
931eb502-70c6-426f-a76d-bab7809a09df,CUST000493,Toys,5,960.65,4803.25,debit_card,2026-03-21T23:58:09.152482
8ffb387e-9312-49b8-849e-89a392aa8968,CUST000704,Home & Kitchen,1,1326.92,1326.92,debit_card,2026-03-14T18:20:07.302705
74dd2657-6cb5-4990-9643-a7d36f8633cb,CUST000302,Toys,4,664.67,2658.68,upi,2026-02-18T02:10:31.591179
14fe5484-cb9a-4f61-bf59-0f9dd2f580ab,CUST000455,Electronics,5,1463.26,7316.3,wallet,2026-03-07T15:16:09.145995
a3fbd06e-261f-4825-8b19-e26c5741880a,CUST000571,Sports & Outdoors,3,1264.89,3794.67,wallet,2026-05-30T18:43:26.455766
8003683b-35ff-4e61-9049-daf83337061e,CUST000342,Electronics,1,100.59,100.59,cash_on_delivery,2026-03-17T12:54:41.653328
b1ca0a7b-ea72-480a-8c84-ce311867769c,CUST000323,Fashion,3,1633.22,4899.66,debit_card,2026-05-07T19:32:52.743960
b5d8f333-f498-4c6a-bdcf-9e9288eb6f55,CUST000145,Fashion,5,1839.69,9198.45,credit_card,2026-07-06T10:48:38.849570
e899b43a-e56b-4136-a1dc-58dec5ee1942,CUST000794,Books,1,1468.65,1468.65,wallet,2026-06-07T13:06:42.279604
45ec1caf-d765-4dac-ba2d-736ab1153a78,CUST000519,Groceries,4,1103.24,4412.96,cash_on_delivery,2026-07-11T13:05:19.235178
09958a25-d4b7-43bc-b072-03cea901cc69,CUST000485,Groceries,4,153.02,612.08,cash_on_delivery,2026-05-07T22:24:45.238675
d4529d77-b268-42d5-8d49-7bb1d3baec88,CUST000752,Sports & Outdoors,3,271.15,813.45,wallet,2026-03-25T19:50:36.469162
e69ab22a-4793-47aa-8512-b27c0fbc7712,CUST000353,Home & Kitchen,3,102.58,307.74,cash_on_delivery,2026-03-05T06:48:28.691704
ae315aa3-6ee2-4a12-bae3-fd0182575c8d,CUST000460,Sports & Outdoors,4,1706.48,6825.92,cash_on_delivery,2026-07-16T12:41:25.395292
7906e17f-efa6-4f14-abe1-5fed40f893df,CUST000043,Toys,2,1378.37,2756.74,upi,2026-06-24T05:48:30.357325
d6fa1f3a-63d6-4c8a-9251-33d8f00138a7,CUST000157,Groceries,4,1027.83,4111.32,credit_card,2026-04-03T15:58:02.634620
ded65c35-e270-4771-8c01-1381840ed458,CUST000322,Groceries,2,1318.04,2636.08,upi,2026-02-15T01:14:53.817791
87ab16e9-d6ad-40d9-8758-76b3a80fef8c,CUST000333,Beauty & Personal Care,3,910.09,2730.27,upi,2026-06-25T08:36:26.477853
8a7fc24f-f04b-4aa5-8180-a96557f68027,CUST000751,Toys,4,890.57,3562.28,cash_on_delivery,2026-06-12T07:37:36.038059
e6bd5ea9-21cb-4d17-8e17-24ede30de627,CUST000159,Fashion,5,533.65,2668.25,debit_card,2026-06-21T00:24:21.182360
e6d9879e-0299-42fb-b71d-22ab8f2fc56a,CUST000473,Home & Kitchen,4,701.13,2804.52,wallet,2026-04-12T14:13:01.298352
471006cb-cf73-41d7-9069-7166b6a6a289,CUST000098,,1,1073.04,1073.04,wallet,2026-07-09T12:52:20.005968
e94a587e-0236-4d7b-904e-9861e986ff4c,CUST000006,Books,5,667.77,3338.85,cash_on_delivery,2026-08-09T06:48:32.907366
63e0c8cc-a38c-4f13-9175-54f1672ed2af,CUST000003,Beauty & Personal Care,4,29.35,117.4,cash_on_delivery,2026-05-23T19:08:35.053998
82cd98c2-03f4-44e6-83bf-a2544d3b5b2a,CUST000718,Sports & Outdoors,5,911.83,4559.15,wallet,2026-06-09T11:32:55.102698
d456df2a-7956-4dda-abe4-3c0c28911889,CUST000105,Beauty & Personal Care,2,1855.47,3710.94,wallet,2026-03-03T10:14:03.788208
bf1387a0-449f-4d98-b2bb-620fb2f055a7,CUST000676,Beauty & Personal Care,1,598.31,598.31,credit_card,2026-04-26T18:05:22.270210
659e9767-9751-4d61-a6e3-4e0953e4f8c6,CUST000326,Books,3,819.48,2458.44,cash_on_delivery,2026-08-08T21:27:34.659655
1b8eaeea-acc3-4961-8f38-61500bfed3f8,CUST000718,Sports & Outdoors,5,1425.19,7125.95,debit_card,2026-04-11T07:11:27.073928
a53b9d74-abd7-452b-8a79-3b299c31fe46,CUST000650,Electronics,5,625.77,3128.85,upi,2026-06-04T18:14:03.751946
ef28c02a-4808-49ca-8a2c-379984c1b98f,CUST000594,Books,4,1948.62,7794.48,debit_card,2026-02-20T11:03:39.694770
2a4197fd-254d-496a-9a4e-429ac7452291,CUST000568,Toys,5,405.57,2027.85,credit_card,2026-04-19T21:50:07.977268
583a061a-c7d8-4318-9687-be3cc772b258,CUST000040,Sports & Outdoors,5,210.93,1054.65,upi,2026-03-06T12:38:06.372898
5c810a4b-6689-44fe-94b4-1f338a820789,CUST000391,Groceries,1,1009.32,1009.32,debit_card,2026-07-27T02:53:04.595504
3992526f-d632-4761-90c4-257b898e9794,CUST000759,Sports & Outdoors,5,673.5,3367.5,cash_on_delivery,2026-07-26T22:18:48.135336
cd825484-11e9-4930-984b-179cba7f4a1d,CUST000355,Beauty & Personal Care,5,883.11,4415.55,upi,2026-05-11T03:04:12.984555
f1d061ba-6df3-4847-87b3-408372f3464c,CUST000701,Toys,2,954.44,1908.88,wallet,2026-06-23T13:07:25.096131
f52d4340-4526-4127-a853-791d3457d349,CUST000238,Home & Kitchen,2,1310.93,2621.86,wallet,2026-02-26T19:07:40.160326
38811e88-0e8d-4925-8f19-2197691e1a46,CUST000528,Toys,4,1308.71,5234.84,upi,2026-06-06T09:13:03.261731
40ff150a-ca7e-4548-b362-5c9911740ae7,CUST000380,Electronics,N/A,1404.3,7021.5,credit_card,2026-07-08T20:06:43.839298
727cad7d-c8a0-4a07-b8d1-1a1f34d675c3,CUST000678,Fashion,1,123.02,123.02,upi,2026-07-25T16:33:39.687160
cd991075-f72a-494f-a6fe-80526afd84b7,CUST000476,Beauty & Personal Care,1,1150.65,1150.65,cash_on_delivery,2026-03-18T03:13:17.365161
37daa84c-5c80-4842-8a9f-a35d5aa156f7,CUST000480,,2,223.14,446.28,credit_card,2026-05-27T13:24:29.082707
b0a9c136-1e69-4c0d-adfc-43f39640ec2e,CUST000770,Toys,1,1993.28,1993.28,credit_card,2026-05-26T14:51:57.608183
b6fd5650-4111-4874-bdf6-d1ecdb512c57,CUST000795,Beauty & Personal Care,2,1764.82,3529.64,wallet,2026-06-17T08:10:41.808357
67c4dfcb-28bd-45c4-865f-5263978aea93,CUST000117,Electronics,5,1287.61,6438.05,upi,2026-03-09T20:47:13.967399
89a497f6-9a03-4c57-b742-aef410fcce47,CUST000746,Home & Kitchen,4,645.32,2581.28,upi,2026-04-05T19:22:02.633119
e3b4c365-c6ef-4cdb-9c32-ace9677fb0dc,CUST000157,Toys,2,719.38,-1438.76,credit_card,2026-03-22T18:55:13.039560
6c13bc23-a112-4367-bbaf-f42a12d7ba83,CUST000104,Electronics,3,1120.72,3362.16,cash_on_delivery,2026-04-07T16:50:59.781985
f2141ef1-25a7-46ab-ae08-7a95b1a6b2a7,CUST000303,Home & Kitchen,5,1681.87,8409.35,upi,2026-05-05T13:44:37.364831
37c1cf43-a737-45cf-9376-702d415e2c6f,CUST000177,Beauty & Personal Care,4,1169.38,4677.52,cash_on_delivery,2026-05-25T00:14:41.820616
0bc21ed9-b8c0-4a98-a984-24ab90cacab5,CUST000139,Beauty & Personal Care,5,1063.05,5315.25,upi,2026-06-01T20:19:55.184055
7f8e67e4-4cb4-438c-bd2e-de4af3e8b8ae,CUST000413,Home & Kitchen,1,552.32,552.32,wallet,2026-02-21T19:59:13.619678
4deb502b-5124-4525-ba4e-56e5a9d99062,CUST000027,Electronics,3,1174.25,3522.75,cash_on_delivery,2026-03-11T15:19:08.698288
81bac4a6-43aa-48c2-b4c3-2681ccba4706,CUST000522,Beauty & Personal Care,4,986.99,3947.96,wallet,2026-07-04T22:19:25.261062
6ad5513b-494e-4162-add2-b48b46a4eaa0,CUST000178,Fashion,2,1485.22,2970.44,upi,2026-06-25T01:08:38.434753
a6fe35e5-f5ab-4f5b-8948-5893e121b76b,CUST000022,Sports & Outdoors,4,758.59,3034.36,upi,2026-05-29T05:03:38.730877
32fb0fd1-c790-4e5f-96af-8769f59e52d4,CUST000567,Books,3,1370.56,4111.68,credit_card,2026-02-15T21:30:27.079858
450ed4c4-b3a7-44c3-8333-1c84f5843dd6,CUST000012,Fashion,2,1404.49,2808.98,cash_on_delivery,2026-04-13T22:38:10.960022
e72b2874-f71f-457b-a97a-6891707e3c3f,CUST000720,Books,3,373.97,1121.91,cash_on_delivery,2026-02-14T20:12:11.711639
d8b05772-d9d8-4a66-a49f-31591f4e4e8c,CUST000206,Groceries,5,299.87,1499.35,upi,2026-05-06T22:47:53.509524
dfa8dce0-825c-45d3-9c88-e800b5d3a1b7,CUST000146,Books,4,1551.28,6205.12,upi,2026-05-26T03:09:41.035280
c66245d7-f685-458a-a0d9-a9ab6b4b8867,CUST000011,Home & Kitchen,5,296.15,1480.75,upi,2026-02-19T08:44:23.097090
ec90598e-adaa-4792-8cea-aba1418b20a5,CUST000705,Toys,2,58.54,117.08,credit_card,2026-05-03T02:55:02.380226
5e27bd56-88f0-43d9-8116-284adfe5df63,CUST000010,Home & Kitchen,2,757.43,-1514.86,cash_on_delivery,2026-05-11T02:09:18.020664
432dfe3e-53c4-4072-95cb-55340b836753,CUST000416,Sports & Outdoors,1,1344.99,1344.99,cash_on_delivery,2026-06-03T18:47:12.988755
2d0684b0-245c-406c-94b4-08cf45441a30,CUST000153,Fashion,5,318.93,1594.65,credit_card,2026-03-28T13:53:26.670939
618cb879-b7c2-45da-9a62-0d09810ef874,CUST000363,Sports & Outdoors,1,1891.73,1891.73,cash_on_delivery,2026-04-24T13:51:03.617993
d1ad3336-2226-4954-b57b-7459bddf6022,CUST000083,Home & Kitchen,4,1377.47,5509.88,credit_card,2026-08-04T23:10:46.187886
247833e9-4ea0-4d4d-9610-a7936288cacb,CUST000661,Fashion,5,516.61,2583.05,debit_card,2026-03-09T02:24:26.032145
c10237cb-5199-4e97-833a-1ae7fda21f3a,CUST000439,Beauty & Personal Care,3,1050.09,3150.27,wallet,2026-05-14T11:20:59.045247
1719361d-a55e-42c5-b5ff-ece6b10e8d97,CUST000457,Fashion,5,205.06,1025.3,cash_on_delivery,2026-08-08T11:44:01.061559
6146735f-abb6-4d51-b2cf-6c5dfe069b41,CUST000396,Home & Kitchen,1,13.2,13.2,wallet,2026-05-21T07:45:30.698430
11bcd26a-758f-4a38-879a-5449697cc0ba,CUST000135,Beauty & Personal Care,3,488.35,1465.05,debit_card,2026-03-18T00:07:38.153274
2952fce0-8f48-400d-948b-aba8260ba36a,CUST000707,Home & Kitchen,4,160.08,640.32,cash_on_delivery,2026-04-25T10:05:45.385817
4c842bd4-cb3f-4930-967a-e10f647cad47,CUST000218,Home & Kitchen,5,746.2,3731.0,credit_card,2026-06-24T05:37:20.945826
49ab1023-5279-4656-98cb-09e01e0db6f8,CUST000608,Books,4,69.54,278.16,debit_card,2026-03-29T11:50:10.284971
daf9cde8-5fd3-4eac-91ad-7131f1af4ee1,CUST000103,Toys,4,1591.91,6367.64,credit_card,2026-07-14T11:08:37.271058
535277c9-0492-45c2-9714-caad2d6d2b4c,CUST000380,Books,1,393.49,393.49,credit_card,2026-05-27T12:57:51.316413
4dd6e43f-13c4-4943-9b29-96aaa59e9737,CUST000242,Electronics,2,795.47,1590.94,cash_on_delivery,2026-03-17T15:54:56.309291
d6f7c0a4-0bff-4d58-a35f-e54633654c71,CUST000065,Groceries,3,1664.33,4992.99,upi,2026-08-08T07:50:24.769123
1d642649-442a-40ce-8763-2446b19d3a44,CUST000523,Toys,5,767.91,-3839.55,debit_card,2026-05-25T11:02:03.625635
40d3e799-b10c-4f01-a726-c6e892b46fc9,CUST000155,Home & Kitchen,4,1473.07,5892.28,debit_card,2026-05-11T00:38:32.843153
e0eb096c-64e1-4e13-a7fb-cc547f7fd007,CUST000561,Books,4,678.13,2712.52,upi,2026-02-21T11:55:02.334166
a623e560-0066-4b2f-970e-298274d7e053,CUST000591,Groceries,3,643.81,1931.43,upi,2026-07-08T15:52:43.196366
b9f818b6-b366-4bd9-97f7-03c341f1d194,CUST000224,Toys,2,1541.81,3083.62,upi,2026-03-22T17:40:48.789153
2ad8d4a5-b03d-4867-a600-85bcc0e834ff,CUST000413,Groceries,2,1737.33,-3474.66,upi,2026-07-06T06:40:09.909445
f4f8af83-f5a9-4968-af90-dd1df8bb2afc,CUST000223,Fashion,1,1416.59,1416.59,debit_card,2026-05-08T08:13:14.750731
c6f43ab7-6608-46e5-ad38-ff6cd086a3de,CUST000208,Sports & Outdoors,4,1142.88,4571.52,credit_card,2026-07-01T02:11:19.813633
155c4db0-1aec-4d37-a1cd-4156c40329b8,CUST000382,Home & Kitchen,5,79.76,398.8,wallet,2026-03-29T09:29:57.780550
5f88af46-d000-4e04-be77-9f4f57fd2227,CUST000096,Toys,1,1054.79,1054.79,wallet,2026-05-23T18:47:13.366645
4d56ee1b-e7bf-4377-87f2-3660ed5b9a36,CUST000596,Electronics,1,514.64,514.64,upi,2026-07-25T01:43:18.624036
10b8bd25-cc55-4938-8d91-1ca414c58a05,CUST000289,Home & Kitchen,3,503.31,1509.93,debit_card,2026-03-10T21:57:10.669979
8a2ad5d7-5034-4aba-b6c2-302d777890a4,CUST000619,Fashion,5,755.04,3775.2,debit_card,2026-08-09T06:49:12.124960
932fd124-7840-4de5-a595-3d529d09e53f,CUST000001,Toys,3,233.5,700.5,debit_card,2026-03-07T05:05:32.589807
32553543-7658-4da5-bb40-8fb63511f904,CUST000140,Groceries,1,824.42,824.42,debit_card,2026-07-02T04:58:08.468287
f00b741f-1358-43c6-ab49-43ad601e5649,CUST000377,Sports & Outdoors,5,171.08,855.4,upi,2026-06-06T07:29:53.981265
ff7c5039-eb9e-4ecd-94f5-6b6564547e45,CUST000114,Groceries,5,1165.78,5828.9,wallet,2026-04-08T03:43:24.269980
068b5c86-75c9-4647-ab50-914b6b569021,CUST000481,Beauty & Personal Care,2,1245.72,2491.44,upi,2026-07-23T15:16:56.979293
c506911a-34ae-4575-83f2-41b12eea8702,CUST000419,,5,39.27,196.35,debit_card,2026-03-03T08:30:37.126194
b33f3978-1b6c-4375-8f26-0aff6c615745,CUST000487,Toys,1,583.62,583.62,wallet,2026-04-29T00:01:31.776634
f964f69c-84af-4982-8567-d0729c87125e,CUST000010,Fashion,5,1321.03,6605.15,credit_card,2026-03-22T14:52:19.949746
2f308993-6171-4e96-aa43-40bb6a91fc41,CUST000074,Fashion,3,1297.44,3892.32,cash_on_delivery,2026-03-19T18:44:21.441255
4683af6d-359f-4c9f-8797-45f4fa5e0ae0,CUST000248,Beauty & Personal Care,1,410.66,410.66,cash_on_delivery,2026-04-10T19:14:58.367872
5d0280cf-3d3e-47b5-87aa-bdf843cab48f,CUST000712,Beauty & Personal Care,2,1632.31,3264.62,upi,2026-03-10T19:20:07.167599
0e2ba472-9170-4c6c-b899-c04d2719861a,CUST000778,Groceries,2,1962.75,3925.5,credit_card,2026-05-12T09:02:56.916515
41b02c08-0862-4266-a29b-991908412e7d,CUST000517,Home & Kitchen,4,1829.7,7318.8,wallet,2026-04-28T10:56:05.449544
090840ca-6eaf-4d85-ab20-936a43f2ced0,CUST000409,Beauty & Personal Care,4,803.47,3213.88,credit_card,2026-03-14T23:06:09.432569
74dcd76d-711c-4870-b77a-b4c519401058,CUST000728,Fashion,3,1480.61,4441.83,upi,2026-03-03T23:21:47.001871
72a08d93-0c58-4641-b458-28f7010ffe03,CUST000740,Beauty & Personal Care,2,1329.84,2659.68,credit_card,2026-04-28T05:38:59.924663
e3977095-057e-4154-ba3f-eabf4e601260,CUST000511,Books,3,60.84,182.52,upi,2026-05-14T16:23:20.237188
4fa2f936-a294-4024-ae4d-eab3df055658,CUST000010,Home & Kitchen,5,718.98,3594.9,credit_card,2026-06-15T14:23:10.459411
d883d753-784d-464b-8c16-24709db684b2,CUST000568,Books,2,1713.34,3426.68,debit_card,2026-03-25T10:03:39.548848
55767654-22be-4ec2-aca2-4ed8069ce0e9,CUST000554,Beauty & Personal Care,4,703.14,2812.56,debit_card,2026-06-08T21:56:14.872892
6103bef9-6c42-4c31-9f3f-37a0eed8b6b4,CUST000258,Sports & Outdoors,4,1203.88,4815.52,cash_on_delivery,2026-07-19T10:14:34.098134
71cdfd55-86c8-45d6-ad2f-55283a35a9d7,CUST000000,Beauty & Personal Care,4,924.24,3696.96,cash_on_delivery,2026-07-05T12:17:38.059824
492be148-d629-4a58-8b6f-315abe9bff5d,CUST000264,Toys,1,1948.65,1948.65,upi,2026-05-09T09:03:03.194448
ae3460d7-03bd-4fb0-b775-15a45cc49a57,CUST000416,Groceries,4,42.34,169.36,debit_card,2026-03-09T03:12:22.323468
11e8e1ab-c60c-4f63-8480-b2ec27b2f6da,CUST000046,Electronics,3,1136.7,3410.1,debit_card,2026-06-21T07:26:30.580274
0ce73123-7f6c-4d28-a0e1-52731d981bfa,CUST000573,Books,1,741.62,741.62,cash_on_delivery,2026-07-01T04:45:43.913348
42265578-8613-490b-97c9-ca3a0f9bb090,CUST000270,Sports & Outdoors,2,471.87,943.74,wallet,2026-05-01T23:07:14.828896
c8f4e9a7-a6e1-4103-b41a-d5ab119fc7da,CUST000657,Beauty & Personal Care,5,1553.32,7766.6,credit_card,2026-03-14T08:11:16.529948
052e47b3-7c18-4dd6-8e5b-71fa33199ebe,CUST000272,Fashion,5,207.32,1036.6,wallet,2026-03-10T12:15:05.590914
424e1f18-90cb-4c45-85bd-c63c3a9943f5,CUST000072,Groceries,4,1822.42,7289.68,cash_on_delivery,2026-06-15T00:41:23.949617
75ecc35f-45d2-4bc9-be54-2719baa52a8c,CUST000653,Home & Kitchen,2,1903.34,3806.68,credit_card,2026-03-23T12:13:55.817586
30b1ed83-33d2-44d4-bbf5-4cb9c8c3cd56,CUST000413,Electronics,2,110.32,220.64,credit_card,2026-04-09T19:29:45.126831
1488b7c5-0fde-4c80-9854-df936acbc2a9,CUST000486,Books,N/A,423.43,423.43,upi,2026-07-07T12:13:01.448133
221facd2-06ac-4455-bb3c-71dd29c9dd2c,CUST000609,Home & Kitchen,3,1729.86,5189.58,upi,2026-05-30T16:57:52.294256
5b1143e9-b8c0-4800-be2a-405bda561a79,CUST000787,Home & Kitchen,1,1589.89,1589.89,debit_card,2026-03-20T19:05:20.393639
ed397fea-1df5-49bb-bcb4-67a6a7fdbf88,CUST000005,Beauty & Personal Care,2,1404.42,2808.84,credit_card,2026-06-08T14:29:24.736340
cab3eeac-9443-4e75-9722-586d8d06ef4b,CUST000778,Books,5,208.14,1040.7,upi,2026-04-26T02:34:13.375805
15088f40-5232-46a1-bb72-398bfa92f6ff,CUST000355,Sports & Outdoors,3,713.98,2141.94,debit_card,2026-04-03T09:07:48.120166
a58dd202-3085-409c-a58e-d8db720eaf85,CUST000794,Sports & Outdoors,4,358.76,1435.04,wallet,2026-05-16T03:58:17.882740
6e4a07e7-3b0a-4e6a-9374-8bae138f3fca,CUST000115,Groceries,3,32.02,96.06,debit_card,2026-07-20T19:55:06.743521
e6d95c30-f79b-4b67-a34a-d29d949c98bf,CUST000212,Fashion,4,1505.75,6023.0,credit_card,2026-03-07T13:28:42.316949
d7d2e54b-17f5-4453-a324-f79fe05d5f73,CUST000101,Toys,2,37.48,74.96,cash_on_delivery,2026-03-13T14:13:20.089764
e7d7209d-b847-4ea7-bd2e-09b78c57b134,CUST000142,Toys,5,1780.0,-8900.0,wallet,2026-03-17T21:35:26.301896
ecded1f7-13f6-4303-9248-7759b8732788,CUST000747,Home & Kitchen,5,375.39,1876.95,credit_card,2026-07-21T07:00:51.727604
141e8b28-13ed-4bc3-9d6d-4000bebbc850,CUST000107,Home & Kitchen,3,355.58,1066.74,wallet,2026-04-11T09:16:59.363734
8dca4ddb-6375-4dbe-8238-eb882476ec75,CUST000798,Books,2,573.45,1146.9,credit_card,2026-06-15T16:50:58.129451
493f377e-9ed6-4bcc-a450-2211c9a9fe40,CUST000527,Toys,4,958.89,3835.56,credit_card,2026-06-11T21:53:56.450055
3d716b49-d6d3-422e-bfc8-1bee40016e14,CUST000038,Groceries,3,25.27,75.81,upi,2026-06-14T04:01:59.021508
0a02e6d3-f462-47b9-95cd-9d5671c859dd,CUST000059,Fashion,1,537.66,537.66,debit_card,2026-03-04T12:30:07.540182
21eeb36a-4e31-4f31-b015-70d58b7fa2de,CUST000385,Beauty & Personal Care,2,861.92,1723.84,cash_on_delivery,2026-04-11T08:06:04.590893
f4c42962-2646-4262-90ae-b5b99cce9aba,CUST000477,Sports & Outdoors,5,815.99,4079.95,upi,2026-05-26T18:40:55.629601
ed5e71a7-93cb-438d-b2f2-625e2ebc2c3d,CUST000472,Beauty & Personal Care,4,266.46,1065.84,credit_card,2026-08-03T17:51:09.787833
a3199d26-8a85-442f-9d7b-d70d63091ac2,CUST000179,Sports & Outdoors,N/A,1956.15,7824.6,credit_card,2026-07-30T09:17:16.840247
3273985f-43bb-4ef6-8c21-34fac290bc16,CUST000223,Sports & Outdoors,3,198.23,594.69,credit_card,2026-06-16T05:23:38.052622
66573fb8-045c-430c-9efd-6e97d6182838,CUST000583,Toys,3,1279.81,3839.43,credit_card,2026-04-16T06:26:14.359218
6a06d5c1-cc12-4894-8504-0c0b2dfdb29e,CUST000297,Electronics,3,1809.27,5427.81,debit_card,2026-07-25T23:58:19.033572
a74e08c8-6701-4338-b193-0221e5548f08,CUST000445,Fashion,2,439.33,878.66,credit_card,2026-05-16T12:43:06.052888
ec8aa4e0-bf2b-4764-8f08-764cb03214e5,CUST000229,Groceries,3,385.14,1155.42,upi,2026-02-19T01:06:32.379843
285e598e-a7e3-4ea3-b918-d71208b5df9e,CUST000686,Toys,3,1057.79,3173.37,wallet,2026-04-25T11:23:18.219131
9bc1a0dd-9ba0-404a-b330-d3cb80e0a52f,CUST000502,Fashion,3,1805.01,5415.03,debit_card,2026-05-08T19:55:00.135173
124cc2b7-934a-43b4-adc1-78d5dd1e5a2a,CUST000327,Electronics,4,1975.68,7902.72,credit_card,2026-08-04T19:49:15.787048
0adf72c1-f1c4-4b3c-8ad5-8f99a60e0ecc,CUST000257,Electronics,1,13.15,13.15,debit_card,2026-05-12T15:50:36.330291
e5bdaa3d-2174-41ff-b57a-c9ee052ee721,CUST000008,Fashion,3,1706.85,5120.55,cash_on_delivery,2026-03-31T02:55:11.888101
39b34349-849a-42c4-8e4d-20e3bafbc863,CUST000576,Books,2,1515.06,3030.12,upi,2026-07-17T18:31:07.037933
0347d626-1852-4447-b1ff-e13211aaea64,CUST000407,Sports & Outdoors,2,1300.87,2601.74,credit_card,2026-06-18T19:53:15.996155
7e152689-ebfc-41e0-a4e6-ee2060402625,CUST000715,Electronics,3,1411.94,4235.82,wallet,2026-04-21T19:27:47.793287
05bc8364-d798-4c53-be99-696b5920d48f,CUST000285,Beauty & Personal Care,3,1022.17,3066.51,cash_on_delivery,2026-03-24T17:08:00.982354
6fe51e1b-6915-4693-88ea-e56e18b52943,CUST000788,Home & Kitchen,4,1244.23,4976.92,wallet,2026-06-04T01:12:42.439229
bfe0d30c-1b43-4dc6-a85e-3f4b7b54ae83,CUST000179,Home & Kitchen,2,329.95,659.9,credit_card,2026-02-23T10:56:43.418394
8a6ab6eb-ab5f-4f7a-abc3-7b898f32b632,CUST000240,Beauty & Personal Care,2,490.26,980.52,upi,2026-08-01T23:07:24.590747
a9b5d70e-2107-49c3-8e0a-bf59abd00807,CUST000795,Beauty & Personal Care,4,672.37,2689.48,wallet,2026-07-12T23:15:17.206132
4e77044a-9fb3-4363-a331-8fd0f7e1cd31,CUST000565,Toys,4,1446.41,5785.64,upi,2026-05-03T06:32:58.119212
c5b24e17-3a11-4356-80b8-acdda829d29f,CUST000643,Beauty & Personal Care,1,1334.98,1334.98,debit_card,2026-07-08T09:25:21.705108
9e42a44c-5d7d-49c8-8596-ec87149400bf,CUST000075,Toys,1,1172.26,1172.26,cash_on_delivery,2026-08-09T08:42:40.785649
0a598ebb-11f6-48be-ba33-b5d5e7b4784d,CUST000537,Sports & Outdoors,5,136.9,684.5,cash_on_delivery,2026-04-08T03:35:52.704151
1472034b-4227-48d6-a097-5c45345e673f,CUST000452,Groceries,1,534.92,534.92,upi,2026-05-28T07:37:30.911406
7b92fd19-d5a1-4a41-8f33-9997e511c489,CUST000555,Sports & Outdoors,3,1422.15,4266.45,wallet,2026-06-20T02:58:46.793586
2cf2a27c-95ae-4342-a86d-26d52aee3a8a,CUST000713,Home & Kitchen,2,907.62,1815.24,credit_card,2026-06-20T17:38:57.805886
0549e8ee-53c5-4530-a878-b23490cb44d4,CUST000021,Fashion,1,1948.87,1948.87,debit_card,2026-04-04T15:46:57.590091
5d9d35c7-51f8-4b87-b752-c0a56761b92c,CUST000548,Toys,3,1982.91,5948.73,credit_card,2026-02-17T14:12:44.977949
3bda2161-3646-4ec7-85a8-e1d4dc94abc1,CUST000650,Books,3,1962.17,5886.51,credit_card,2026-07-01T20:39:11.189931
731e077b-0b9f-47c5-b977-1681ef154d60,CUST000782,Beauty & Personal Care,5,572.93,-2864.65,upi,2026-05-02T17:42:52.715297
584d0a9f-0600-41b7-ae93-315834eff23d,CUST000505,Electronics,3,1117.86,3353.58,upi,2026-06-26T21:51:51.381160
a060279c-afe4-49e1-b41e-782e14aa3270,CUST000276,Home & Kitchen,1,288.12,288.12,wallet,2026-04-21T18:06:40.680582
a039257d-8074-46dc-8974-a945916f897c,CUST000450,Sports & Outdoors,3,1558.87,4676.61,credit_card,2026-06-12T15:32:57.812750
9f7a7745-ef66-460a-81b4-6efb2c2e642d,CUST000613,Electronics,4,909.56,3638.24,cash_on_delivery,2026-05-03T23:46:44.528290
ec0fba10-7a38-4768-b22a-3fab7205d96d,CUST000034,Sports & Outdoors,2,807.58,1615.16,credit_card,2026-04-12T03:38:09.174100
53453f11-461a-4c14-a05c-403413151093,CUST000275,Books,1,1211.93,1211.93,debit_card,2026-05-06T15:58:16.174083
66275e98-8394-4d35-8836-498cedefb486,CUST000431,Electronics,3,1277.93,3833.79,upi,2026-02-23T22:37:12.386210
b79b28d0-c390-4410-a52f-91150f5bda57,CUST000466,Beauty & Personal Care,4,1370.53,5482.12,cash_on_delivery,2026-02-27T06:00:13.707084
074ff6e9-29b1-4dbb-9aa3-0f7ffe170a5a,CUST000556,Home & Kitchen,5,1885.89,9429.45,cash_on_delivery,2026-07-11T03:21:24.745502
c0ea6a91-f7fe-4c6d-b495-071a387db5d2,CUST000601,Toys,4,306.29,1225.16,upi,2026-02-20T17:04:35.557336
f6dee364-a143-4422-a193-75bf18a71af9,CUST000365,Groceries,4,877.34,3509.36,cash_on_delivery,2026-06-03T04:47:16.254930
e92334fe-cdf0-4d31-9f63-b93ba596c610,CUST000512,Beauty & Personal Care,3,627.36,1882.08,credit_card,2026-06-08T11:16:02.182014
d800b179-0a47-4e75-a2d7-d0f84412908a,CUST000348,Sports & Outdoors,4,696.0,2784.0,debit_card,2026-05-03T05:50:37.734355
fc1d4132-5ddc-45ba-b768-dd9dabd10958,CUST000651,Sports & Outdoors,5,1471.81,7359.05,debit_card,2026-07-22T09:42:22.608234
c9aae9c5-65d5-4dc8-b887-73d53b35bbd8,CUST000390,Beauty & Personal Care,3,1955.16,5865.48,debit_card,2026-07-24T11:16:28.996997
ec292e40-dc69-48d8-8a91-1460856d8b9b,CUST000526,Home & Kitchen,3,417.12,1251.36,wallet,2026-04-04T22:40:29.683925
48c1dec2-490c-4077-88f5-2601c19a229f,CUST000786,Books,3,402.94,1208.82,credit_card,2026-04-07T17:56:11.480131
ea47476f-f895-40bb-b97a-e2ad19ac3c79,CUST000784,Groceries,3,1615.43,4846.29,wallet,2026-06-22T22:48:46.860562
ab2262b4-71ac-4be6-93a7-50234dd59689,CUST000092,Sports & Outdoors,5,1823.14,9115.7,debit_card,2026-07-21T19:58:32.270524
1679fd14-2737-4531-a8d5-551dcf5d9bc5,CUST000135,Electronics,2,1963.23,3926.46,credit_card,2026-04-03T11:32:02.824202
424e65ca-eee3-4333-8048-a9ecc776456c,CUST000544,Groceries,3,1666.16,4998.48,debit_card,2026-03-28T02:49:36.258323
4e4cbba5-65a3-4e23-a7ec-df0faf54ae73,CUST000100,Toys,3,1524.45,4573.35,debit_card,2026-06-01T10:47:38.251155
873e633c-7f1f-4f03-8922-8095cf016c9a,CUST000514,Books,4,454.07,1816.28,cash_on_delivery,2026-04-26T18:12:06.125362
edead0aa-1f28-4842-b18b-e30fb0b212e3,CUST000210,Beauty & Personal Care,4,867.24,3468.96,debit_card,2026-06-17T14:57:37.111033
ef730f6c-2b64-44a3-aa38-a38f616a5c40,CUST000614,Electronics,3,320.98,962.94,credit_card,2026-03-19T23:42:48.296701
1b54f878-741a-4998-80c9-62d1f1e32bd1,CUST000334,Books,1,1174.94,1174.94,upi,2026-03-08T15:17:03.484961
e12aa4a4-8a50-4588-8348-f5542608ccf8,CUST000089,Electronics,3,334.62,1003.86,upi,2026-04-24T15:15:13.343076
a49aa51f-66a1-4a16-864c-aae9e394ff6b,CUST000391,Home & Kitchen,3,864.66,2593.98,debit_card,2026-03-03T15:02:49.270789
018fea5e-b093-4ce2-987e-f1f69e6fed4d,CUST000315,Toys,5,822.57,-4112.85,debit_card,2026-06-02T01:25:41.177616
26c37821-6bea-446b-b65f-3c925465c7a3,CUST000793,Books,2,1649.5,3299.0,wallet,2026-05-09T09:37:54.836937
8023419e-cc8d-4ad9-b8f2-1d795d733186,CUST000120,Sports & Outdoors,4,1987.51,7950.04,wallet,2026-03-23T07:07:10.460384
1a78832a-aeed-4912-abd5-fd5b09493a38,CUST000407,Electronics,3,233.73,701.19,cash_on_delivery,2026-06-18T11:06:22.191163
7b27de19-74df-4db9-9be0-a3daa7914b51,CUST000194,Electronics,1,1898.62,1898.62,debit_card,2026-07-19T04:01:14.233599
a024e47b-f104-4b66-be4b-85f36317311a,CUST000318,Fashion,2,1444.74,2889.48,cash_on_delivery,2026-06-07T06:52:41.684173
442736cd-6e6f-4c95-bcc7-432f2db30763,CUST000169,Sports & Outdoors,5,937.2,4686.0,upi,2026-06-27T17:39:45.570124
82fcd18a-bf07-4c79-a83c-3caeb81b3051,CUST000125,Groceries,N/A,1677.03,6708.12,upi,2026-05-01T05:20:21.047945
0e6516a2-ea91-450f-bb0e-99537dd15b0d,CUST000208,Groceries,4,688.38,2753.52,debit_card,2026-05-29T13:50:45.861506
09dfe7c7-cbc0-4ad1-927c-9a19f5afabf9,CUST000617,Books,4,337.46,1349.84,upi,2026-03-11T22:43:36.710320
35333476-081b-4dab-95ea-d024dbaa61ca,CUST000456,Electronics,3,652.4,1957.2,debit_card,2026-04-10T21:05:26.208471
fd3cd232-6289-4f14-a2ba-45dd1a7f6291,CUST000644,Home & Kitchen,2,86.87,173.74,debit_card,2026-05-20T17:10:41.276770
71a07013-030c-40d7-8d93-43985b337bab,CUST000081,Fashion,3,1157.79,3473.37,cash_on_delivery,2026-05-18T14:13:48.918986
aeeab951-6b2a-405e-a2af-9de60d4faa31,CUST000029,Books,1,1268.91,1268.91,upi,2026-07-22T18:11:32.778258
0e9230bd-9a9c-4ac6-bf8a-e1d943346460,CUST000024,Electronics,2,1287.59,2575.18,cash_on_delivery,2026-02-28T19:50:21.060128
6ca85b17-f679-4464-881e-32983e5d8aa4,CUST000020,Electronics,4,1416.02,5664.08,wallet,2026-07-01T03:30:02.382049
73908f6e-2f65-4848-ae28-59b01aea4812,CUST000482,Toys,3,1790.28,5370.84,credit_card,2026-05-29T05:17:06.347304
20608a47-ff34-4ec1-be4f-e4f949680415,,Fashion,4,409.22,1636.88,credit_card,2026-05-12T14:54:30.122429
fce66f7b-5176-46c6-977e-f1ba2c9e6726,CUST000746,Beauty & Personal Care,1,387.74,387.74,wallet,2026-06-08T19:16:25.634843
30965069-08cf-43d9-92d0-9e012b5ba1e1,CUST000252,Sports & Outdoors,2,1790.74,3581.48,credit_card,2026-04-25T10:43:28.472154
28fb1eed-cafd-4dd7-b768-f89fb9148066,CUST000671,Electronics,2,1540.51,3081.02,upi,2026-06-04T07:16:00.028655
8d61fcaf-725b-47b3-a6ee-8516539d7618,CUST000664,Fashion,4,1301.23,5204.92,wallet,2026-07-22T03:55:01.490111
cf5a2908-3e2c-488a-a1f0-93306c6a1ca3,CUST000389,Toys,3,615.17,1845.51,cash_on_delivery,2026-06-06T10:53:40.078729
d93bcfce-3533-463f-a451-e6948f03884c,CUST000104,Fashion,5,1594.78,7973.9,cash_on_delivery,2026-06-28T21:52:27.850693
6bea9a8d-0520-4160-af8e-b23728a6f1b9,CUST000221,Fashion,2,267.92,535.84,wallet,2026-04-15T04:09:13.309150
a8170ec8-febc-4237-bddd-05102d164834,CUST000334,Groceries,3,1820.74,5462.22,cash_on_delivery,2026-02-12T01:22:06.163305
48b8dc5a-c8f0-415a-bbea-a28bf31b2fd6,CUST000736,Fashion,3,1976.86,5930.58,cash_on_delivery,2026-04-29T22:12:49.989697
903dba0c-854c-401c-b72a-142ab91f9d1e,CUST000606,Books,2,780.73,1561.46,debit_card,2026-06-19T19:47:19.324027
d157499d-c172-43ce-9990-bb925fae6b0f,CUST000357,Groceries,4,1027.74,4110.96,credit_card,2026-07-06T23:39:58.970520
77a44319-ddf8-4164-ba3d-316a87e79805,CUST000216,Sports & Outdoors,4,1313.9,5255.6,debit_card,2026-02-27T12:02:00.343160
0097a853-7a70-44cd-bfd4-c44b0eec6924,CUST000101,Electronics,4,1661.47,6645.88,credit_card,2026-03-27T07:58:19.829921
c0e9fa83-369c-4c89-b4df-63f7c964c084,CUST000714,Sports & Outdoors,4,322.71,1290.84,upi,2026-04-14T07:02:34.007396
85c1f310-daa0-4195-a1ec-de01ed3ae5c1,CUST000792,Books,1,1472.89,1472.89,debit_card,2026-03-04T03:07:51.017621
66aa6234-3e99-4c3f-a85e-ddf0145c0c6a,CUST000371,Books,4,1486.33,5945.32,wallet,2026-05-13T15:45:21.261137
6b9318ee-8762-4197-beb2-1d3d4a35fc8a,CUST000127,Beauty & Personal Care,1,133.2,133.2,wallet,2026-03-27T09:22:40.903832
837a52fe-fe12-4dd6-859c-6bc578911623,CUST000383,Books,3,1533.08,4599.24,credit_card,2026-03-07T11:25:37.612076
d7c96318-676a-4c61-90b0-a1b758b45207,CUST000301,Fashion,2,1278.41,2556.82,wallet,2026-06-17T06:56:18.460694
a9088546-0527-4e0e-a14d-ff3086a20436,CUST000463,Toys,2,950.96,1901.92,debit_card,2026-06-15T22:43:21.359774
2dff7199-0f53-4a93-a7ab-3d843b787f00,CUST000093,Electronics,4,1104.7,4418.8,credit_card,2026-06-17T14:50:33.936898
5a81255d-b05c-4f69-b51f-74e86fefdbfa,CUST000780,Toys,1,1466.44,1466.44,debit_card,2026-06-05T15:09:04.394351
3839ea9b-5828-486d-9725-59c90da0301b,CUST000622,Groceries,2,1168.95,2337.9,upi,2026-03-03T08:07:05.204526
6b3a0082-d81e-411e-8c9f-d7866fa39fd5,CUST000245,Home & Kitchen,1,1226.31,1226.31,wallet,2026-06-07T13:23:34.390038
54ba1521-2da2-489a-b665-4f8cc4255a21,CUST000688,Home & Kitchen,5,1590.41,7952.05,upi,2026-02-13T11:43:40.952341
98145d51-99ea-4b0a-9ac0-37cc97bcfd0b,CUST000512,Fashion,5,1449.41,7247.05,wallet,2026-04-27T03:47:25.851939
c36184c0-bc79-4aea-9598-ebb3a83f7eb8,CUST000296,Electronics,1,1047.94,1047.94,upi,2026-06-28T03:45:49.687274
e8894842-df66-4ff1-ab14-c6a61e404948,CUST000669,Home & Kitchen,4,1295.03,5180.12,cash_on_delivery,2026-07-18T17:06:47.083754
82419a22-a5c1-41ef-ba19-91cc250febb5,CUST000495,Groceries,3,1914.89,5744.67,wallet,2026-05-19T17:04:10.640801
bf0fa91d-1cb0-40db-bbf2-7c175ff2df2c,CUST000767,Toys,4,1382.08,5528.32,debit_card,2026-07-27T18:41:17.718651
91f3044c-c298-43b7-8026-45c94f988167,CUST000244,Beauty & Personal Care,3,238.31,714.93,debit_card,2026-02-24T03:01:42.387390
b34abd05-6031-4522-83e8-4ffabfe249b3,CUST000708,Fashion,1,1294.65,1294.65,wallet,2026-06-12T02:50:08.951669
2356400b-8f5e-4ea9-b69d-e3916f7731a8,CUST000029,Toys,4,1325.46,5301.84,upi,2026-04-24T14:30:10.009254
c6ee05b4-956d-4dbc-b5e2-f0336321d618,CUST000205,Sports & Outdoors,2,927.66,1855.32,debit_card,2026-06-08T20:06:26.902719
f3bebe86-1bc6-4f8c-b9b6-0d7cc5d03190,CUST000603,Toys,3,1984.51,5953.53,cash_on_delivery,2026-07-19T18:54:34.082861
2216dc32-eb3f-42c3-b868-322b5f9d8d2f,CUST000125,Fashion,4,1706.39,6825.56,debit_card,2026-03-11T15:11:05.422184
466d1106-1bda-4af6-99bc-31ea43836602,CUST000232,Home & Kitchen,4,1126.15,4504.6,upi,2026-06-07T02:05:20.335215
fe438cfc-93d3-49d5-84e6-27bf553c1028,CUST000220,Beauty & Personal Care,1,955.7,955.7,cash_on_delivery,2026-04-01T07:18:01.771750
75f990d3-b106-4068-8182-fdb0d3d9bfde,CUST000578,Home & Kitchen,4,1145.91,4583.64,upi,2026-07-29T23:49:24.408087
25e09068-4659-4abc-bdb5-018f244a766b,CUST000652,Electronics,5,729.73,3648.65,credit_card,2026-07-12T17:44:57.326803
d74e4c67-64f9-4df3-8259-0eb6cf11dc75,CUST000191,Sports & Outdoors,2,1513.79,3027.58,debit_card,2026-07-23T03:12:34.920969
feaf7da2-86d7-4ac5-8335-58c3fd5df27f,CUST000203,Home & Kitchen,5,1446.83,7234.15,wallet,2026-07-25T04:39:54.989872
76c98cd0-baa4-4a37-95ae-a93911efc69b,CUST000445,Fashion,5,902.63,4513.15,debit_card,2026-02-12T12:43:20.111147
68e60216-8d1c-4b82-8645-448e0360c13f,CUST000630,Fashion,3,558.55,1675.65,credit_card,2026-05-05T09:01:32.437722
64a23d82-020a-4218-b913-66b63f093736,CUST000398,Toys,1,1860.1,1860.1,upi,2026-04-16T08:08:37.265599
7d6f95df-41f5-42ee-9949-78f329aa1efe,CUST000245,Sports & Outdoors,4,1331.83,5327.32,wallet,2026-07-31T09:08:32.141272
b7a66982-876b-4908-bf6d-16d6047160d8,CUST000514,Sports & Outdoors,2,790.47,1580.94,cash_on_delivery,2026-03-08T00:01:16.464187
6bd73c66-2089-49a7-a483-90f6fc236ee6,CUST000473,Home & Kitchen,1,18.73,18.73,cash_on_delivery,2026-06-23T16:44:22.905406
cee5e6d9-55a3-44e8-8522-f699f9d6147e,CUST000209,Beauty & Personal Care,4,1664.84,6659.36,cash_on_delivery,2026-07-09T11:37:30.171834
8ffe8f76-5fca-4836-8323-a952b17d8ace,CUST000231,Sports & Outdoors,1,627.62,627.62,cash_on_delivery,2026-07-27T02:21:25.795151
c4c211fc-540a-42cf-9294-9aa7a8dc9c5a,CUST000078,Home & Kitchen,2,284.19,568.38,debit_card,2026-03-12T17:51:27.629621
7eecacd9-a103-48c4-bac8-c980a81d3ac1,CUST000630,Electronics,5,504.53,2522.65,upi,2026-03-31T06:28:44.785573
892d399b-a5ad-4bf5-ba1b-a56938250d80,CUST000642,Books,1,753.47,753.47,credit_card,2026-04-01T04:15:50.468537
c038b0f6-ade8-4f5d-a877-1d06b17d9d71,CUST000507,Groceries,1,1286.52,1286.52,cash_on_delivery,2026-05-04T22:59:37.689250
416d9fd7-3440-442c-bd39-90315151485d,CUST000224,Home & Kitchen,3,1926.02,5778.06,cash_on_delivery,2026-07-17T01:49:51.491944
f72f08b4-1070-44dc-a5d1-2e0da5c33690,CUST000667,Beauty & Personal Care,1,462.57,462.57,cash_on_delivery,2026-04-08T17:30:06.832543
5ab587de-8438-40c3-880c-23824e9093a4,CUST000117,Home & Kitchen,4,236.29,945.16,cash_on_delivery,2026-06-02T22:10:37.072920
15909de9-d8be-4cf1-b6a3-1258f58781a7,CUST000074,Sports & Outdoors,5,66.12,330.6,cash_on_delivery,2026-07-06T02:50:21.374976
d3b38039-7d1d-49fb-9c2e-912597a3a826,CUST000054,Groceries,2,1059.88,2119.76,cash_on_delivery,2026-04-21T12:11:39.392984
911902ec-d981-4bd3-8dec-5149362162c2,CUST000751,Books,2,591.26,1182.52,debit_card,2026-06-23T15:14:58.532629
73a62a4f-1d0a-462f-866a-84f380bcf42d,CUST000543,Sports & Outdoors,2,1839.91,3679.82,credit_card,2026-03-18T21:02:07.326567
c82b892d-55fc-4e41-be8b-5781687c0486,CUST000786,Fashion,4,430.51,1722.04,debit_card,2026-02-16T00:11:50.381721
8376c66a-2375-4964-b8df-0615036111d8,CUST000786,Groceries,4,772.67,3090.68,debit_card,2026-06-11T15:18:06.521805
65a6e81a-e87b-40f5-b6be-984494355b00,CUST000748,Toys,4,471.56,1886.24,debit_card,2026-06-24T19:12:50.475921
1e67471b-5c2c-405a-9f25-d6f852f4815b,CUST000381,Home & Kitchen,1,1006.57,1006.57,debit_card,2026-07-16T07:49:24.200836
99b8db04-33b7-442b-b5f5-10141fddee0c,CUST000034,Beauty & Personal Care,5,1463.52,7317.6,credit_card,2026-06-21T19:35:54.426848
5c9004a5-e889-40ee-a09e-d78d15c3a765,CUST000330,Beauty & Personal Care,4,1107.49,4429.96,debit_card,2026-05-18T14:22:41.512456
74d04550-4d4f-4a76-97fc-fcc3366ce6a7,CUST000355,Sports & Outdoors,1,573.43,573.43,wallet,2026-03-21T13:27:15.837714
405c31f7-0d26-42d6-b1d2-4cf868c0aab0,CUST000735,Electronics,4,455.94,1823.76,wallet,2026-04-21T01:18:50.374565
aaf3948d-cb0e-49d1-9db0-ccbf4fa75e3d,CUST000660,Sports & Outdoors,3,826.33,2478.99,upi,2026-02-11T13:51:35.073808
4eea373a-846c-45ad-8e78-324c953fae14,CUST000729,Sports & Outdoors,1,207.3,207.3,wallet,2026-02-28T07:14:57.916117
5eef9a40-fd3d-4efa-a125-40b62fc5bfac,CUST000069,Toys,5,840.91,4204.55,credit_card,2026-06-03T07:01:42.512087
a5f8a7da-7ebb-4ec4-8fca-159c348f7a9a,CUST000212,Sports & Outdoors,3,611.55,1834.65,cash_on_delivery,2026-03-23T03:38:36.469375
35b58500-1ff8-4815-b786-01fa2d89ba63,CUST000485,Sports & Outdoors,5,716.19,3580.95,debit_card,2026-08-09T01:57:20.401179
21627825-ee1d-41bb-bd4c-aaf6599a3074,CUST000103,Home & Kitchen,3,90.22,270.66,credit_card,2026-03-29T02:19:46.731211
102eb51c-4f9f-4c63-8b0b-77f0bc0c40fa,CUST000550,Electronics,3,781.98,2345.94,debit_card,2026-04-18T02:53:42.367704
6e2b8f07-87d7-4c5a-b6f3-a9e269946c23,CUST000370,Fashion,5,961.22,4806.1,cash_on_delivery,2026-04-04T10:12:59.221895
decc9936-75cd-45cc-9a70-40bb978d7445,CUST000065,Books,1,380.74,380.74,upi,2026-03-04T12:13:05.734942
e1f2f44a-536b-47b8-81bb-eac97bc37bb7,CUST000587,Toys,1,302.54,302.54,wallet,2026-03-07T12:29:35.315874
7b5c272a-38b6-456d-82bc-feac36658b8d,CUST000412,Fashion,2,1787.54,3575.08,wallet,2026-03-22T08:24:10.631224
3f9f275f-03a3-405d-8984-d36c0d112b01,CUST000107,Fashion,1,1827.0,1827.0,credit_card,2026-08-08T09:22:50.698320
94fdea32-1a5e-4f35-938d-78c1e81b4d48,CUST000446,Beauty & Personal Care,3,327.85,983.55,upi,2026-04-28T17:40:33.986549
ef743425-8b91-4b72-8ddd-ef1e68ad0fb7,CUST000563,Fashion,1,875.3,875.3,cash_on_delivery,2026-04-09T17:46:46.113443
710fe78f-cfb1-4bb5-9ee8-a1fef307ad4a,CUST000433,Groceries,2,459.77,919.54,wallet,2026-04-07T02:43:33.289659
4f17ce70-e2fc-4e4b-a039-93b7b051d327,CUST000027,Beauty & Personal Care,2,1883.32,3766.64,credit_card,2026-04-16T14:46:56.101359
e17ff5fc-c8d6-480b-be96-affd03056c86,CUST000621,Books,1,88.99,88.99,wallet,2026-08-01T01:17:16.623465
4bf6e2e8-0bff-47c7-b44d-b14b7e8f72bb,CUST000376,Fashion,4,1707.39,6829.56,wallet,2026-03-14T09:02:26.850658
d9cef2c2-5690-4655-bf39-029172c4d658,CUST000536,Fashion,1,1019.95,1019.95,debit_card,2026-06-11T02:55:31.251346
0b9429d4-3be5-4910-932a-68ece63060e4,CUST000791,Toys,2,1495.81,2991.62,debit_card,2026-02-25T14:22:04.408050
4ee3b69c-4ca1-488e-9837-650c03c3260b,CUST000507,Electronics,4,1726.23,6904.92,cash_on_delivery,2026-07-22T12:40:56.177649
fe0f630d-9585-4dd6-8990-0f6853d3b4bb,CUST000633,Sports & Outdoors,5,1726.15,8630.75,wallet,2026-02-28T12:36:57.199063
8c14d66c-4994-4781-b120-17a86fc2a4e7,CUST000502,Groceries,1,1589.14,1589.14,upi,2026-03-11T10:28:35.043406
ad97c723-89fd-46d0-b78b-d370dda2a9fe,CUST000002,Fashion,3,1487.19,4461.57,upi,2026-04-28T20:14:08.655055
11bdfb9e-ea41-44e2-a6d3-e7bc7b79326b,CUST000775,Electronics,1,475.06,475.06,wallet,2026-05-12T14:39:09.040909
f68b474b-dfcd-4d48-9d27-cbf33b7be0d5,CUST000746,Groceries,5,967.85,-4839.25,credit_card,2026-08-08T13:19:25.300510
c3a6b77b-2be4-4fb1-ad57-882590c46564,CUST000332,Beauty & Personal Care,3,727.25,2181.75,credit_card,2026-07-19T23:13:59.102546
cab5adcf-1fc0-4f67-9140-008a91bae6e9,CUST000525,Beauty & Personal Care,5,1752.85,8764.25,upi,2026-02-16T13:48:51.681480
90416fd7-3cda-41ca-b8c1-5a4b3afb1167,CUST000183,Home & Kitchen,1,390.65,390.65,upi,2026-06-25T21:09:02.515488
5e393b91-f9d2-4985-853c-794268580bcc,CUST000443,Groceries,1,424.39,424.39,cash_on_delivery,2026-05-29T17:49:52.168933
6661988d-58e3-4a0f-ba5a-25b964ab6581,CUST000369,Groceries,5,821.49,4107.45,wallet,2026-05-21T13:58:10.535418
d3b6df05-6abf-4233-9f58-26fcfaa4dfbc,CUST000478,Home & Kitchen,5,1326.47,6632.35,credit_card,2026-03-08T12:46:30.417983
a0e95ba5-ab20-46ba-9dfd-30d7ab846ce6,CUST000239,Books,1,1860.07,-1860.07,wallet,2026-04-06T05:59:29.620561
608c19f1-3c21-4916-ba49-6ca9f4edf487,CUST000211,Fashion,5,1281.45,6407.25,cash_on_delivery,2026-06-07T04:34:04.560949
130035e3-9173-4b7d-8fce-1aaa4c451b76,CUST000569,Beauty & Personal Care,5,264.48,1322.4,upi,2026-05-07T17:14:14.139715
aec1a903-79f7-4236-a293-bcffaf6b19d5,CUST000228,Sports & Outdoors,2,1067.07,2134.14,wallet,2026-04-30T02:51:45.685182
9e386c49-2a3a-4029-8937-1577e2a80709,CUST000259,Books,3,621.99,1865.97,credit_card,2026-05-26T12:41:00.630692
458ee487-a6d3-4b1a-9b6d-257b89e5ea1b,CUST000032,Sports & Outdoors,5,468.05,2340.25,debit_card,2026-04-05T16:33:56.999352
e3b04734-a323-4afb-a6a1-d038fbbb0afa,CUST000412,Toys,4,1738.02,6952.08,cash_on_delivery,2026-06-29T03:17:49.841488
c9e56fc7-1132-4cd2-864c-5be8c2a827a2,CUST000548,Groceries,1,1560.21,1560.21,wallet,2026-04-29T16:32:18.651358
829f7051-d5a1-45ad-98a0-52830d9af7ab,CUST000419,Toys,2,333.85,667.7,wallet,2026-07-14T14:30:47.489481
e2a3cec8-59fb-4ae2-a30b-432030d61dcc,CUST000395,Fashion,1,1371.39,1371.39,upi,2026-03-10T12:29:01.304657
c14aaf10-6933-41a1-b58e-9abb19a80921,CUST000522,Groceries,4,894.33,3577.32,cash_on_delivery,2026-07-03T08:21:33.356000
8470671a-1dae-4054-9514-6fa63cc7b016,CUST000631,Sports & Outdoors,3,1534.11,4602.33,upi,2026-07-15T18:21:57.324395
1d92f301-4b78-4faf-bef5-ab6a0d697dee,CUST000229,Fashion,1,560.24,560.24,debit_card,2026-07-12T13:00:00.987537
7b528d81-2aa8-47dc-8a1d-4f9b69e6e0bb,CUST000568,Fashion,2,981.84,1963.68,debit_card,2026-03-05T21:02:27.866307
4b7b8a89-56c7-49f6-811f-3abb2786f247,CUST000759,Sports & Outdoors,4,156.82,627.28,credit_card,2026-06-30T00:37:26.649118
6950ec04-f0df-4a72-a9fb-6672da0b587d,CUST000147,Electronics,3,278.21,834.63,upi,2026-07-12T08:00:42.050251
129e583e-2c5b-4541-9b3c-5b492f2f3618,CUST000316,Books,4,1999.19,7996.76,wallet,2026-07-20T00:14:10.240862
452a2b4c-34f9-4202-bdff-7501e8cb986b,CUST000766,Toys,4,275.89,1103.56,credit_card,2026-03-10T01:34:47.434716
94d1ec00-6658-4831-9bd0-afc17162859f,CUST000671,Electronics,4,884.75,3539.0,cash_on_delivery,2026-04-19T03:14:50.421447
ac4f4cd0-4604-406c-bae8-a97bfbc9946d,CUST000532,Home & Kitchen,1,1541.49,1541.49,wallet,2026-02-16T17:35:11.874813
cf4b6c1d-ed4d-453e-84c2-d01cf9d60137,CUST000061,Electronics,5,1255.13,6275.65,upi,2026-03-29T06:13:34.797777
e924eb92-bb1f-44e0-aefb-ab3ef47203d3,CUST000165,Fashion,2,928.03,1856.06,cash_on_delivery,2026-05-23T20:59:16.492851
abb56ac0-e4af-46ce-96f4-34c8c67c7078,CUST000030,Electronics,1,1532.13,1532.13,credit_card,2026-02-20T03:39:13.026698
346328d7-1534-402e-8eed-f7e0a576d83c,CUST000348,Electronics,4,1223.08,4892.32,credit_card,2026-05-21T10:06:28.465926
44b60121-f698-48cf-a9fd-9f2ce874035b,CUST000490,Electronics,3,960.47,2881.41,wallet,2026-04-07T05:20:59.572437
e54517ad-58b3-4f4c-b82e-3566eae57aba,CUST000283,Books,4,1076.0,4304.0,cash_on_delivery,2026-05-22T03:56:40.194758
a4425501-c390-449b-949d-558c45e68651,CUST000450,Sports & Outdoors,2,88.7,177.4,credit_card,2026-03-02T15:41:49.627503
b0a601b1-4a65-41cf-a3ed-c5bb14afdd8f,CUST000441,Fashion,4,508.26,2033.04,upi,2026-05-18T23:58:38.712347
e8acd5a4-d656-496f-8682-b9056b78183f,CUST000701,Sports & Outdoors,2,14.86,29.72,upi,2026-05-30T05:32:28.241367
8f49c78b-6a53-4a74-9232-1569acb2d75f,CUST000620,Electronics,5,15.7,78.5,wallet,2026-08-09T00:02:02.156956
3a0115ed-bdaf-487c-afe9-7adfe13b80e0,CUST000485,Beauty & Personal Care,5,1934.31,9671.55,wallet,2026-04-04T04:55:49.953881
ba1fdcf9-2045-4a46-ba2a-dac82c941287,CUST000142,Sports & Outdoors,2,1494.48,2988.96,upi,2026-02-20T19:25:11.780587
6e14f32b-f161-44cf-9312-d3bf558e58c5,CUST000550,Beauty & Personal Care,4,340.58,1362.32,wallet,2026-05-12T07:00:25.606861
25b105ef-7a13-476c-baa4-16035580a68b,CUST000426,Toys,N/A,1605.52,6422.08,debit_card,2026-04-03T03:37:47.387928
dcfc4d9c-a64f-4b94-a103-6abc3c302c90,CUST000674,Fashion,4,953.04,3812.16,wallet,2026-06-15T07:17:17.066729
cad5d5e6-14a1-4008-9d95-16c4ccb13d44,CUST000364,Books,N/A,1670.5,1670.5,upi,2026-05-25T20:25:49.393271
db71903b-71a0-445d-8d33-6d7e75c4f9c0,CUST000414,Fashion,1,1720.9,1720.9,upi,2026-04-02T23:35:54.717324
802c1829-b34d-4e04-b036-516142d8407f,CUST000625,Fashion,5,1932.76,9663.8,upi,2026-07-13T20:28:58.036821
10b8bd25-cc55-4938-8d91-1ca414c58a05,CUST000289,Home & Kitchen,3,503.31,1509.93,debit_card,2026-03-10T21:57:10.669979
7ce6ff3e-c4a2-404e-bdff-79d525ebb14f,CUST000436,,5,362.07,1810.35,wallet,2026-07-01T21:02:29.663646
8b3484b3-b961-4e2c-989e-f1cba6648d45,CUST000443,Home & Kitchen,5,1865.07,9325.35,upi,2026-07-16T00:57:46.445399
71d84190-67e9-4f43-bf2c-6b40c88606ca,CUST000121,Toys,5,1251.22,6256.1,credit_card,2026-03-18T19:46:25.908390
0d331d63-2384-474d-af9d-1b25c6572eb3,CUST000385,Sports & Outdoors,3,1371.77,4115.31,wallet,2026-06-07T11:40:37.502572
f460748c-c13e-4988-91ec-5ebd7a24b354,CUST000726,Beauty & Personal Care,2,917.78,1835.56,wallet,2026-03-02T17:48:45.046764
7834b460-75ca-4235-b94c-3398a48f10d1,CUST000422,Books,3,755.01,2265.03,credit_card,2026-06-23T17:08:13.401487
844be1c3-dc94-451b-a593-2951bb4aafbb,CUST000053,Electronics,4,102.09,408.36,debit_card,2026-06-14T07:23:16.395177
74582392-256a-4005-b9dc-56bd936d7a5e,CUST000485,Fashion,2,331.75,663.5,credit_card,2026-04-05T18:31:33.606566
125edb5d-1f9e-4832-8ab3-be6a3e698ea8,CUST000050,Beauty & Personal Care,2,524.03,1048.06,credit_card,2026-06-11T19:55:28.429760
b7fbf4d0-a9b6-4adf-843c-c6adf56f9095,CUST000309,Electronics,3,526.8,1580.4,debit_card,2026-06-19T15:57:00.735736
a00b0f86-dffd-49ed-8828-0720880a6ddc,CUST000488,Home & Kitchen,2,269.74,539.48,wallet,2026-07-16T06:10:13.092075
8219bd27-7ed3-4a6a-8987-c8352e226969,CUST000780,Books,1,857.66,857.66,upi,2026-04-20T17:15:41.572726
ff8da9c7-ec8a-42af-be42-c7b68b7d62b1,CUST000037,Fashion,1,980.34,980.34,cash_on_delivery,2026-04-27T01:41:40.366918
3a18a06d-f28f-4060-8ea8-a71a9ccbb93a,CUST000576,Groceries,4,1674.21,6696.84,wallet,2026-04-17T14:03:18.316208
df8f8223-edac-41ab-b5e8-87d7bb4a782d,CUST000140,Books,5,1721.0,8605.0,cash_on_delivery,2026-04-01T10:47:27.027161
7aba24a4-86ee-41b2-a04b-8884f6d45274,CUST000440,Sports & Outdoors,1,1322.21,1322.21,credit_card,2026-06-02T11:51:49.820786
a1031798-6ad2-4151-a1a4-7fbc16166030,CUST000409,Sports & Outdoors,2,816.44,1632.88,cash_on_delivery,2026-08-02T06:28:59.343715
9226ada1-d49b-4cf9-872f-47eb386eea4f,CUST000032,Books,5,1317.55,6587.75,wallet,2026-06-20T19:27:43.890201
489349b8-cb09-4bfd-a940-3a265c97ce10,CUST000706,Toys,1,1621.66,1621.66,wallet,2026-06-01T12:15:22.657662
4ea59822-b005-4010-a61a-30ceccae2d98,CUST000224,Sports & Outdoors,4,774.22,3096.88,wallet,2026-03-07T23:07:51.717381
1fa50010-77b6-46f9-8a68-dbd67e984c60,CUST000030,Beauty & Personal Care,3,1893.28,5679.84,credit_card,2026-07-03T03:58:53.301490
1a2515ab-b3a8-4305-ba40-d68935872ae5,CUST000684,Home & Kitchen,3,688.02,2064.06,debit_card,2026-06-03T08:13:10.336117
f5a7b45a-2248-442f-af4f-ed2b8590a5d0,CUST000514,Electronics,1,1215.51,1215.51,upi,2026-07-08T16:58:42.839056
f8e5a2f5-d9d4-47f3-9242-525acb5fe9ff,CUST000089,Sports & Outdoors,1,936.42,936.42,credit_card,2026-04-19T08:28:48.641660
6bc47c2f-c9f9-4992-9185-178487e9adb7,CUST000236,Beauty & Personal Care,3,1838.27,5514.81,upi,2026-02-20T13:19:22.632392
7077af83-6763-4245-9489-f4794e8555a8,CUST000647,Sports & Outdoors,4,1467.11,5868.44,upi,2026-06-26T06:54:18.837220
c2701213-e065-4521-8af8-a2430ca724dc,CUST000037,Beauty & Personal Care,5,988.21,4941.05,debit_card,2026-03-14T23:44:48.441967
9d31e0fd-b075-43a9-b2b3-c8e47233e286,CUST000764,Home & Kitchen,5,429.12,2145.6,credit_card,2026-05-10T15:28:29.444187
6bbfcede-aee5-42b8-8ce9-1fe4c5bb3436,CUST000700,Toys,2,555.18,1110.36,credit_card,2026-02-28T06:48:42.127000
0c008f00-3d12-4586-afea-b8a8ecfe3933,CUST000184,Home & Kitchen,5,324.33,1621.65,credit_card,2026-03-25T19:23:06.383320
7e586fb1-98b5-43ec-9b24-5000ab88b538,CUST000406,Electronics,1,862.87,862.87,upi,2026-03-24T01:27:11.819579
93caeac2-a7aa-4177-82c5-ef2c88d07917,CUST000351,Books,4,1712.27,6849.08,credit_card,2026-05-20T19:09:28.112416
b9a458ca-eda0-47fb-a857-0e356e74143b,CUST000065,Groceries,3,1692.7,5078.1,upi,2026-03-06T15:51:36.196102
6d85ffbc-911e-46f9-92c5-c397f4c2c528,CUST000187,Beauty & Personal Care,1,816.12,816.12,credit_card,2026-05-03T07:29:06.184097
ec4f0548-9005-45d4-ba84-ad36d4e67d46,CUST000566,Books,3,1905.18,5715.54,wallet,2026-05-31T09:31:24.139116
c964f734-3180-4c30-b264-a6d7a9786e6a,CUST000299,Electronics,1,1762.75,1762.75,cash_on_delivery,2026-08-05T22:36:11.765076
db3ac52a-e915-4c39-b2bf-2fe338ebed4d,CUST000797,Toys,4,1164.16,4656.64,debit_card,2026-08-04T21:32:47.138189
7013e4f4-3322-4a70-bae7-08d94baf45c1,CUST000513,Toys,1,1746.27,1746.27,debit_card,2026-06-11T01:19:26.170206
58ed4d18-628f-4abf-b266-401322c1f8b0,CUST000064,Fashion,4,434.87,1739.48,cash_on_delivery,2026-05-15T01:03:27.844007
5bf02fd0-cb27-47f1-a7f1-a3f08e3d3337,CUST000494,Beauty & Personal Care,5,1335.18,6675.9,wallet,2026-08-03T21:34:07.295202
5db1acc5-b53c-4352-8877-59c37acebaeb,CUST000305,Toys,1,989.21,989.21,upi,2026-06-13T23:18:01.088851
71f1639c-3b24-40ce-8bb5-488a249b086d,CUST000726,Home & Kitchen,3,1102.24,3306.72,upi,2026-05-14T04:19:09.780265
098dcaf6-434f-4814-8ff6-a97a7e71ca4b,CUST000657,Beauty & Personal Care,4,968.47,3873.88,upi,2026-02-17T16:06:19.228252
83615067-f1c1-4b42-88a3-bbc4a72d84b8,CUST000408,Books,2,1548.78,3097.56,debit_card,2026-02-24T03:44:34.558762
2725d75b-7f93-446e-888c-9a6a0138c756,CUST000219,Fashion,4,553.59,2214.36,debit_card,2026-05-22T21:41:03.887061
9979c839-40ce-4ca3-acd5-be3f3961adb3,CUST000308,Fashion,4,664.68,2658.72,credit_card,2026-05-06T07:44:20.864285
6c79797e-fce8-4efa-8ac4-830b89525d00,CUST000409,Groceries,3,1469.86,4409.58,cash_on_delivery,2026-05-04T17:25:00.583867
9292a762-a731-4844-aed2-1c2bab1e7ff1,CUST000728,Toys,2,1983.32,3966.64,debit_card,2026-03-27T00:09:11.093302
87f70d05-a4eb-4ad4-b58d-60983ba96c3b,CUST000527,Books,3,1809.0,5427.0,debit_card,2026-08-01T16:37:14.561765
35a8e60b-0e01-4e34-9af1-cf466f660a30,CUST000077,Beauty & Personal Care,5,642.92,3214.6,wallet,2026-05-11T04:30:54.682803
e0c95677-74dc-4e70-925e-2367c3b809a3,CUST000059,Groceries,5,467.91,2339.55,credit_card,2026-03-02T05:41:08.377682
ecac598a-d03c-462e-9885-fa2da77e237b,CUST000684,Fashion,2,1293.28,2586.56,wallet,2026-03-23T09:50:10.763132
9e243444-5f88-467a-adc1-147790bb787d,CUST000667,Fashion,1,1981.38,1981.38,cash_on_delivery,2026-04-07T06:24:40.635526
121c1f86-2266-4b5d-81c3-d18225bb2024,CUST000151,Books,2,1713.25,3426.5,upi,2026-03-22T18:46:14.611049
26702894-cc06-49c8-ab5f-6835754639b0,CUST000785,Electronics,3,1174.42,3523.26,cash_on_delivery,2026-05-30T22:49:38.764544
62436187-724b-4e74-9384-6055274f3491,CUST000653,Groceries,4,109.72,438.88,upi,2026-04-16T01:16:51.967557
30f842cb-2c19-4f53-8a7c-8bf98af07240,,Electronics,1,1840.74,1840.74,upi,2026-07-26T19:36:21.732428
71c2d78b-1185-47e6-8497-24bce1bef172,CUST000658,Home & Kitchen,2,995.35,1990.7,upi,2026-06-18T15:42:29.560534
88d5ac3a-a444-4c2f-873f-2f2856c72158,CUST000189,Books,3,1749.19,5247.57,credit_card,2026-02-28T08:48:37.667770
3f85daea-ff19-4ff5-b837-f4486ada8908,,Home & Kitchen,4,1947.5,7790.0,wallet,2026-04-21T21:48:08.961377
77e23373-4866-40d6-a502-ae80d08fc923,CUST000666,Groceries,3,1513.04,4539.12,upi,2026-06-09T01:19:35.628968
b461f2ad-9f6e-481f-a459-42cb71e5a190,,Beauty & Personal Care,5,916.88,4584.4,cash_on_delivery,2026-05-17T20:34:35.039403
de81c485-9347-440a-bde9-ce1d055d5fb4,CUST000042,Home & Kitchen,1,426.08,426.08,cash_on_delivery,2026-07-03T04:46:49.122596
dbd04f7c-343a-4b14-9189-49b1db0d7d2a,CUST000083,Toys,4,1662.24,6648.96,cash_on_delivery,2026-05-28T15:19:51.534872
2d6949b7-19fa-4b75-ba1e-6da22948fae9,CUST000319,Fashion,1,134.2,134.2,debit_card,2026-07-08T16:22:23.318009
ca7ff171-27c5-4ba8-b966-947caa51c62d,CUST000433,Sports & Outdoors,4,982.61,3930.44,upi,2026-06-30T11:52:59.311914
6b5a08bf-804e-4480-8ded-a73c2fb7d908,CUST000165,Fashion,4,668.0,2672.0,wallet,2026-06-27T15:18:09.195378
277edf98-da2e-4865-81dd-44f9090f8161,CUST000231,Home & Kitchen,5,1436.83,7184.15,credit_card,2026-05-14T08:54:29.898820
6b8b259d-4e81-45d9-a762-102cdb719de0,CUST000221,Fashion,2,1721.41,3442.82,cash_on_delivery,2026-05-31T09:38:24.849506
33920340-1222-4af3-81be-3d7345963c4c,CUST000137,Sports & Outdoors,2,702.38,1404.76,cash_on_delivery,2026-06-10T22:34:39.751519
82a34e51-9723-4a3e-a7e6-29022eb9186c,CUST000535,Sports & Outdoors,4,759.07,3036.28,debit_card,2026-05-29T05:09:30.923488
4066f224-b65c-4bec-9093-1e67d4030d4e,CUST000265,Home & Kitchen,3,1849.41,5548.23,debit_card,2026-06-21T12:43:53.615221
000666c0-a659-4fb4-85ff-78f298e835c8,CUST000280,Sports & Outdoors,5,1647.9,8239.5,cash_on_delivery,2026-08-09T10:31:34.849442
85feecf7-d0ee-46cf-93e9-327a68ccfce0,CUST000509,Electronics,4,492.51,1970.04,upi,2026-03-22T23:24:43.895597
6e824da9-81cc-4b68-9cf3-5aba0a599f8f,CUST000170,Toys,1,256.85,256.85,debit_card,2026-03-18T01:37:43.106258
49ca1fa2-e5f1-4de9-adfe-e130e7d7aef5,CUST000568,Home & Kitchen,2,1644.94,3289.88,upi,2026-07-01T23:24:39.039580
8456e9e2-40cd-44ac-a706-9ed3cc5f6c6f,CUST000310,Fashion,3,1170.55,3511.65,upi,2026-07-29T12:36:41.693723
77e22f39-7a14-468e-9a66-2dddce5394a2,CUST000317,Beauty & Personal Care,5,664.41,3322.05,wallet,2026-07-07T01:15:02.602184
28dec865-c207-4807-b018-f7d40cc0b664,CUST000177,Electronics,3,1595.64,4786.92,credit_card,2026-06-20T18:15:55.972502
7d8429d4-0695-4e03-8b5d-b396b21cfc74,CUST000507,Sports & Outdoors,1,1036.93,1036.93,debit_card,2026-04-09T08:45:19.259401
a4d11b6b-b56b-4fc1-a933-5e6da58b8b86,CUST000051,Books,5,1144.7,5723.5,debit_card,2026-05-18T08:34:50.789495
765131c1-e1b6-47c3-8ce7-40eefd841cf7,CUST000032,Toys,4,568.63,2274.52,credit_card,2026-06-22T00:42:49.138678
0324bf2f-d016-4d30-91e4-cec3a9bef390,CUST000377,Home & Kitchen,5,1512.02,7560.1,upi,2026-08-01T03:41:34.429323
ab48243f-ecb3-431a-9032-96dc77947374,CUST000791,Toys,4,1655.38,6621.52,credit_card,2026-06-27T23:34:22.556715
a6f7756d-a45f-4ec6-a338-fe82733e546b,CUST000551,Home & Kitchen,1,430.37,430.37,credit_card,2026-06-27T07:06:17.794845
72fc8980-af98-4a03-84a8-0a8f5496ef3f,CUST000662,Home & Kitchen,1,682.74,682.74,wallet,2026-07-21T05:38:44.679950
122cf84b-cef5-4555-b239-42582b26d067,CUST000173,Electronics,5,387.3,1936.5,wallet,2026-05-05T05:17:47.878170
3304e5a0-84ef-4a55-99ff-45a925b40c99,CUST000772,Electronics,4,138.81,555.24,debit_card,2026-06-20T12:33:30.024821
4b214ddd-d2de-49c3-953b-2bc8c9f6d6aa,CUST000006,Beauty & Personal Care,2,725.17,1450.34,wallet,2026-04-10T14:32:53.473291
0a72eb57-80b6-419d-b11f-05e5f4fd0e71,CUST000626,Electronics,2,622.03,-1244.06,credit_card,2026-08-07T14:53:47.441952
33beaa1b-3de3-47a1-8de4-179fec0d35eb,CUST000626,Fashion,1,1903.0,1903.0,debit_card,2026-03-20T01:30:29.231827
8d090b3b-1ce8-4837-ae94-69a2fe355e65,CUST000087,Beauty & Personal Care,4,1135.5,4542.0,wallet,2026-08-08T09:34:41.808113
fd310844-a61f-4efc-997d-f5037adf9a6e,CUST000625,Books,2,13.36,26.72,cash_on_delivery,2026-07-16T01:38:01.446614
38a27a71-5189-4cd5-9929-454e1d3fa3ac,CUST000541,Books,5,384.68,1923.4,upi,2026-02-21T20:14:19.509742
f4dbde3c-faa6-4d54-995e-951580980036,CUST000578,Sports & Outdoors,4,196.7,786.8,wallet,2026-02-27T00:17:11.481930
5d274541-4b96-4d37-8ace-16ed1f097aa8,CUST000618,Beauty & Personal Care,5,1177.05,5885.25,cash_on_delivery,2026-05-30T08:54:08.270691
3b5a9597-36a9-4c72-82cf-77b95f7f92d9,CUST000754,Home & Kitchen,4,579.38,2317.52,upi,2026-06-18T18:50:07.858130
9bb1017d-10be-4d81-84c8-5368f7dc33a2,CUST000625,Fashion,1,1671.53,1671.53,credit_card,2026-06-17T01:41:44.432289
71f952fc-f32c-448c-ab25-fecc90828f39,CUST000571,Books,2,1305.92,2611.84,credit_card,2026-05-20T08:39:31.926507
9b38256c-ad1a-4f0f-8f1e-160b382aadd9,CUST000777,Beauty & Personal Care,2,1666.69,3333.38,wallet,2026-02-26T15:24:12.000211
5dac2e5f-c194-4c4d-8490-40c04e9557c1,CUST000336,Groceries,5,71.23,356.15,debit_card,2026-03-15T03:14:52.686657
e2fd9c00-9e81-4c22-8c53-ad9170c38683,CUST000436,Toys,4,937.76,3751.04,upi,2026-06-05T11:24:26.255868
388d16c2-140f-4a33-a555-e3b9bdd30098,CUST000614,Beauty & Personal Care,3,302.76,908.28,debit_card,2026-07-02T16:06:26.418869
6f9205ea-2b97-40d6-8d01-f889e80a9065,CUST000589,Beauty & Personal Care,2,204.02,408.04,credit_card,2026-02-28T08:30:01.595749
6a63d327-ef3c-4171-92b0-46fdcf0b1ef2,CUST000537,Home & Kitchen,3,523.02,1569.06,wallet,2026-05-20T16:49:15.298691
9f619d7b-8a8b-4196-bac9-ea0fb5cca19d,CUST000214,Fashion,2,10.33,20.66,debit_card,2026-06-19T18:35:54.275545
05affd62-fa66-43fd-b450-38c7d67cf048,CUST000656,Fashion,2,11.14,22.28,upi,2026-04-23T08:46:05.182070
fc190725-097c-4b82-bbac-a46293a2d7b1,CUST000584,Beauty & Personal Care,1,814.23,814.23,wallet,2026-05-30T11:08:40.585254
07debc66-1c8f-42b4-bcf5-478181abaa5a,CUST000013,Home & Kitchen,4,443.4,1773.6,debit_card,2026-06-28T17:53:14.838842
e1b0c6c0-1aa8-48d7-ace2-c36482b696d1,CUST000306,Home & Kitchen,1,792.63,792.63,wallet,2026-05-08T06:10:27.484327
08c17ae6-6eb4-4968-8a90-beb6f1dc281a,CUST000141,Fashion,4,1516.88,6067.52,upi,2026-07-24T11:56:47.349988
2c6da283-6f9e-4708-b1bb-82f403f1de1d,CUST000611,Books,2,312.73,625.46,wallet,2026-08-09T18:32:04.411394
5c4127fa-dd4e-475f-b7ee-5b297eb3dc14,CUST000091,Electronics,5,1224.92,6124.6,cash_on_delivery,2026-08-08T11:13:48.072392
431f474c-7bb4-4569-9aa2-c9ffe433b326,CUST000358,Fashion,1,807.13,807.13,credit_card,2026-07-02T17:56:56.874094
0e4af564-6bc6-4670-877e-876e1851982e,CUST000067,Beauty & Personal Care,4,1420.59,5682.36,debit_card,2026-06-17T19:35:04.410424
6e39283a-abbd-49ef-9a8b-19d267287bbd,CUST000104,Electronics,2,1017.07,2034.14,credit_card,2026-04-21T05:39:40.458723
e2071940-b5aa-4b8a-8ddf-81dd31dfd181,CUST000493,Sports & Outdoors,4,1243.23,4972.92,wallet,2026-04-30T18:57:17.644253
e89cbdcb-a081-48fb-bdc6-6b1119df49e0,CUST000213,Electronics,4,651.33,2605.32,credit_card,2026-05-07T10:19:39.585188
5289fdc2-a43b-44e9-9416-00bd0a9d3eea,CUST000749,,3,1621.68,4865.04,upi,2026-04-03T21:06:59.166167
8f16d833-7b49-4528-81f9-6c9604f69c46,CUST000109,Fashion,2,568.51,1137.02,credit_card,2026-02-15T17:13:18.018890
c93816dd-fe99-4ff0-985a-9a9c966885e3,CUST000365,Books,3,39.95,119.85,upi,2026-06-12T03:22:02.687105
09ffd82d-f5d3-430d-a05e-08fda2ea4217,CUST000204,Electronics,5,1865.42,9327.1,cash_on_delivery,2026-04-16T21:26:11.907222
8981e39f-dc53-433d-817c-83dd9d9e5091,CUST000269,Toys,2,1860.6,3721.2,credit_card,2026-05-10T18:18:25.008719
41dda5fd-394e-4718-9423-953100d94da8,CUST000452,Beauty & Personal Care,3,1581.26,4743.78,cash_on_delivery,2026-03-05T14:48:38.903481
787af723-8dbe-4d9e-9860-c0a2e4465adb,CUST000304,Toys,3,1748.32,5244.96,credit_card,2026-03-31T20:13:36.933428
bd51f091-19bb-4694-b0e8-aa171f20a73e,CUST000694,Home & Kitchen,4,619.62,2478.48,wallet,2026-04-21T17:33:25.785715
8e2c6015-a165-4dcf-9a6b-bb729b7a5aa0,CUST000145,Electronics,4,1333.73,5334.92,upi,2026-05-22T06:16:01.586662
f98c8910-0cd4-419b-9a1e-5c0200e93180,CUST000522,Books,5,339.46,1697.3,debit_card,2026-07-04T22:53:14.759954
6776a49f-7feb-453c-8bc1-bf47ee2badfd,CUST000703,Fashion,1,1937.29,1937.29,debit_card,2026-04-12T21:58:12.193202
86482b35-c17d-4c5f-8175-cb51f631bb0b,CUST000324,Groceries,1,131.74,131.74,upi,2026-07-17T04:27:22.270121
3416f762-015f-4310-93c8-30cff928c82c,CUST000382,Electronics,5,1237.58,6187.9,cash_on_delivery,2026-07-13T12:53:13.108662
ff4d77fb-cdf8-4c95-9138-680927cad4bd,CUST000763,Beauty & Personal Care,5,385.33,1926.65,debit_card,2026-07-13T22:34:57.952425
7b17d048-74ed-4fe2-9d75-430acc5c3f7c,CUST000422,Groceries,3,264.33,792.99,wallet,2026-08-06T03:20:26.419776
733995bf-675e-45a8-83d3-737db1815b30,CUST000636,Electronics,4,631.66,2526.64,credit_card,2026-03-26T12:46:53.310597
8e8c88cc-ed24-4f25-980f-ef5132646ed3,CUST000034,Beauty & Personal Care,4,1733.56,6934.24,cash_on_delivery,2026-08-04T18:19:29.340219
834e4489-af5e-427d-b446-d5385a97cd59,CUST000765,Books,2,1265.6,2531.2,debit_card,2026-07-13T16:20:05.596632
db805ffa-0a64-42d5-acb0-6ecc0a3ddff2,CUST000692,Books,2,1880.7,3761.4,wallet,2026-06-29T12:37:22.265375
f21280d9-56cf-4a0c-ae58-c7b278210aa8,CUST000422,Sports & Outdoors,4,1502.95,6011.8,cash_on_delivery,2026-03-04T05:05:09.809444
29cab8e0-d7d7-42ca-9c7a-1b195f679051,CUST000443,Toys,1,321.42,321.42,cash_on_delivery,2026-02-23T02:23:59.392519
46305990-d334-4af3-8471-da6253cf820c,CUST000043,Electronics,2,441.91,883.82,debit_card,2026-05-13T06:40:46.782547
9322f637-bc53-4cda-a500-f0a262dd723c,CUST000683,Fashion,5,550.27,2751.35,debit_card,2026-05-14T01:15:09.074449
4897010d-e7f4-4066-833e-8d6cfe25f380,CUST000643,Toys,5,1927.87,9639.35,cash_on_delivery,2026-03-21T22:43:06.300523
ce07b5e8-fb12-48d5-90e2-4a2f93c393e4,CUST000021,Beauty & Personal Care,5,40.58,202.9,credit_card,2026-08-09T16:10:13.715710
1ad3e42d-5fab-43ce-bca8-31ebb55c9200,CUST000247,Home & Kitchen,5,202.72,1013.6,credit_card,2026-03-22T11:19:22.881925
e23857cf-1b80-47db-9020-413a2a224d35,CUST000485,Beauty & Personal Care,5,1164.47,5822.35,credit_card,2026-04-26T03:02:27.408048
47b9902f-1730-4a26-bd67-a9f979db080c,CUST000223,Books,2,209.32,418.64,upi,2026-04-06T12:27:12.889742
1dcb3716-b51c-46f8-a948-28313437bdc1,CUST000183,Home & Kitchen,5,1235.78,6178.9,cash_on_delivery,2026-07-31T09:05:03.368607
386094d2-5e9f-47b4-a3f3-26ee7e85c545,CUST000079,Sports & Outdoors,3,663.25,1989.75,credit_card,2026-04-17T04:44:12.220750
6785f669-7782-483d-b152-e007cf8956aa,CUST000263,Groceries,2,60.87,121.74,wallet,2026-05-05T17:11:12.971835
d6267e10-170d-4839-81ca-d6b6f33808f5,CUST000748,Home & Kitchen,2,1086.41,2172.82,credit_card,2026-05-01T07:48:26.340685
b9575409-2b66-4d68-baf3-bee9c4027fce,CUST000426,Sports & Outdoors,2,1592.97,3185.94,wallet,2026-02-15T14:31:01.164386
4dd863fc-e39b-4995-851d-316bd80d2f2c,CUST000704,Home & Kitchen,4,455.5,1822.0,debit_card,2026-05-22T10:00:26.858770
a0b9fcf9-0523-49a8-8622-25281c88e097,CUST000611,Sports & Outdoors,1,1728.12,1728.12,upi,2026-06-15T16:37:54.929466
e3ec9224-187b-473c-8ce9-e127e2e6ba93,CUST000387,Home & Kitchen,5,197.02,985.1,upi,2026-04-18T22:52:08.862820
60a07bfb-4531-4aae-909f-7d826deef700,CUST000305,Sports & Outdoors,5,1693.04,8465.2,wallet,2026-05-24T11:55:19.925201
e5ece8c3-1370-4369-bf29-3353efa0ea38,CUST000719,Books,1,1294.89,1294.89,debit_card,2026-07-26T22:27:12.728906
a69ab8bc-aee2-46fe-8b9c-314b871ea94a,CUST000053,Sports & Outdoors,4,1862.47,7449.88,upi,2026-04-28T18:43:42.727079
48fc5972-5fa2-4c96-bee8-29d8494321c4,CUST000245,Sports & Outdoors,5,1554.95,7774.75,credit_card,2026-03-01T08:02:23.203772
945183de-98e9-4c5e-bdf6-0cfae4de557b,CUST000274,Toys,3,1457.73,4373.19,credit_card,2026-06-14T15:50:22.039135
4217c5b4-b0b5-4e14-9173-cf3caa59eb9c,CUST000764,Fashion,1,557.32,557.32,wallet,2026-08-06T19:29:43.785640
9b1b03b3-5bcf-426b-8586-7e17ea03d48e,CUST000264,Groceries,3,1665.3,4995.9,cash_on_delivery,2026-04-23T09:53:15.571462
c67b8169-8cd1-4bbe-ac2c-a18c793247d4,CUST000068,Sports & Outdoors,1,1319.95,1319.95,wallet,2026-03-23T14:20:00.701450
45889e26-2de5-4c8f-ab87-683017f0eb83,CUST000598,Fashion,1,897.43,897.43,cash_on_delivery,2026-05-06T15:08:30.050836
56015e38-0650-438c-a5b0-592f29f833fd,CUST000423,Groceries,4,1109.44,4437.76,wallet,2026-03-23T17:37:20.239847
0cfcd96d-2bc1-402a-9978-466675f8344b,CUST000322,Toys,3,1240.72,3722.16,credit_card,2026-07-10T00:08:51.579962
c8db7388-cee6-4636-974c-b861e3721c16,CUST000029,Home & Kitchen,4,1530.61,6122.44,credit_card,2026-05-25T05:47:51.609887
260a4bc6-9889-4a61-83f6-34e0c65370f4,CUST000285,Home & Kitchen,5,1156.81,5784.05,debit_card,2026-05-07T22:28:07.789402
eb1ca2ca-85e4-4ae1-af92-24669b4a7378,CUST000705,Fashion,3,1764.88,5294.64,debit_card,2026-07-23T03:16:45.898678
61572477-dc22-4a80-83b3-046bc77ca350,CUST000414,Home & Kitchen,4,30.4,121.6,cash_on_delivery,2026-03-14T06:10:24.104328
ce4aaf13-a8ce-4236-87dc-5beeba6f8a88,CUST000331,Electronics,5,48.72,243.6,debit_card,2026-02-18T00:32:12.300560
f7cfd2cd-f07d-405a-b8f2-6ca98cd72613,CUST000199,Fashion,1,1348.3,1348.3,credit_card,2026-08-08T22:06:15.153512
455656f5-d996-42ab-afbb-8bf488a2df37,CUST000728,Fashion,5,360.53,1802.65,credit_card,2026-03-15T01:31:26.116173
b7cf69a8-5b62-4673-b060-953766069b1a,CUST000081,Sports & Outdoors,3,377.27,1131.81,cash_on_delivery,2026-06-06T09:10:31.897341
0c284d0e-f365-4d14-882b-5e147bff1559,CUST000791,Sports & Outdoors,4,1796.55,7186.2,wallet,2026-05-20T09:09:26.466583
50a49b27-1127-4350-b5b1-049c29d027d3,CUST000432,Toys,1,939.78,939.78,upi,2026-03-31T07:42:57.345807
8da5b604-cbc4-47b1-a7b5-862b08875b61,CUST000006,Sports & Outdoors,5,1577.47,7887.35,wallet,2026-05-15T16:40:36.100891
1823b42f-5b5f-4404-8338-669c2e4478a3,CUST000479,Home & Kitchen,1,1891.26,1891.26,cash_on_delivery,2026-03-20T12:03:47.835751
61b267fc-a4cb-4562-ac73-02f854cf53f1,CUST000563,Sports & Outdoors,5,221.91,1109.55,debit_card,2026-03-22T00:25:24.857819
546c621f-ad6b-4656-bdf0-f1d9f6a8c11a,CUST000072,Books,1,1770.57,1770.57,cash_on_delivery,2026-02-14T07:00:18.300629
d805106c-2fe1-45e5-bf31-210f2ef8617b,CUST000083,Toys,3,928.07,2784.21,credit_card,2026-04-25T08:50:46.640209
63232916-f030-4a34-b3e6-52c95f844b66,CUST000696,Sports & Outdoors,5,387.07,1935.35,upi,2026-04-17T07:00:50.470943
182dd8d1-241a-4e7c-8b1f-079bbec02113,CUST000453,Fashion,2,266.9,533.8,credit_card,2026-03-26T03:37:05.275500
9ddeb229-839e-4e90-82b0-b4827ae52cd9,CUST000385,Books,1,733.77,733.77,wallet,2026-05-23T06:43:54.750655
82b9c472-9ffc-4c9b-94bb-be1142a8207d,CUST000581,Sports & Outdoors,2,1719.42,3438.84,debit_card,2026-05-11T23:29:15.561259
a0c6f697-d523-42df-9428-ea248dcb2c99,CUST000306,,5,1130.1,5650.5,cash_on_delivery,2026-04-17T19:51:33.601465
b4b6a7dd-671b-4f8e-a435-f1e4421a1b03,CUST000045,Beauty & Personal Care,5,738.45,3692.25,wallet,2026-04-06T06:31:36.609456
2c5290b5-370f-4827-877f-3487daab9066,CUST000195,Home & Kitchen,4,605.33,2421.32,debit_card,2026-03-07T23:29:32.377787
0e913f6a-cec8-4453-8772-44b98371bbe8,CUST000120,Fashion,4,219.81,879.24,debit_card,2026-06-25T09:32:38.792304
8c0c3b49-72ad-4197-af33-feb781389390,CUST000258,Fashion,1,171.76,171.76,upi,2026-06-24T15:31:18.075052
0dcad473-a8b2-400a-ae10-d5f3c473c00a,CUST000135,Fashion,1,1204.28,1204.28,debit_card,2026-06-12T10:23:16.102605
c20b07e5-9350-4f87-892a-dd68a52fe5a5,CUST000052,Fashion,4,291.2,1164.8,wallet,2026-05-29T15:58:43.142352
ad2c00ad-7128-4498-a48d-0d31bda7cddd,CUST000591,Electronics,5,951.76,4758.8,wallet,2026-06-18T01:27:21.896346
0614530d-6d82-4402-b73b-8b60ac1792ea,CUST000076,Fashion,4,1135.97,4543.88,credit_card,2026-05-06T22:11:48.972015
7f6e298d-f971-4c3c-a1b6-5f98ab11c729,CUST000281,Beauty & Personal Care,1,33.34,33.34,wallet,2026-07-09T00:18:28.054655
aba8157c-2669-4888-ab61-6f46605841d6,CUST000715,Beauty & Personal Care,3,943.02,2829.06,cash_on_delivery,2026-06-21T15:43:13.998776
a7bec505-d3a4-4418-a644-e216c891d712,CUST000266,Fashion,4,1920.81,7683.24,debit_card,2026-07-10T10:42:37.656527
3e67e88a-dbce-4da4-9180-b0d8d5e3d62a,,Fashion,4,1282.38,5129.52,credit_card,2026-08-05T21:42:55.097026
89f1ce2a-66d7-440f-acb1-211e5e0ac352,CUST000015,Fashion,2,687.93,1375.86,wallet,2026-03-25T16:53:28.762483
57f7c786-7961-4d99-ba97-fd166affd2b6,CUST000034,Groceries,4,393.83,1575.32,upi,2026-06-09T17:38:35.435903
fd656e6c-0286-4bd3-89c8-7f3401954b07,CUST000161,Beauty & Personal Care,5,1547.79,7738.95,credit_card,2026-03-04T19:55:48.730074
1001c5ab-bdf2-42d2-a507-d8e880a6d673,CUST000146,Electronics,1,1585.84,1585.84,credit_card,2026-06-26T22:31:45.493488
24d50564-a78a-4ae0-9cf7-4bf8be4af33b,CUST000377,Beauty & Personal Care,2,1896.24,3792.48,upi,2026-03-16T22:47:20.487257
dd463f54-cd9d-4413-9b8c-4c6315871239,CUST000557,Fashion,3,749.67,2249.01,wallet,2026-06-08T16:19:05.344661
5dc6c6f4-11a4-4c16-83b4-c708cadc37c9,CUST000516,Beauty & Personal Care,2,1391.81,2783.62,wallet,2026-06-15T02:40:41.932140
aa639d42-5510-4dd6-aa9f-f1b7f01d2ddf,CUST000204,Home & Kitchen,2,56.34,112.68,upi,2026-07-17T18:06:13.422799
382fc694-2756-4176-912a-a2dfc208181d,CUST000511,Sports & Outdoors,1,1866.1,1866.1,credit_card,2026-05-24T14:18:20.433343
57033812-2835-4d16-9cfa-d3295a0237d0,CUST000549,Beauty & Personal Care,5,1877.28,9386.4,cash_on_delivery,2026-02-10T22:23:01.567797
12104708-bbd9-4c1a-9520-1f782459261d,CUST000331,Home & Kitchen,1,1792.43,1792.43,debit_card,2026-05-03T05:34:32.758428
6f150160-d21d-446c-bafa-270763b46665,CUST000506,Groceries,2,1667.33,3334.66,debit_card,2026-04-11T10:59:15.003024
9b01acd9-3724-4d11-8e4c-712817560d80,CUST000660,Toys,1,1333.41,1333.41,cash_on_delivery,2026-03-11T17:14:52.252324
9a986bbc-4b66-4099-9475-127d55f81500,CUST000407,Toys,4,44.75,179.0,upi,2026-03-25T03:07:50.972384
36c567e4-8feb-416c-8e8b-21ceb9fb2ddf,CUST000610,Toys,5,1736.67,8683.35,cash_on_delivery,2026-05-04T00:38:28.560786
da45f359-e26a-494b-ba7a-ac98e35f4909,CUST000042,Electronics,5,1248.45,6242.25,cash_on_delivery,2026-03-31T15:20:17.957849
8caf4018-fe76-4a25-90e4-36c2970501f1,CUST000472,Fashion,1,198.31,198.31,cash_on_delivery,2026-04-21T12:27:50.392703
d924ba92-1755-4b1b-bc5a-7d0c01898ff8,CUST000420,Fashion,2,1998.13,3996.26,debit_card,2026-05-10T01:26:45.282875
7cb0f65b-0151-4882-a62a-12a8ee5a091e,CUST000535,Electronics,5,737.73,3688.65,debit_card,2026-08-02T15:42:35.694232
160291a1-e4d1-4522-88ee-fefc4ef870e6,CUST000039,Groceries,4,58.16,232.64,wallet,2026-06-19T00:30:08.850955
9b460567-a31a-4fa3-ad9f-006d26d70a65,CUST000284,Electronics,5,336.87,1684.35,credit_card,2026-07-19T18:56:00.805217
7bff066e-be1b-4f95-bc2e-0aa8187e5f99,CUST000043,Toys,3,1259.74,3779.22,credit_card,2026-06-21T02:38:08.992176
aca5ce0a-4766-4ffa-8f68-031d096315ee,CUST000566,Electronics,5,1523.3,7616.5,upi,2026-05-01T07:32:13.622013
7290fa2d-c1b3-4ea4-99ee-e2b13a667173,CUST000670,Toys,4,1146.19,4584.76,credit_card,2026-05-01T03:55:19.781305
5efa4a2f-26c4-41b3-9908-4c88eef4dcf6,CUST000400,Toys,5,219.54,1097.7,upi,2026-04-13T15:05:51.583115
80dce6b3-1fcf-4553-94b2-8826328cec96,CUST000034,Beauty & Personal Care,4,559.54,2238.16,upi,2026-06-16T21:46:24.136155
7f721750-6a37-490b-8a3b-3759929901a7,CUST000251,Toys,5,173.87,869.35,wallet,2026-03-07T11:23:25.873127
48c04051-ed0f-439f-a4d4-e102910b3cc5,CUST000422,Books,2,1116.79,2233.58,cash_on_delivery,2026-03-01T05:51:30.661827
aa4febca-113f-4a76-ae7f-5bd2b27ec84b,CUST000613,Groceries,4,1692.58,6770.32,upi,2026-03-16T11:08:02.777251
9acf2cf1-332c-487a-9814-a72af84a166d,CUST000508,Home & Kitchen,5,1681.56,8407.8,debit_card,2026-05-24T20:51:11.737261
b1befbe8-53d9-4feb-ab8a-d842b146083d,CUST000192,Fashion,1,80.13,80.13,upi,2026-03-26T12:36:15.315556
51883c65-7d36-4ce6-a89b-9c9d121fd9a8,CUST000354,Books,5,1891.9,9459.5,credit_card,2026-04-22T12:11:27.937952
0711c9de-df70-478d-9faf-c65e9823fe62,CUST000233,Books,3,1842.67,5528.01,cash_on_delivery,2026-03-20T09:44:08.845627
b8909983-da12-4d7b-a043-e700507862d3,CUST000224,Fashion,3,224.1,672.3,wallet,2026-04-09T11:48:59.182515
2e09cd12-7777-4510-9520-30748dbd7ebc,CUST000597,Beauty & Personal Care,1,1594.53,1594.53,wallet,2026-06-20T02:44:49.385827
36a99472-70c5-4475-802d-7a0db73ce675,CUST000282,Groceries,4,1414.06,5656.24,upi,2026-03-14T22:42:15.185498
f14f5102-ace6-4813-a9ef-109e2814a18b,CUST000048,Fashion,5,1133.02,5665.1,credit_card,2026-04-28T15:35:58.249045
b908e468-cb06-4309-9cb8-4612763a3b3f,CUST000091,Electronics,2,1705.43,3410.86,cash_on_delivery,2026-07-15T15:18:20.235461
f356fbc8-43cc-4721-9c87-9f88185554ef,CUST000410,Groceries,2,421.93,843.86,wallet,2026-08-09T01:10:35.635743
ee25bbc9-cba1-4a37-92b8-d284296a8148,CUST000037,Beauty & Personal Care,5,264.45,1322.25,cash_on_delivery,2026-04-09T12:02:02.554674
b91628da-e2d0-456f-b7f2-e191ff02ae61,CUST000721,,3,421.18,1263.54,upi,2026-07-04T02:14:52.820076
098d864e-e8f2-4961-8f4b-3042f3accec6,CUST000142,Home & Kitchen,3,1569.01,4707.03,upi,2026-05-29T23:53:28.043194
3672d19c-7ed9-4041-b4fa-1f69a78cadf6,CUST000305,Electronics,5,57.52,287.6,upi,2026-04-20T06:42:45.170589
ccfc9ed7-a93d-4805-bce5-2e33c568f703,CUST000700,Books,3,1902.41,5707.23,cash_on_delivery,2026-06-12T00:15:59.657912
097033c4-6ba7-451a-ac5b-42d4f17151ae,CUST000621,Groceries,5,654.93,3274.65,upi,2026-06-05T18:45:20.773948
78ec4ec6-08b7-44a0-9562-b5a1b858ced6,CUST000241,Groceries,2,494.82,989.64,credit_card,2026-02-28T11:04:56.338346
209c315e-1482-46d0-b505-477b1f8f1b00,CUST000569,Toys,N/A,132.54,662.7,wallet,2026-05-22T22:22:39.120231
8d2c9222-2cc0-48f9-a1b3-8b99c10e72db,CUST000482,Home & Kitchen,2,1098.25,2196.5,debit_card,2026-05-18T03:12:13.092542
f79ca15c-201b-4da3-8f52-6b860edfd2eb,CUST000336,Fashion,5,1341.88,6709.4,credit_card,2026-02-14T01:23:29.323734
102ccb93-956c-4643-9880-f4fac046da5f,CUST000205,Electronics,2,1501.08,3002.16,upi,2026-05-26T21:28:03.681526
071c685e-21cd-4daf-8519-67946e72c3e9,CUST000635,Books,2,245.33,490.66,credit_card,2026-05-05T12:57:35.914128
1cb1092e-d5d2-4139-ac79-0b4a74303f73,CUST000210,Books,2,1516.26,3032.52,cash_on_delivery,2026-02-22T00:08:56.531828
71c43b98-2294-492e-a233-8b49a542d223,CUST000486,Fashion,5,1525.09,7625.45,cash_on_delivery,2026-03-25T17:32:56.661037
9bc84d9e-8524-490c-9521-e753ea570491,CUST000259,Toys,1,64.22,64.22,wallet,2026-04-01T10:25:46.995004
50858e3d-bc5b-45ab-95a3-bea7cad1257f,CUST000681,Fashion,3,1213.06,3639.18,upi,2026-07-21T00:41:49.363521
e07afb2d-fe5f-4cee-988f-570027ec2033,CUST000307,Electronics,2,1941.68,3883.36,wallet,2026-04-27T03:16:02.127206
1ba956d5-f803-481d-913f-4047c7fe6f22,CUST000712,Toys,2,262.13,524.26,credit_card,2026-04-01T00:08:07.143159
329365a3-ac0b-4675-9aa7-2f4bcac0df22,CUST000143,Sports & Outdoors,2,830.9,1661.8,upi,2026-02-11T13:22:26.785476
10612ed6-28af-47bd-9b29-d42e0dd4f97b,CUST000651,Home & Kitchen,3,1644.22,4932.66,cash_on_delivery,2026-04-22T12:11:57.750499
ee47c665-10b0-4c79-843b-5d0462d467b1,CUST000645,Electronics,1,1095.68,1095.68,cash_on_delivery,2026-03-15T21:24:50.182325
2df18139-24c0-4ca8-88c1-63f9c28a0db9,CUST000481,Beauty & Personal Care,3,906.7,2720.1,credit_card,2026-03-16T07:49:37.462012
0ca04410-9eaf-4d2e-b7a4-e622c5453b93,CUST000198,Home & Kitchen,2,1526.89,3053.78,upi,2026-06-26T03:51:12.184749
76d68f40-7b4c-4d4d-b256-2c83a044a31d,CUST000236,Sports & Outdoors,2,1670.43,3340.86,cash_on_delivery,2026-06-02T00:50:12.974027
eebf637a-ee2f-405d-85dd-1ecd541c4187,CUST000798,Sports & Outdoors,4,1503.96,6015.84,upi,2026-05-25T07:37:35.124490
421064fd-e694-446d-abcd-a8e3490d539c,CUST000513,Beauty & Personal Care,3,1624.73,4874.19,cash_on_delivery,2026-05-12T04:12:31.733481
0e80e074-aeef-4386-a408-22ef756817af,CUST000132,Home & Kitchen,5,665.98,3329.9,credit_card,2026-07-01T02:16:07.127188
a064b07a-2778-4583-a1a8-d303899944e0,CUST000117,Toys,5,113.53,567.65,debit_card,2026-06-26T12:36:50.070364
4d911c51-033b-469d-b99a-f678cd17da16,CUST000180,Groceries,5,609.69,3048.45,cash_on_delivery,2026-05-11T13:50:50.318666
b92d5088-b625-458a-aa99-e525e2c8a1ef,CUST000018,Electronics,4,131.42,525.68,debit_card,2026-05-25T19:59:45.910327
5957144c-3f1a-42df-9411-a2145ad146e8,CUST000341,,2,789.83,1579.66,credit_card,2026-05-18T05:01:26.976673
b7a92aae-b65a-4a74-bcfe-284b73e7a3ea,CUST000169,Books,3,509.48,1528.44,wallet,2026-02-15T11:13:39.274742
8732ec8c-70a6-416f-a918-cb9077847469,CUST000116,Toys,5,678.37,3391.85,wallet,2026-07-29T01:13:12.954527
96f72ff5-82eb-4364-8e62-9d501a6b9e95,CUST000410,Electronics,2,441.72,883.44,wallet,2026-07-25T20:46:30.036501
efc6fc08-c002-406c-b994-7e5885973976,CUST000618,Electronics,3,164.96,494.88,credit_card,2026-06-03T12:57:39.940811
3d101764-9fdf-4fd5-a404-c09c3f393e53,CUST000028,Sports & Outdoors,5,1895.38,9476.9,debit_card,2026-05-22T04:28:08.748808
4693bb98-5d3b-4328-9cfe-c3482ff2d10b,CUST000056,Beauty & Personal Care,1,855.81,855.81,credit_card,2026-03-12T11:27:43.283239
62c8c833-7f6a-4984-b320-3021556c88cd,CUST000328,Groceries,3,103.84,311.52,wallet,2026-04-29T09:11:49.435351
6f03820c-47d5-43bc-ae9e-618b14531398,CUST000238,Home & Kitchen,3,1224.37,3673.11,cash_on_delivery,2026-04-20T23:20:48.088091
b9ebdd68-e93c-4648-b83d-7e71cf2dd487,CUST000130,Home & Kitchen,2,1345.14,2690.28,wallet,2026-04-30T21:30:29.859590
ae67e5f2-7662-44b8-bcc4-339a05d17678,CUST000038,Beauty & Personal Care,5,1294.94,6474.7,cash_on_delivery,2026-05-15T12:08:11.911031
f1590827-74b4-4f6c-ae8c-47ee716329a0,CUST000683,Sports & Outdoors,5,469.18,2345.9,credit_card,2026-02-24T00:17:02.148908
8a3fd545-d48c-476d-9370-2e3f2f585681,CUST000669,Groceries,5,769.45,3847.25,cash_on_delivery,2026-05-02T14:29:13.977196
2d44e919-a41a-4671-a827-3fd29ca6f483,CUST000452,Groceries,2,1480.77,2961.54,debit_card,2026-02-15T14:11:26.705966
7516bd57-f8ba-465c-96c3-21711b19d1a0,CUST000505,Books,5,56.22,281.1,cash_on_delivery,2026-07-08T21:07:41.459901
6e4c2007-de76-4c4d-82c8-aa9eafa88079,CUST000789,Electronics,3,1264.92,3794.76,wallet,2026-02-27T23:25:39.437617
9adb1406-ad5c-4098-9504-b8017d1c6c78,CUST000111,Books,2,1987.5,3975.0,upi,2026-03-15T01:26:49.234078
f535792f-57fc-481b-aa51-425efb42d8fa,CUST000536,Beauty & Personal Care,1,411.66,411.66,upi,2026-03-07T08:51:04.960073
ff1f59a2-e4f5-455e-8d75-2c8c45ca7e70,CUST000470,Sports & Outdoors,5,798.78,3993.9,credit_card,2026-03-03T19:24:15.812870
05aadd47-dfc6-476a-92f2-02c8258394cd,CUST000559,Groceries,2,1553.41,3106.82,upi,2026-04-23T22:14:06.651556
34c5e829-53ba-4229-a050-ab2d96486957,CUST000503,Books,4,273.3,1093.2,cash_on_delivery,2026-07-06T21:59:44.368684
469f80a4-c40d-4933-b90c-2fdaceb03435,CUST000102,Fashion,5,1398.47,6992.35,credit_card,2026-06-16T06:55:26.182568
58d6c1b0-b034-4593-a6fd-f5bebffb6b96,CUST000099,Beauty & Personal Care,2,1966.89,3933.78,wallet,2026-03-21T13:58:55.971946
baa9b23f-6849-45b3-92dc-9ec382cd9139,CUST000285,Toys,4,1533.15,6132.6,credit_card,2026-07-22T07:57:51.080045
fba48dd0-571e-4d84-8668-b2a1f51af684,CUST000146,Toys,1,74.42,74.42,debit_card,2026-02-20T04:03:08.300315
162819c6-f446-4143-afea-169515e65f9d,CUST000148,Beauty & Personal Care,3,670.78,2012.34,upi,2026-03-26T15:58:08.052458
f8de95fc-de9a-4deb-a15f-fccad8afb2c0,CUST000793,Toys,4,1779.82,7119.28,wallet,2026-06-12T22:50:09.917348
ae64ad83-00d2-430d-853a-5c2b6c66dc52,CUST000038,Books,N/A,1861.72,7446.88,wallet,2026-07-11T01:03:53.704672
b3f20712-f7c6-4eb0-bd62-2318885e267d,CUST000242,Fashion,4,1268.45,5073.8,cash_on_delivery,2026-07-04T07:00:38.257999
c844bb58-d328-4afa-b7e4-6ee39cac9d9a,CUST000096,Fashion,2,650.73,1301.46,upi,2026-05-09T00:47:58.446591
82d4381c-5a31-4149-9397-ae4b72dcff97,CUST000584,Electronics,5,654.24,3271.2,credit_card,2026-06-14T00:42:12.945987
fb55cd9c-9c9a-4545-9b47-5f24331a2d79,CUST000499,Groceries,5,636.9,3184.5,upi,2026-06-15T23:44:27.995284
dd6a3860-669b-413a-806f-3766403f5ddc,CUST000047,Groceries,3,1709.6,5128.8,debit_card,2026-08-04T20:05:29.237765
26ea6138-281d-4ece-801f-b14d456f5567,CUST000391,Electronics,1,267.17,267.17,wallet,2026-02-13T17:33:45.182999
521402eb-eeee-4307-9364-92af04858dc5,CUST000464,Electronics,4,337.71,1350.84,upi,2026-06-07T06:32:01.034341
3c72ded7-5cb6-4970-a2dd-1771970cebf0,CUST000230,Sports & Outdoors,3,865.87,2597.61,debit_card,2026-04-19T07:28:00.712975
7f45e2f0-dc77-40c0-801b-c2042fdd894e,CUST000036,Home & Kitchen,3,1538.18,4614.54,upi,2026-02-13T14:16:42.696425
d193a026-a8fd-444c-a791-be1a819cb4d1,CUST000194,Fashion,3,1089.52,3268.56,cash_on_delivery,2026-04-09T16:00:44.617284
384f9c3d-70d3-42ba-bb6d-8636ebb8db94,CUST000730,Home & Kitchen,2,1508.25,3016.5,credit_card,2026-07-20T21:42:30.571864
4e5454c9-457c-4fc9-a662-58a1401072ad,CUST000566,Beauty & Personal Care,5,151.7,-758.5,cash_on_delivery,2026-03-04T17:01:13.463907
9aff9ba0-a616-4409-9cc2-03246fd9202a,CUST000110,Toys,3,877.16,2631.48,credit_card,2026-04-08T13:14:11.721675
94cc949d-ac54-41e8-aa64-d8be8a4d1a24,CUST000663,Home & Kitchen,2,802.42,1604.84,debit_card,2026-05-18T07:40:54.922534
1292cca0-fffe-4573-83a2-b222f3745798,CUST000630,Home & Kitchen,3,1664.45,4993.35,debit_card,2026-04-08T04:52:41.049832
d1b8349f-b4f0-4a35-b4de-8283471bff46,CUST000325,Home & Kitchen,2,990.51,1981.02,debit_card,2026-04-03T16:49:46.997108
81fc61c3-340b-46c6-b2c5-7baa9faa8850,CUST000175,Home & Kitchen,2,1351.4,2702.8,credit_card,2026-06-29T10:29:25.116039
6fc0abe7-662f-4e8f-b3d0-7b923c4fdc01,CUST000136,Groceries,2,839.66,1679.32,cash_on_delivery,2026-05-22T02:59:55.625216
b3127eed-8e88-4827-9d48-5938f44a0818,CUST000479,Fashion,5,138.21,691.05,debit_card,2026-04-13T03:07:32.525362
f1ec248e-1e0a-4a60-a089-fb272b8180e2,CUST000050,Electronics,1,375.95,375.95,upi,2026-02-20T01:16:25.655981
519a6c4b-a509-4de3-8454-dcc3706e4cb6,CUST000500,Fashion,1,850.49,850.49,wallet,2026-07-26T18:50:32.839119
fd0ddb98-6f38-4d3e-9455-541c53c926c4,CUST000183,Beauty & Personal Care,5,492.32,2461.6,debit_card,2026-06-01T02:57:52.300529
64c298f9-694a-4e61-8da7-aae3947c646c,CUST000363,Electronics,3,639.0,1917.0,debit_card,2026-06-17T15:41:23.148126
506fdf9f-4b5b-4453-a49e-49bb8f53a738,CUST000711,Home & Kitchen,4,154.91,619.64,credit_card,2026-02-20T23:54:07.736213
c2fb8469-f2ff-43e1-94c0-bbd6e6c31ac7,CUST000739,,5,819.64,4098.2,upi,2026-04-21T12:45:09.723903
054322ae-947d-4397-b3de-01a3ed8a0a48,CUST000636,Books,3,1983.45,5950.35,upi,2026-05-26T15:40:00.732396
00955617-2144-4f85-864b-e3ca2c3d1a93,CUST000541,Home & Kitchen,5,1393.68,6968.4,cash_on_delivery,2026-04-09T06:04:58.833360
10f5d15a-3516-4023-8395-cea2441f9130,CUST000181,Beauty & Personal Care,1,1419.74,1419.74,credit_card,2026-03-02T10:52:54.985465
de47a47f-03c3-4096-969f-cb6b13680cf7,CUST000210,Fashion,3,1572.53,4717.59,upi,2026-04-16T07:20:35.391738
53d8f1cd-9278-46f9-97db-38031980ce6a,CUST000049,Beauty & Personal Care,1,586.87,586.87,wallet,2026-03-13T23:00:35.643015
56a49291-9216-4c7d-8979-89190ea2ace3,CUST000328,Home & Kitchen,3,923.13,2769.39,debit_card,2026-07-05T13:07:42.591561
e7af0c21-aed7-4c9a-8998-9d5265c84d1e,CUST000431,Home & Kitchen,1,1748.32,1748.32,debit_card,2026-05-04T18:37:28.845220
02552150-d27f-45bd-b723-cb44c8dc66b5,CUST000674,Books,4,1049.1,4196.4,cash_on_delivery,2026-04-26T18:04:26.117278
9a3baafb-5a34-4bd3-824f-a1b1aca39b22,CUST000472,Fashion,3,19.61,58.83,credit_card,2026-06-14T20:14:39.868958
45d21855-e16c-4aa4-9f96-43eba165089c,CUST000728,Beauty & Personal Care,2,190.59,381.18,wallet,2026-05-05T19:16:36.711051
a026e9b5-448d-48eb-afab-f61b6cf4ed55,CUST000653,Books,1,1869.6,1869.6,wallet,2026-04-01T16:40:23.625407
79050e33-48dd-4a63-9018-4a747d8e7a23,CUST000783,Books,3,848.99,2546.97,credit_card,2026-06-01T14:52:54.766565
70c91604-c993-46f7-aa3f-fec089e69ff9,CUST000175,Toys,2,815.26,1630.52,credit_card,2026-06-12T19:37:53.656301
7feeefc5-2138-48b3-80b9-63deecfa360e,CUST000561,Groceries,4,1428.6,5714.4,debit_card,2026-07-03T15:53:37.119668
ff7febc7-ad58-470e-ad74-919b2199287d,CUST000645,Fashion,3,92.47,277.41,wallet,2026-05-17T23:19:52.866768
d7154b6a-8700-46ab-888b-16df014fb43d,CUST000689,Home & Kitchen,5,1071.99,5359.95,credit_card,2026-07-30T02:10:53.220496
d0a01e62-abfe-4a5a-93fc-5b52aad6b2b6,CUST000001,Toys,4,1747.07,6988.28,credit_card,2026-06-24T03:24:18.601679
feba1b0c-a9ce-4461-9a76-e143fab9d7b9,CUST000632,Electronics,5,998.59,4992.95,upi,2026-03-09T01:34:06.819693
1f46870b-fab1-4d94-b1ad-e5cfdbe241af,CUST000012,Home & Kitchen,2,1187.81,2375.62,wallet,2026-07-01T23:42:24.243253
0ba6679f-38df-4e51-a29f-e1549ac1a411,CUST000322,Fashion,1,857.67,857.67,upi,2026-05-24T18:53:46.814600
0287bcb0-9c8b-4f8c-a635-07247627842f,CUST000649,Books,2,1659.88,3319.76,debit_card,2026-07-17T13:55:23.261851
a5ecf4ab-b619-4e62-b953-63838b3972ba,CUST000260,Fashion,3,1480.72,4442.16,cash_on_delivery,2026-07-26T05:28:55.253089
e2035848-5f06-40c5-9087-51965769c032,CUST000085,Home & Kitchen,5,790.33,3951.65,debit_card,2026-06-03T18:55:16.901343
c2867794-883d-4339-a8fc-663fedc99956,CUST000771,Beauty & Personal Care,3,333.24,999.72,cash_on_delivery,2026-05-30T16:08:43.467944
18c6493e-ce57-425a-827c-135e22b83d51,CUST000479,Beauty & Personal Care,1,389.66,389.66,upi,2026-06-06T11:30:45.423185
1710c0d9-5697-41a5-9df9-7cbfd188e5d7,CUST000222,Toys,3,421.73,1265.19,upi,2026-03-12T18:32:27.495169
f25c8f46-e2ef-43b9-b2b0-f0f7a96a6094,CUST000689,Home & Kitchen,2,415.14,830.28,cash_on_delivery,2026-03-09T09:47:49.276325
8ae6c998-a446-4a3c-950e-6f6655b69473,CUST000181,Fashion,5,1839.49,9197.45,upi,2026-02-26T13:30:40.148874
e5081e5e-05f8-46d2-951a-c2f7ceb94736,CUST000181,Books,4,1758.73,7034.92,credit_card,2026-03-09T12:43:48.161082
9c6ee325-a991-4e81-baa8-4a82ac764ba8,CUST000212,Sports & Outdoors,4,109.46,437.84,credit_card,2026-05-06T05:04:16.574761
db2c15b7-528c-4cfe-a8cf-3fc02eba9f4c,CUST000343,Sports & Outdoors,4,1607.28,6429.12,cash_on_delivery,2026-02-23T04:02:12.734785
23544518-8459-4393-a56e-10ef04062f50,CUST000798,Books,4,709.49,2837.96,cash_on_delivery,2026-04-20T01:06:35.630862
18554fc2-5f20-4ecf-b865-720eed0646cf,CUST000222,Electronics,2,658.44,1316.88,credit_card,2026-07-16T09:50:12.673087
1b565c22-c116-4a5a-91ee-15c40339017b,CUST000580,Groceries,2,1483.28,2966.56,credit_card,2026-06-08T18:00:22.108678
ddd8ceee-1409-4189-8185-37c5ae5c1147,CUST000191,Sports & Outdoors,3,1335.09,4005.27,wallet,2026-06-29T06:47:42.689411
ce5dfd64-431a-4d4d-a241-bc73f77511f4,CUST000154,Electronics,1,1865.13,1865.13,debit_card,2026-06-20T13:54:37.325042
78ea12e4-b4ce-4244-ad3a-c637e16c8947,CUST000759,Books,3,1513.68,4541.04,upi,2026-06-15T13:05:09.816170
7b95209e-ab1e-4422-bc77-379e12e3b3cc,CUST000296,Home & Kitchen,5,1275.6,6378.0,cash_on_delivery,2026-05-18T04:34:51.861272
92ed51cd-c419-4169-bd6d-4b3388086294,CUST000475,Books,5,615.81,3079.05,cash_on_delivery,2026-05-04T18:02:48.909919
e9aef84d-7287-4e2b-b622-6be1256f6b82,CUST000634,Home & Kitchen,N/A,118.48,592.4,debit_card,2026-07-28T13:09:56.357055
69496575-5c6f-407e-9e34-21a21c9a9f59,CUST000665,Toys,1,1906.32,1906.32,cash_on_delivery,2026-06-02T21:07:19.024804
6585a0db-32e5-4466-b674-a7f0bde0877e,CUST000329,Sports & Outdoors,1,402.23,402.23,credit_card,2026-06-05T22:30:47.787562
6636dc84-0778-4956-8900-531371f24218,CUST000005,Electronics,1,523.08,523.08,credit_card,2026-04-10T07:13:39.716987
4a12af69-d2cf-49f1-b296-34ecfe54b9fe,CUST000138,Books,4,948.26,3793.04,debit_card,2026-03-21T18:19:08.835055
86f1b72c-7e4d-4895-a0dc-fb19cbb2489c,CUST000708,Groceries,5,1326.32,6631.6,cash_on_delivery,2026-07-26T05:11:59.114359
536e731d-201d-4c15-85f1-ce6e7e2718fa,CUST000165,Beauty & Personal Care,4,1453.79,5815.16,upi,2026-06-20T14:07:53.743544
c353627a-c4f7-4553-be92-dab1883115ac,CUST000786,Sports & Outdoors,1,640.03,640.03,debit_card,2026-05-18T02:15:45.906828
34c81c6f-05ee-434e-98e6-1823656d2d23,CUST000459,Books,5,821.04,4105.2,cash_on_delivery,2026-05-28T02:22:06.116138
62a00db3-d161-4088-b038-bb76f1e44214,CUST000562,Beauty & Personal Care,5,1453.65,7268.25,wallet,2026-05-04T16:32:12.331988
6a6f62c1-769e-4d11-94a6-f0198ce32cfd,CUST000279,Books,1,1258.41,1258.41,cash_on_delivery,2026-02-24T14:40:49.861182
5cf69f12-f187-480b-ac37-0880cc49e1be,CUST000476,Toys,2,1779.26,3558.52,upi,2026-07-11T04:42:31.289096
b03d50e4-d158-4ecf-ae78-ca85e1ff0eef,CUST000485,Electronics,5,561.41,2807.05,cash_on_delivery,2026-04-20T15:47:02.320536
358b59e8-a361-4dcc-8566-89bef11af689,CUST000058,Sports & Outdoors,2,1561.44,3122.88,upi,2026-04-25T21:09:46.406336
cbcf8155-9a0f-4016-ad7c-1f6b538ff847,CUST000170,Beauty & Personal Care,4,1424.14,5696.56,wallet,2026-06-04T20:03:06.678664
83bbda7a-5a48-4010-a7a3-ede490bb668d,CUST000756,Home & Kitchen,5,1961.51,9807.55,credit_card,2026-07-22T00:03:18.510776
5ae458c7-2fd5-4cd8-b26c-12a3ca5b718a,CUST000118,Beauty & Personal Care,1,458.66,458.66,wallet,2026-07-31T15:22:29.014708
79f6e89c-43f1-491e-adef-b77ed27832f0,CUST000575,Sports & Outdoors,2,1399.76,2799.52,debit_card,2026-02-17T05:27:52.342971
e7ef6768-44a6-4540-ad7b-cd3f0961950e,CUST000464,Books,5,1548.44,7742.2,debit_card,2026-07-31T07:51:00.014557
3e667664-a577-4175-9ee0-3d006e3a4b6f,CUST000046,Home & Kitchen,3,835.42,2506.26,upi,2026-05-23T04:03:12.967432
6f602b9d-9353-4522-bdc7-73bad5790bb9,CUST000075,Groceries,1,1080.31,1080.31,upi,2026-06-24T19:50:44.647774
f30a34c0-c0e0-4312-a36b-1ec557cc0e67,CUST000717,Electronics,2,1846.7,3693.4,cash_on_delivery,2026-07-05T05:06:32.962235
a9308dc2-cf33-457b-b511-59f85e6fd4c9,CUST000099,Groceries,1,413.5,413.5,debit_card,2026-06-22T08:10:52.886727
bacc0607-2d6e-4438-a2fa-3e7e9ddbd0c0,CUST000171,Electronics,4,1852.83,7411.32,debit_card,2026-03-30T17:55:51.648836
992c550e-5c95-45b0-828f-339f6010b273,CUST000514,Electronics,5,1663.62,8318.1,debit_card,2026-04-19T02:08:57.056384
19a97e0b-bd2f-49f6-b447-02cdc36d3959,CUST000006,Books,1,11.82,11.82,cash_on_delivery,2026-03-24T04:11:44.393248
82c4ac76-0f13-4934-8384-fc614ee6dd5f,CUST000755,Groceries,2,258.81,517.62,cash_on_delivery,2026-04-16T06:56:53.161303
59307ae7-0466-46c3-b50a-aa62839cd16b,CUST000234,Toys,4,1315.42,5261.68,credit_card,2026-07-31T07:36:43.498153
ebfc5f66-d96f-4546-935c-6bf848d96b54,CUST000672,Fashion,4,180.15,720.6,wallet,2026-04-29T06:42:42.541330
09132bd4-d483-4071-b19d-1ec5e394629e,CUST000580,Home & Kitchen,5,33.16,165.8,cash_on_delivery,2026-07-21T17:23:01.241816
d70b5ac8-811c-48ef-b8c7-3886cbbb8484,CUST000590,Groceries,1,1166.55,1166.55,debit_card,2026-06-14T13:48:06.476347
8c13138d-6be7-45b9-9529-d6843bd7fa9e,CUST000516,Books,5,45.21,226.05,wallet,2026-05-06T05:57:49.542685
4100b8bc-d79e-44a9-86cc-7a310d688bb4,CUST000178,Books,3,747.36,2242.08,upi,2026-02-26T09:47:47.421151
703cb0fe-ca21-4424-a56b-a69ae017839d,CUST000748,Groceries,3,1397.33,4191.99,wallet,2026-06-26T11:59:33.932122
5e15957c-6191-4975-85d2-3046bc687d4c,CUST000314,Electronics,4,617.94,2471.76,cash_on_delivery,2026-03-14T04:41:13.052185
9d624579-23b0-4c49-af73-65c6f89de576,CUST000778,Toys,2,1865.14,3730.28,wallet,2026-06-11T01:31:16.570151
59273a9e-f45e-401a-96e4-dcf982b1ed83,CUST000535,Home & Kitchen,4,242.84,971.36,cash_on_delivery,2026-05-19T08:15:46.632037
38e2d345-ff18-4fb3-9ab2-38230b11cb24,CUST000011,Beauty & Personal Care,1,423.32,423.32,upi,2026-06-01T17:55:03.581157
4868b3e4-fdfb-43a5-8bfd-9d29872f70a6,CUST000151,Groceries,2,1689.75,3379.5,debit_card,2026-04-03T00:08:42.997411
fd3134b6-4ba1-4c8b-9941-2709e0d6bc94,CUST000132,Groceries,5,1355.31,6776.55,cash_on_delivery,2026-06-01T19:17:42.538351
f545315f-dd3c-4a24-8558-5104b7d14b4f,CUST000016,Electronics,2,595.09,1190.18,debit_card,2026-08-03T03:02:32.633116
5987a037-1389-410a-bffd-d216fba64325,CUST000181,Electronics,3,253.9,761.7,debit_card,2026-02-12T23:43:12.111875
017e4ad2-e548-4902-90ed-57611a301e81,CUST000731,Sports & Outdoors,5,1129.47,5647.35,wallet,2026-03-15T13:13:43.469523
cb942b8e-df5e-474b-a3ea-b065036bf931,CUST000113,Fashion,4,510.4,2041.6,credit_card,2026-03-15T03:55:16.010490
ac4b2c70-bcec-45b7-9852-8bf44543b1e6,CUST000637,Sports & Outdoors,4,899.41,3597.64,credit_card,2026-05-29T22:57:05.408544
f519d543-94cb-4ded-b7b2-63a9b83a481b,CUST000007,Sports & Outdoors,5,1896.66,9483.3,upi,2026-06-27T17:11:01.186204
f18e6ff3-e541-4b70-908c-99734efabaf6,CUST000460,Groceries,1,286.05,286.05,upi,2026-06-01T12:56:24.095407
0aa5ba6d-1569-4188-ad13-f3174fe0d22c,CUST000338,Beauty & Personal Care,5,1933.48,9667.4,cash_on_delivery,2026-05-29T18:25:28.309034
58955cdc-d0eb-4549-aca0-f9746518d712,CUST000492,Fashion,2,1530.36,3060.72,cash_on_delivery,2026-03-08T10:02:29.981350
9bbe23dc-4f83-46d1-8d8e-f56663b16f2f,CUST000106,Electronics,1,64.83,64.83,cash_on_delivery,2026-03-20T13:10:08.122039
d633ddc3-4e55-41cd-9c77-6e1acbdbdf44,CUST000058,Books,5,370.17,1850.85,upi,2026-05-23T23:29:07.228719
bbc7bbf6-3e46-4dbe-a15b-620f86a35e39,CUST000473,Toys,2,425.22,850.44,cash_on_delivery,2026-06-01T16:13:32.582640
5411cd42-907e-4f6f-844d-4957f3a03ade,CUST000433,Home & Kitchen,4,1976.62,7906.48,debit_card,2026-06-30T04:56:02.531175
39f2a16e-3db3-436d-8088-d3ef92f45b0f,CUST000680,Electronics,4,436.94,1747.76,upi,2026-04-02T06:50:43.816827
454fc430-ac40-4922-b940-b9eba1b30dea,CUST000580,Sports & Outdoors,1,751.05,751.05,cash_on_delivery,2026-05-31T06:40:52.066809
23841880-c5b7-4721-a91f-4ef76f7c05a7,CUST000336,Electronics,4,403.43,1613.72,credit_card,2026-08-04T07:19:53.625627
f364a727-29cf-49c7-891d-444575604048,CUST000676,Fashion,3,913.41,2740.23,wallet,2026-05-16T14:24:27.455932
9ad015a8-cd24-4b98-9aa4-3a70cb267d1a,CUST000689,Home & Kitchen,4,287.29,1149.16,wallet,2026-03-02T02:34:03.040062
4a65c36e-e283-4f38-ba76-017ea8655aed,CUST000789,Sports & Outdoors,4,1021.67,4086.68,upi,2026-06-19T04:23:48.637810
0116cd7e-76c7-4dee-8b78-64067f0eed77,CUST000645,Fashion,4,1667.62,6670.48,cash_on_delivery,2026-03-15T22:39:06.064633
2e2f627e-14f1-4433-96aa-7e34e8d5d5d1,CUST000437,Books,5,1553.55,7767.75,cash_on_delivery,2026-06-07T18:10:46.514299
c47239b5-e35c-4bd6-bae8-4e152201049e,CUST000303,Beauty & Personal Care,1,931.23,931.23,debit_card,2026-08-05T19:12:35.390428
89a1676e-8ac2-4564-b3b0-190239b5cbfc,CUST000629,Groceries,2,442.16,884.32,cash_on_delivery,2026-03-19T01:30:31.120596
ee2e4436-c59b-426a-94c8-c094beca1f7c,CUST000325,Toys,1,1108.48,1108.48,cash_on_delivery,2026-03-04T00:38:26.113831
d62a16b7-c436-4253-8656-2c02e9902771,CUST000068,Books,2,786.8,1573.6,wallet,2026-02-26T09:36:07.152195
6f2dd1df-c853-4e0e-961b-ed598e564ddf,CUST000672,Fashion,1,1166.33,1166.33,wallet,2026-04-26T00:18:56.719489
a0f23945-1346-4654-b9d6-9620f7d40019,CUST000739,Electronics,4,169.08,-676.32,credit_card,2026-05-13T17:19:02.604297
705ade08-f235-4f40-b203-3e546e77fa6a,CUST000502,Electronics,3,985.02,2955.06,wallet,2026-07-29T19:52:21.616613
30ddee3b-d318-4936-a8c4-0b94af622d0b,CUST000248,Groceries,1,1656.5,1656.5,debit_card,2026-06-13T17:44:15.299366
1d0a57a5-e172-4e78-bf70-7d7b334dcdbc,CUST000783,Books,3,871.43,2614.29,debit_card,2026-02-24T13:48:49.072809
adf82b50-cbdd-4057-9ce9-7cd142f84c95,CUST000760,Books,3,479.0,1437.0,credit_card,2026-06-05T17:55:51.549605
5967fc97-c346-4eb5-991e-55d397329c5d,CUST000706,Home & Kitchen,2,95.72,191.44,wallet,2026-04-02T01:43:53.622816
6b76769e-8303-4970-b9a2-069631af55c8,CUST000011,Beauty & Personal Care,5,73.0,365.0,cash_on_delivery,2026-06-22T07:04:57.863025
06ea2d38-6399-41ff-b2d4-d3e871153af6,CUST000747,Beauty & Personal Care,1,932.55,932.55,wallet,2026-06-01T18:38:41.053741
6e6c9717-f420-4025-9eba-5d90cbee76eb,CUST000672,Sports & Outdoors,2,288.19,576.38,cash_on_delivery,2026-08-03T00:31:43.072075
5fa6d327-b371-415f-8e2a-fff9f6bbc934,CUST000047,Home & Kitchen,4,1545.43,6181.72,cash_on_delivery,2026-05-03T13:25:24.863494
502d5cb8-c2db-4d40-98b8-0d730ebd022b,CUST000460,Beauty & Personal Care,1,1755.43,1755.43,wallet,2026-02-19T15:34:21.251351
45b47ec0-a9f6-4b25-b50c-3929f0112a14,CUST000344,Home & Kitchen,2,507.6,1015.2,upi,2026-07-10T23:29:15.460083
18e97bd3-0553-48cd-9b8c-f4927cbe1294,CUST000457,Home & Kitchen,1,1407.47,1407.47,cash_on_delivery,2026-07-24T13:51:11.983584
f989b6d3-60df-48a9-9a3e-95167a33b4e8,CUST000284,Sports & Outdoors,1,425.17,425.17,debit_card,2026-02-22T00:14:57.006272
93b0b01b-302e-40da-872a-788e6701787c,CUST000108,Books,1,1986.76,1986.76,debit_card,2026-04-15T01:54:08.773209
33fba937-e2fa-4748-a34a-adbe761b3629,CUST000784,Groceries,1,1820.62,1820.62,upi,2026-05-02T12:18:57.487170
ae606d68-522c-46a5-8f82-b609f55e2a8c,CUST000629,Books,3,1263.57,3790.71,cash_on_delivery,2026-02-14T10:46:24.145972
3c27fa58-17f8-4edb-8898-d4af0d18db72,CUST000268,Fashion,4,1063.23,4252.92,credit_card,2026-04-09T05:18:36.963290
0747f4a9-a327-47f4-9aa4-705223a8bfb7,CUST000034,Sports & Outdoors,1,1004.09,1004.09,cash_on_delivery,2026-08-03T10:06:24.047937
8961013a-ed24-422a-a9e0-48ebe4e07555,CUST000525,Home & Kitchen,5,811.96,4059.8,credit_card,2026-03-12T07:44:19.282401
c7c2602f-f336-40d8-8e17-18d6ba608a71,CUST000230,Fashion,2,154.87,309.74,wallet,2026-04-30T15:44:47.637898
2f68b84b-2251-4bd3-8e6c-7083bb46a897,CUST000119,Groceries,4,922.23,3688.92,cash_on_delivery,2026-02-14T20:39:27.056568
264fd4d0-8469-4513-b5a6-54c2b6f19647,CUST000277,Home & Kitchen,1,1941.02,1941.02,cash_on_delivery,2026-02-23T21:28:50.131290
4a57f5aa-128d-4826-86b1-57a1cdcfa5a5,CUST000386,Books,5,165.1,825.5,debit_card,2026-03-31T22:55:52.658283
a7b278fd-92ca-4ff0-b4c9-7abc554691ec,CUST000234,Beauty & Personal Care,3,5.19,15.57,upi,2026-05-19T13:13:29.214888
0005b98c-279e-428e-b9ed-e670b529b8c5,CUST000756,Books,4,1701.92,6807.68,credit_card,2026-04-14T06:55:25.931763
7176c438-d623-4509-afab-82177c124459,CUST000200,Electronics,4,171.76,687.04,credit_card,2026-04-15T03:12:37.544535
a8298528-33f3-44f8-acb4-3147a793f3df,CUST000707,Sports & Outdoors,4,822.42,3289.68,upi,2026-05-08T13:24:31.861381
bd257b52-0191-4171-adde-98bf88d9f2ec,CUST000352,Toys,3,39.71,119.13,credit_card,2026-03-13T23:55:45.832588
ecebb385-d848-4f82-9574-44e0d819f2f7,CUST000499,Sports & Outdoors,1,1166.0,1166.0,cash_on_delivery,2026-06-01T08:57:56.584249
a6ba2069-e089-4dbf-8ede-326c0688418a,CUST000630,Toys,N/A,395.35,1186.05,upi,2026-06-21T05:57:39.462429
bbf40f9c-e1e4-493f-ba46-40f52e467e4b,CUST000319,Books,1,1136.61,1136.61,upi,2026-08-04T03:55:00.138676
3d05d2b4-8ced-4e4a-837a-9b1633412257,CUST000544,Books,1,1741.28,1741.28,debit_card,2026-06-18T15:21:33.612489
c4842567-4a50-46ec-86e8-db2b23f0c593,CUST000700,Electronics,3,447.56,1342.68,credit_card,2026-06-18T12:29:28.191709
1e9729e3-24e3-4b49-b3c4-eab426193d8b,CUST000277,Books,1,1036.36,1036.36,debit_card,2026-05-07T01:39:15.313202
99b0159e-7cec-4066-9878-1309d2f09f9f,CUST000600,Groceries,2,150.13,300.26,debit_card,2026-03-09T10:02:56.855039
215628e3-75b5-4ec6-b2ac-187b58df1022,CUST000638,Fashion,4,911.52,3646.08,wallet,2026-04-05T17:33:55.052988
027688a7-d496-408d-add8-8ef39463b1a9,CUST000292,Home & Kitchen,2,934.3,1868.6,credit_card,2026-04-05T17:29:31.918942
094b0910-b7f2-4fc2-ac2d-a8877b9c35c7,CUST000654,Electronics,2,290.61,581.22,credit_card,2026-04-09T20:17:49.896688
b41d0e2f-4500-4ece-8b4a-42eae9bfe064,CUST000726,Groceries,3,225.78,677.34,credit_card,2026-02-14T09:22:21.030037
bc9a6d07-bdfa-4ca0-8255-3f49ef6c8d5a,CUST000285,Beauty & Personal Care,3,280.91,842.73,cash_on_delivery,2026-03-20T13:08:55.332689
0e33ed45-a5e4-445b-8ac0-eb511db91f1d,CUST000548,Books,3,37.61,112.83,wallet,2026-06-23T13:02:17.885776
8c3412bb-f231-4466-a1dc-343ddfe75d3b,CUST000032,Electronics,2,931.97,1863.94,debit_card,2026-04-18T08:43:18.044230
d1421020-7a3d-475c-a847-320140686e22,CUST000459,Sports & Outdoors,3,708.12,2124.36,cash_on_delivery,2026-08-06T01:25:38.355550
35d6b17a-28a2-44b0-a32d-2715b249c2aa,CUST000147,Books,1,440.68,440.68,cash_on_delivery,2026-07-04T08:38:13.223080
abfc97e9-bc5e-472a-b1de-df03ab437d11,CUST000553,Groceries,5,65.64,328.2,upi,2026-02-25T13:56:48.042673
63597c00-8bf0-4400-b6a0-e5645f9bd669,CUST000792,Books,3,1413.96,-4241.88,upi,2026-02-11T04:07:34.932082
1222d033-b2ab-43e3-8e5d-dfdefe027140,CUST000222,Groceries,5,731.14,3655.7,upi,2026-07-22T11:36:21.115016
df317a56-f5d7-49c2-bfab-5b7379e70609,CUST000276,Electronics,1,601.15,601.15,cash_on_delivery,2026-07-12T04:08:42.414616
605c69be-ea4f-4b5d-86b0-e2df5adfcecb,CUST000708,Sports & Outdoors,1,518.39,518.39,upi,2026-02-15T14:54:47.322119
8db7d8ea-eb12-4a82-b284-5355b0129d89,CUST000544,Books,3,872.28,2616.84,cash_on_delivery,2026-03-03T18:11:57.001894
62d96ff4-2442-4a44-ab26-5c838045ac4c,CUST000489,Toys,2,432.17,864.34,cash_on_delivery,2026-04-23T14:00:57.260363
f597cbfb-aa08-4df5-b6a0-a833b737e2f8,CUST000326,Beauty & Personal Care,2,1139.51,2279.02,credit_card,2026-07-22T00:03:47.800223
10eaa773-4215-4b44-8460-c3950cb2292e,CUST000682,Home & Kitchen,1,1779.52,1779.52,credit_card,2026-05-30T15:16:35.783859
1166b395-0e0e-4363-9d61-76426caff707,CUST000551,Books,5,1608.79,8043.95,wallet,2026-02-27T00:12:42.092374
6da64527-5c71-4d85-82b0-cc69cf4e8537,CUST000335,Groceries,2,1208.23,2416.46,wallet,2026-07-20T13:57:09.440842
583fe40e-648d-44d4-948f-3f213d84fa58,CUST000520,Toys,1,422.43,422.43,cash_on_delivery,2026-04-02T03:28:50.612555
4d43ba16-21a8-4ebc-b506-c7ae89a9d4db,CUST000569,Toys,5,1526.12,7630.6,credit_card,2026-06-24T02:48:17.976122
25a5f7dc-e0d4-4071-b6fa-bd87c451581b,CUST000523,Books,2,839.39,1678.78,wallet,2026-05-05T15:02:05.920507
64d9be23-4bd7-4004-82b0-eea1dd70467d,CUST000540,Books,4,1779.35,7117.4,wallet,2026-07-09T22:49:47.331172
49c4b842-1d90-4783-a5bb-d9ef877f82bd,CUST000676,Fashion,3,908.68,2726.04,cash_on_delivery,2026-07-01T00:38:45.930671
a4b7260a-0c6d-4014-802e-962dbad128e5,CUST000435,Fashion,5,1770.17,8850.85,credit_card,2026-04-10T02:38:18.980648
3ae2a4c6-74f2-4e91-9b64-c67096c1c1d2,CUST000370,Groceries,5,1970.51,9852.55,cash_on_delivery,2026-06-06T05:30:10.050059
4ff41bad-d575-4c32-ab67-8230e8ee863a,CUST000166,Fashion,1,648.99,648.99,credit_card,2026-05-22T09:55:15.238771
51517c75-4864-4315-af2a-3ea0e42930b0,CUST000790,Fashion,1,693.21,693.21,cash_on_delivery,2026-03-25T09:20:09.138029
b0c5b55f-6f14-4198-8f67-ecbe4987ddec,CUST000001,Fashion,1,1688.46,1688.46,credit_card,2026-06-16T17:58:25.682828
e36f889c-4c19-4e35-921b-d7301d04429d,CUST000102,Books,1,771.06,771.06,credit_card,2026-07-06T05:58:25.807947
2573397b-d092-4f80-845f-c3d4ee0579e1,CUST000414,Beauty & Personal Care,2,1330.55,2661.1,debit_card,2026-05-10T01:49:39.325950
188346ce-123a-4f90-8871-1a7c3ec18ba3,CUST000284,Groceries,4,1442.96,5771.84,credit_card,2026-04-23T05:52:20.911487
25f879ed-a310-4eae-96af-6d02af1b1c54,CUST000350,Groceries,1,350.31,350.31,wallet,2026-05-21T12:51:54.413543
8e14e452-27f3-4717-9e13-f1de225ebe94,CUST000565,Beauty & Personal Care,2,187.26,374.52,credit_card,2026-08-02T00:49:20.984543
d03ebfde-e54a-4216-a438-11a17259346a,CUST000496,Fashion,4,394.28,1577.12,wallet,2026-05-21T00:15:59.155009
1417e471-01af-4845-a7e3-d8ca4e21c312,CUST000391,Groceries,2,1355.44,2710.88,upi,2026-07-20T19:17:38.950128
09fd82fa-ba58-4c11-98b0-e911c7fc992f,CUST000639,Home & Kitchen,2,915.3,1830.6,cash_on_delivery,2026-02-15T05:45:09.090696
84533e99-2500-49a0-ae53-f36592261a71,CUST000326,Electronics,2,1435.02,2870.04,cash_on_delivery,2026-07-14T01:29:16.163937
69ae5768-8f73-41fd-a029-c34e9f81e068,CUST000463,Fashion,2,1204.83,2409.66,cash_on_delivery,2026-06-28T06:57:50.226981
77d8f921-bdc7-442d-8e0f-82425d5f7abe,CUST000183,Books,3,1211.14,3633.42,debit_card,2026-07-18T05:48:50.729298
47506e3d-9050-42ac-90be-370ccdb781c7,CUST000647,Sports & Outdoors,5,1477.76,7388.8,wallet,2026-08-07T12:44:08.833426
bc077312-95bd-4700-ac21-8a1bc27742ed,CUST000541,Books,4,1445.46,5781.84,wallet,2026-05-25T20:07:12.725868
9616f031-7975-4576-a2ec-67299152d43e,CUST000163,Home & Kitchen,5,1985.02,9925.1,debit_card,2026-02-22T03:45:14.796790
b6399911-d26d-4b3c-a0d8-7b37df77b74c,CUST000739,Books,3,1833.0,5499.0,wallet,2026-03-02T12:31:56.224603
e8b52e4f-e95e-4220-bb3b-707b8a0f4b6a,CUST000139,Fashion,4,92.82,371.28,debit_card,2026-03-04T18:17:12.796731
de1153ca-972b-4348-a5c9-1c2bf663f81c,CUST000251,Beauty & Personal Care,4,1076.48,4305.92,upi,2026-04-07T04:37:34.019099
74896464-1607-4726-8bfb-02405afd4f1f,CUST000327,Groceries,4,398.26,1593.04,cash_on_delivery,2026-06-03T00:36:50.007898
4bffd05c-114f-4978-a8ba-30d971e93cfb,CUST000369,Books,4,942.0,3768.0,credit_card,2026-02-20T18:58:56.052208
61bb5a4d-f1c8-4252-8bfe-496612586dc1,CUST000448,Beauty & Personal Care,5,866.83,4334.15,credit_card,2026-06-21T10:57:05.876382
00da66f4-d4a1-43c5-8db8-37b7cc9913f9,CUST000229,Fashion,1,133.14,133.14,debit_card,2026-03-31T05:47:50.969300
4e512eed-6b66-4c24-8629-97e7f958c2ed,CUST000094,Sports & Outdoors,3,1417.63,4252.89,cash_on_delivery,2026-06-13T13:44:18.224839
b54ac75a-9072-4dd8-9946-88f04ba5e5b4,CUST000433,Electronics,1,500.43,500.43,wallet,2026-04-19T21:15:17.649905
cf3dbdf9-aaf7-4808-827a-d8db879dc124,CUST000028,Electronics,4,1933.7,7734.8,debit_card,2026-03-30T08:39:29.854044
bc9d1ceb-9328-4565-8714-6f30ded9e679,CUST000374,Sports & Outdoors,1,398.16,398.16,upi,2026-04-25T17:16:13.716585
0a9692fc-46d5-410c-ac37-ed7297d82e3a,CUST000739,Home & Kitchen,5,363.64,1818.2,wallet,2026-07-12T22:27:36.964691
9dcc480e-af1c-424b-86ff-aae792a29719,CUST000509,Books,3,873.28,2619.84,debit_card,2026-06-04T13:42:58.621578
f440bee2-e50c-4032-9f8d-741fb7f2c44c,CUST000378,Toys,4,176.05,704.2,debit_card,2026-03-11T05:07:27.624878
3f033e6a-98a7-4682-b7fd-7d04d5df2a16,CUST000616,Groceries,2,1177.27,2354.54,debit_card,2026-03-12T21:10:14.236481
8a81301e-7c19-4f84-a2e0-f54f28d072c6,CUST000311,Sports & Outdoors,3,907.97,2723.91,wallet,2026-07-25T01:10:28.311473
b4beea69-157b-4391-a4e5-b46ffe410027,CUST000005,Sports & Outdoors,2,935.33,1870.66,credit_card,2026-07-29T05:24:04.418646
c36140d1-5a0f-439b-a018-a283d10714bf,CUST000612,Sports & Outdoors,3,831.16,2493.48,debit_card,2026-07-21T14:54:42.560103
8c310f22-fe00-45e1-9863-c9d565e3b087,CUST000019,Groceries,2,452.52,905.04,debit_card,2026-03-31T13:55:44.092513
7dc28e5f-385a-459a-9da7-0aca99de0324,CUST000297,Groceries,3,1606.61,4819.83,wallet,2026-08-03T03:32:07.253251
937c538b-974b-4b72-a597-2ce6e47f6683,CUST000644,Groceries,5,307.46,1537.3,cash_on_delivery,2026-04-08T17:47:50.661472
2a00afba-f07f-4ca6-917d-7638bf511802,CUST000615,Beauty & Personal Care,2,987.75,1975.5,upi,2026-06-10T04:14:25.777599
2b94e3c9-2161-455d-af43-1375939932aa,CUST000169,Toys,3,92.17,276.51,debit_card,2026-03-10T15:59:55.329631
7fdc8eda-c70c-4f48-b852-4548051eca63,CUST000574,Electronics,2,1212.12,2424.24,cash_on_delivery,2026-05-23T11:03:33.327372
8d172cc7-a84e-4456-b742-b194fcb4bdcf,CUST000540,Electronics,3,1226.07,3678.21,credit_card,2026-06-09T00:20:31.541455
19b26070-b50c-455a-b83f-13fb8d88683b,CUST000670,Home & Kitchen,2,680.07,1360.14,upi,2026-04-07T03:04:53.434732
9b899268-10fc-43ef-948f-bf147a4acfda,CUST000546,Electronics,3,534.12,1602.36,credit_card,2026-04-18T08:01:41.739636
17e92a01-71b2-4e5e-8521-2e22a3bdad73,CUST000600,Electronics,2,583.79,1167.58,cash_on_delivery,2026-07-16T22:07:43.364284
990205a5-0a92-4ddf-8590-fd47c845c439,CUST000673,Fashion,5,1070.13,5350.65,cash_on_delivery,2026-04-04T21:51:58.455320
bddded32-928d-41b6-a5ba-f05f7ec53736,CUST000144,Books,3,340.26,1020.78,wallet,2026-03-27T10:59:36.027476
a39aaad1-6275-4ce4-9555-cc319f5d6752,CUST000656,Home & Kitchen,4,1134.88,4539.52,upi,2026-07-28T13:55:35.266922
e2d9c280-4ba8-443a-a170-66f5f54b37ff,CUST000186,Books,5,1640.95,8204.75,debit_card,2026-02-18T07:05:43.880557
35648e02-95fc-4ea1-97f9-94aa8cc983b7,CUST000138,Books,3,1110.8,3332.4,upi,2026-03-09T21:59:54.471434
c5131719-8eae-4006-8193-7040518df93e,,Toys,2,363.21,726.42,cash_on_delivery,2026-02-23T02:10:25.320191
66bba5ea-9011-4fbb-bdab-2d5f260a3eaa,CUST000240,Sports & Outdoors,1,10.72,10.72,upi,2026-03-20T22:00:03.762260
baee7dff-27db-4dad-97e0-d100bc262b09,CUST000248,Books,2,1514.18,3028.36,upi,2026-05-22T06:42:34.078100
95ef7786-8a25-4028-987c-606e6634f768,CUST000291,Electronics,2,776.2,1552.4,wallet,2026-05-04T12:22:55.249969
94e4ad30-8120-4b17-987d-c392554609a9,CUST000405,,2,1664.93,3329.86,upi,2026-07-03T01:35:14.221561
db11c288-ecd2-4b6d-84f5-78a54f1ce13f,CUST000005,Electronics,1,842.64,842.64,wallet,2026-02-26T11:48:33.682393
c1d0183f-da9e-46c7-8be1-04be4634b522,CUST000790,Beauty & Personal Care,5,1838.63,9193.15,wallet,2026-06-28T04:21:12.450363
3d0d77e5-bd84-4f7a-8b31-470aa66742d4,CUST000641,Groceries,2,1634.61,3269.22,upi,2026-02-18T19:22:50.412901
aeab71c6-e666-41d1-934b-5e6033ee2902,CUST000179,Home & Kitchen,1,1409.61,1409.61,credit_card,2026-04-06T04:41:05.242850
a6e9e2d9-8237-442d-af52-2ae68bce27ad,CUST000112,Books,2,496.43,992.86,cash_on_delivery,2026-07-06T11:54:22.905453
038da35a-34da-4c1f-ad98-f90dc8ccf2de,CUST000473,Books,1,1855.94,1855.94,wallet,2026-06-24T23:00:28.440636
b47827f5-4342-4802-b96d-5a0953a9dc99,CUST000333,Toys,5,1883.28,9416.4,cash_on_delivery,2026-02-15T05:21:51.508575
8f9ff4c4-67c5-48cc-86c6-8087fff98aec,CUST000619,Electronics,3,1817.35,5452.05,cash_on_delivery,2026-03-13T19:57:15.882337
f74bb6c4-1aa0-4765-aeca-55d42b24efaf,CUST000191,Toys,4,929.69,3718.76,upi,2026-03-25T00:13:30.092853
b4e23932-4ba3-4ea3-a9ca-1372421bb90f,CUST000468,Groceries,1,1434.99,1434.99,cash_on_delivery,2026-04-12T02:01:02.952196
9d8e855b-735f-4310-b4e5-6338982172ce,CUST000068,Electronics,1,675.3,675.3,wallet,2026-04-15T11:10:22.526802
9c6d2f06-2ad2-48dc-83cd-671857aac0b8,CUST000166,Toys,2,1298.33,2596.66,credit_card,2026-07-10T05:53:34.629987
05a0673c-51f8-4ccb-ad55-ce90bb640433,CUST000211,Books,2,995.2,1990.4,wallet,2026-04-19T10:46:33.660870
6c39ba01-2dcb-4365-8842-e3021e3d7a55,CUST000721,Toys,1,1851.37,1851.37,wallet,2026-05-10T03:31:55.586423
56ab2035-b784-49c1-8626-3925ab337f2a,CUST000041,Groceries,2,1524.14,3048.28,credit_card,2026-07-22T13:50:15.197848
5d4cccd9-170d-4c4b-a396-228c4bb68eb5,CUST000526,Home & Kitchen,2,1896.68,3793.36,wallet,2026-05-05T13:08:30.899129
5876325a-0726-4745-b3b8-e82a10281060,CUST000018,Toys,2,743.17,1486.34,debit_card,2026-06-24T15:11:05.636542
131aec90-db16-4b21-ab75-cd7433bd4fdb,CUST000764,Books,5,45.5,227.5,credit_card,2026-08-04T07:48:34.616572
25670a37-737e-46f3-ad8f-1f00e2f4e922,CUST000554,Sports & Outdoors,1,1273.7,1273.7,upi,2026-03-16T22:43:07.942226
e1a3843d-2085-4641-b2c7-bd5e6dfea117,CUST000749,Fashion,2,235.54,471.08,credit_card,2026-06-25T20:10:11.273398
647521ad-1f4a-4249-a6c0-9851882d6ea0,CUST000765,Electronics,1,1660.02,1660.02,upi,2026-02-22T04:16:18.998633
660dd553-c7ca-4481-9577-f3262dbfcd14,CUST000345,Beauty & Personal Care,4,625.34,2501.36,credit_card,2026-05-12T02:29:44.935710
12b8b2ee-b212-4288-86e9-d6d8713af416,CUST000637,Home & Kitchen,4,1216.55,4866.2,debit_card,2026-03-23T01:19:19.533361
64bbe1f3-47e2-4984-94cd-d11face82491,CUST000495,Groceries,5,164.41,822.05,debit_card,2026-07-13T00:20:44.914284
67271dbb-06ee-4d1b-8e8c-5e1dd0fbf517,CUST000509,Home & Kitchen,3,686.03,2058.09,debit_card,2026-04-19T00:05:27.993928
c976f853-00a9-4d22-bdeb-0c6c030e1776,CUST000078,Beauty & Personal Care,2,1877.05,3754.1,cash_on_delivery,2026-03-28T06:27:53.933818
c3248de2-6556-48bb-82eb-83f36d859d2f,CUST000343,Electronics,5,1219.02,6095.1,cash_on_delivery,2026-02-19T21:23:25.524634
97d9407e-e2e1-42ca-ac78-b8b42133bc9d,CUST000761,Fashion,3,1916.12,5748.36,credit_card,2026-04-24T18:12:24.633684
c4798290-14b8-42e5-87cb-3aa08717b6fe,CUST000135,Beauty & Personal Care,2,126.43,252.86,debit_card,2026-05-15T11:39:16.980583
cebd69c9-e54d-4e3f-adc8-aa70bb6fba0b,CUST000621,Home & Kitchen,1,358.59,358.59,wallet,2026-02-21T21:02:47.157248
a5099542-555d-44f2-a080-55e7cc8b5b19,,Toys,3,800.5,2401.5,cash_on_delivery,2026-03-14T18:01:42.843555
e67a939a-0623-4c49-823d-7af5261188f2,CUST000198,Groceries,2,389.53,779.06,upi,2026-05-17T08:12:40.924781
e19633d3-2033-4620-b7bc-6188e82ebbe8,CUST000560,Sports & Outdoors,1,1405.68,1405.68,debit_card,2026-04-05T11:41:23.660217
746f5ec8-d50a-4b47-8f61-197a22a59f35,CUST000274,Books,5,1348.98,6744.9,credit_card,2026-05-02T00:59:29.947726
1d5bb8d5-e783-457e-9ab4-02c06efd17fe,CUST000163,Fashion,1,597.22,-597.22,upi,2026-05-29T09:43:04.115550
0d3d37b8-9dce-4ae0-9fcb-4a70506c2e35,CUST000511,Groceries,3,1928.26,5784.78,cash_on_delivery,2026-02-12T01:50:35.568320
b69ec364-31eb-48d9-b5fe-da323a1afd22,CUST000170,Toys,1,1047.56,1047.56,cash_on_delivery,2026-02-20T12:02:05.458086
25419da2-c453-4aa1-a0df-fcadbd547786,CUST000701,Books,2,1672.15,3344.3,wallet,2026-06-14T06:28:24.936547
a8fa5e0c-2e30-49ae-8863-9f62456eec36,CUST000285,Sports & Outdoors,1,1542.15,1542.15,upi,2026-04-20T11:04:21.032177
2628c46d-fc4c-4342-97b7-582db39f3153,CUST000752,Toys,4,888.17,3552.68,debit_card,2026-02-12T07:15:09.343947
fcf29cdb-4c88-416d-ba0d-54941f5b6058,CUST000344,Groceries,4,66.81,267.24,cash_on_delivery,2026-04-06T08:35:38.666681
ee784862-9a05-489f-a408-915d2598ad08,CUST000522,Electronics,1,1946.29,1946.29,cash_on_delivery,2026-04-25T23:57:30.872075
faafcbee-5154-4e65-a5a5-0b4273d2a56d,CUST000145,Toys,3,1890.97,5672.91,debit_card,2026-07-17T20:51:13.475648
ed7d4270-c30e-4430-be05-2e614d8e9e64,CUST000143,Books,3,801.81,2405.43,credit_card,2026-05-20T14:44:32.377308
984cc0b5-d4ee-4488-b456-1577c6bf1ed5,CUST000509,Groceries,4,950.6,3802.4,credit_card,2026-03-16T08:29:01.579413
eb806c26-7420-4e45-8fb3-9ff5aa1232a2,CUST000022,Electronics,5,1108.73,5543.65,cash_on_delivery,2026-03-29T00:41:03.366617
f3333016-b16d-4b0c-b72e-cf4adf70074a,CUST000316,Fashion,1,983.42,983.42,credit_card,2026-03-08T17:52:13.972906
7d9b785c-c8b0-4139-817e-65cd8bd6fc16,CUST000536,Books,5,1455.11,7275.55,wallet,2026-07-21T20:08:00.931243
11c174c8-bbba-4f3c-b0af-ed4678ea1ea3,CUST000643,Fashion,5,60.5,302.5,credit_card,2026-05-21T00:23:50.022892
a71c2a67-3724-489d-a45d-3f3401793e69,CUST000563,Toys,3,126.65,379.95,cash_on_delivery,2026-04-03T17:23:41.592352
9dd48660-7604-4e3e-bba8-135a43faf9ea,CUST000282,Sports & Outdoors,3,879.06,2637.18,credit_card,2026-05-14T08:27:02.533541
60b43c41-e883-4462-ac88-28b158e8aba6,CUST000397,Beauty & Personal Care,2,811.54,1623.08,debit_card,2026-07-21T05:19:58.809241
501353f3-10a0-4012-8e41-483a78232ae2,CUST000613,Sports & Outdoors,5,1164.23,5821.15,cash_on_delivery,2026-04-27T22:09:47.138803
ff3107b9-740d-4e0f-ab1d-30d3d39f7867,CUST000786,Groceries,1,1451.2,1451.2,wallet,2026-08-04T20:35:15.733068
e6ea3d0f-7196-48a3-8b8c-35495d49b269,CUST000427,Fashion,5,1321.67,6608.35,wallet,2026-05-18T01:58:45.284652
61f9e24e-fbf2-47f5-ac59-b5887ed3ffbd,CUST000642,Sports & Outdoors,1,252.01,252.01,cash_on_delivery,2026-06-19T01:11:35.391527
59cc6258-3731-46eb-b3db-9bf24a208893,CUST000761,Electronics,4,607.8,2431.2,debit_card,2026-06-26T00:48:47.376292
11f4fe58-1bc7-4031-a951-2cb9b4aa3e70,CUST000635,Fashion,2,115.94,231.88,debit_card,2026-03-08T15:09:26.128286
54e5f197-72d3-4052-97f7-3d324f30a64c,CUST000407,Electronics,5,729.93,3649.65,cash_on_delivery,2026-05-02T13:30:57.673211
489ceb78-2c67-4125-aa3d-5643cf8ef1ab,CUST000450,Home & Kitchen,3,328.37,985.11,debit_card,2026-06-14T03:23:14.705493
5b6901d4-fdc0-4459-b333-e1a6818f35cd,CUST000682,Sports & Outdoors,4,425.04,1700.16,debit_card,2026-07-01T08:26:36.222228
74dc39ee-6ef1-45ff-bf06-4c7cc2580f35,CUST000425,Books,1,873.84,873.84,credit_card,2026-03-10T21:53:56.002875
792b8839-4ecd-4960-9767-d8c2238bc480,CUST000527,Books,4,536.9,2147.6,wallet,2026-05-17T14:05:18.960705
9fa50016-5f42-4155-b111-e6469be034b1,CUST000740,Groceries,2,495.78,991.56,wallet,2026-05-28T02:51:08.058280
b4b7da08-23d3-4ca3-a1ed-476b929dfa49,CUST000682,Home & Kitchen,1,1844.04,1844.04,cash_on_delivery,2026-06-05T08:34:42.043936
9cd6b9af-316e-4912-8178-5e7bddb58760,CUST000710,Home & Kitchen,1,1566.38,1566.38,cash_on_delivery,2026-07-16T15:53:41.240605
f499c422-f007-4fb4-bf1c-22f5cb85bd3f,CUST000617,Sports & Outdoors,2,867.81,1735.62,debit_card,2026-05-15T22:31:07.492356
f4e228b6-b335-40ce-b703-869101a578be,CUST000407,Books,2,318.02,636.04,wallet,2026-06-30T23:05:07.603172
24a341fa-9198-4c0a-afaa-863da201b11b,CUST000627,Sports & Outdoors,2,715.25,1430.5,debit_card,2026-06-28T12:16:25.404574
c1ec76e4-17ae-472c-a6f1-06528b981164,CUST000160,Sports & Outdoors,1,512.79,512.79,debit_card,2026-06-25T09:33:39.450763
91b2b286-0658-4b43-9d86-45e3ad7915e1,CUST000238,Beauty & Personal Care,1,1958.62,1958.62,credit_card,2026-05-23T18:45:42.946146
b8619d4c-5f52-4dd7-86a1-1ae9018ab282,CUST000084,Sports & Outdoors,1,1373.7,1373.7,cash_on_delivery,2026-03-06T15:46:38.723049
a006e1c0-2617-4afa-b56a-e79a3fc40c26,CUST000726,Toys,3,1506.24,4518.72,upi,2026-03-04T06:14:38.472917
ec2c476d-1cc7-415e-994e-5b861760c3d4,CUST000314,Groceries,2,1062.5,2125.0,cash_on_delivery,2026-03-02T18:37:39.375442
91be673d-8537-4824-b10b-547f83f751e6,CUST000357,Home & Kitchen,3,411.45,1234.35,debit_card,2026-06-26T17:14:18.506714
79f1dea0-0526-4fb3-a83a-b3df7f603065,CUST000616,Groceries,2,1403.7,2807.4,credit_card,2026-03-09T15:37:57.900185
35a343db-2a36-4ada-b81e-a5f077627f29,CUST000737,Sports & Outdoors,5,791.33,3956.65,wallet,2026-02-16T11:30:45.400856
af802fea-5f03-4dfb-9e2b-b20b97985017,CUST000246,Electronics,5,1019.29,5096.45,wallet,2026-06-21T20:37:11.035627
47d295f7-885e-4c3f-a59b-79d82889e3d3,CUST000088,Beauty & Personal Care,4,1531.72,6126.88,cash_on_delivery,2026-08-02T02:25:59.069172
4f447a93-0807-420e-bc4e-6d3e06d41e5a,,Sports & Outdoors,1,1133.88,1133.88,wallet,2026-05-02T18:18:03.788652
4dad2429-9f59-4581-9c91-1777d64fc5c2,CUST000585,Fashion,1,203.39,203.39,wallet,2026-04-08T21:17:59.331831
5d601584-139c-48d5-98a0-ca29afc8d352,CUST000762,Groceries,5,345.7,1728.5,debit_card,2026-04-29T01:41:08.012238
d1d3179f-e1fb-4cb8-be44-6ea96eca98fd,CUST000250,Fashion,5,147.13,735.65,upi,2026-02-24T00:11:03.945251
23e9d1ec-e157-4ec4-bbc9-6b96e681d495,CUST000610,Home & Kitchen,4,463.48,1853.92,debit_card,2026-04-03T10:52:02.673574
bc7ba027-46ea-49d4-9005-9aec436e063b,CUST000565,Electronics,1,1251.91,1251.91,cash_on_delivery,2026-05-11T18:17:11.500810
587feed5-da4b-4c00-bc39-befb896e0e38,CUST000280,Toys,5,1974.73,9873.65,debit_card,2026-04-27T11:04:37.380410
6d275e5e-e922-4691-ac8c-4f9c8beb40ae,CUST000211,Home & Kitchen,1,206.29,206.29,cash_on_delivery,2026-03-16T09:41:09.367959
4f27057c-a54b-4ff6-a08e-afa6501932d7,CUST000665,Groceries,5,1797.55,8987.75,debit_card,2026-04-16T17:50:09.947097
95998bde-07a8-4757-9702-fd78f79c2c91,CUST000325,Electronics,2,800.19,1600.38,debit_card,2026-05-24T04:59:45.898982
b442919d-2fb1-4e25-86a1-bc698ef79b00,,Books,4,1511.26,6045.04,wallet,2026-07-02T20:16:19.361037
dfdb927a-0acc-468b-bb7a-e63a9233e7b8,CUST000415,Sports & Outdoors,3,1635.39,4906.17,cash_on_delivery,2026-06-11T20:59:31.460560
ec4d5d99-77b3-47a9-8611-3bd7fb475c41,CUST000024,Toys,1,1252.79,1252.79,debit_card,2026-07-13T16:13:36.598101
6c7212da-c974-4a89-9473-7567a50496f5,CUST000455,Fashion,1,490.09,490.09,credit_card,2026-03-26T10:35:54.267745
f111019f-8827-41b3-a852-b05d60c5d875,CUST000768,Fashion,3,1967.15,5901.45,debit_card,2026-06-12T04:02:54.527643
6fd4d75c-1aff-465f-a372-259f129722f6,CUST000683,Sports & Outdoors,5,373.39,1866.95,cash_on_delivery,2026-07-10T14:47:48.843493
7532b702-c872-48ad-bc66-c65eaf0f1072,CUST000578,Fashion,4,1284.96,5139.84,upi,2026-03-02T23:50:20.568163
b2290120-07d5-471b-a075-6505246045e2,CUST000491,Beauty & Personal Care,1,780.07,780.07,credit_card,2026-02-22T06:55:56.833602
39030388-acb5-4d2d-bcfe-24a08586d393,CUST000582,Beauty & Personal Care,3,1455.66,4366.98,cash_on_delivery,2026-06-16T08:27:08.936635
1ccc2985-8974-4975-a4af-ed04e3f4d5ae,CUST000108,Home & Kitchen,4,1906.14,7624.56,wallet,2026-07-24T14:12:15.467017
f2bb558f-c22f-47c9-b2d4-3b0f2232197c,CUST000369,Books,1,1631.49,1631.49,upi,2026-06-11T14:37:56.639011
c51f8d7b-f527-4de2-a9c5-518e19abd968,CUST000229,Groceries,2,1628.2,3256.4,wallet,2026-04-25T19:13:48.818377
ab629c6b-4019-445a-ba0a-4a0a00e87333,CUST000438,Sports & Outdoors,5,357.91,1789.55,debit_card,2026-05-24T03:17:59.603391
bafc82df-04dd-479e-a49e-1e2365a9497c,CUST000612,Books,1,519.32,519.32,credit_card,2026-07-25T20:34:21.672554
143b3577-9f94-4000-a239-78b253e1c0e6,CUST000023,Electronics,3,1962.6,5887.8,debit_card,2026-06-27T06:27:47.714895
a0923117-68cb-488c-ac0b-fa6463078f37,CUST000234,Toys,4,1580.16,6320.64,upi,2026-04-19T04:18:24.237766
c9f4aa4c-1a16-4fec-95c0-cfbd54d463d2,CUST000300,Electronics,2,1830.38,3660.76,cash_on_delivery,2026-05-12T15:20:56.045895
ff99bd71-31db-4a5e-a461-0aee72154b90,CUST000030,Fashion,5,1495.02,7475.1,wallet,2026-08-08T04:56:13.526928
4918bc04-640d-4479-a8ca-f2f455330d06,CUST000732,Groceries,4,1870.13,7480.52,cash_on_delivery,2026-03-16T12:06:44.810623
d24d7ec5-fcbb-473e-96f9-c112bbfc6594,CUST000624,Sports & Outdoors,4,1906.82,7627.28,debit_card,2026-05-08T07:06:13.638016
878d14a0-528c-4122-88ca-da6b1d5629ee,CUST000725,Beauty & Personal Care,2,1457.21,2914.42,cash_on_delivery,2026-04-06T01:44:43.566284
1989fbb8-c058-4841-a2ec-773b5a6453e2,CUST000755,Sports & Outdoors,3,924.49,2773.47,upi,2026-04-16T15:40:43.355104
8a3cad05-9874-47c6-afe3-285e2ee6c6de,CUST000490,Groceries,4,139.0,556.0,wallet,2026-05-23T11:11:15.952789
139a56ad-b1a8-45d3-8844-f55fcc6233f5,CUST000630,Books,5,1677.25,8386.25,debit_card,2026-05-04T01:43:20.725683
0094aec0-a22a-4830-81c4-84f38c62bd40,CUST000162,Toys,3,770.71,2312.13,debit_card,2026-03-01T08:51:39.606017
f4bd8bed-2d66-46f6-aac9-3a8fa7a677ef,CUST000148,Electronics,2,1342.16,2684.32,upi,2026-04-04T21:08:25.255102
1207a1df-e620-4ba1-83bd-41736c545638,CUST000101,Fashion,5,139.71,698.55,credit_card,2026-05-04T16:30:18.146012
c539cb18-e3c4-4db0-9474-31096a5d9246,CUST000256,Fashion,3,399.76,1199.28,cash_on_delivery,2026-03-06T14:13:56.739868
3a0f1115-c98a-4fbe-b436-d0b0549ec613,CUST000594,Sports & Outdoors,4,1171.06,4684.24,credit_card,2026-07-18T15:12:40.823561
1e8c1666-2e94-4617-8456-5d44918bde63,CUST000618,Toys,4,1006.61,4026.44,upi,2026-05-19T10:11:55.472552
6b7a146e-506d-4773-95fe-39af433b8496,CUST000653,Home & Kitchen,5,226.31,1131.55,credit_card,2026-02-27T01:07:43.157581
9c47558d-0b15-4160-9a5c-966bfef4e306,CUST000189,Books,1,1626.67,1626.67,cash_on_delivery,2026-06-18T01:39:56.791067
99916071-3ba4-4a7f-8058-7efba2cfc6bd,CUST000783,Toys,5,1365.93,6829.65,credit_card,2026-07-26T04:51:26.416259
b49c92d9-b347-4992-b8c6-dba8b05fb304,CUST000639,Electronics,2,1686.77,3373.54,cash_on_delivery,2026-06-28T15:38:07.096683
bf41685b-239d-4567-99a5-7b08963f4870,CUST000264,Beauty & Personal Care,4,522.78,2091.12,debit_card,2026-03-24T23:41:53.896390
ed532626-c003-463a-97ad-4fe033222567,CUST000460,Books,1,1903.33,1903.33,upi,2026-05-07T00:06:28.814909
f68e97aa-3e9d-4757-aa4c-bd771de56386,CUST000095,Home & Kitchen,2,1899.53,3799.06,cash_on_delivery,2026-07-19T21:25:29.115791
f9be08cb-e708-4142-a177-98726431e99e,CUST000425,Beauty & Personal Care,4,1792.71,7170.84,debit_card,2026-04-06T22:41:38.312811
530a49cb-103b-4793-8226-a660f0b3def4,CUST000091,Sports & Outdoors,5,1490.3,7451.5,credit_card,2026-02-24T09:43:14.860363
a44c6e1d-5acc-4f5d-bf18-17d4489000a3,CUST000418,Electronics,4,1851.24,7404.96,debit_card,2026-07-09T19:51:49.448150
3ffbef01-e76a-4d8d-a031-102237b57f87,CUST000751,Home & Kitchen,1,1456.21,1456.21,wallet,2026-07-23T07:06:44.668050
c0ed919d-7e67-453f-a68a-50874aa3bf88,CUST000278,Home & Kitchen,4,1626.93,6507.72,cash_on_delivery,2026-07-28T23:07:12.330374
cb9c2006-af41-40c7-bcfd-3b97ecf53e1e,CUST000410,Home & Kitchen,1,434.97,434.97,debit_card,2026-08-08T00:41:06.519295
f498d6a5-b81b-4772-bbb3-2bf37cddd0d1,CUST000299,Books,4,1604.78,6419.12,upi,2026-03-17T14:32:57.746867
d3cf0b52-94c0-4699-9700-5923716854dd,CUST000015,Fashion,3,1304.41,3913.23,debit_card,2026-03-11T05:23:33.337255
cc09da77-649b-4944-8de4-103b9c6c8b0c,CUST000651,Fashion,1,164.22,164.22,cash_on_delivery,2026-03-11T12:12:53.018412
4c4387c6-6aae-4b7b-ab97-03337c29b0d5,CUST000654,Groceries,1,726.4,726.4,cash_on_delivery,2026-03-31T13:08:18.474448
ac720746-d999-4efa-b227-5a3790d0f4c4,CUST000637,Electronics,1,1870.91,1870.91,upi,2026-03-25T18:36:02.272184
df4c4f23-26c7-46ee-98a8-91ed2dc7f931,CUST000455,Books,2,1458.85,2917.7,credit_card,2026-08-03T05:05:03.795033
98cbab3c-7132-4601-b40b-b878840793db,CUST000193,Home & Kitchen,2,48.96,97.92,wallet,2026-04-29T02:18:13.784839
131558e1-daef-4402-9131-ee9657d631b7,CUST000152,Fashion,4,643.91,2575.64,cash_on_delivery,2026-05-14T19:17:12.156317
96226e58-2845-4d99-bd7f-148d34739371,CUST000207,Home & Kitchen,5,1977.72,9888.6,wallet,2026-06-28T10:38:42.173765
87d8f0a4-3608-4994-a21d-36ddad2251da,CUST000404,Home & Kitchen,4,31.54,126.16,cash_on_delivery,2026-06-25T11:09:24.943295
aa9603cc-e9c3-4b13-87bf-84faf39de147,CUST000771,Toys,2,1114.79,2229.58,credit_card,2026-03-15T11:09:49.342822
7ed9e301-fb18-4830-bdd2-4e5b49f05af2,CUST000556,Electronics,2,1149.99,2299.98,cash_on_delivery,2026-05-07T05:24:23.515104
01347458-ab94-4686-b60b-e4da1a59f735,CUST000324,Sports & Outdoors,4,1992.89,7971.56,debit_card,2026-07-12T11:43:57.835045
7f2afa91-8b25-4ba7-90de-46fd7f71263d,CUST000564,Sports & Outdoors,1,218.83,218.83,cash_on_delivery,2026-04-01T01:51:17.493904
fc22c33c-4298-4d9b-a3c7-a5b7db42cc14,CUST000610,Fashion,5,1435.81,7179.05,credit_card,2026-04-11T11:07:59.910777
bf14a702-5100-42c0-9890-a59750ac8a50,CUST000388,Home & Kitchen,4,441.65,1766.6,debit_card,2026-05-29T18:16:17.452768
8b288479-524a-4ae4-a28c-61c841c47f69,CUST000059,Beauty & Personal Care,5,841.51,4207.55,upi,2026-05-06T13:25:07.463316
c4d61262-331a-424e-aefa-416abd03a987,CUST000781,Home & Kitchen,4,263.16,1052.64,cash_on_delivery,2026-03-09T03:24:44.648111
112c728b-32d7-4254-a902-c5a5ee0267bd,CUST000471,Books,2,1725.19,3450.38,debit_card,2026-07-10T05:35:07.511976
0c847673-df5a-40c5-8d32-903d5c5c7cc2,CUST000535,Sports & Outdoors,5,1214.31,6071.55,debit_card,2026-04-04T18:57:00.500909
fd8985c4-cda6-4e8c-8bb3-9ef55362b169,CUST000115,Groceries,1,858.31,858.31,credit_card,2026-07-12T07:21:15.364032
4cdab27d-4260-4838-a908-cb1feca1cc2b,CUST000054,Electronics,1,409.26,409.26,debit_card,2026-05-13T03:12:41.846762
c5768518-69ee-44b4-bacd-5036d27afdbb,CUST000633,Books,5,320.77,1603.85,cash_on_delivery,2026-06-21T19:29:04.553843
e82c47b8-df99-434b-a44b-f0b3f3947d06,CUST000658,Home & Kitchen,1,1153.37,1153.37,debit_card,2026-04-16T01:28:23.759352
10c3fe1a-5c12-49f3-9d03-1e565638e97f,CUST000533,Home & Kitchen,4,1187.81,4751.24,cash_on_delivery,2026-03-23T15:49:49.571152
42bdd684-9a76-4a03-8bc5-0c8fdcf7a234,CUST000399,Home & Kitchen,4,643.48,2573.92,upi,2026-04-18T17:06:41.389227
deaaaff1-797e-4395-9128-813c937bd952,CUST000162,Electronics,5,1490.73,7453.65,wallet,2026-07-24T01:01:02.533801
acd4551d-6006-4460-9217-39c97a8d2dce,CUST000615,Electronics,3,288.94,866.82,cash_on_delivery,2026-06-18T00:02:09.330522
4f66d017-678d-4ae1-81c7-c8dd2ba83388,CUST000231,Fashion,5,1083.94,5419.7,cash_on_delivery,2026-03-20T14:03:50.556017
a07ce8d5-cc88-4fe3-bcb5-d1a6c53ff011,CUST000388,Home & Kitchen,5,1518.09,7590.45,credit_card,2026-03-20T01:33:31.010850
b48d5f62-e8f5-4b1b-b4cc-6dc9c02eed14,CUST000231,Books,4,584.73,2338.92,debit_card,2026-03-30T23:54:56.318878
e70324b3-cbcf-4703-be20-3a13a2c8dfdc,CUST000143,Electronics,5,390.22,1951.1,debit_card,2026-05-02T14:36:13.642405
6f4e44de-89a5-4049-9681-37d12b7105f1,CUST000305,Electronics,2,909.03,1818.06,wallet,2026-06-28T20:33:02.730353
c515c5b8-04db-4dd3-b49b-38f56a773366,CUST000205,Groceries,3,1250.21,3750.63,upi,2026-06-22T09:04:14.324194
5184b630-78fd-425c-aef4-d85d6f443466,CUST000179,Toys,2,1421.94,2843.88,debit_card,2026-03-03T19:51:17.354553
6b2fce11-f383-475c-8b98-f1c417b980a5,CUST000772,Electronics,1,1947.29,1947.29,debit_card,2026-03-23T05:57:32.815635
5d52a464-f700-4547-8924-673e98f6f667,CUST000754,Sports & Outdoors,3,142.6,427.8,upi,2026-07-14T07:03:08.946832
2eb5c3bc-be33-43a1-a607-cd72410d48ba,CUST000591,Sports & Outdoors,2,1395.48,2790.96,credit_card,2026-05-26T03:12:23.136877
557bd207-a05e-442a-b87c-65b3f408debc,CUST000054,Books,2,1413.3,2826.6,upi,2026-08-03T06:29:17.168384
f86d7fbf-81ac-488c-819c-0271278ff811,CUST000552,Groceries,N/A,1750.49,1750.49,upi,2026-08-06T21:49:30.420401
145964a3-523e-4c43-813f-69d1f7787c65,CUST000161,Fashion,5,1588.42,7942.1,debit_card,2026-07-10T08:45:26.568261
e2e750ca-dfc1-47e9-9b4e-c0590be7cf49,CUST000488,Electronics,4,1868.28,7473.12,credit_card,2026-03-27T22:50:36.168850
ce122818-b9ea-4fac-b0ae-b766922e5efb,CUST000192,Toys,2,213.55,427.1,wallet,2026-07-06T13:57:38.614723
67f7d0dc-b547-45df-b71f-818e8790220d,CUST000689,Electronics,4,89.95,359.8,debit_card,2026-05-26T05:23:48.089804
20ab85cc-4393-4f94-9a6b-2388c5175e25,CUST000378,Groceries,5,1745.31,8726.55,credit_card,2026-05-23T17:36:20.840523
f2d55791-cd43-41db-905a-b7fda8d412bc,CUST000129,Toys,2,524.51,1049.02,debit_card,2026-05-18T09:59:45.892395
80527657-2665-48ee-82e8-57b99b3adec1,CUST000085,Books,1,804.55,804.55,credit_card,2026-06-16T10:34:10.966165
772615db-6f83-4594-81dc-b86d47995e7e,CUST000250,Books,4,671.03,2684.12,upi,2026-05-02T15:58:31.075222
ae85d147-a3f8-4af9-ad39-ceddb7ca7f0d,CUST000509,Fashion,2,1514.35,3028.7,upi,2026-07-06T03:53:54.739707
ccecabde-434c-45ce-93fb-3e20c03965ca,CUST000147,Toys,2,1317.56,2635.12,credit_card,2026-03-12T20:58:17.496606
18f6347f-44f2-4ced-8669-f3a29de1edb1,CUST000381,Toys,2,1082.03,2164.06,wallet,2026-03-18T05:59:47.127095
40795a69-9f09-4243-87bd-3e37612e4a63,CUST000235,Books,2,1141.73,2283.46,cash_on_delivery,2026-02-21T02:25:20.616251
63811a15-6caf-4274-b1e6-97a2b5eb25d5,CUST000340,Home & Kitchen,4,538.68,2154.72,debit_card,2026-03-31T23:34:19.420072
78b048ad-724f-4326-8eca-fa5e2149b4a1,CUST000444,Books,1,1566.31,1566.31,credit_card,2026-05-11T08:52:05.910781
02749878-14c3-4837-bef7-7e1a72189b51,CUST000746,Beauty & Personal Care,4,172.52,690.08,credit_card,2026-06-27T01:31:14.563833
c1f455db-7a4e-4666-8e2b-98a438cb3f71,CUST000586,Electronics,2,604.88,1209.76,debit_card,2026-03-26T17:42:15.641644
8619651f-f31d-4ef3-a50f-3c221524af70,CUST000525,Home & Kitchen,2,353.12,706.24,upi,2026-05-17T08:42:05.433200
906ce741-42f0-48ff-9bc4-2f92e6c6954a,CUST000149,Beauty & Personal Care,4,1913.55,7654.2,upi,2026-03-29T19:27:50.619362
4d705c09-7c11-4ab4-b9e4-46e2ba4d0f13,CUST000395,Beauty & Personal Care,3,415.76,1247.28,wallet,2026-05-05T04:17:34.246317
81f7cf3a-fd25-4504-92e5-97e41a5887b6,CUST000445,Electronics,4,1491.94,5967.76,debit_card,2026-04-11T00:48:59.011312
dd3f06a1-b385-4669-a113-e82dd924fa89,CUST000171,Books,3,555.54,1666.62,cash_on_delivery,2026-02-24T02:32:25.313274
cb957ba5-58c9-4583-bf37-981835ae34a5,CUST000060,Books,1,1477.9,1477.9,wallet,2026-05-24T14:47:02.780527
2cf0e8a5-4651-41d0-85ad-f2fb339f5a02,CUST000049,Beauty & Personal Care,3,154.71,464.13,wallet,2026-04-01T14:46:42.435891
bce6be74-4331-4b24-80fb-1c827349f97f,CUST000642,Beauty & Personal Care,4,1670.32,6681.28,debit_card,2026-06-19T10:03:50.571115
f7defb18-52d7-4de0-a648-91d8d0660da6,CUST000033,Groceries,1,956.53,956.53,upi,2026-05-17T04:57:13.207683
f2280794-27c1-4d16-a6b6-b44790106d29,CUST000284,Toys,2,345.1,690.2,wallet,2026-02-17T03:24:22.302457
844f0565-4ce1-4e11-bf2a-02ff745bf9ef,CUST000735,Groceries,2,583.92,1167.84,upi,2026-03-09T12:49:22.041502
5155bd00-b361-46a5-81bf-5db2c1861862,CUST000570,Beauty & Personal Care,4,691.56,2766.24,credit_card,2026-05-28T06:38:15.085119
2b29dd8d-e943-4166-9e09-0d522ecc808e,CUST000043,Groceries,5,220.1,1100.5,wallet,2026-05-10T06:53:28.886134
d9430593-1a27-4a5c-a668-9e770b1438c4,CUST000413,Electronics,4,627.22,2508.88,credit_card,2026-04-05T16:57:10.775735
3078078f-b234-4433-bed3-7bd951fa6817,CUST000397,Groceries,2,173.86,347.72,wallet,2026-06-26T16:11:09.325808
98bbe1eb-84b5-4e42-8bbe-fb24f2faba65,CUST000186,Books,4,708.45,2833.8,cash_on_delivery,2026-03-09T07:36:33.915179
bbd3ece6-a352-4244-9fed-fbebe8cbec5b,CUST000460,Electronics,1,1659.65,1659.65,debit_card,2026-04-24T11:32:19.114513
b63a20a6-2215-4319-bab6-67f25745a350,CUST000061,Beauty & Personal Care,4,277.32,1109.28,cash_on_delivery,2026-02-26T05:31:41.840582
b033b05a-a91c-4cf4-89cb-d0f0db54f1bf,CUST000031,Electronics,4,681.23,2724.92,wallet,2026-08-03T22:17:29.563469
038fe701-02cc-4e27-bfa1-e081f1e8bfe6,CUST000471,Home & Kitchen,2,1755.01,3510.02,upi,2026-05-27T20:28:53.023133
ee2add2d-be9e-47f5-9984-4bf4152492b8,CUST000653,Home & Kitchen,1,1058.93,1058.93,upi,2026-07-06T02:23:04.537997
d3663ea0-9c50-4b10-a71c-4b9523f533b2,CUST000169,Toys,2,6.68,13.36,debit_card,2026-04-04T17:27:54.926099
2d61d553-4c18-47ef-a50a-accf938db4a3,CUST000064,Home & Kitchen,4,60.61,242.44,credit_card,2026-02-20T06:10:45.262602
7d96982c-6c34-413a-8fc6-d263951ae142,CUST000276,Groceries,1,675.1,675.1,wallet,2026-07-26T11:24:03.414724
5033567c-a060-4022-81be-436a6b1547d9,CUST000571,Groceries,1,1421.43,1421.43,cash_on_delivery,2026-07-20T13:02:28.769244
ffe7bc3b-019c-4421-b1a1-76e7460d4a7b,CUST000198,Electronics,3,1764.38,5293.14,upi,2026-04-16T19:14:15.122006
db90326e-28db-49e9-b926-90c51bfabf47,CUST000663,Beauty & Personal Care,2,46.99,93.98,debit_card,2026-03-09T23:31:12.248635
3617a3ce-db1c-425d-bc4c-06369a1eca62,CUST000223,Sports & Outdoors,5,25.6,128.0,upi,2026-02-24T15:02:52.563434
e00f276b-978a-4a8e-aee9-e2f8e1eaf454,CUST000631,Fashion,4,1925.96,7703.84,credit_card,2026-03-20T06:13:27.643679
290fc37c-8af2-4ea9-81ef-2cd3f7b67078,CUST000104,Fashion,2,1880.54,3761.08,credit_card,2026-03-07T15:05:29.598971
6e4ef3a5-6fae-43fc-ab31-de7cdca6e072,CUST000715,,1,515.41,515.41,wallet,2026-07-13T16:15:55.997955
62af20c0-9109-4072-afb3-b6d9c2d79570,CUST000703,Toys,2,823.17,1646.34,credit_card,2026-05-20T13:27:06.452423
5e70dee3-4ae5-4eec-a100-3b18ae06d740,CUST000474,Books,4,1159.3,4637.2,credit_card,2026-06-20T06:37:06.746056
ca09e00f-94e5-47b7-891f-240442acea89,CUST000715,,2,483.19,966.38,upi,2026-04-05T13:37:38.736990
14e4737c-5007-42ef-b5dc-41259c1fee1b,CUST000569,Sports & Outdoors,1,990.17,990.17,cash_on_delivery,2026-04-02T15:47:58.803780
c0e405fd-b9aa-459d-bfad-c5f9744861a1,CUST000275,Books,1,1029.0,1029.0,cash_on_delivery,2026-05-20T02:32:09.105695
4d98d628-b035-457f-a4d4-a92b72444cbb,CUST000345,Fashion,4,514.29,2057.16,wallet,2026-07-16T20:40:33.298017
0fc74e47-f03c-493f-be59-5967b482fced,CUST000060,Sports & Outdoors,1,195.5,195.5,wallet,2026-07-15T01:35:04.925103
118d97dd-490b-43e5-b0dd-f04e57ddb3c9,CUST000440,Home & Kitchen,4,1441.36,5765.44,debit_card,2026-04-14T16:03:22.691806
fc364c18-c28a-4f69-be58-d23758bdf0d7,CUST000232,Toys,5,111.21,556.05,debit_card,2026-05-22T23:14:27.775006
b85e2e26-a9cc-472f-9a17-bf75dace2b70,CUST000012,Electronics,2,1661.59,3323.18,debit_card,2026-03-02T03:01:22.656141
76913d97-73c6-442a-9eb6-ad8b3cdd614b,CUST000289,Beauty & Personal Care,2,53.37,106.74,credit_card,2026-02-12T20:56:28.977586
821e7fa3-2d01-4735-9384-82986a41c614,CUST000450,Home & Kitchen,3,365.79,1097.37,cash_on_delivery,2026-07-01T07:25:59.550431
ae48159d-3374-42c1-b63f-bc1291492967,CUST000187,Beauty & Personal Care,3,104.84,314.52,wallet,2026-04-29T11:38:47.473362
679f91f1-1060-4c18-a61b-8edd91ba7e60,CUST000140,Books,2,1744.87,3489.74,debit_card,2026-06-21T16:28:45.326978
8e19fb90-bf28-4b80-bd2c-03bc1935bdfa,CUST000659,Electronics,2,1483.38,2966.76,wallet,2026-05-07T07:34:41.308813
91bbc255-0b57-44b4-b6ef-e43539d427e6,CUST000707,Sports & Outdoors,3,1064.19,3192.57,cash_on_delivery,2026-03-02T11:04:56.427117
9d186a30-5c28-4d64-9ab6-e8e0afc24c21,CUST000009,Fashion,2,1039.65,2079.3,cash_on_delivery,2026-02-11T20:07:08.119870
62ec2d72-1977-4888-9295-b1c9e0e7e1e8,CUST000744,Books,3,226.82,680.46,debit_card,2026-07-23T06:06:33.843175
84278b0d-08a6-4619-ad4a-535a4dec4cb9,CUST000078,Electronics,2,257.8,515.6,upi,2026-03-03T14:50:51.379229
c4f31b82-ea44-4513-9f25-ba5d988cf7c5,CUST000037,Groceries,2,287.63,575.26,debit_card,2026-02-11T02:24:09.044576
278c5700-54da-4646-893c-8ad108e5c2be,CUST000599,Home & Kitchen,4,1767.65,7070.6,cash_on_delivery,2026-03-28T13:10:01.146591
9951a747-ea6c-48ee-9673-3e070d057a04,CUST000330,Electronics,4,286.0,1144.0,upi,2026-07-12T20:24:17.639744
6939bc2b-00af-4708-9127-6de9839b8748,CUST000168,Groceries,4,1255.75,5023.0,upi,2026-05-21T14:17:52.990849
a31ace23-59e3-4360-b2d5-3cecd60339ec,CUST000245,Fashion,1,857.11,857.11,wallet,2026-06-12T07:53:35.484812
dd62af7b-aa76-41ad-a539-9a9142055ad7,CUST000047,Books,5,1526.19,7630.95,debit_card,2026-04-03T22:43:46.785083
0e25b05b-458e-418c-88a9-2e3b46626ec7,CUST000226,Groceries,3,41.06,123.18,debit_card,2026-07-01T23:03:34.299533
48c43204-274e-46f9-b740-96f9ede40136,CUST000194,Sports & Outdoors,2,1454.47,2908.94,wallet,2026-06-29T14:06:30.232851
ef16b8de-1b4a-4311-a6e8-c1d5bb3d77ea,CUST000713,Fashion,2,995.18,1990.36,wallet,2026-06-23T12:09:11.923182
671dda57-3b6d-46a7-8b8d-122d98507369,CUST000246,Groceries,1,1168.77,1168.77,credit_card,2026-07-30T00:24:41.964156
385ebbc8-bade-4b8b-8684-159c84526bf1,CUST000129,Beauty & Personal Care,4,714.01,2856.04,wallet,2026-06-23T21:36:13.745678
9e4cb44e-8a0d-4b97-a96a-0191c260716c,CUST000543,Electronics,3,1311.41,3934.23,upi,2026-07-29T13:39:00.241370
9f2c5f8f-ccf8-4f53-8555-cdcde7a8d35d,CUST000586,Beauty & Personal Care,5,1905.03,9525.15,credit_card,2026-04-02T21:43:27.321233
8cd4620f-87e7-4c0b-8947-4fa788221edb,CUST000352,Groceries,5,1259.28,6296.4,cash_on_delivery,2026-04-05T10:14:22.738017
d0300b3d-7b18-4884-b329-70d5b06f8d20,CUST000307,Fashion,5,1682.07,8410.35,debit_card,2026-06-15T00:28:19.104637
a0a66db4-1d3b-4127-be78-3ec4a802f871,CUST000077,Sports & Outdoors,5,1212.31,6061.55,wallet,2026-08-02T16:04:55.852825
2cea579b-0930-4e78-bf48-d757aa7d3870,CUST000727,Electronics,1,277.73,277.73,upi,2026-07-19T04:46:42.435258
33149eea-f5fd-4047-a8ca-97e6661b6248,CUST000348,Books,1,365.11,365.11,wallet,2026-05-11T03:08:21.926593
4e062e09-955e-4fb7-a367-fd28443f0909,CUST000385,Beauty & Personal Care,4,1633.91,6535.64,upi,2026-06-18T11:51:01.651018
d79e7940-271a-4483-b4ab-36b74dd7846c,CUST000335,Books,5,1937.99,9689.95,credit_card,2026-04-08T11:01:25.506367
77b1a15a-04f1-4990-9add-366365356559,CUST000283,Sports & Outdoors,3,272.94,818.82,cash_on_delivery,2026-04-16T21:32:46.275289
306be0c4-ff56-47d1-8531-2db7de3f2cfe,CUST000280,Toys,5,640.41,-3202.05,cash_on_delivery,2026-02-20T01:23:09.217921
11938d15-101c-40a0-9f65-b18f76ab44cd,CUST000282,Groceries,4,1378.99,5515.96,debit_card,2026-02-19T03:31:01.628411
eff582c4-ed0a-490f-8b50-246239fbce2f,CUST000031,Groceries,5,394.5,1972.5,debit_card,2026-05-26T22:16:46.120218
98d5fb8b-5635-4ee6-8602-2b4a78bdb1e2,CUST000208,Books,2,184.88,369.76,debit_card,2026-03-07T15:34:23.447796
dc39711b-07d9-45af-8a3e-736465724768,CUST000620,Groceries,4,912.24,3648.96,wallet,2026-03-16T16:52:15.977634
e937264d-715a-409a-9a83-3524d30c14e3,CUST000613,Beauty & Personal Care,3,785.87,2357.61,wallet,2026-06-21T08:08:41.130064
8008c78d-5983-4874-bfa1-f00721073463,CUST000102,Toys,4,1101.91,4407.64,debit_card,2026-07-20T08:02:33.975317
e3600efb-0b09-4e60-803f-0801c535a089,CUST000640,Fashion,4,1827.65,7310.6,cash_on_delivery,2026-03-18T02:52:18.635814
247dbbc9-b4b2-47f7-a3f2-6e82ed4bd103,CUST000747,Sports & Outdoors,3,444.92,1334.76,upi,2026-05-22T05:48:26.274541
c69f8c51-ffdc-4608-bbb7-39707f005985,CUST000361,Sports & Outdoors,4,1399.57,5598.28,debit_card,2026-05-08T14:29:38.651354
d1c8ec50-8f09-4b6b-aa79-de041d48ce84,CUST000273,Electronics,2,1179.74,2359.48,credit_card,2026-03-15T22:05:58.877064
b7f01d4e-c330-4ae1-bad8-2ffe85eb50b4,CUST000530,Fashion,3,1986.86,5960.58,credit_card,2026-07-30T14:24:08.604581
c92073e3-3533-4231-926b-32ae349e47c5,CUST000252,Beauty & Personal Care,1,961.75,961.75,debit_card,2026-03-18T13:46:35.110528
3a32eb63-2a79-42cf-bce3-11e57c7a7c75,CUST000485,Sports & Outdoors,1,949.18,949.18,debit_card,2026-06-08T21:33:24.223109
8c764878-1785-4efd-96a4-981c04e5b490,CUST000324,Beauty & Personal Care,2,359.66,719.32,upi,2026-05-25T07:44:11.487076
0f27344a-374d-4fdf-a748-ee9f71fcc4b7,CUST000610,Fashion,5,692.38,3461.9,credit_card,2026-06-12T04:26:36.351359
88a7c724-1cbc-4410-8930-98486258b38a,CUST000315,Toys,1,1902.19,1902.19,debit_card,2026-06-27T14:34:34.293885
c0569970-6334-4705-ba7f-d80d2c2f26f0,CUST000370,Beauty & Personal Care,3,378.37,1135.11,debit_card,2026-07-25T17:28:14.659106
a37fdc08-0c8d-44a0-932f-7b33b48d5a74,CUST000794,Electronics,2,410.17,820.34,wallet,2026-02-11T10:38:08.790137
51725383-9ac7-4cc5-b49f-274accc85a78,CUST000744,Toys,2,1575.09,3150.18,cash_on_delivery,2026-04-25T21:26:33.591421
ffde712f-937e-43e6-a569-1bbcf4e6179e,CUST000363,Books,5,92.82,464.1,debit_card,2026-03-08T23:17:39.065178
ef436455-3bf0-4bf0-be9c-3ae9bd25b9ae,CUST000400,Toys,3,853.27,2559.81,credit_card,2026-05-15T05:08:46.208062
81f89b1c-99d5-4fc9-8882-b75c68d26e07,CUST000433,Beauty & Personal Care,2,1223.44,2446.88,cash_on_delivery,2026-08-05T08:38:50.238098
43bb609f-efc4-4850-92e3-ef27b38ca8c8,CUST000148,Sports & Outdoors,3,1329.81,3989.43,credit_card,2026-04-25T01:36:41.451791
f1b611dc-c279-4d4f-923f-5c72a175af51,CUST000638,Electronics,1,1189.88,1189.88,credit_card,2026-03-02T10:29:39.796593
43dd0af9-58e1-432b-829b-2591ad5572d6,CUST000222,Beauty & Personal Care,5,1858.57,9292.85,credit_card,2026-04-14T23:57:15.144930
e47a4593-df59-48c3-92ff-62b175833c9d,CUST000534,Sports & Outdoors,5,1063.72,5318.6,debit_card,2026-04-15T16:50:09.394950
e408ae57-300b-4566-99e8-a7c130ae31da,CUST000257,Books,N/A,210.26,420.52,credit_card,2026-04-20T17:00:04.083450
e0b87eb2-9f7f-404f-a8bb-a9d830373017,CUST000587,Toys,4,434.34,1737.36,upi,2026-07-02T04:08:04.659235
0cd782c6-0410-4051-be65-3f86f9eaa82c,CUST000584,Fashion,4,193.1,772.4,upi,2026-05-09T17:28:43.355502
db99f8cb-db4e-4d7a-a0fc-a656cef27939,CUST000763,Electronics,4,209.77,839.08,credit_card,2026-07-11T07:02:00.137046
dd17b7e2-fe64-4bd1-beea-a4fa67b5e877,CUST000570,Electronics,5,1652.69,8263.45,wallet,2026-07-02T14:37:31.715829
c51f8c87-65c5-4ffe-93a2-2ca331fa3622,CUST000353,Sports & Outdoors,5,181.93,909.65,upi,2026-06-15T02:40:53.999265
fd22c295-8dc9-4b84-9722-163b08eedc1d,CUST000253,Books,1,1106.54,1106.54,credit_card,2026-08-05T18:33:39.523117
2bc6d547-546c-461d-87de-f79d9779e1f6,CUST000316,Toys,2,227.38,454.76,cash_on_delivery,2026-07-31T19:58:02.313953
9e4a000a-1606-485b-ac78-21457caace79,CUST000039,Books,5,992.89,4964.45,cash_on_delivery,2026-02-17T05:25:46.212749
5d1a18be-04b0-4109-8b4d-33db2ef18e6d,CUST000698,Beauty & Personal Care,5,1572.11,7860.55,wallet,2026-07-16T19:06:11.324997
028d66bc-9012-4935-b597-d038a2795148,CUST000448,Home & Kitchen,1,666.16,666.16,cash_on_delivery,2026-04-07T05:27:51.420474
0d2d6acb-ee7b-4b8c-8c76-fd8ec71a068e,CUST000795,Sports & Outdoors,2,1772.83,3545.66,credit_card,2026-06-27T07:19:43.899034
c50b012e-1b93-4c03-837c-39bd56661084,CUST000574,Sports & Outdoors,2,358.59,717.18,credit_card,2026-05-16T14:09:44.839504
050e7abb-9301-482a-a356-b42e5fbe765f,CUST000045,Toys,4,58.3,233.2,cash_on_delivery,2026-05-21T20:21:20.899601
8728643a-6b14-45ca-96d7-88d47cc6e736,CUST000649,Sports & Outdoors,2,377.18,754.36,upi,2026-07-11T13:17:59.435033
8d3dc6b3-01bb-4882-841b-a36ecb056b1b,CUST000065,Beauty & Personal Care,1,447.43,447.43,wallet,2026-08-05T22:43:29.511513
11371b44-4943-4b83-b403-8797c267f832,CUST000468,Beauty & Personal Care,3,1703.68,5111.04,cash_on_delivery,2026-03-05T20:27:04.285865
489b36ec-aeab-40cc-bd09-b9f6feff967e,CUST000624,Books,4,1299.81,5199.24,credit_card,2026-06-28T20:29:11.319176
40b92c5b-5da8-45d4-98d1-1f33f62e1940,CUST000035,Groceries,4,1296.32,5185.28,cash_on_delivery,2026-04-17T00:44:17.763485
009553e1-d07e-45a0-9a8b-809f467e1568,CUST000328,Groceries,2,954.71,1909.42,cash_on_delivery,2026-07-18T18:31:37.022179
0480f7c3-78ee-4c61-98f1-0fe34e415e77,CUST000354,Toys,4,1313.66,5254.64,debit_card,2026-04-21T09:57:46.312393
3c3cb480-a5b1-439d-9f15-a957dafd75bb,CUST000242,Fashion,3,653.58,1960.74,debit_card,2026-04-14T17:24:37.448615
a8b74bbf-a317-4969-8f13-106713b6b2c8,CUST000057,Electronics,4,1483.34,5933.36,debit_card,2026-04-30T00:41:16.295022
f492e5f3-c9da-4aaf-bbdc-dc78f02a849b,CUST000550,Toys,1,665.42,665.42,wallet,2026-05-03T21:27:13.621937
e86457f9-20e9-4b22-90b8-c905306df034,CUST000646,Toys,1,1431.16,1431.16,credit_card,2026-05-20T20:07:47.212993
c271ec94-904f-41ca-abd0-2cd73b1c1d2d,CUST000695,Fashion,5,1041.9,5209.5,wallet,2026-05-30T01:49:07.654794
ff0bf18c-3a9e-4afe-9662-5ab178c18ce3,CUST000199,Beauty & Personal Care,2,564.82,1129.64,upi,2026-06-01T22:19:50.029387
218ee78b-7702-4c9a-b878-121e9265316d,CUST000507,Books,2,1541.88,3083.76,cash_on_delivery,2026-05-30T08:30:29.645998
e3cb0f18-e871-4423-8690-1a71b22a76ad,CUST000127,Toys,3,311.58,934.74,upi,2026-02-20T13:35:34.933788
5e93aada-a86d-412e-a8d7-f461221b6d9a,CUST000769,Fashion,3,394.0,1182.0,cash_on_delivery,2026-07-16T01:22:50.394634
707be47e-9c20-4a54-90df-71250001d048,CUST000272,Electronics,4,1963.25,7853.0,wallet,2026-04-18T14:12:16.518287
70fa45d1-502d-4139-9ddf-a2ef762e6dea,CUST000772,Fashion,1,1891.17,1891.17,wallet,2026-03-21T19:19:06.005795
96f60823-17a4-4ec6-8f38-0a61407c39ca,CUST000135,Electronics,1,1624.63,1624.63,upi,2026-06-26T07:06:42.346485
1cb56415-2f88-40fe-9eb1-3ecf34e25cb0,CUST000571,Groceries,5,1595.96,7979.8,wallet,2026-03-28T23:06:24.337069
78af287f-7bc4-432e-a72b-700f3c2bf469,CUST000016,Fashion,5,751.07,3755.35,cash_on_delivery,2026-04-04T06:37:28.047100
296a8c88-8021-4bcd-92af-f6f90be71cc8,CUST000001,Fashion,4,1922.14,7688.56,debit_card,2026-04-09T15:54:13.905882
276348f3-0982-4e08-a09e-79177413729e,CUST000134,Beauty & Personal Care,1,1724.66,1724.66,credit_card,2026-05-12T18:41:14.877951
bba65cd3-d9ac-41bc-a2fa-b1f82a25ead5,CUST000003,Home & Kitchen,3,381.91,1145.73,cash_on_delivery,2026-08-02T05:09:56.542953
ff0e6a3c-ae68-45c0-b533-30abbbc31fd1,CUST000746,Home & Kitchen,1,666.92,666.92,cash_on_delivery,2026-07-21T16:39:17.254060
12060335-8c29-4608-af77-c3c8fbf8dace,CUST000695,Beauty & Personal Care,2,454.87,909.74,cash_on_delivery,2026-05-15T10:16:53.387248
a74889fe-e9d2-4902-b6e7-efe48a578c23,CUST000401,Books,4,1408.67,5634.68,upi,2026-06-15T14:34:14.858101
83a1ae03-25af-4c2e-8305-a8743b3d4919,CUST000170,Fashion,5,1102.18,5510.9,upi,2026-06-20T09:05:13.655876
83edaa67-0fd4-4065-a9fb-07e53d8d3781,CUST000708,Books,5,1738.22,8691.1,cash_on_delivery,2026-07-26T08:34:41.426631
00fdcbca-8d63-4471-a753-a7520e4f20f0,CUST000074,Groceries,5,966.91,4834.55,upi,2026-03-31T23:24:58.410846
133c5558-4e2d-4eda-bc86-1ff02bdbd121,CUST000550,Groceries,4,1168.24,4672.96,credit_card,2026-05-01T10:28:41.186196
c0a35321-dbda-42cc-80d2-3d7ed27948b8,CUST000417,Fashion,3,382.34,1147.02,cash_on_delivery,2026-04-21T06:38:31.438930
ca76c024-3c7a-4ac8-ad04-6e5219c6064a,CUST000585,Electronics,2,1980.58,3961.16,cash_on_delivery,2026-03-04T06:26:51.258303
d97dffd0-5c89-464b-bc2f-04a1bbe66ee5,CUST000331,Books,4,1375.27,5501.08,cash_on_delivery,2026-05-03T22:47:38.050604
99d1e26b-239b-48ae-b9d9-4bf54ee9efe5,CUST000772,Sports & Outdoors,3,1944.78,5834.34,credit_card,2026-07-16T06:23:00.349913
d40e3223-9b59-421c-920e-8b3c9d52251b,CUST000233,Fashion,4,604.46,2417.84,upi,2026-05-31T20:13:14.787437
ad4b3d42-b7e4-4fc5-a9d2-a4147ff87a1e,CUST000362,Toys,3,1006.95,3020.85,cash_on_delivery,2026-06-22T01:09:03.049828
20cb6097-054d-4037-889c-a296ccba7150,CUST000094,Sports & Outdoors,4,249.44,997.76,credit_card,2026-04-24T08:41:35.329523
a330c6e8-ee2c-4e52-b34e-391698fc4be6,CUST000352,Electronics,4,1241.59,4966.36,credit_card,2026-04-29T10:42:06.626030
bf4475d8-3b47-4518-8188-3eb6f67218f0,CUST000307,Sports & Outdoors,2,1208.41,2416.82,cash_on_delivery,2026-08-03T22:30:00.347918
a13f8ff9-ae1d-43a1-8b8e-2082b78a02da,CUST000111,Beauty & Personal Care,4,1003.69,4014.76,upi,2026-05-02T20:26:46.325483
6967efa0-b5bc-4a9c-b5fd-bf61bf9ffc12,CUST000119,Groceries,4,1435.25,5741.0,credit_card,2026-07-07T13:11:23.366362
017898f1-6f3d-43f2-acf0-c3b25073857b,CUST000598,Groceries,2,350.84,701.68,upi,2026-07-17T15:44:21.586660
2e3d8119-b7a1-4deb-a9f2-7d9cbcca4d65,CUST000194,Books,5,1395.91,6979.55,upi,2026-03-02T12:07:38.575769
69d59d05-0d72-4598-8a45-d251819746bb,CUST000255,Beauty & Personal Care,4,678.38,2713.52,credit_card,2026-04-16T04:51:28.402038
e30b26b0-a620-4b63-ae58-0159ca497b38,CUST000023,Home & Kitchen,5,1890.74,9453.7,cash_on_delivery,2026-03-09T16:33:37.114132
360cd5a6-bd1f-48f2-b957-f7fda859f5a4,CUST000298,Toys,3,799.09,2397.27,upi,2026-06-05T09:23:14.071041
81deca31-468c-419b-b16a-5b921d24d631,CUST000797,Home & Kitchen,1,655.63,655.63,debit_card,2026-06-15T01:19:28.978590
beff948b-c94a-4684-9843-e85dd6b7a1b0,CUST000299,Groceries,3,618.25,1854.75,credit_card,2026-06-11T07:19:48.009789
54a3e142-5dbd-4dd8-99b7-1909e9c55b89,CUST000775,Sports & Outdoors,5,1139.01,5695.05,upi,2026-07-12T21:00:48.457157
73dbaee8-8e68-4597-b241-a7006a863fe4,CUST000051,Electronics,1,1893.84,1893.84,upi,2026-04-03T08:10:57.525108
914e0f90-0f7d-4546-a1b7-c5a80ec84603,CUST000015,Sports & Outdoors,4,1080.45,4321.8,credit_card,2026-02-11T23:00:46.428183
fcf1e415-2fa7-4a0f-850c-d4a13b9b5ec0,CUST000388,Sports & Outdoors,4,486.55,1946.2,credit_card,2026-03-29T03:52:15.549103
0a282c7c-54df-41b9-a38e-30d3bcc114f3,CUST000787,Electronics,3,842.07,2526.21,cash_on_delivery,2026-07-23T00:08:05.058750
990f6e43-d72c-440f-9428-272e20722d93,CUST000425,Toys,3,931.56,2794.68,wallet,2026-05-06T19:38:27.118760
da60e263-9f29-454a-a664-567bff8d2ad9,CUST000600,Sports & Outdoors,4,1035.1,4140.4,cash_on_delivery,2026-03-17T01:56:08.938616
4483f9cb-43e0-4d9f-b3e4-4563ad51d4c0,CUST000794,Books,1,570.99,570.99,debit_card,2026-05-13T20:33:24.464637
9c4641b9-ae72-43e2-9dc2-6e040d7f1b16,CUST000195,Beauty & Personal Care,2,311.36,622.72,credit_card,2026-07-29T19:28:11.291049
8afb616b-fb23-4ff0-abda-3b2b737a44bb,CUST000048,Home & Kitchen,3,1731.18,5193.54,wallet,2026-06-27T11:56:07.686025
0b02c22a-de45-43b3-a799-d3e3305be7a5,CUST000750,Books,5,1599.81,7999.05,credit_card,2026-06-29T07:39:31.454166
eafe6f95-b7c6-41c2-9bc4-037999457bd7,CUST000133,Sports & Outdoors,1,1578.2,1578.2,credit_card,2026-04-23T09:26:02.184872
d5405683-3f47-4f01-962c-44ceeef009c4,CUST000675,,4,1874.56,7498.24,debit_card,2026-05-28T09:34:38.814092
e54fe18d-ad92-447d-948c-a9e6413dd346,CUST000721,Beauty & Personal Care,2,203.91,407.82,debit_card,2026-03-04T14:14:07.169312
2c7a1738-fad1-447e-9eaa-bcd3cc1b5694,CUST000355,Sports & Outdoors,1,502.0,502.0,debit_card,2026-07-14T05:27:28.550827
e175611d-e0ac-446e-a702-22aeede67381,CUST000385,Groceries,4,1587.59,6350.36,cash_on_delivery,2026-03-26T11:01:27.042518
e99ea2a8-1923-48cf-ade6-277658bf8cea,CUST000739,Electronics,1,1605.81,1605.81,upi,2026-05-08T12:34:18.341691
8c36c7c5-fe23-4890-81d6-e92b332a8af2,CUST000642,Fashion,3,1669.05,5007.15,upi,2026-04-20T05:03:28.110373
25d81a3a-12b3-470d-a68b-53a98b9b110e,,Beauty & Personal Care,1,259.06,259.06,wallet,2026-07-21T12:57:52.075197
44de367e-5ff7-42c3-a1da-f2a4663c3677,CUST000430,Fashion,1,745.64,745.64,cash_on_delivery,2026-03-05T01:25:25.393658
7ede4574-cfd6-4b4f-a456-64eadcfe2f54,CUST000108,Home & Kitchen,2,824.43,1648.86,credit_card,2026-06-08T05:19:02.591786
724b4b14-7ae9-4097-b16d-f771d514f356,CUST000233,Electronics,2,1169.13,2338.26,wallet,2026-02-11T01:23:36.552436
4655c213-3a5f-443d-a38a-24dfcf125837,CUST000350,Fashion,5,1046.56,5232.8,debit_card,2026-05-28T03:01:30.570158
88507405-e0ad-42aa-a621-2e39e3b76859,CUST000014,Fashion,3,685.99,2057.97,debit_card,2026-03-22T21:33:37.206504
ad3501b3-4960-457a-a687-57d867a18cbe,CUST000517,Fashion,4,151.64,606.56,upi,2026-04-17T07:26:25.465311
3337c7bf-f53f-4513-a78a-80e313970c80,CUST000314,Groceries,1,451.14,451.14,debit_card,2026-08-05T02:46:44.167964
a1a079b2-3614-4907-903b-6cf29a5db106,CUST000441,Groceries,5,305.49,1527.45,cash_on_delivery,2026-05-26T17:17:52.619933
41320b0d-ba24-423a-9e62-616dfcbffc61,CUST000383,Toys,2,1040.19,2080.38,upi,2026-03-24T10:35:49.461659
93a237d3-f291-4aa1-bc61-f737c22de122,CUST000757,Beauty & Personal Care,2,1580.12,3160.24,debit_card,2026-07-08T06:56:29.398735
15c18fef-74e0-454e-9b29-5b300bf7769d,CUST000614,Electronics,5,837.55,4187.75,credit_card,2026-06-25T02:01:50.124574
a8153f3a-a660-4bb4-8917-7c305d4db098,CUST000381,Beauty & Personal Care,1,1025.17,1025.17,upi,2026-05-25T12:28:39.796157
ec391911-88dc-468a-80a4-62668ac319c3,CUST000703,Fashion,5,406.93,2034.65,wallet,2026-06-11T18:05:16.879527
43a6414a-fb92-4e81-9227-1cdfde17581e,CUST000617,Beauty & Personal Care,4,1864.6,7458.4,upi,2026-06-23T10:44:07.258550
9311922a-fe51-4995-9abe-f1e4d2c4fbd3,CUST000520,Home & Kitchen,2,1630.46,3260.92,cash_on_delivery,2026-07-13T10:31:52.824816
8deb7d0c-ba2c-47d1-b2b2-70a1b5d09a53,CUST000374,Toys,1,1261.58,1261.58,cash_on_delivery,2026-07-09T01:52:18.919757
5c3aa272-d6c5-4e2b-a190-9db382df3f1a,CUST000070,Toys,1,1866.24,1866.24,debit_card,2026-04-08T08:19:34.797160
8cb43839-e89e-4787-af49-c4523524c636,CUST000703,Home & Kitchen,4,1481.11,5924.44,debit_card,2026-05-08T19:14:03.656520
f3ce946c-a198-4cf4-b228-3208ac5a7f1f,CUST000477,Groceries,N/A,603.28,2413.12,cash_on_delivery,2026-02-17T06:04:26.361504
92f7c397-2ad4-41ed-8153-d9d02de6b067,CUST000080,Groceries,5,158.75,793.75,cash_on_delivery,2026-05-28T21:14:29.125005
ee2a9fa7-833d-4f3e-8b6c-8148488872b0,CUST000247,Fashion,5,1945.75,9728.75,credit_card,2026-04-17T23:16:37.914060
b74c46c5-2b48-4823-b913-adfc0e9bbf2b,CUST000671,Fashion,1,1696.37,1696.37,debit_card,2026-04-09T07:14:45.400295
a9186e0f-60fa-4a69-8417-404c382e4fd4,CUST000655,Sports & Outdoors,5,846.52,4232.6,wallet,2026-02-19T05:10:29.475805
b273c2de-1cb8-4c5e-afee-1a4a98029189,CUST000363,Fashion,2,381.75,763.5,debit_card,2026-07-07T19:00:51.622074
b584dcdd-434e-431a-89ab-21cbcd3f4c10,CUST000194,Sports & Outdoors,5,1426.68,7133.4,upi,2026-06-30T23:38:59.248992
a8a7231d-2c5f-4679-9d83-7f5b3347cd38,CUST000508,Groceries,4,1377.97,5511.88,upi,2026-05-06T19:25:13.562207
d04ec12f-bd12-4230-b8e9-c5251354579a,CUST000781,Fashion,3,1894.11,5682.33,credit_card,2026-05-08T03:23:10.837638
c5682d16-5b75-4ce2-9c9d-51e13c041c6c,CUST000440,Books,3,1098.73,3296.19,wallet,2026-02-11T09:53:51.638936
a9376cd4-d7c1-48a6-a67c-4b049ad1fbe1,CUST000164,Groceries,N/A,1470.03,1470.03,debit_card,2026-03-17T17:23:05.360983
46367b5c-3942-4f90-8aa1-a0e0c81a92a1,CUST000724,Fashion,1,1612.52,1612.52,wallet,2026-04-04T15:42:23.348327
ac737aaf-cd56-40f5-9a33-b406075d517e,CUST000143,Groceries,N/A,1399.06,1399.06,wallet,2026-05-08T09:32:50.632618
57d1c2f6-8e8c-4277-bab2-15fc961d6dfa,CUST000716,Electronics,2,770.98,1541.96,wallet,2026-08-05T17:44:29.935176
18c4132b-08ab-46f5-b83d-8c2943992711,CUST000394,Home & Kitchen,3,1690.79,5072.37,wallet,2026-04-01T13:53:32.794267
74640d97-3bbb-403c-91af-4d5917d8c5b2,CUST000542,Sports & Outdoors,5,208.93,1044.65,credit_card,2026-04-20T10:54:53.110488
49f762f3-6096-462f-a3a0-6c16374b62af,CUST000044,Home & Kitchen,1,1976.93,1976.93,debit_card,2026-03-12T20:39:45.838746
5866496f-15fa-4a71-8f64-f5ad910686a0,CUST000204,Fashion,3,1958.66,5875.98,cash_on_delivery,2026-06-23T07:04:47.044229
9cf43b12-d5c4-4f60-b026-bfa7cb1a0554,CUST000229,Books,N/A,1080.24,1080.24,wallet,2026-02-19T18:58:55.205283
67cf65f5-0418-4365-afbe-4e5fe4ce9558,CUST000328,Groceries,3,389.13,1167.39,wallet,2026-05-27T05:36:57.885074
2d5c8c23-a239-40c3-b5d1-e83462b3764b,CUST000044,Electronics,3,402.25,1206.75,debit_card,2026-04-12T01:54:38.110376
8140f23d-6d45-44d4-8867-fbb1db5c1531,CUST000098,Fashion,5,564.26,2821.3,wallet,2026-06-03T22:20:26.138144
2cfb526b-66b5-4c28-9634-8218aa0ef02f,CUST000369,Electronics,2,1728.0,3456.0,credit_card,2026-07-24T09:29:25.187312
8594b754-2a4a-4c8c-83c9-2fd6d63dc962,CUST000216,Beauty & Personal Care,3,873.62,2620.86,cash_on_delivery,2026-03-20T12:35:39.852165
a197000e-8586-4882-871d-147b9091b161,CUST000500,Sports & Outdoors,3,1500.62,4501.86,cash_on_delivery,2026-07-08T16:01:51.643359
4e7b5ab6-eae5-43ee-ab57-ce66a43d672d,CUST000269,Toys,3,1992.33,5976.99,credit_card,2026-05-13T17:18:45.936343
81f9bacf-c48c-4d17-a535-2bf959c5cef7,CUST000097,Home & Kitchen,4,1082.9,4331.6,wallet,2026-02-16T21:41:45.490844
061e04b1-1643-46ba-9183-8faeb9d9d222,CUST000021,Electronics,1,1683.74,1683.74,debit_card,2026-05-09T14:59:15.759767
bea37588-3882-42da-b92b-5c89663c1278,CUST000625,Books,5,1559.43,7797.15,credit_card,2026-02-21T10:13:04.541228
d3b7509a-e91c-4ff3-86dd-60b64b705688,CUST000190,Fashion,3,794.82,2384.46,upi,2026-02-23T09:27:58.311075
92c31c66-f59e-4d9f-b3cb-8cfd7caab68d,CUST000473,Toys,5,814.94,4074.7,wallet,2026-03-03T02:18:27.515133
7407b8fd-a0f1-4497-b3f9-b97a2323bbdb,CUST000613,Beauty & Personal Care,1,996.78,996.78,cash_on_delivery,2026-03-15T16:15:51.807463
15d36dbb-fe67-4c45-b49a-3980af5faa1c,CUST000432,Electronics,4,1737.36,6949.44,cash_on_delivery,2026-04-28T09:38:57.752361
401f70b9-eda7-46f0-b1b5-a636443a8b8c,CUST000209,Fashion,5,188.06,940.3,wallet,2026-06-01T07:34:33.497599
36da425d-9e93-4cfd-93dd-c267596a9b20,CUST000667,Fashion,2,98.23,196.46,debit_card,2026-06-15T17:46:14.370942
76406d94-2593-4151-95a6-f1dd94662401,CUST000773,Toys,3,1093.45,3280.35,debit_card,2026-04-08T16:01:16.874457
2166bd06-6452-4e1a-974a-761db959bfa0,CUST000792,Fashion,1,1672.3,1672.3,cash_on_delivery,2026-03-29T16:29:53.031044
59a8fd6e-40fd-409a-9c58-3616bba5d493,CUST000068,Groceries,5,1744.26,8721.3,credit_card,2026-03-15T21:08:33.461102
f70ffe24-4aa0-408c-b603-23e06cce7916,CUST000582,Home & Kitchen,5,258.75,1293.75,upi,2026-06-25T19:08:05.535318
305b405c-fea8-4f67-afcd-dc92286be6e0,CUST000221,Home & Kitchen,2,206.94,413.88,wallet,2026-07-16T07:28:55.454533
28b716c8-b4d4-4aca-8122-cf81251ff62b,CUST000696,Groceries,5,540.99,2704.95,wallet,2026-05-28T03:57:01.685265
1ad27a7d-0fd9-495a-b6df-a2dc275c7a47,CUST000463,Books,4,443.92,1775.68,debit_card,2026-06-05T18:28:16.450980
46eba9c6-8919-4be8-b01b-688ee03c8a10,CUST000584,Fashion,N/A,244.96,979.84,debit_card,2026-05-16T03:19:09.236979
dc2c4899-fa8b-4c3d-87ce-e5d1befeb0e8,CUST000563,Fashion,4,816.78,3267.12,cash_on_delivery,2026-03-26T04:17:58.376045
65a2b303-0a38-4629-82c9-15ec0d0ab705,CUST000316,Home & Kitchen,2,1909.73,3819.46,debit_card,2026-04-11T19:05:42.414027
e6bf57d5-c3a9-4149-99a4-4d750dd240bc,CUST000724,Sports & Outdoors,3,269.02,807.06,upi,2026-04-19T20:30:30.948183
9d4a6373-8dbd-4e43-9485-84682187b482,CUST000030,Beauty & Personal Care,3,455.04,1365.12,cash_on_delivery,2026-06-16T09:23:12.353328
f682ba67-87cd-49f0-86b6-c6ac542158dc,CUST000007,Groceries,4,1968.61,7874.44,credit_card,2026-08-02T15:18:49.045174
6234710c-ed87-4bc6-8a94-d2b1e0181191,CUST000550,Books,5,1922.9,9614.5,cash_on_delivery,2026-03-30T02:34:40.969653
c49f5352-62ec-4ee2-932c-c7cc80f629d8,,Home & Kitchen,4,891.59,3566.36,cash_on_delivery,2026-05-24T04:28:16.239960
3fcfc7e5-abe2-4e97-a555-a45b0a372571,CUST000766,Books,1,1399.52,1399.52,debit_card,2026-07-06T16:48:49.015427
42929e35-0c43-48df-a6dc-cbaac2aeab70,CUST000084,Home & Kitchen,5,980.99,4904.95,debit_card,2026-04-30T09:54:25.091321
e941f432-91f9-4f69-a723-20b8c57aea98,CUST000657,Electronics,2,1210.33,2420.66,wallet,2026-02-26T10:35:38.760511
997fbd1b-9a24-4198-930c-f41b60c4b0cf,CUST000408,Home & Kitchen,5,306.12,1530.6,cash_on_delivery,2026-06-10T18:40:48.860810
cfb79b6a-2b13-46e0-8da4-3563e851f50a,CUST000448,Books,4,1938.36,7753.44,cash_on_delivery,2026-05-28T15:31:33.844373
6a849a2c-cedf-44f7-8c61-ddd7780d0850,CUST000651,Electronics,3,1193.58,3580.74,credit_card,2026-07-21T16:08:12.053429
400c9eff-a5b1-408b-8fb2-5e1da321e1be,CUST000493,Fashion,5,1256.26,6281.3,upi,2026-02-24T21:26:35.450720
bc33a4e6-e925-4b3d-912c-48f55a442af0,CUST000685,Groceries,2,1537.79,3075.58,upi,2026-04-15T20:40:25.710241
bd5db42e-b2b9-44eb-be44-4a470a8a7028,CUST000000,Home & Kitchen,1,330.97,330.97,upi,2026-04-13T17:19:17.579515
acd9b579-571d-4852-9ee8-b3e0eba18bd0,CUST000146,Fashion,4,1568.67,6274.68,credit_card,2026-06-06T13:03:47.864285
7ee4ddd2-91c8-4c9a-b2f5-998e9ad141d8,CUST000144,Beauty & Personal Care,4,562.26,2249.04,credit_card,2026-03-02T15:22:29.963255
26b9c411-62a0-416f-b1eb-da8ded1aff2e,CUST000570,Electronics,1,1063.12,1063.12,debit_card,2026-03-03T19:32:25.073433
acacd79d-1fde-426e-9d29-a6ffcd313cea,CUST000756,Sports & Outdoors,4,1900.09,7600.36,cash_on_delivery,2026-04-18T20:21:47.727724
c89e4239-10aa-48b2-9843-72939f8a86b3,CUST000795,Electronics,3,768.68,2306.04,credit_card,2026-06-21T16:11:50.233951
32cb6e10-0d27-4124-9e61-4abac26fae97,CUST000671,Beauty & Personal Care,5,380.78,1903.9,debit_card,2026-04-01T23:56:35.469375
47fb0e50-c082-46aa-b831-e7038626f090,CUST000385,Groceries,1,77.68,77.68,wallet,2026-03-12T07:05:23.108931
9fdd1ab9-4bd8-4c56-b415-4e02dc18d1f3,CUST000575,Electronics,3,1332.78,3998.34,debit_card,2026-04-17T14:51:41.193424
b2ab76d7-572e-42fc-85b3-1fada3c65988,CUST000100,Electronics,4,1299.0,5196.0,debit_card,2026-07-07T15:49:08.630774
fcff5e58-5c30-4d2d-b5c4-952b6459e5ce,CUST000329,Electronics,4,1472.92,5891.68,upi,2026-04-27T05:00:06.695687
a1b1eab5-6b3d-4a8a-8f99-2bc891dfa062,CUST000134,Groceries,3,1629.31,4887.93,debit_card,2026-07-08T02:02:52.470330
bce13a2d-ed0f-4c61-bb08-9ceef1158194,,Books,4,857.53,3430.12,credit_card,2026-06-29T23:22:17.595608
406c2a0b-cb27-412b-836c-29f8d82f2a6b,CUST000591,Home & Kitchen,4,1041.92,4167.68,debit_card,2026-04-19T17:25:11.229447
f5aef7d2-da5a-46ff-b0e8-99a50386d9d9,CUST000220,Toys,1,603.42,603.42,wallet,2026-04-24T09:23:50.217037
d5bc487a-fe76-4992-a46c-de90e16b2150,CUST000661,Groceries,2,1918.15,3836.3,credit_card,2026-06-14T07:31:47.261225
4ecf63c4-a732-43ab-88ff-a67c267bee6a,CUST000059,Home & Kitchen,1,625.9,625.9,credit_card,2026-06-30T10:36:03.294991
56e6e68f-3717-493f-8a9e-2e9de83d317d,CUST000701,Electronics,3,1883.02,5649.06,wallet,2026-06-16T04:10:43.330264
8e6e7c5c-6950-4573-a583-a99b75789d91,CUST000181,Toys,5,571.81,2859.05,wallet,2026-02-16T02:00:13.002957
47a046d1-c40b-4265-9699-406869108760,CUST000241,Books,5,1292.59,6462.95,wallet,2026-04-13T13:34:04.383892
eb0a4e3f-10f6-4821-87b4-59d01efeaf30,CUST000017,Groceries,4,1673.81,6695.24,credit_card,2026-05-15T07:51:31.343786
de66e19c-4d88-46a8-98f8-b80770636249,CUST000720,Fashion,1,78.41,78.41,wallet,2026-07-29T18:07:16.473286
29c7d570-970b-4a27-8297-fdfa42efc311,CUST000675,Electronics,2,553.55,1107.1,credit_card,2026-07-10T07:59:41.371482
75f2cb74-00a9-4411-a903-b8dcfdb8f106,CUST000330,,4,1951.84,7807.36,cash_on_delivery,2026-07-05T11:46:04.979980
a95dd0e4-b9d6-4c69-ac33-637c3ef16338,CUST000538,Fashion,5,1127.95,5639.75,wallet,2026-04-22T17:04:06.611931
a9ad568e-324f-4d9b-96cf-acd730f4c11b,CUST000580,Beauty & Personal Care,4,117.95,471.8,upi,2026-06-17T04:25:11.542205
279415ce-ee95-49f6-9e58-25d8c18316c1,CUST000518,Home & Kitchen,2,1997.3,3994.6,cash_on_delivery,2026-02-28T02:39:34.943681
a185be09-7590-4bf2-b2e5-d67741ca9d86,CUST000472,Fashion,5,847.81,4239.05,credit_card,2026-06-17T06:55:35.773097
3995601c-99cd-48fe-97dc-9db707c5aea3,CUST000688,Fashion,2,1962.76,3925.52,wallet,2026-06-07T11:13:41.587606
f4f0070d-e522-4208-8fb4-60bdc2e348cf,CUST000410,Electronics,2,1142.71,2285.42,upi,2026-03-25T13:14:28.804720
d9343f4d-c4c4-4e73-a39e-616427ac6be2,CUST000050,Toys,1,586.24,586.24,debit_card,2026-07-12T13:48:39.935143
5b7c0696-ccfc-4ab0-b16c-4b0d462d4c16,CUST000701,Fashion,2,935.3,1870.6,wallet,2026-03-03T23:27:05.440748
fb0c587d-7026-4548-bb70-3191c732c122,CUST000343,Books,5,560.65,2803.25,cash_on_delivery,2026-07-11T07:36:05.409324
af1a5213-a93b-488c-8daf-e250e032d995,CUST000596,Sports & Outdoors,5,878.89,4394.45,upi,2026-05-28T17:18:51.234613
00b83e3a-aa24-43d6-b5bb-ebcdb6188bcd,CUST000269,Home & Kitchen,2,1940.74,3881.48,debit_card,2026-07-03T10:04:10.768572
5903c199-47f2-4d69-9536-db3208efb4b9,CUST000214,Sports & Outdoors,3,1482.71,4448.13,debit_card,2026-06-09T11:20:22.845676
edb83480-13f5-45a1-9fdd-fa274101864c,CUST000416,Sports & Outdoors,1,1691.26,1691.26,credit_card,2026-02-12T19:51:52.686836
842101b1-103a-475b-b571-42a2e269117b,CUST000135,Sports & Outdoors,1,595.1,595.1,credit_card,2026-02-22T20:49:43.336325
3094d6fa-dcc3-4223-b051-5ccb6394f296,CUST000322,Home & Kitchen,3,337.46,1012.38,cash_on_delivery,2026-06-09T03:31:51.576063
7cc6424f-dd0e-4603-8e7b-08fc442d437b,CUST000511,Home & Kitchen,5,670.86,3354.3,wallet,2026-06-15T14:22:28.827615
571d6f04-963d-4984-921e-85951baa9010,CUST000024,Toys,4,994.81,3979.24,credit_card,2026-05-08T12:44:47.960448
d253d616-3e79-480d-a8e0-960e14b47cd0,CUST000448,Beauty & Personal Care,1,1663.41,1663.41,cash_on_delivery,2026-04-05T18:26:54.259938
eee559ec-ea66-4271-bf40-0672789d7776,CUST000003,Groceries,3,136.63,409.89,debit_card,2026-07-17T12:54:57.943944
c11eecb9-c86a-49da-9c63-982ebe656924,CUST000179,Fashion,4,591.75,2367.0,cash_on_delivery,2026-06-06T05:27:24.758411
e481890b-8022-49e4-a5c5-e93a00bc5d00,CUST000516,Toys,5,736.09,3680.45,debit_card,2026-04-03T17:41:28.663316
b88d7407-d6f4-41c2-9f0e-6f3ef5f0f85d,CUST000245,Beauty & Personal Care,1,329.71,329.71,credit_card,2026-03-03T00:43:01.040519
98bac562-5a04-4fb9-be14-ad22819ec8d9,CUST000723,Groceries,3,1663.16,4989.48,wallet,2026-04-22T01:31:32.383156
f53b65f2-904a-4c89-8744-7138562cb9bf,CUST000612,Electronics,1,493.24,493.24,cash_on_delivery,2026-06-15T08:22:17.173783
087333dd-9bcd-4f7a-aa16-904372a1c7e9,CUST000314,Sports & Outdoors,2,960.42,1920.84,credit_card,2026-04-21T10:56:02.018704
8044f6bd-9fe6-458b-83a6-862c0c4e1e14,CUST000675,Home & Kitchen,5,1211.28,6056.4,debit_card,2026-08-06T09:01:43.994883
87a2c349-1ea8-4b5c-b67f-ce6690d0efdc,CUST000095,Home & Kitchen,1,294.64,294.64,debit_card,2026-05-20T03:11:17.375664
226e19e2-3b39-468e-8354-04ee426f8d8c,CUST000254,Electronics,3,1837.11,5511.33,wallet,2026-03-24T08:10:37.296299
91d68138-2234-4f83-b39f-8f38a06246f3,CUST000787,Beauty & Personal Care,5,50.36,251.8,wallet,2026-03-01T12:21:28.473754
663f1fa7-9de0-4e05-ae14-32856975a72f,CUST000409,Toys,4,1421.68,5686.72,wallet,2026-04-07T05:33:51.278665
56fa2cf2-fd8f-49c8-9964-9ac2024971a7,CUST000113,Electronics,4,118.74,474.96,cash_on_delivery,2026-06-10T05:58:44.877432
5ff8b19f-3b2b-44cc-be8c-aa03eac81ebe,CUST000512,Groceries,4,632.37,2529.48,upi,2026-03-01T18:58:40.723490
de762c9d-0362-41c4-b0db-2e747f1e5aee,CUST000348,Fashion,N/A,591.2,591.2,credit_card,2026-02-14T14:52:47.253906
4179ab4a-eb82-40f6-84ab-1f7898641d76,CUST000641,Toys,5,851.82,4259.1,debit_card,2026-02-28T02:27:45.934903
60dcb460-fb4e-4703-86de-3e45d5e47d27,CUST000529,Sports & Outdoors,1,1177.69,1177.69,credit_card,2026-04-04T06:19:34.849883
25fabc5c-99b0-48a2-8433-7efbf480fcb3,CUST000320,Electronics,4,124.57,498.28,debit_card,2026-06-09T17:00:24.546714
3ff9556c-1151-4ec6-9054-d1eebd38dd0b,CUST000164,Home & Kitchen,5,1144.62,5723.1,upi,2026-06-25T19:22:02.287896
71cf8168-6cf6-4981-ab0f-0d70036b70a3,CUST000019,Electronics,3,119.87,359.61,cash_on_delivery,2026-08-08T00:59:51.392200
c6c26cd9-f0db-40a3-8d52-e34df195f9e2,CUST000275,Home & Kitchen,4,423.44,1693.76,wallet,2026-06-14T10:40:36.062044
8d4d9777-ca3a-43ec-8162-3f742acfff35,CUST000586,Sports & Outdoors,5,1459.74,7298.7,upi,2026-02-20T07:06:47.282941
c461416f-590c-4a1f-8647-b0a6caf861fe,CUST000258,Home & Kitchen,5,1933.19,9665.95,cash_on_delivery,2026-07-15T01:15:41.373231
6a6bf069-690e-4189-a901-c0e051d0f9c9,CUST000539,Books,1,1757.38,1757.38,credit_card,2026-08-06T17:41:44.017949
cd350275-ba8d-4364-baf7-e35b12b6c21b,CUST000291,Home & Kitchen,3,1800.74,5402.22,cash_on_delivery,2026-05-29T00:33:14.567942
979daaf7-33f8-4dec-ab22-427b062343ef,CUST000725,Groceries,2,1627.58,3255.16,cash_on_delivery,2026-04-19T06:45:52.720275
312b98f0-3a1e-429e-857a-6b3c245a3e60,CUST000376,Beauty & Personal Care,4,1603.29,6413.16,credit_card,2026-06-30T20:07:53.027311
5fdbab81-7219-469f-84b3-e3234221dd62,CUST000502,Sports & Outdoors,3,150.4,451.2,wallet,2026-04-20T19:40:36.923794
8a7b9eec-da7e-4ad0-a8fd-643fe1895ef1,CUST000671,Electronics,4,731.6,2926.4,debit_card,2026-07-14T12:49:50.608401
2a8da8f9-5a70-4993-989e-2814cd9c0ac3,CUST000697,Toys,2,1438.27,2876.54,debit_card,2026-04-18T15:04:15.411363
0353ace8-f4c7-48d6-b9c8-c099893f8124,CUST000170,Electronics,4,1128.62,4514.48,upi,2026-03-23T03:21:33.600305
328982f6-704e-4f1e-98f7-b0547779f709,CUST000688,Fashion,5,1430.13,7150.65,debit_card,2026-04-24T04:28:26.290343
c3e1c6f1-7bdb-4dd1-80b8-7ffc175c7d5a,CUST000206,Toys,5,1485.62,7428.1,wallet,2026-07-08T12:13:44.396345
b24c8fee-8cb5-4167-a1c4-458263bc478f,CUST000021,Home & Kitchen,3,264.11,792.33,debit_card,2026-02-17T02:30:18.262872
a755b5c2-0525-4416-91c8-b2c30eb8fe1b,CUST000072,Toys,1,196.71,196.71,debit_card,2026-04-10T05:36:12.449743
3d4fbbf2-87e2-46d4-be95-3dc7a229eb0c,CUST000492,Sports & Outdoors,4,1615.51,6462.04,debit_card,2026-05-19T06:06:38.949603
59104796-fe15-4250-9322-994ddc69e2c3,CUST000468,Fashion,3,1628.41,4885.23,wallet,2026-03-05T08:02:50.117695
3b05995c-1a47-4416-9d53-28fa0a08eb6a,CUST000695,Toys,4,1954.14,7816.56,upi,2026-05-12T21:35:02.872966
45491d83-709c-4610-9472-7ea078a011b2,CUST000474,Toys,1,119.71,119.71,wallet,2026-04-19T08:08:13.413936
c4db1cfe-1cb8-4714-934a-7f36c4799ade,CUST000598,Books,1,179.03,179.03,debit_card,2026-04-22T11:58:23.241690
71c35147-d007-436b-93cc-96588fdd6b69,CUST000502,Sports & Outdoors,1,1400.74,1400.74,upi,2026-06-15T19:45:18.631795
435eed53-ea62-4192-b271-0f374f188162,CUST000729,Sports & Outdoors,4,372.03,1488.12,cash_on_delivery,2026-06-16T06:41:47.187967
2a550100-aebb-43a7-aa87-0f345f18de43,CUST000033,Beauty & Personal Care,2,1704.15,3408.3,debit_card,2026-02-16T17:30:08.884188
059be457-88c7-48a9-9333-fb4c388d4661,CUST000383,Fashion,2,204.78,409.56,wallet,2026-02-26T02:23:00.876167
2e64ef20-2a64-461c-8c60-3763d05edf15,CUST000400,Electronics,3,1852.46,5557.38,cash_on_delivery,2026-07-02T02:44:48.005411
068e45bd-700e-4f37-8460-583c648d5985,CUST000757,Groceries,5,930.53,4652.65,cash_on_delivery,2026-07-07T04:51:35.467826
3aaebc9a-3fac-4990-8a5e-17b48ee02e66,CUST000728,Home & Kitchen,5,1739.66,8698.3,wallet,2026-03-07T07:27:12.670183
36e25f07-b695-4f33-94f3-f8e217b1c604,CUST000493,Groceries,2,490.5,981.0,credit_card,2026-06-17T09:33:07.235171
1cc85c0d-6ce9-4831-9713-5266a8375260,CUST000091,Toys,2,1391.68,2783.36,wallet,2026-06-23T22:48:48.870771
a16dc22c-faeb-44f5-926e-687d85df75c9,CUST000069,Books,4,1046.7,4186.8,credit_card,2026-03-13T16:41:48.892765
e6ff5a7d-8bbe-448f-baf1-d80127de341c,CUST000515,Beauty & Personal Care,1,338.21,338.21,upi,2026-06-08T20:26:05.330168
c57dbc65-c084-4ebb-857f-d698c889c5e0,CUST000551,Groceries,3,1157.89,3473.67,wallet,2026-03-02T14:24:34.363721
092bcbb3-08b0-4b4a-b459-2de964780fb7,CUST000514,Toys,5,1019.61,5098.05,upi,2026-08-05T06:31:39.621009
59a7c764-fa4f-441d-a53a-26af532c6c7d,CUST000447,Books,2,876.43,1752.86,credit_card,2026-04-21T11:12:45.010139
7ca67197-bac4-4f20-9ce9-1fc62e8b963a,CUST000716,Home & Kitchen,3,1084.0,3252.0,debit_card,2026-08-05T03:26:00.055102
9e43f26a-7a37-4481-ac16-86b4d30a6e67,CUST000764,Groceries,3,93.12,279.36,wallet,2026-03-09T01:44:05.865533
fb247362-4956-466d-8481-0dcb9539af79,CUST000152,Toys,1,1577.66,1577.66,credit_card,2026-07-11T13:07:44.343305
71cbfb47-57b9-4543-a026-346b7363aea3,CUST000425,Fashion,2,7.41,14.82,credit_card,2026-06-14T10:46:08.484512
effc9b0c-9353-4295-aeca-cb03b492debf,CUST000618,Beauty & Personal Care,1,364.22,364.22,upi,2026-07-28T11:40:20.336179
32808ad7-946d-4a98-bc16-548279e56a56,CUST000195,Groceries,5,1970.38,9851.9,upi,2026-07-24T18:05:51.205553
b586af46-4c93-47ff-8214-c90f644631ae,CUST000323,Home & Kitchen,1,630.35,630.35,cash_on_delivery,2026-05-15T08:49:46.512931
4b022c7f-faa9-43df-8914-51cd8fe92960,CUST000508,Books,4,599.0,2396.0,wallet,2026-05-28T01:45:03.198930
b46fe45c-2076-448d-974f-684eacdd6483,CUST000160,Books,5,1545.94,7729.7,wallet,2026-04-20T12:53:35.680909
f235beba-bee9-4667-8732-e811d3be6c3c,CUST000012,Groceries,4,1939.17,7756.68,credit_card,2026-03-12T02:55:17.223961
f64ff17e-67d5-4817-a022-77cb0f6f88b5,CUST000222,Beauty & Personal Care,2,240.83,481.66,wallet,2026-07-22T08:48:05.596355
0e5b06d2-d643-4b7d-9b54-91e875e54bf7,CUST000507,Home & Kitchen,4,584.95,2339.8,credit_card,2026-04-05T15:25:06.851911
1e5282ae-f02e-416c-881a-5d8066366a42,CUST000740,Electronics,2,171.85,343.7,wallet,2026-06-10T18:45:25.285386
4d0077d0-aa70-49fe-b6b4-c4b4e0915df6,CUST000421,Books,1,71.37,71.37,debit_card,2026-04-02T23:09:57.389110
9a0606b9-6656-4397-838c-5d5d417710e4,CUST000212,Groceries,5,823.32,4116.6,wallet,2026-06-14T05:54:59.099687
404fdb76-2356-4564-a725-d1e0fed1930b,CUST000395,Toys,4,678.47,2713.88,wallet,2026-04-28T02:42:44.409945
b9ad6ee5-776b-476d-aeba-cf293af2f6e5,CUST000422,Sports & Outdoors,1,919.62,919.62,wallet,2026-07-19T00:14:32.720314
64dfd1d9-3e77-4964-9104-5dabc736874f,CUST000232,Toys,4,312.4,1249.6,debit_card,2026-05-28T00:08:36.577522
d3c07235-1b97-44a2-aff8-607337bed252,CUST000251,Electronics,3,1435.06,4305.18,upi,2026-06-10T15:22:54.158525
5731a1fd-628d-4eaa-a3e6-662f33990209,CUST000416,Fashion,5,1533.77,7668.85,upi,2026-05-25T23:29:13.043663
c9a66e66-5fe1-4677-90df-e0cf23975a5e,CUST000588,Toys,5,646.19,3230.95,cash_on_delivery,2026-06-21T22:12:40.976795
4c902d9f-1f51-4524-a8fc-0033da1ed9a4,CUST000056,Beauty & Personal Care,4,1223.42,4893.68,credit_card,2026-06-30T00:16:27.361275
5a8853d2-4357-4016-8622-452699fa102f,CUST000528,Groceries,1,1232.3,1232.3,upi,2026-06-20T05:07:17.499369
a3710fc7-b808-40e8-b212-d763b7bbb146,CUST000553,Electronics,3,1203.15,3609.45,credit_card,2026-05-10T17:09:53.856820
b817a02c-1efd-4963-b91c-a066c3d1a3d1,CUST000111,Electronics,5,408.69,2043.45,cash_on_delivery,2026-03-15T04:09:17.594793
22d2059a-ed53-4428-a43b-a05c84c9e282,CUST000016,Home & Kitchen,4,1384.87,5539.48,cash_on_delivery,2026-05-31T22:47:20.056308
3b1ddd19-09e6-4943-bb95-046c997cee6a,CUST000145,Groceries,2,1552.94,3105.88,upi,2026-05-24T20:46:47.588560
046bb6ca-9cd4-4de7-93e7-4160601c3bb3,CUST000687,Sports & Outdoors,1,1771.78,1771.78,upi,2026-05-08T11:26:34.942104
cbafde15-369f-450c-b461-0ea73ed37551,CUST000683,Fashion,1,1830.77,1830.77,credit_card,2026-03-26T02:33:25.193052
14ad542d-e8af-48af-ad31-9e8ef246f2df,CUST000378,Sports & Outdoors,1,1043.72,1043.72,upi,2026-05-07T04:28:39.052081
1ccce299-ceaa-4d7b-be83-f099d2c6b0fd,CUST000124,Groceries,1,1575.59,1575.59,credit_card,2026-06-29T06:16:01.187712
3d8699d1-f023-4dcc-bf52-8ef51e8312e3,CUST000797,Fashion,1,255.9,255.9,upi,2026-08-04T07:31:51.339398
1801ecf7-d904-4092-a00c-5ca883fe2b85,CUST000262,Home & Kitchen,5,1755.13,8775.65,upi,2026-04-16T14:39:01.847384
46d924c1-2e94-4b68-ae37-29c0aa1065e5,CUST000139,Beauty & Personal Care,3,5.71,17.13,wallet,2026-03-20T21:20:20.936323
6321e072-e47e-4d59-bfc2-5296ef0d9f87,CUST000769,Home & Kitchen,5,593.62,2968.1,upi,2026-05-26T07:33:52.796956
ab816b3a-19b8-4b9e-9487-5f31e0006242,CUST000497,Home & Kitchen,4,195.89,783.56,debit_card,2026-03-05T20:39:29.016711
c8bb80c0-23fd-4ea1-9a16-e04ed4e1bbb2,CUST000491,Sports & Outdoors,3,1123.17,3369.51,upi,2026-02-14T10:28:47.131394
c1c215b7-d8f3-48a9-8f65-a638d823094c,CUST000015,Fashion,3,1533.8,4601.4,wallet,2026-03-13T18:32:18.172293
a7335100-449b-4582-bc53-045162db9bab,CUST000175,Sports & Outdoors,4,1720.12,6880.48,cash_on_delivery,2026-02-27T01:15:13.650931
7d2561fc-503a-44b2-b252-7017c7e7918a,CUST000096,Toys,5,688.15,3440.75,debit_card,2026-05-22T19:36:04.992777
dcd92cbd-deb2-4a11-8b7f-3ee960dbe08b,CUST000297,Beauty & Personal Care,4,474.79,1899.16,debit_card,2026-07-28T01:47:08.077405
1202460d-e55b-4bc6-b08e-9424c468f32d,CUST000679,Fashion,1,1818.82,1818.82,credit_card,2026-07-31T06:46:20.164820
819a3a90-6d62-45e0-8c70-54cde933860e,CUST000770,Home & Kitchen,5,848.29,4241.45,wallet,2026-05-12T08:19:34.873580
8af393e1-fc5f-41d9-a38f-b7199aad11a7,CUST000479,Beauty & Personal Care,3,430.6,1291.8,cash_on_delivery,2026-05-06T12:33:51.561218
5356d101-8eb9-4874-be5a-ff274c577fc4,CUST000537,Books,4,373.12,1492.48,wallet,2026-04-23T08:05:09.974254
92972c78-9c8c-422a-9367-c4238d0b5355,CUST000310,Home & Kitchen,5,1521.54,7607.7,cash_on_delivery,2026-02-16T13:52:15.110026
c4d0bdde-aee6-4ee6-8c21-7f36b1eb57e7,CUST000565,Beauty & Personal Care,3,382.36,1147.08,cash_on_delivery,2026-05-26T07:33:10.249856
86bba625-6b5d-47b0-946c-b2f9ca8590bf,CUST000730,Toys,3,1994.54,5983.62,upi,2026-05-02T15:41:40.515254
4fb73bd6-19c5-454b-9826-5c0f1f1f5d02,CUST000436,Beauty & Personal Care,4,530.49,2121.96,wallet,2026-05-11T09:33:33.935903
0c41f47c-16af-4ef9-b1ce-0bc6db89dc94,CUST000013,Groceries,4,599.14,2396.56,credit_card,2026-03-20T05:39:54.547056
cbc72304-ebbc-4fa9-8f57-367a65708ceb,CUST000656,Toys,4,1727.51,6910.04,debit_card,2026-04-08T04:19:13.332040
e6d9bb87-3eb4-40e1-bd9d-f34c92146725,CUST000506,Home & Kitchen,5,335.21,1676.05,cash_on_delivery,2026-03-20T00:40:20.790428
7f08a989-948f-4cbc-9ff7-5336ca7058bd,CUST000628,Books,2,194.43,388.86,wallet,2026-07-03T14:04:37.734220
a6e71078-af83-413e-8564-86aa247ddd27,CUST000111,Beauty & Personal Care,1,668.21,668.21,credit_card,2026-07-07T20:31:18.610554
8eb6fffd-acf0-4424-a432-1a09202332b8,CUST000443,Books,1,847.05,847.05,credit_card,2026-06-22T04:56:03.490941
cc216df0-832c-4d6c-8953-396a8f9e0a2c,CUST000146,Groceries,1,1320.12,1320.12,cash_on_delivery,2026-02-16T07:46:27.441900
c1ef3654-de4c-4b15-b9a1-3c658fe51cce,CUST000122,Home & Kitchen,5,1229.63,6148.15,cash_on_delivery,2026-03-21T01:45:42.191414
9c500d77-a909-4aaa-ade3-08c8a8ccc3f4,CUST000205,Fashion,2,1043.03,2086.06,wallet,2026-06-19T23:29:37.083084
884e92c0-b945-46ab-b8d0-455e5aa12e25,CUST000614,Electronics,4,1254.94,5019.76,credit_card,2026-06-04T19:38:41.700564
3abecd9e-da1e-4e02-a5ec-5c39455f6af9,CUST000423,Beauty & Personal Care,2,489.74,979.48,credit_card,2026-05-24T04:22:35.802470
40d8d4f3-240c-4164-9d7a-ab5caf84e04f,CUST000128,,1,1325.73,1325.73,debit_card,2026-06-16T02:41:16.350471
251a460f-fd27-4e49-b4a5-b01a0164edaf,CUST000044,Fashion,3,186.76,560.28,upi,2026-08-07T08:45:46.017081
27e34809-8b97-485a-8f28-ffae1568a60d,CUST000291,Sports & Outdoors,4,705.95,2823.8,wallet,2026-07-04T21:17:07.335289
046ce733-0bd2-4567-83dc-ec1d847ef26e,CUST000015,Groceries,5,1082.17,5410.85,wallet,2026-05-11T08:23:12.550297
667799dd-344a-4b62-b199-dcb57766deb4,CUST000504,Books,3,1898.97,5696.91,credit_card,2026-06-22T16:55:06.145656
e3d5c3a7-ae93-4b69-a90a-0ebc778b964e,CUST000413,Books,1,963.4,963.4,upi,2026-03-19T20:09:34.128826
c445be7a-fd85-4cf4-b85b-55e2e175bb82,CUST000594,Fashion,5,346.55,1732.75,wallet,2026-02-28T14:40:28.750561
066b5e29-d2be-4bc4-a3e4-ce0da3582ae5,CUST000281,Sports & Outdoors,4,1508.62,6034.48,credit_card,2026-05-28T15:43:58.581645
5215fa11-111e-4dee-ade8-7ae1213a2039,CUST000044,Fashion,4,1726.77,6907.08,upi,2026-06-16T09:51:18.747770
18d96ab4-a3df-4667-b027-5bc92f2d44de,CUST000556,Beauty & Personal Care,N/A,1256.83,1256.83,credit_card,2026-05-15T20:11:27.514736
455a2134-576c-46ca-956c-4d4e64cba3a6,CUST000598,Home & Kitchen,2,794.64,1589.28,credit_card,2026-03-16T23:32:16.545544
758b25b6-0651-44a1-b099-c8bf57f7bf48,CUST000729,Toys,2,746.28,1492.56,cash_on_delivery,2026-07-21T13:33:49.408158
dea55a34-266b-4344-adf9-43a81c311e4b,CUST000176,Electronics,1,1809.8,1809.8,cash_on_delivery,2026-08-04T02:14:40.889579
ded8db42-0c8b-4a32-b07f-ed3c6d8f1961,CUST000299,Home & Kitchen,4,712.65,2850.6,credit_card,2026-03-08T11:09:07.155603
ecfa624a-1527-4c42-a284-a8dfccb2c5af,CUST000415,Groceries,2,231.55,463.1,credit_card,2026-04-09T18:05:36.058949
1b1677e3-f715-4c12-92b2-301c0014aa8c,CUST000300,Home & Kitchen,3,1716.38,5149.14,credit_card,2026-05-24T09:09:18.307710
91b142ac-ab5a-44ca-9ae1-fffcfebae1ac,CUST000015,Electronics,2,1844.56,3689.12,credit_card,2026-04-21T15:11:52.045911
e19fc411-f1ce-4d80-8e5e-6fc1f84805ff,CUST000060,Toys,3,242.25,726.75,credit_card,2026-06-18T14:27:02.182498
3b0d8334-06ec-4526-9e37-b083d6f4be94,CUST000091,Sports & Outdoors,4,1421.96,5687.84,debit_card,2026-07-18T04:08:40.238795
e5bc6f29-4d39-409d-b248-f4fed7cbd5ca,CUST000553,Groceries,4,1280.4,5121.6,credit_card,2026-08-02T04:18:41.092477
9f8c5971-bb4b-46f0-9bd0-2c0b60d52092,CUST000070,Books,1,157.7,157.7,wallet,2026-06-01T06:58:11.757253
3c8f829d-fe1a-43ab-a49e-17b8c26c40bd,CUST000574,Sports & Outdoors,2,208.91,417.82,debit_card,2026-06-05T09:48:58.744238
2265dd0b-44d1-421d-b055-2cba83428175,CUST000500,Books,5,130.67,653.35,upi,2026-05-29T09:42:35.309119
dcc948c1-11e9-40ad-858d-fa9da9941ca8,CUST000344,Books,5,1687.74,8438.7,upi,2026-05-29T02:31:49.688623
7079988b-56bd-4433-9589-31e8dfda91e3,CUST000754,Sports & Outdoors,5,1740.97,8704.85,credit_card,2026-07-09T13:10:36.614284
16182f6b-df2f-49be-bb65-b2a89d081d2d,CUST000426,Beauty & Personal Care,2,1467.42,2934.84,debit_card,2026-07-06T08:01:13.197326
3efef559-5d37-4d29-b546-092b1e3ace5a,CUST000772,Fashion,3,1679.0,5037.0,wallet,2026-04-23T02:57:10.484688
1f815e35-24ca-48ba-bbde-9701a4a4764d,CUST000126,Toys,3,83.99,251.97,cash_on_delivery,2026-04-23T00:27:36.758281
d8042537-7914-4ef8-a9d9-4667286018b1,CUST000658,Home & Kitchen,3,1599.63,4798.89,credit_card,2026-04-12T06:52:55.504892
2918152b-eb84-4c72-b63c-e84b48732a88,CUST000149,Groceries,3,100.25,300.75,wallet,2026-05-29T01:40:54.075939
8a29038e-00a3-4aab-b49d-3bef6ec4426c,CUST000349,Electronics,5,1221.13,6105.65,wallet,2026-06-14T03:59:37.036352
a6e38806-c5d7-4803-b229-a6748a566fe8,CUST000799,Electronics,2,351.61,703.22,credit_card,2026-05-15T03:20:49.306183
3f538429-0a7a-4dfc-b474-7d8a9b9b8794,CUST000425,Home & Kitchen,2,712.2,1424.4,wallet,2026-07-19T08:06:31.432331
d6d2ddaa-cc7f-41ae-9831-ad3c97dafbbd,CUST000190,Books,4,582.48,2329.92,credit_card,2026-04-18T23:19:04.015637
5c455021-c5dc-41be-96fa-1fcca19e13de,CUST000098,Groceries,3,1071.08,3213.24,credit_card,2026-04-21T23:44:24.207984
19d8fc71-f005-4ec2-86b1-014fbcac7a3a,CUST000190,Sports & Outdoors,2,928.91,1857.82,credit_card,2026-07-30T13:35:44.637076
b98c2146-0d76-4993-bcda-b16820c92deb,CUST000346,Electronics,1,325.67,325.67,credit_card,2026-04-22T12:38:55.841505
9c8f9c40-8a94-4850-98b3-db7733038a98,CUST000703,Groceries,4,1218.09,4872.36,wallet,2026-04-01T06:33:24.471865
37c3faad-3fce-4af9-8545-dac389822c53,CUST000513,Books,4,1147.34,4589.36,wallet,2026-07-05T03:13:42.523704
c5ca97ea-7ab8-4e10-8ab4-1e370050f765,CUST000144,Books,5,1070.92,5354.6,wallet,2026-06-28T13:08:43.592416
f4c65a8a-9912-4252-8f2e-7ccf5ca044ea,CUST000163,Toys,2,244.4,488.8,cash_on_delivery,2026-08-05T19:41:34.900384
2ee98295-f324-42d7-938a-f8c3bb14f3a2,CUST000056,Home & Kitchen,4,1668.25,6673.0,wallet,2026-03-24T08:37:59.987511
c60b82f0-9962-45ce-aa1d-e37985936a29,CUST000081,Sports & Outdoors,4,1461.13,5844.52,credit_card,2026-04-03T08:36:23.849050
8e66ad16-abdf-4a1a-9ce7-d8d1112479d7,CUST000675,Beauty & Personal Care,3,339.6,1018.8,cash_on_delivery,2026-05-06T17:58:59.315552
f70a1171-a6ca-4c70-a6d7-d9963a7dd270,CUST000567,Fashion,3,955.73,2867.19,debit_card,2026-05-28T16:28:27.381599
b0278688-caa9-434e-8380-e12f2e512ca8,CUST000452,Sports & Outdoors,5,1977.69,9888.45,cash_on_delivery,2026-06-03T09:14:45.671813
f08b350b-48fe-4ace-9375-382008eb3196,CUST000345,Books,2,1776.51,3553.02,upi,2026-03-21T07:03:30.839214
f4cb658c-740b-4c5b-9a9b-ea62b2d29adb,CUST000240,Toys,1,972.96,972.96,credit_card,2026-03-26T04:24:56.270247
a150557a-eac2-4fac-8e4a-184d9f3482f0,CUST000151,Toys,5,147.51,737.55,credit_card,2026-04-05T13:30:29.078610
a047159b-9562-4e19-be29-9b21175d0bc7,CUST000785,Electronics,3,480.9,1442.7,wallet,2026-06-06T20:06:37.470975
a52af61c-a3b6-4a59-bfe0-f320893218ce,CUST000441,Electronics,1,1381.01,1381.01,wallet,2026-04-27T10:05:07.558197
d395e6ed-bb2b-49a4-ac1f-161707cc28de,CUST000212,Groceries,4,1790.29,7161.16,debit_card,2026-07-21T23:31:56.125055
4cdc3d99-d86e-4258-971e-625e4d9dd1eb,CUST000252,Books,5,1838.68,9193.4,cash_on_delivery,2026-04-05T03:54:15.387816
20ba88d5-6cf6-4500-98bc-0cd4aec69d4f,CUST000239,Sports & Outdoors,3,1636.06,4908.18,credit_card,2026-03-29T12:22:00.930980
6c9ff830-89a5-4f34-8807-d17a3e56cc3c,CUST000099,Fashion,5,1201.44,6007.2,debit_card,2026-04-17T06:32:05.159169
058af040-bf1d-43ff-af0c-ab827e090f65,CUST000769,Books,5,1812.34,9061.7,cash_on_delivery,2026-02-22T13:00:47.571984
2466db8f-5dee-4fe1-9ca0-d8445b3bcd2b,CUST000797,Sports & Outdoors,5,727.49,3637.45,credit_card,2026-05-08T06:47:13.873742
c9a523a0-5836-47c2-aa90-978261a94c65,CUST000246,Home & Kitchen,4,1501.67,6006.68,credit_card,2026-02-20T07:53:37.387700
e861d4e3-a2bc-41fe-b9d7-938864bc26f9,CUST000704,Home & Kitchen,2,1668.07,3336.14,cash_on_delivery,2026-04-21T00:57:44.928524
50d4eb17-076a-4ed2-aadf-b255ae3bc48c,CUST000556,Electronics,4,1217.93,4871.72,debit_card,2026-03-31T13:45:58.259721
0bd0f61b-2bb0-4523-b12f-797885071cdb,CUST000497,Toys,5,918.72,4593.6,debit_card,2026-03-21T10:33:17.026053
2cd3de9a-3b49-4405-9529-fce81c2a817c,CUST000776,Fashion,4,691.05,2764.2,wallet,2026-04-26T17:56:58.342303
f5c9a8b6-ece7-4e74-92bd-ab184bb43009,CUST000001,Toys,1,1085.6,1085.6,cash_on_delivery,2026-03-15T07:14:32.602053
8e439145-592a-45f8-b816-dd3978a821e1,CUST000558,Home & Kitchen,4,44.49,177.96,wallet,2026-04-02T07:43:57.473857
5838ab87-935e-4313-862f-e7233c76fa61,CUST000040,Home & Kitchen,2,1799.79,3599.58,cash_on_delivery,2026-04-19T18:43:17.909113
2b9d8ecc-e72d-49a5-a0a8-0efa3592fe00,CUST000167,Books,3,1644.03,4932.09,cash_on_delivery,2026-04-09T01:19:57.413248
cde74c1f-e492-41ea-b4dd-a48d0539f686,CUST000390,Fashion,1,803.12,803.12,upi,2026-07-13T21:54:20.328001
a24fd857-cb48-4d6a-b4e3-1eb1a127d27f,CUST000143,Home & Kitchen,3,1742.1,5226.3,upi,2026-04-09T10:23:11.999174
eec975c8-204b-48a9-a43b-8daf035f5a99,CUST000499,Beauty & Personal Care,2,773.27,1546.54,credit_card,2026-04-01T20:05:00.406446
31423147-175a-47d9-9248-008819965103,CUST000651,Beauty & Personal Care,1,1610.82,-1610.82,credit_card,2026-03-19T06:02:43.011143
7ca67197-bac4-4f20-9ce9-1fc62e8b963a,CUST000716,Home & Kitchen,3,1084.0,3252.0,debit_card,2026-08-05T03:26:00.055102
f017e233-18d9-427a-b86d-61c5d6e3f209,CUST000405,Beauty & Personal Care,4,216.51,866.04,debit_card,2026-05-15T20:32:13.276273
83dc5d75-6665-4d0d-8d9f-3badd0cd6450,CUST000634,Groceries,2,349.01,698.02,credit_card,2026-06-23T13:32:22.161577
2ad69945-cd8e-4e62-9ed0-983ae827008e,CUST000250,Books,2,528.47,1056.94,debit_card,2026-05-22T18:52:46.667778
c4406bd7-8481-4294-bb00-c468f2621c5e,CUST000197,Groceries,5,1942.28,9711.4,cash_on_delivery,2026-07-26T11:05:49.071930
2765f3b1-ad77-429e-b13f-7109f3cbb4dd,CUST000497,Fashion,2,916.59,1833.18,wallet,2026-06-06T23:07:22.370198
2a63709f-e929-4085-81e9-4bf4f3b1050f,CUST000706,Electronics,4,834.7,3338.8,cash_on_delivery,2026-03-01T08:34:03.400566
7e79579c-9624-49d3-ab36-2875863c03a5,CUST000612,Beauty & Personal Care,4,1679.78,6719.12,upi,2026-05-11T01:59:34.992079
44ad2b15-fe32-45ac-bee8-87ae2ee2185c,CUST000430,Fashion,4,1212.85,4851.4,debit_card,2026-04-10T08:16:08.122226
ae2b88f1-3338-46ff-8699-735467fb99a6,CUST000455,Electronics,1,446.93,446.93,upi,2026-02-19T01:16:32.752845
fadad652-e4a0-40e8-a722-74ed792d9b8c,CUST000056,Home & Kitchen,3,631.24,1893.72,credit_card,2026-06-04T14:36:43.631246
8d0ffaa8-0ca7-4d51-8801-1972d418b0ee,CUST000629,Beauty & Personal Care,4,1362.96,5451.84,credit_card,2026-03-23T04:32:30.160491
42e7743d-2dac-4abd-aae9-a9c2b8432747,CUST000477,Electronics,3,362.6,1087.8,credit_card,2026-08-06T05:07:19.677986
ebd4c764-abd5-43bb-a311-6aa2ed76ca6e,CUST000726,Groceries,2,850.22,1700.44,upi,2026-07-14T23:15:07.257411
6e42d737-dd9f-423c-943c-76c1866f91b9,CUST000770,Beauty & Personal Care,3,22.03,66.09,upi,2026-07-27T11:08:12.434108
89a8fb38-59df-4c41-80e5-07cdb38770cb,CUST000165,Home & Kitchen,5,1756.97,8784.85,wallet,2026-05-19T23:44:27.277985
6e2daa59-871d-4cf5-9892-8748a6436fd4,,Beauty & Personal Care,2,407.17,814.34,credit_card,2026-07-23T11:48:16.906714
5ec6f173-3ede-4308-bfb9-51d08297b4f8,CUST000444,Books,1,233.66,233.66,wallet,2026-03-11T13:24:07.663591
6191eb91-242c-4fea-80ed-c2675b9cd74e,CUST000781,Toys,1,1314.1,1314.1,cash_on_delivery,2026-08-03T15:02:06.137420
6bdf9aef-c65b-4a86-adf4-779d0c8c178c,CUST000394,Electronics,2,583.66,1167.32,upi,2026-03-09T11:27:25.792191
18c90e0d-ea97-4afc-a193-b2396013a601,CUST000266,Home & Kitchen,5,1433.01,7165.05,wallet,2026-06-21T06:15:58.626127
2d92439c-7c97-4530-b4c7-61094aae180a,CUST000766,Home & Kitchen,4,336.56,1346.24,credit_card,2026-04-24T09:29:41.576335
c970855b-9dd4-4251-a4ac-bff2f10dafdd,CUST000089,Sports & Outdoors,4,1944.13,7776.52,cash_on_delivery,2026-04-22T07:42:57.461562
b8f1c221-a912-456f-9469-1a46c681d306,CUST000089,Fashion,2,274.55,549.1,credit_card,2026-05-01T09:44:01.937517
8377903f-7055-4ef2-a342-723c346978a8,CUST000606,Electronics,2,872.79,1745.58,debit_card,2026-02-26T23:38:51.526121
abcae498-142e-45f2-82ed-7d92fe6e1629,CUST000537,Books,4,574.09,2296.36,upi,2026-05-07T20:39:14.410625
969153d9-24de-4c4e-a0a7-54e028ae9b24,CUST000453,Fashion,1,1017.63,1017.63,debit_card,2026-06-26T04:55:50.764910
d17db644-44a4-476a-90b0-b2e44a1ddfa0,CUST000322,Toys,1,175.02,175.02,wallet,2026-05-08T11:22:14.969385
9e284011-0790-4ea3-bfbb-de105ad35860,CUST000206,Groceries,5,1060.92,5304.6,cash_on_delivery,2026-05-05T15:19:51.176406
ab9e9961-f73d-4fdf-86a6-1e00bec55b46,CUST000763,Electronics,5,1429.75,7148.75,upi,2026-06-20T10:49:20.120529
e749dcb4-3e7a-4e1c-a357-4634f1b26a5d,CUST000335,Toys,1,739.65,739.65,cash_on_delivery,2026-05-17T09:49:22.213836
ffc95b4b-3fab-4e1a-aa1b-d99f3e98cf2a,CUST000409,Fashion,1,1653.04,1653.04,upi,2026-06-05T05:54:15.488106
a3fdec0f-fc0e-475a-af5f-ff636172df70,CUST000787,Fashion,5,57.3,286.5,cash_on_delivery,2026-03-30T11:23:04.163846
ede69594-b588-4fed-9b64-7a20b5e7b21a,CUST000009,Fashion,2,1316.84,2633.68,cash_on_delivery,2026-08-03T03:08:22.320832
d18ec9b4-b056-4957-80f3-a7685742217a,CUST000684,Beauty & Personal Care,1,792.65,792.65,wallet,2026-07-28T11:06:09.151566
4b8da081-6452-4e4a-bbad-3335fce3cf11,CUST000606,Sports & Outdoors,5,550.36,2751.8,wallet,2026-07-22T19:18:23.047869
10e37939-4abc-4a96-9e6c-798397c99abf,CUST000043,Sports & Outdoors,2,1015.17,2030.34,wallet,2026-04-24T18:11:01.436459
33f989af-4a81-4780-9e9b-45ad277bd32b,CUST000441,Toys,5,399.1,1995.5,wallet,2026-05-25T19:50:06.994992
e540e880-a9b6-4f64-8022-4d11e60165ed,CUST000130,Beauty & Personal Care,5,919.61,4598.05,credit_card,2026-02-10T22:16:43.220983
40daa5e5-209e-49cc-8541-129870461096,CUST000645,Electronics,3,1978.86,5936.58,cash_on_delivery,2026-05-02T20:09:59.327720
1c3f205c-48ff-40b8-b8a5-f61a5b18b994,CUST000002,Electronics,5,46.14,230.7,wallet,2026-06-02T02:00:10.635617
5742b48b-be4b-4cc4-9cc5-4eecd6450cc5,CUST000047,Beauty & Personal Care,1,845.37,845.37,cash_on_delivery,2026-05-26T23:37:12.247657
18f7c4f2-37f1-4a05-af2d-4605b2ca6fd0,CUST000779,Toys,2,1336.11,2672.22,upi,2026-03-26T18:47:17.129843
61c36ed4-041a-4860-b0e2-7f11e4c6e2cd,CUST000484,Beauty & Personal Care,4,1527.48,6109.92,debit_card,2026-04-24T02:03:55.857964
a7645bd5-c728-4b88-b61f-9877ad4404c4,CUST000177,Toys,5,1652.28,8261.4,credit_card,2026-06-22T16:12:41.830213
22f5cc6e-b010-4c07-8ff3-60194483e67e,CUST000122,Books,4,1062.03,4248.12,credit_card,2026-05-25T00:03:19.253843
08f9b0a4-23cc-471b-b44c-46742ed209e2,CUST000702,Beauty & Personal Care,3,1382.13,4146.39,upi,2026-02-17T10:24:19.905187
b1c5219b-6a79-4594-adec-556c411d905c,CUST000080,Electronics,3,1844.13,5532.39,upi,2026-03-07T23:15:23.036486
b125420e-4ed4-48e3-a023-861c91b102db,CUST000250,Home & Kitchen,1,1849.63,1849.63,cash_on_delivery,2026-04-09T06:04:56.538442
2df3180b-a085-420a-a505-45a113999e0a,CUST000619,Fashion,3,1359.73,4079.19,upi,2026-04-18T14:16:18.681912
041e5b34-0e38-40e7-b1ad-e9fc73e75f09,CUST000478,Beauty & Personal Care,2,1099.35,2198.7,wallet,2026-07-15T03:12:49.342288
6ba4bbaa-ad2f-40e7-bc8b-f2e68fdce07b,CUST000240,Sports & Outdoors,5,1561.56,7807.8,credit_card,2026-06-10T15:07:50.338685
20ced31f-8d6d-4a17-b84a-8d02b09610f6,CUST000456,Sports & Outdoors,4,1116.95,4467.8,credit_card,2026-07-04T19:19:57.997140
2a85a2cc-b608-40df-92f7-cac717bb95ce,CUST000167,Books,2,1982.05,3964.1,debit_card,2026-06-19T19:30:23.550216
748d6c36-090b-40e7-ae30-1177282e32e2,CUST000517,Beauty & Personal Care,4,1103.24,4412.96,cash_on_delivery,2026-07-30T13:22:04.116246
4cae9853-0344-4395-821d-5afbba6ed311,CUST000381,Groceries,2,1446.48,2892.96,cash_on_delivery,2026-04-17T07:04:28.599488
693e8181-679a-4e83-a03d-8b359c63a5b3,CUST000438,Home & Kitchen,3,1246.66,3739.98,wallet,2026-08-07T16:26:51.518662
901db2b7-b5f0-4045-8623-a7b7b4026f3d,CUST000741,Home & Kitchen,3,1738.26,5214.78,cash_on_delivery,2026-06-07T11:58:11.900972
51692cd2-975e-4e66-89b2-57ed12d64fee,CUST000070,Fashion,3,274.21,822.63,cash_on_delivery,2026-03-22T06:17:14.048059
c1d0f223-cb85-4f55-88bd-8be19e896418,CUST000444,Fashion,3,111.84,335.52,debit_card,2026-04-11T09:35:26.159339
4536c059-e32d-4f71-83a4-39c4a9e1debb,CUST000078,Toys,4,1768.33,7073.32,wallet,2026-05-07T11:00:33.987817
06476f28-d36c-45f3-86c7-14ea21cd0561,CUST000633,Electronics,2,489.15,978.3,credit_card,2026-02-17T09:27:39.831582
9980274c-242a-4e33-9109-62e696aa704d,CUST000478,Home & Kitchen,2,931.19,1862.38,debit_card,2026-06-09T03:10:23.813635
c1877ebe-6cd5-414b-90c5-a74b59d1a986,CUST000243,Sports & Outdoors,3,906.55,2719.65,debit_card,2026-05-28T23:39:53.912113
c752f1ef-c3e6-4633-a63b-e3c7d071eb4c,CUST000005,Books,4,115.34,461.36,upi,2026-07-20T04:41:14.792749
a3668c26-7764-44a4-9aaf-5f2a1f7b8214,CUST000012,Beauty & Personal Care,1,491.14,491.14,wallet,2026-05-01T22:34:55.204902
5aed63e5-7d3e-451a-b13c-566a1116e1f4,CUST000086,Fashion,4,1982.13,7928.52,credit_card,2026-06-24T06:02:06.425351
59c8df5b-670c-4afe-a4d0-d63a62e5ba9f,CUST000326,Home & Kitchen,1,396.87,396.87,cash_on_delivery,2026-03-11T11:06:57.899631
a28f563f-ef2a-436c-9d81-86a6ab2fdc43,CUST000419,Electronics,2,1476.31,2952.62,credit_card,2026-06-11T03:29:36.946521
dbc3463f-0f4f-41e4-b26c-810bc4b7d954,CUST000440,Fashion,3,1093.22,3279.66,credit_card,2026-05-12T07:11:32.866015
bdffb438-c3d9-45bf-84c8-be7411be3135,CUST000493,Toys,4,501.84,2007.36,debit_card,2026-06-30T09:13:20.616777
abfc3be0-331f-4bd3-b74b-cf0af74ddd8f,CUST000642,Beauty & Personal Care,4,970.25,3881.0,debit_card,2026-04-29T04:31:10.250590
220aa324-f11c-41f7-8bc7-3d5635914555,CUST000140,Books,2,1548.05,3096.1,debit_card,2026-03-30T09:56:56.678620
4fb7d2c1-b87f-41ff-86db-aa8565d25360,CUST000652,Sports & Outdoors,3,1697.08,5091.24,wallet,2026-08-08T15:44:06.287973
95ee6398-ea90-4e4c-b824-25ad901cd6e9,CUST000455,Toys,5,908.67,4543.35,cash_on_delivery,2026-03-03T09:06:16.045934
eeeba2eb-1c02-4da6-a51e-15a9601bf81d,CUST000572,Home & Kitchen,3,1008.82,3026.46,credit_card,2026-06-28T13:33:07.379931
f51be571-d962-4c03-8be2-2077a1163b82,CUST000294,Beauty & Personal Care,5,99.83,499.15,cash_on_delivery,2026-08-01T04:59:31.516263
be1ecde5-5ed2-4e3f-92ee-23cd3f940642,CUST000389,Books,3,76.79,230.37,cash_on_delivery,2026-05-29T03:39:34.853559
8117a8d4-eb97-40ce-81ba-dbfb1ce61492,CUST000271,Home & Kitchen,1,1854.22,1854.22,upi,2026-06-23T09:19:05.552997
0916c413-ba4a-4003-b7d3-4f6b42bff9dd,CUST000684,Beauty & Personal Care,5,421.47,2107.35,wallet,2026-07-23T18:56:55.127915
a60a627a-7a11-4400-8e02-4aef457dd6f2,CUST000341,Groceries,3,1351.84,4055.52,upi,2026-04-04T06:40:33.526133
673c1d2e-90d6-4eae-a731-70f958637a32,CUST000250,Groceries,3,1668.4,5005.2,upi,2026-06-18T22:04:53.993046
19e3d6ec-5f30-47ac-af2f-8dcf7f9fa0f8,CUST000773,Home & Kitchen,3,1068.9,3206.7,cash_on_delivery,2026-07-10T02:20:02.418229
44f387fc-c52e-4fd6-bc9e-752793772aa6,CUST000751,Fashion,5,1448.8,7244.0,wallet,2026-03-03T06:23:23.262503
620a2ada-9f04-4ce4-bd80-bb1450cf73da,CUST000660,Sports & Outdoors,4,573.7,2294.8,upi,2026-06-14T13:20:44.885615
33361a4f-6833-4911-b13d-8bd2bceba53a,CUST000125,Beauty & Personal Care,2,1875.19,3750.38,cash_on_delivery,2026-03-12T21:26:59.201117
e76e14f4-0c64-4047-936f-b4a5ccbf9f83,CUST000351,Home & Kitchen,5,1934.85,9674.25,debit_card,2026-04-05T20:30:57.547330
1458f87d-c71c-4ea2-9cfb-1797fadc0360,CUST000286,Home & Kitchen,3,11.32,33.96,cash_on_delivery,2026-04-27T22:45:19.091133
3fba966a-e288-4c01-bdac-1fbcdff7221c,CUST000600,Fashion,4,1514.26,6057.04,debit_card,2026-07-19T16:54:12.257597
80de6b29-b4f3-4f73-8b12-25a2345a6b19,CUST000106,Toys,5,54.19,270.95,cash_on_delivery,2026-03-11T07:04:30.945426
ca5c7f5c-e327-4f6b-8a5a-736394d096bb,CUST000269,Home & Kitchen,3,1729.68,5189.04,credit_card,2026-04-30T15:29:55.943366
c2e35635-555c-4d43-a02d-b717772ca0d0,CUST000224,Fashion,3,1617.44,4852.32,debit_card,2026-06-02T22:46:56.894441
2ccd551a-2614-4725-a67b-8aa3ec22d7e4,CUST000405,Groceries,N/A,426.55,426.55,wallet,2026-06-16T01:54:38.388153
22b9b3d0-8f05-4113-9692-60d336b22a02,CUST000425,Electronics,1,1340.87,1340.87,cash_on_delivery,2026-05-21T18:03:24.393021
d4b79324-313c-4ffc-94f6-1726ffc4f709,CUST000070,Electronics,2,1222.59,2445.18,cash_on_delivery,2026-03-20T17:19:39.921125
b5432a8f-7861-4cd9-a5ba-2f2122f8247c,CUST000465,Electronics,1,994.38,994.38,debit_card,2026-07-28T14:35:34.426029
ed1bc3a8-90de-4e13-86db-33f9322af915,CUST000760,Home & Kitchen,2,781.04,1562.08,debit_card,2026-04-06T12:50:39.413828
e5d7426c-bb0b-4db1-90b9-05c56e700f6e,CUST000323,Electronics,1,1354.0,1354.0,credit_card,2026-03-12T17:13:48.928820
9fefe3f3-0aca-44b2-aa9f-a76e9f5e1ae0,CUST000465,Beauty & Personal Care,4,1024.68,4098.72,debit_card,2026-07-13T10:02:28.785197
7c38978c-a377-4434-be34-8a22a7d06eb4,CUST000359,Toys,2,925.18,1850.36,upi,2026-03-01T04:16:30.952289
d45256a0-6385-4c55-b01c-a077b59e4095,CUST000566,Groceries,5,451.69,2258.45,cash_on_delivery,2026-07-30T09:48:59.527171
d1aa023e-b273-4801-8fc8-d9a11e97c85d,CUST000478,Books,5,1832.69,9163.45,upi,2026-08-08T11:11:14.792398
3384756a-7496-48fe-aebb-de029a26de36,CUST000616,Fashion,4,1842.03,7368.12,wallet,2026-07-28T07:11:40.981043
86474e94-9fad-4ec1-8436-41155387abb4,CUST000775,Books,5,785.17,3925.85,upi,2026-03-09T08:45:05.319272
9c0a99d1-78a0-43e4-89c3-a5cb9ca980d8,CUST000008,Toys,2,262.53,525.06,credit_card,2026-05-01T21:58:10.845674
71518ddf-d1ae-406c-8c95-acc98aa30f52,CUST000694,Groceries,5,837.58,4187.9,debit_card,2026-07-29T22:11:27.667776
7c3028b4-3f33-4865-8cbb-8badcdc33cb8,CUST000377,Beauty & Personal Care,1,422.26,422.26,wallet,2026-06-27T22:37:03.966193
6f61a804-9789-4466-9622-46c60d4d9e32,CUST000125,Sports & Outdoors,1,139.79,139.79,cash_on_delivery,2026-04-30T12:34:30.941523
b512172f-6038-4ba8-b981-1e5cc8222083,CUST000381,Electronics,2,1877.07,3754.14,cash_on_delivery,2026-04-18T17:15:12.827617
fe2db6a9-d7a4-40e7-9d91-0bdf249e10fe,CUST000092,Beauty & Personal Care,2,651.53,1303.06,credit_card,2026-08-05T16:41:52.080603
0ba1f4c8-012b-4386-8c02-0463a7533016,,Electronics,1,678.75,678.75,cash_on_delivery,2026-05-17T23:06:09.823495
82a00764-f1aa-4c70-8bf2-53387bb97f86,CUST000257,Toys,1,871.2,871.2,credit_card,2026-08-03T19:10:27.424081
51c4ff49-1ae3-45cc-b775-ba5d557e6eca,CUST000229,Electronics,1,640.78,640.78,upi,2026-03-10T13:00:26.944066
6f38cfc7-c3b9-4f2d-acc6-b4874abddf10,CUST000647,Toys,1,737.81,737.81,credit_card,2026-06-22T14:23:46.699404
b7d9ed0d-7e74-4ee8-9206-5a8f4b1677bd,CUST000501,Home & Kitchen,5,1060.28,5301.4,upi,2026-02-24T18:45:36.841397
a0af0cc6-9d34-4587-846f-237417ac3dcc,CUST000736,Home & Kitchen,1,569.0,569.0,cash_on_delivery,2026-03-24T16:29:22.178102
5aea52a3-c6c2-401b-98ff-8f80a370c8ae,CUST000132,Home & Kitchen,4,1390.47,5561.88,cash_on_delivery,2026-03-10T17:51:53.144836
a8e0dc3f-cae9-45de-aed7-e0ba42a463f7,CUST000436,Groceries,N/A,1459.68,4379.04,credit_card,2026-07-25T12:36:44.167366
868c94eb-28f3-4f80-9fb1-dc4c15d7d7e9,CUST000080,Fashion,3,689.8,2069.4,credit_card,2026-04-07T18:04:29.455211
e94039a7-b3dc-4e2e-a6cc-e11572f0f23c,CUST000410,Electronics,3,1019.89,3059.67,cash_on_delivery,2026-05-06T11:23:37.444457
18ec9716-a192-4452-9d25-627ef233992f,CUST000034,Sports & Outdoors,3,1805.12,5415.36,credit_card,2026-02-26T13:22:07.815774
c50d45ea-aa95-477c-8e77-f10e83cfe773,CUST000550,Electronics,3,1144.56,3433.68,upi,2026-05-31T04:53:34.705592
f28672f4-3b56-442c-9a32-13db78f80643,CUST000188,Toys,4,850.77,3403.08,upi,2026-05-25T17:19:36.317248
2a8dd63e-2405-4f9d-b2a0-f9abeb664442,CUST000451,Home & Kitchen,1,1469.46,1469.46,cash_on_delivery,2026-05-31T20:16:32.239989
26e2c8c2-5a1e-41f8-8b7e-a7db4657199d,CUST000118,Beauty & Personal Care,1,179.92,179.92,upi,2026-08-04T10:42:37.640069
8e1f93b5-7816-4bcc-9a1d-f70d9b587bb3,CUST000793,Toys,5,660.54,3302.7,upi,2026-07-21T16:34:22.226483
abe8fcc0-dc0a-4b32-9ffa-f11f00130fab,CUST000587,Electronics,1,633.52,633.52,upi,2026-03-07T11:36:06.034465
52f4e018-5f34-42f8-aaa4-c17e83087a06,CUST000123,Fashion,2,646.57,1293.14,credit_card,2026-07-25T08:50:56.220258
67ba9ad1-65de-4261-9ce0-73a40679ecce,CUST000234,Beauty & Personal Care,3,946.6,2839.8,upi,2026-07-26T03:01:08.716960
a95d463c-7334-461e-bad4-7870a4ed9b39,CUST000151,Books,3,742.41,2227.23,credit_card,2026-06-12T00:32:21.986719
2bc78c3e-437e-4596-899d-07c99127311d,CUST000738,Sports & Outdoors,1,1818.92,1818.92,upi,2026-08-07T12:03:28.150756
d475032d-b79f-4e67-a005-f541aa4a065a,CUST000747,Groceries,2,1890.01,3780.02,wallet,2026-03-20T12:28:17.990997
63c43b14-db7b-4dc8-98dd-5fcf93e9bb01,CUST000300,Electronics,4,1511.89,6047.56,debit_card,2026-03-15T05:46:36.473150
9a9ccceb-c4bb-4234-a58b-2d0f960f78b2,CUST000348,Sports & Outdoors,5,1539.9,7699.5,upi,2026-07-01T20:39:30.476613
a1ec86a0-9807-462d-88ba-cdcea01f3fdb,CUST000559,Home & Kitchen,2,683.67,1367.34,upi,2026-02-27T22:36:29.760216
d7a62886-6a2f-4c2c-ace6-8db2acb5e391,CUST000224,Electronics,3,948.99,2846.97,debit_card,2026-06-13T07:14:59.630700
08fa122b-bbfd-4ad2-8b75-595c4464a129,CUST000675,Toys,1,1070.69,1070.69,debit_card,2026-06-28T10:13:07.869615
98c26e44-6d57-44bb-93d8-d7d1d8205657,CUST000001,Books,3,1698.77,5096.31,credit_card,2026-03-11T10:59:41.189754
229c5fe2-19a1-467c-a355-76cfaa5c34c0,CUST000055,Fashion,3,1650.98,4952.94,upi,2026-02-15T08:12:38.344494
2093a00f-5534-4f84-85eb-7fe1f7fd4f3b,CUST000732,Beauty & Personal Care,1,211.06,211.06,credit_card,2026-07-10T09:46:22.689064
aaf6a011-cd00-40be-8ba3-c3fa14e2c4d6,CUST000187,Groceries,2,1658.48,3316.96,debit_card,2026-06-27T01:12:40.660758
8b346135-bdfb-4ea8-9706-3781dbfda9a5,CUST000754,Home & Kitchen,3,1059.07,3177.21,credit_card,2026-05-29T08:25:31.143420
6e675491-13c7-468d-bf02-512a994695fd,CUST000067,Books,1,1241.39,1241.39,debit_card,2026-05-01T20:15:42.524149
9dd7862f-9481-49c0-b82b-d20e9431764f,CUST000308,Electronics,2,758.77,1517.54,credit_card,2026-02-20T05:32:08.759624
f25c7d12-fb0b-463a-ad9e-4196b318b100,CUST000233,Sports & Outdoors,1,742.28,742.28,upi,2026-06-29T12:28:42.944031
f269a636-8e0b-46f7-b340-4587672e5c1e,CUST000140,Toys,1,1199.49,1199.49,debit_card,2026-04-17T07:56:58.610309
cb71fbe2-5a21-44da-b35b-764d1ef096cc,CUST000013,Toys,4,1345.83,5383.32,cash_on_delivery,2026-08-08T03:17:45.578329
0d174748-5f5c-4be2-a931-15f9fae00470,CUST000532,Toys,1,1725.03,1725.03,cash_on_delivery,2026-03-18T03:22:55.159540
8173f894-49d4-4750-9fa8-565c85e910f6,CUST000123,Beauty & Personal Care,1,995.42,995.42,debit_card,2026-02-24T08:51:57.082857
a64a889a-17e8-4652-8710-ae07d23f26d9,CUST000527,Toys,N/A,1000.03,3000.09,cash_on_delivery,2026-03-21T14:15:50.585972
a62388e6-53ff-41f4-aed8-46e44dcd9c5a,CUST000759,Books,1,341.06,341.06,upi,2026-07-01T08:22:57.818460
1ef275d8-e7be-4ecb-b67b-116bc22896b4,CUST000480,Toys,1,1739.48,1739.48,cash_on_delivery,2026-07-26T15:23:23.153952
e4a4f8c0-e6c4-4cf7-a158-37c16288eac6,CUST000145,Sports & Outdoors,2,1083.18,2166.36,debit_card,2026-05-16T01:41:08.696450
cbe47f8a-4960-4025-93b1-3df750dc3af9,CUST000296,Fashion,4,474.13,1896.52,debit_card,2026-02-25T20:43:39.019132
d764a9fd-fa67-40dc-834a-b06bc73876c9,CUST000493,Beauty & Personal Care,4,352.89,1411.56,upi,2026-05-09T06:47:47.786389
52083518-31dd-46f4-9740-4c9258edea66,CUST000796,Fashion,4,36.18,144.72,credit_card,2026-06-01T01:24:14.736776
62823cf3-f8dd-4f7f-949d-e74d7e2382fc,CUST000190,Beauty & Personal Care,1,1754.1,1754.1,upi,2026-03-06T18:57:53.941493
4f8ab017-874a-4bb3-b196-a2a9b6597ac4,CUST000768,Toys,1,1007.76,1007.76,credit_card,2026-03-14T09:25:33.093453
c20aa88d-ca4d-4ec9-b183-33975fd70670,CUST000186,Toys,5,1802.73,9013.65,upi,2026-06-02T23:03:00.968839
8dec6a84-d008-4558-b893-bfed7909c066,CUST000737,Electronics,N/A,26.29,52.58,debit_card,2026-07-15T16:15:30.508578
fc490d16-0e5d-48dd-bf95-dd34a0548b7d,,Beauty & Personal Care,3,354.15,1062.45,credit_card,2026-08-04T04:22:20.039039
c9db86b8-7818-4ce0-95f2-1eb77138a766,CUST000553,Fashion,3,644.82,1934.46,cash_on_delivery,2026-08-05T09:25:33.051507
75ea71e5-bd02-4ff7-ad3c-7b5cd6d186d0,CUST000040,Fashion,5,238.95,1194.75,wallet,2026-02-23T17:49:12.566403
b6b46ff3-7763-4ea0-bf6f-47c6152738c0,CUST000553,Electronics,4,1916.37,7665.48,upi,2026-03-03T15:41:51.316178
76579b67-6729-4841-9289-91ea461ff302,CUST000143,Home & Kitchen,N/A,1181.2,4724.8,upi,2026-02-16T05:28:14.294738
c28eaf6f-32c2-4e3f-a495-b913fe8e5902,CUST000388,Electronics,2,1928.22,3856.44,credit_card,2026-07-06T08:40:53.309577
ee6a1f55-eb0c-4b3d-a63b-ee0677a0530e,CUST000016,Books,5,1991.33,9956.65,upi,2026-06-03T14:59:11.197570
bf7d218d-38fc-4988-b9f2-40da7dc85e25,CUST000259,Groceries,1,1592.7,1592.7,upi,2026-05-14T19:51:27.400049
080955f8-7f79-4b4a-a88a-d4af78904498,CUST000206,Toys,1,1939.43,1939.43,debit_card,2026-07-20T17:55:31.860808
2cfe2aac-2085-4eb4-9937-541a8b63ba7e,CUST000214,Groceries,3,1183.51,3550.53,cash_on_delivery,2026-06-19T00:50:20.927475
ead0fe80-4e84-4859-9e32-1b5f6244838e,CUST000504,Groceries,5,256.04,1280.2,debit_card,2026-07-08T18:12:15.100713
5687226b-b43f-4eb2-a578-b47fa8056d74,CUST000041,Groceries,3,1098.23,3294.69,credit_card,2026-06-13T02:25:18.956990
d68305d3-d2af-4fdc-8b09-b98df5aa185a,CUST000673,Toys,2,111.18,222.36,credit_card,2026-06-10T09:18:49.035091
461f33a0-61a9-42c4-93a6-014b8a9be633,CUST000547,Groceries,4,1716.01,6864.04,credit_card,2026-07-17T04:19:01.528173
0599f0a6-f4c9-481f-b8d5-16fee5f14232,CUST000252,Home & Kitchen,2,168.67,337.34,cash_on_delivery,2026-07-25T05:08:21.050407
d650a0a1-5a86-49b8-be99-182ca95491e7,CUST000424,Groceries,2,612.84,1225.68,wallet,2026-03-11T19:15:21.300024
7ba16b4e-37a6-4401-87f2-40125974fceb,CUST000545,Groceries,4,1907.47,7629.88,debit_card,2026-02-27T16:32:38.647353
68e2863e-20ea-4dcf-9f69-f90f0b7393c5,CUST000572,Electronics,3,1163.07,3489.21,debit_card,2026-07-19T13:30:50.026381
ba90a3c6-5e27-4448-a63b-18fe1eef8534,CUST000403,Home & Kitchen,5,697.0,3485.0,credit_card,2026-04-08T06:43:48.685265
495526a5-7015-45c4-ab4c-4956bef04e96,CUST000776,Sports & Outdoors,3,219.95,659.85,cash_on_delivery,2026-05-22T03:18:22.724655
6a60956b-6f5a-41a9-8ca0-e857d3f72135,CUST000774,Electronics,4,1521.21,6084.84,wallet,2026-05-15T00:50:12.371234
6cc59065-880e-40ff-ae47-d3c266b34f86,CUST000454,Books,3,251.57,754.71,cash_on_delivery,2026-03-25T20:20:02.689597
9a8573e9-24b6-404c-b1fb-db680ad3bb7f,CUST000396,Sports & Outdoors,2,277.13,554.26,upi,2026-04-04T22:54:09.893502
36bc1378-e018-47af-8716-11e911427e0c,CUST000764,Toys,4,767.24,3068.96,debit_card,2026-06-03T11:43:51.928568
1f2b921e-3a87-41ca-9874-7cf8b3b86c5b,CUST000030,Electronics,3,1794.13,5382.39,upi,2026-04-26T14:04:11.228748
af0a78cf-bb70-4487-9e05-87d64c06093c,CUST000064,Groceries,4,855.29,3421.16,upi,2026-05-28T15:56:15.759055
8d2c4bd4-ca56-450b-bb6c-98ec9a469d05,CUST000022,Home & Kitchen,1,506.47,506.47,credit_card,2026-06-14T14:59:57.392289
4976127d-ecc2-40e9-a4c3-728414e9b5d8,CUST000437,Fashion,5,1552.93,7764.65,wallet,2026-07-13T08:25:34.663378
ebe54010-41a0-460c-b208-8634db6cb376,CUST000319,Fashion,2,793.51,1587.02,debit_card,2026-07-26T18:53:02.909196
951aba9e-1310-4852-aed7-24a2eb5b5da9,CUST000739,Home & Kitchen,3,1280.71,3842.13,wallet,2026-05-23T19:28:44.159502
f7babf0b-62eb-4e2c-b730-cf4a019996a5,CUST000036,Groceries,5,614.43,3072.15,cash_on_delivery,2026-04-12T23:42:24.513477
d8a457dc-94f2-4d61-90d2-a9b3d9478e60,CUST000374,Sports & Outdoors,5,354.66,1773.3,credit_card,2026-05-21T02:53:16.827359
78db4d76-afa3-47fc-835a-89a515247b99,CUST000180,Toys,1,1912.85,1912.85,upi,2026-06-24T15:05:25.529242
cf1d3af0-88c4-4644-9e6d-6d4d060fc26e,CUST000224,Beauty & Personal Care,3,693.97,2081.91,debit_card,2026-02-14T17:50:01.491366
f4c00bc4-415b-4099-b070-a466f8ff1abf,CUST000415,Toys,4,1131.03,4524.12,upi,2026-05-09T00:22:33.785325
95f7e4ad-f095-47b7-9ded-5315d4f9740f,CUST000611,Fashion,3,650.69,1952.07,upi,2026-05-15T04:16:26.483022
64d443bf-9c56-46bb-b01d-4610d39ef403,CUST000465,Books,5,51.63,258.15,debit_card,2026-05-10T14:24:43.615484
1364ce21-ccc3-41da-a2f0-2ea7efcf97ee,CUST000662,Sports & Outdoors,2,672.54,1345.08,credit_card,2026-02-23T13:24:26.650367
496a7fca-84a9-439a-9fa2-c3f35a370c8d,CUST000439,Sports & Outdoors,2,1583.2,3166.4,upi,2026-07-20T19:06:07.500294
202b01ab-2bb5-4882-acc6-a61f8e084635,CUST000295,Toys,3,767.1,2301.3,wallet,2026-06-23T01:17:34.131341
39bb72c6-e719-4a6c-a162-20c07dd04024,CUST000114,Fashion,5,1676.01,8380.05,credit_card,2026-05-17T09:08:57.316535
a653e142-9c59-460d-817a-56435e53f7d5,CUST000597,Books,5,1277.75,6388.75,cash_on_delivery,2026-04-21T00:53:23.929564
64239172-e038-4e0a-a5b6-63481da3ee80,CUST000799,Fashion,4,1553.66,6214.64,cash_on_delivery,2026-07-26T13:30:27.576017
4fa47392-a7e6-4c20-b38b-b012d7d3b03f,CUST000024,Sports & Outdoors,4,975.15,3900.6,upi,2026-05-21T21:12:10.624195
d6f75fd5-d375-486f-94c1-ce0ac09b079a,CUST000169,Groceries,3,158.79,476.37,debit_card,2026-02-14T16:41:02.161155
017ec900-8f9d-4f7b-897a-7a0cbf2c7b67,CUST000484,Electronics,1,105.9,105.9,wallet,2026-03-05T03:04:47.527205
7e7edb2d-1e8c-4b61-ad26-12a9658450fd,CUST000136,Beauty & Personal Care,1,1747.4,1747.4,debit_card,2026-07-21T20:30:22.621922
1f61e2aa-0eb7-40bc-b5ab-baa6ae28d5e7,CUST000516,Sports & Outdoors,3,1768.44,5305.32,upi,2026-03-11T02:12:52.826085
cde6361d-0c64-4400-805d-7eaaa6328c09,CUST000103,Home & Kitchen,4,715.7,2862.8,debit_card,2026-04-08T03:57:40.363029
46c9efc3-88fb-42ab-a1e9-ae5315b9ae4e,CUST000493,Toys,2,1073.34,2146.68,cash_on_delivery,2026-02-26T20:21:17.095911
aea7026a-52dc-486a-9c74-49050b8a4e2a,CUST000186,Home & Kitchen,2,904.07,1808.14,debit_card,2026-04-16T02:44:44.346828
9ada88e2-f666-4909-90e0-de6dfac62a1b,CUST000746,Books,3,153.35,460.05,upi,2026-05-24T21:16:54.695613
bab20e65-dbfc-4595-a220-73334829753f,CUST000377,Groceries,2,354.55,709.1,upi,2026-03-23T09:00:18.235811
d8c0298a-b36e-49cd-b6df-5ad2d63c6a3b,CUST000619,Beauty & Personal Care,2,946.86,1893.72,upi,2026-06-05T12:48:00.879876
a208adc7-226e-493d-abb0-ed1786a33b71,CUST000043,Sports & Outdoors,4,1925.78,7703.12,cash_on_delivery,2026-07-31T18:55:55.107973
c72a5ee0-4a93-4d79-ad7e-071386b24d90,CUST000222,Toys,4,910.21,3640.84,credit_card,2026-07-27T03:00:12.914296
3db29f3d-8650-4098-8759-23cc93059ef7,CUST000401,Books,3,207.1,-621.3,cash_on_delivery,2026-07-30T02:19:16.030293
becbd086-91d8-4711-bd77-ecab949578f3,CUST000267,Sports & Outdoors,2,1355.47,2710.94,wallet,2026-03-16T17:35:18.729831
e03b2682-45a9-443e-ba73-f9aaeba23366,CUST000707,Sports & Outdoors,1,1729.31,1729.31,wallet,2026-04-08T04:35:03.643970
1cc6536d-b453-4ca9-94d8-b8d643cefea9,CUST000629,Home & Kitchen,1,104.55,104.55,wallet,2026-08-05T19:57:37.281785
51c85d41-b749-430d-86d9-d7c4cc275d1a,CUST000075,Electronics,3,360.09,1080.27,wallet,2026-06-29T08:20:55.970070
59e3aeec-6779-4b61-b59e-4a9e47aa0ce6,CUST000731,Electronics,1,879.85,879.85,upi,2026-03-17T14:32:44.418917
5c45e3b6-9672-4246-a205-79eb584800ac,CUST000523,Groceries,5,879.45,4397.25,credit_card,2026-05-15T22:30:44.630318
eea0308e-3af2-473e-bb36-9c4597149f80,CUST000362,Home & Kitchen,5,719.15,3595.75,credit_card,2026-06-26T08:20:42.247112
98502b4f-6db7-4569-9d3a-eb1de4ff0366,CUST000444,Toys,4,582.49,2329.96,credit_card,2026-08-05T19:46:29.764118
a6d6b8b0-4803-49a4-a028-8f323803c7ed,CUST000570,Beauty & Personal Care,2,640.08,1280.16,upi,2026-05-17T14:04:01.331258
bd78488c-b31b-4603-9a79-9db4db90a810,CUST000080,Books,1,1367.12,1367.12,debit_card,2026-03-19T06:52:35.776842
b90832eb-0133-405a-b11e-8ea67cf07891,CUST000271,Sports & Outdoors,2,1933.61,3867.22,debit_card,2026-03-12T07:37:08.582344
b0ae6515-eec1-4c5e-b81a-5ab21607a2ea,CUST000634,Groceries,2,102.59,205.18,credit_card,2026-04-02T05:50:49.109987
9ff65a03-b37c-4905-a810-68365a952d71,CUST000464,Beauty & Personal Care,1,1777.09,1777.09,cash_on_delivery,2026-04-11T03:30:17.679690
7191db77-2e44-4600-bd18-e2db5348ed3e,CUST000619,Home & Kitchen,4,1634.03,6536.12,cash_on_delivery,2026-02-13T00:02:49.776014
4d1a4dc2-1ed5-468a-8d7d-9b63f6f6c481,CUST000140,Toys,3,1393.43,4180.29,debit_card,2026-05-16T12:13:45.951633
b1beb10d-4c0c-4faf-b21c-066aa73886f6,CUST000187,Books,4,1565.9,6263.6,credit_card,2026-04-13T10:58:10.050416
9a9c5b32-44a3-4454-9e4e-3af555dc1ef8,CUST000213,Books,4,845.18,3380.72,cash_on_delivery,2026-03-03T04:15:31.424515
ece12154-bfa0-4abb-af5c-4c180c1ae448,CUST000517,Toys,N/A,821.22,3284.88,cash_on_delivery,2026-05-27T13:52:15.722729
c46be4d4-9c2a-4f62-9a42-9e0d698e9b74,CUST000420,Fashion,2,1590.26,3180.52,wallet,2026-08-07T06:44:54.482176
434ecb7e-c36d-49da-afcb-aa5bea9efdaa,CUST000136,Electronics,4,1563.11,6252.44,cash_on_delivery,2026-05-10T08:03:30.010151
c5198786-9539-4514-85ab-339d2416078e,CUST000690,Toys,5,63.98,319.9,wallet,2026-06-07T06:11:29.598067
9387cc4e-a425-4561-8516-25b365489e0c,CUST000341,Sports & Outdoors,2,240.86,481.72,cash_on_delivery,2026-06-01T05:39:46.988259
52ed481a-832c-4854-86db-605b8acb32c0,CUST000696,Toys,3,23.53,70.59,credit_card,2026-02-25T09:31:05.839302
0d701ede-ec90-4775-9464-c7762ea58cf0,CUST000414,Books,5,1474.78,7373.9,wallet,2026-08-06T14:00:00.130795
65a52537-1c43-49d6-96e4-6a4ca16ff3fe,CUST000224,Beauty & Personal Care,3,1439.08,4317.24,wallet,2026-06-27T09:12:34.190779
d88189d0-f7d4-490c-9fa5-ed2d41021632,CUST000121,Home & Kitchen,5,723.67,3618.35,debit_card,2026-03-06T07:17:43.270717
f9de687a-7ca6-4989-886b-725ad967ea56,CUST000553,Sports & Outdoors,3,49.97,149.91,upi,2026-07-24T00:25:07.161283
2b12adcf-efd0-43b9-8051-3e3664cda432,CUST000144,Beauty & Personal Care,1,304.41,304.41,debit_card,2026-02-22T03:16:16.456956
8746306b-da8e-4b3e-9a9f-1aeed95bda70,CUST000716,Groceries,5,1787.77,8938.85,wallet,2026-02-19T20:36:19.876764
2b4d0a82-8efc-4727-ac43-f1f963adab2a,CUST000052,Toys,5,1320.1,6600.5,cash_on_delivery,2026-07-07T03:33:58.693251
390c9ab7-7ad0-4dbe-bc2e-1db5013e0b05,CUST000361,Groceries,2,1143.47,2286.94,credit_card,2026-08-04T07:15:29.960211
c6c7fe5b-0fa0-4ff6-9d74-6f2ac7822500,CUST000356,Groceries,4,577.7,2310.8,upi,2026-04-24T19:39:51.578241
5904bd6c-4409-4283-90c2-8a097d1fd6e4,CUST000474,Home & Kitchen,1,917.79,917.79,wallet,2026-05-02T11:50:57.313234
c7ef5bc2-43a6-4ef3-a993-344ef5afbefb,CUST000760,Groceries,1,1516.76,1516.76,debit_card,2026-02-25T06:54:02.318170
27d38f44-00af-4d18-b7dd-532ed535abe2,CUST000306,Groceries,3,1974.96,5924.88,wallet,2026-04-13T08:56:35.380257
c7271e61-ac3a-4cad-844e-dd8f1d388a17,CUST000144,Toys,4,1860.72,7442.88,credit_card,2026-03-02T04:43:35.567308
38af6794-1934-4e09-bd2b-a24e5aa9d923,CUST000618,Home & Kitchen,2,1042.05,2084.1,debit_card,2026-05-25T12:09:37.697537
8e47cdaf-ba47-42b6-92c1-afe4573f5c64,CUST000672,Groceries,1,492.56,492.56,upi,2026-04-08T17:58:38.874724
7e2418d9-1a32-4aec-8469-557b334cb8f3,CUST000141,Fashion,4,660.68,2642.72,wallet,2026-07-19T07:01:57.254842
04c7b4fc-4b7b-4c13-9d15-5a1670e8dbaa,CUST000066,Toys,4,207.98,831.92,debit_card,2026-04-12T05:41:10.075363
f04745e9-94a7-4a4b-93a6-1dd95f50259d,CUST000458,Books,1,1121.52,1121.52,credit_card,2026-03-01T13:44:04.940614
9d3c246c-9c52-4544-9a9e-281fcc2bd333,CUST000242,Sports & Outdoors,3,1613.39,4840.17,wallet,2026-08-07T09:33:29.757315
f2317134-fd91-4f50-a73d-778b314e86e6,CUST000154,Toys,4,1867.97,7471.88,upi,2026-05-08T23:30:15.047614
9f619422-4d0b-4c32-a27e-d1ec44b15308,CUST000196,Home & Kitchen,1,445.03,445.03,debit_card,2026-05-27T06:40:06.834254
87959d7d-ae61-415b-9dc8-8db2758e74ef,CUST000215,Beauty & Personal Care,1,198.77,198.77,cash_on_delivery,2026-06-23T02:10:44.166680
ce3c94fe-c78b-4463-a58a-38ed2900b324,CUST000690,Fashion,4,176.95,707.8,upi,2026-07-21T00:50:15.519583
fcb7ec57-2cd0-49b5-8cca-d5f5abc56dea,CUST000070,Home & Kitchen,5,1898.22,9491.1,credit_card,2026-07-04T09:50:36.200312
640bc9cd-ed34-4c77-90c6-ecb6c760bc0a,CUST000155,Electronics,3,1109.65,3328.95,debit_card,2026-05-13T18:43:58.301507
6a1e8636-f6c8-4e18-a149-6c83bb305ff3,CUST000418,Sports & Outdoors,4,1503.81,6015.24,wallet,2026-02-19T05:35:19.113594
800fc7ea-695b-4d24-9d42-08c8a8b287d0,CUST000329,Books,1,544.52,544.52,upi,2026-07-09T07:58:49.616892
999e2677-67bd-4d12-b65b-fa43383d23be,CUST000182,Sports & Outdoors,5,781.21,3906.05,debit_card,2026-02-17T12:04:51.063766
cd572d09-2523-4dc2-a2fd-00254abc8621,CUST000365,Toys,1,921.35,921.35,wallet,2026-04-05T23:37:27.734442
920a401c-9541-46cc-bd1e-324297928d24,CUST000166,Home & Kitchen,1,784.45,784.45,cash_on_delivery,2026-05-14T11:01:10.616236
65ca0314-932b-4fc2-83fb-357c1f704bb6,CUST000686,Fashion,1,272.88,272.88,credit_card,2026-03-09T01:04:26.330695
c4509dc7-422a-4244-95ad-cfc5fc0f50de,CUST000563,Sports & Outdoors,2,100.88,201.76,upi,2026-07-06T13:08:29.849082
79b353a6-8f54-42c4-a598-f288b28a348a,CUST000588,Books,2,413.35,826.7,upi,2026-08-09T05:44:37.663980
40e9fcd4-5771-46b2-af6d-08cfa8898f00,CUST000349,Fashion,5,1702.94,8514.7,debit_card,2026-03-18T19:58:35.078348
fa6ac6b9-fb56-4321-9b08-eea2820d2bf4,CUST000749,Toys,4,1044.18,4176.72,upi,2026-05-08T15:47:27.275604
2e675ebe-afbc-48d4-9459-b7e6c189ac24,CUST000206,Books,4,1781.6,7126.4,credit_card,2026-03-26T15:22:51.381439
e7bd9934-a24d-4d61-8efd-5d13e3988b16,CUST000422,Beauty & Personal Care,1,89.85,89.85,debit_card,2026-08-08T16:59:58.326870
fc42103d-6dec-42b5-bf3a-5a3cff82d734,CUST000533,Home & Kitchen,1,247.03,247.03,cash_on_delivery,2026-02-13T08:41:35.667568
e389fb62-6718-4c0d-a33a-7268a828be7e,CUST000132,Books,1,960.01,960.01,credit_card,2026-03-05T00:33:58.419707
a9b404b6-58e7-4e62-a775-cfe38fd96f25,CUST000504,Fashion,4,1644.57,6578.28,credit_card,2026-05-30T06:39:28.679547
5397e50c-8899-4a27-9b39-7dc2f2c7dc77,CUST000160,Beauty & Personal Care,1,1697.83,1697.83,wallet,2026-03-24T04:30:31.440099
a7ab989a-1240-4555-b10a-4aa502eeebfd,CUST000430,Sports & Outdoors,5,1750.27,8751.35,cash_on_delivery,2026-08-03T06:10:34.481012
d293a240-27e2-4f40-87a9-46d08d33b043,CUST000628,Fashion,4,871.04,3484.16,credit_card,2026-03-01T08:27:58.244457
dcceea10-b3a0-490f-b27e-373105ff1e78,CUST000759,Fashion,5,37.36,186.8,wallet,2026-06-05T21:08:34.716779
f1e6e5e8-6aa5-4d2d-a22d-730cff10e53e,CUST000263,Sports & Outdoors,4,70.89,283.56,debit_card,2026-03-11T09:36:11.543613
567338b2-c842-497e-9704-f585405a561b,CUST000015,Toys,1,1618.44,1618.44,debit_card,2026-05-17T00:00:19.968250
e6d6d8ea-19a7-45d8-bf40-e5d35f7b7da0,CUST000523,Home & Kitchen,1,804.21,804.21,debit_card,2026-02-15T11:19:14.031981
25839b9d-2e81-44d4-8cc5-5e5b60850ab1,CUST000567,Beauty & Personal Care,5,1838.7,9193.5,upi,2026-05-21T03:30:34.787381
ac09c5e6-eb10-46d4-b501-6dd5167ec278,CUST000066,Toys,3,1214.3,3642.9,debit_card,2026-06-08T07:39:07.691238
af9aaea3-e0a4-4578-b38d-9da546abfecf,CUST000709,Groceries,2,935.74,1871.48,debit_card,2026-02-15T01:55:40.300939
5958ad85-6ff7-4937-b5b8-2327690dd57d,CUST000661,Beauty & Personal Care,1,1783.02,1783.02,debit_card,2026-04-29T07:10:40.745285
e9812bea-1619-4be0-ab31-e6255c2359d5,CUST000433,Groceries,4,1782.75,7131.0,upi,2026-06-12T13:03:46.012658
5937637a-e4b3-48ce-a4fb-9bdf8f462424,CUST000332,Books,2,1357.41,2714.82,upi,2026-03-04T19:57:18.156772
f2b53cf8-7bd6-4e33-b796-d8749ff07ab0,CUST000364,Groceries,4,1651.91,6607.64,upi,2026-06-23T16:15:45.652632
cdfc6d75-16bb-4088-bdea-b6c7761fc0cd,CUST000401,Sports & Outdoors,3,1221.44,3664.32,debit_card,2026-05-03T12:15:24.293781
8afc153a-e594-4c0d-873b-ddf09ab14a24,CUST000254,Books,1,594.49,594.49,wallet,2026-07-07T04:23:05.950085
854bc76c-b2b9-42f3-917b-1ce518b4978d,CUST000481,Electronics,2,1471.23,2942.46,cash_on_delivery,2026-05-12T06:53:28.260616
4ed794b6-7603-478e-9e9a-4fd46bc92617,CUST000372,Electronics,5,1327.04,6635.2,debit_card,2026-06-13T05:30:39.540428
fcb9251a-63f8-4f0f-a2d1-c4131f273d63,CUST000043,Electronics,3,1381.72,4145.16,wallet,2026-06-29T09:33:08.172513
c15f3e8d-c86a-4188-9b66-a5f4f0f7f0f5,CUST000234,Home & Kitchen,1,268.93,268.93,upi,2026-06-08T10:20:22.245727
d693a6fd-6c36-4323-8b95-73a648cde477,CUST000535,Groceries,4,122.57,490.28,upi,2026-05-24T22:08:47.240498
a9c22049-455f-48c3-96da-be7baff8dda2,CUST000173,Electronics,3,1314.36,3943.08,wallet,2026-07-15T23:19:56.125915
c4d72402-b622-4b7a-8743-2162d705eb72,CUST000451,Fashion,4,1017.12,4068.48,credit_card,2026-02-12T16:23:29.858039
b29ee3a8-f723-42de-8265-e90df1220dd3,CUST000661,Books,2,1700.74,3401.48,debit_card,2026-03-08T16:41:52.026149
d394342b-a5b8-40ba-8b91-722531c6cbc9,CUST000722,Home & Kitchen,2,130.28,260.56,upi,2026-06-07T10:44:29.183045
528ba8b2-61fa-4144-a0c4-635d925f1b4b,CUST000235,Home & Kitchen,3,901.4,2704.2,credit_card,2026-02-17T22:21:57.375418
5e13ecee-e2f3-497d-b032-6d8b0b01f0ae,CUST000731,Fashion,2,441.94,883.88,debit_card,2026-04-12T19:46:26.404035
a9674e91-90b5-40e4-ae20-2049839efe3b,CUST000350,Fashion,2,1776.42,3552.84,credit_card,2026-05-23T02:28:06.101544
6c6902e4-d6c5-46ed-ab7d-961fde73ed00,CUST000730,Beauty & Personal Care,5,1883.15,9415.75,upi,2026-03-19T18:22:24.928316
8a3ca1a5-a7eb-423e-a364-b26e9f25da11,CUST000634,Books,1,835.9,835.9,upi,2026-05-17T08:49:49.994748
01eb1da2-c95d-4c8c-ba65-164c946ebe0f,CUST000532,Sports & Outdoors,1,1669.17,1669.17,cash_on_delivery,2026-05-27T04:18:03.451858
a5a50c1d-2c7a-49ae-b9ff-1db1bf681be3,CUST000774,Electronics,4,1957.09,7828.36,wallet,2026-04-23T18:43:46.639271
07ecf806-f95d-4a3a-8b09-9a4d800876bc,CUST000673,Home & Kitchen,4,1446.59,5786.36,upi,2026-03-16T08:40:25.900888
5de40580-b43c-451c-9260-e32846e02959,CUST000190,Groceries,2,821.88,1643.76,wallet,2026-04-13T12:48:44.148224
beac96e2-1ff8-4051-9ad2-1f2ab933acdf,CUST000750,Toys,5,1875.63,9378.15,credit_card,2026-05-15T23:32:12.867921
ceda78e1-31c1-49c7-af6d-3e71feb45537,CUST000161,Beauty & Personal Care,5,233.35,1166.75,wallet,2026-06-29T18:23:55.469103
74d060d1-a5f0-40b5-b8d3-a80f302451cf,CUST000139,Home & Kitchen,2,315.04,630.08,cash_on_delivery,2026-03-26T02:34:59.819687
1b7a7c70-cb44-4d0b-90c1-118e91eb1a23,CUST000614,Groceries,3,1990.44,5971.32,debit_card,2026-07-11T09:11:20.285671
6ec86c63-c237-4dfd-b7cd-bfd3bee02e37,CUST000619,Beauty & Personal Care,3,1388.5,4165.5,debit_card,2026-04-15T01:40:27.925606
5a4ee1df-9b1a-4ec3-aabd-9faec7d13e4e,CUST000101,Sports & Outdoors,1,573.16,573.16,upi,2026-03-12T19:07:10.796646
d685d21d-75eb-4d04-aa02-8b1688f052c3,CUST000500,Toys,4,359.28,1437.12,wallet,2026-04-19T14:31:06.919240
4f241d4d-4af0-45aa-ada2-724714746a44,CUST000684,Electronics,1,828.85,828.85,cash_on_delivery,2026-05-14T13:01:50.302215
32f89120-1b9b-4d75-a908-319f0d77f7b3,CUST000302,Beauty & Personal Care,4,1085.5,4342.0,credit_card,2026-05-05T16:50:15.167071
9341d275-a1bd-4c84-a9a2-99bf3d7e9bfc,CUST000188,Electronics,2,324.21,648.42,wallet,2026-08-05T15:31:29.288181
50308c97-3dd9-457b-80d4-39ed22e5fb9c,CUST000553,Books,1,987.83,987.83,debit_card,2026-07-27T22:02:36.804734
f440bee2-e50c-4032-9f8d-741fb7f2c44c,CUST000378,Toys,4,176.05,704.2,debit_card,2026-03-11T05:07:27.624878
592ed265-0f52-4827-8b4a-eadab371891f,CUST000727,Home & Kitchen,2,1428.29,2856.58,wallet,2026-07-07T07:56:21.208727
21a126ca-3d18-4852-946f-28234c5bac90,CUST000210,Groceries,3,1496.95,4490.85,credit_card,2026-04-06T03:40:55.644670
9fa36415-c83f-465a-8ffa-7af40bd93d34,CUST000063,Beauty & Personal Care,5,411.98,2059.9,credit_card,2026-03-17T13:05:32.346640
eef232dd-0848-45cb-86fb-43a52dd601cd,CUST000356,Sports & Outdoors,3,1926.76,5780.28,debit_card,2026-03-10T16:45:35.596065
a315c223-0eea-4162-94ba-a4aa2a332aab,CUST000135,Beauty & Personal Care,3,1368.17,4104.51,credit_card,2026-05-14T08:11:59.596706
d5d60b79-bc5e-4566-931d-b41acfb5b35c,CUST000309,Beauty & Personal Care,4,350.74,1402.96,upi,2026-04-26T03:15:32.014424
646a350e-0e3f-4a45-8926-02ebf2777a34,CUST000630,Toys,1,1720.63,1720.63,credit_card,2026-06-02T00:51:50.246206
0f2a7fc7-3ee3-4a5c-aa8f-9ba917b7556b,CUST000170,Sports & Outdoors,4,1131.96,4527.84,credit_card,2026-04-21T18:37:33.369098
ca4937a2-82d8-4ab0-96ad-aac65410ef78,CUST000575,Electronics,2,799.81,1599.62,credit_card,2026-04-26T05:12:56.330661
6cc2f5a4-8ddc-46d6-b203-c5f8ee2b7848,CUST000618,Sports & Outdoors,2,1744.81,3489.62,debit_card,2026-05-27T16:27:36.810381
f5d011f3-439f-4020-a232-31b6489f38a0,CUST000174,Home & Kitchen,3,386.36,1159.08,wallet,2026-04-01T13:02:35.503483
febda610-695d-4e73-bc2b-88bf41b6be43,CUST000690,Groceries,1,761.96,761.96,upi,2026-03-24T22:12:47.914587
ae5b3d63-c478-4fa7-af4e-d9c5ac051306,CUST000449,Groceries,4,47.6,190.4,upi,2026-06-17T10:54:56.997772
f6d0e5c0-aeb1-46a7-894e-dc08f5358710,CUST000489,Toys,2,624.68,1249.36,upi,2026-06-17T12:24:06.385669
c02936c7-294b-4c74-8815-ea90b2f3beec,CUST000093,Toys,2,1436.81,2873.62,debit_card,2026-05-22T13:57:58.570184
1d70e312-b718-4752-95f7-806597d8a0c9,CUST000134,Sports & Outdoors,3,1332.71,3998.13,wallet,2026-03-23T23:41:09.682723
aef60545-a4f9-4f86-8419-e254d2afb439,CUST000028,Home & Kitchen,N/A,1559.5,6238.0,debit_card,2026-03-28T00:36:17.438168
61905609-2c22-4a34-bc64-023ce72c8133,CUST000313,Sports & Outdoors,2,965.08,1930.16,cash_on_delivery,2026-06-07T12:29:08.643788
f184c65f-a202-4766-a0d1-2284c14597f4,CUST000004,Fashion,5,1321.39,6606.95,upi,2026-02-18T03:12:45.656571
6361f7e6-541b-418b-b701-aa9da482debe,CUST000406,Books,5,583.31,2916.55,credit_card,2026-03-15T07:43:52.536327
86bb87da-12d3-42a8-8618-3707fc47fc9c,CUST000260,Home & Kitchen,5,547.27,2736.35,upi,2026-03-10T03:55:13.993185
079760d8-c2b8-4e22-9f53-71862b0063d0,CUST000540,Beauty & Personal Care,4,691.81,2767.24,wallet,2026-06-07T01:18:56.910572
1d726709-9697-4039-b15a-4add5807cf75,CUST000397,Groceries,3,1092.88,3278.64,credit_card,2026-07-31T12:05:44.327306
ff6112fc-a9c6-471e-9feb-8c7ace800f97,CUST000442,Beauty & Personal Care,3,673.26,2019.78,credit_card,2026-08-03T23:22:19.505441
16fbe3a2-1c22-421d-a1f2-b87bbf939151,CUST000567,Home & Kitchen,5,1424.24,7121.2,credit_card,2026-05-16T13:15:07.902693
cf750715-3589-45b8-9789-10d2e0ed85b2,CUST000508,Toys,2,987.55,1975.1,wallet,2026-05-23T06:56:05.920549
7bb26c00-9465-42c5-8aea-82a5931ee58a,CUST000494,Fashion,1,1391.67,1391.67,cash_on_delivery,2026-07-28T21:05:58.670516
fb42ba6d-fdab-4151-80dd-a0047af11d6b,CUST000243,Toys,4,1871.51,7486.04,cash_on_delivery,2026-08-03T20:46:49.417793
772f63c5-b557-4d0b-89cc-0290059f4d9d,CUST000354,Books,5,301.57,1507.85,wallet,2026-07-13T20:04:28.395704
3d61728b-64d7-468e-a0c8-7d317ab4da77,CUST000770,,2,846.87,1693.74,upi,2026-06-13T14:37:05.284455
7d6d58c8-fbbb-43a9-9ac3-1e4bb31c3619,CUST000402,Toys,3,311.41,934.23,credit_card,2026-04-07T03:48:13.669885
23b47790-70ee-4a35-8425-382d954a47f5,CUST000152,Groceries,1,972.49,972.49,cash_on_delivery,2026-04-26T21:30:56.048862
bb90c099-aea0-4226-aa9a-7bb20789fa8b,CUST000308,Home & Kitchen,5,497.88,2489.4,debit_card,2026-05-22T18:17:53.389179
955229fe-a289-4615-a0e1-f7db32f4a82c,CUST000577,Electronics,3,362.81,1088.43,credit_card,2026-02-24T14:46:50.189170
6fcf8613-744c-49e7-ac83-999d523c2299,CUST000603,Toys,5,1525.05,7625.25,cash_on_delivery,2026-03-03T01:24:33.710991
c75de7e9-7b47-4b34-996d-694aa5abe43c,CUST000671,Toys,3,1994.95,5984.85,cash_on_delivery,2026-07-30T05:51:11.216485
07d71883-9cee-4eee-ace7-5cb4c312dddc,CUST000610,Books,3,418.25,1254.75,debit_card,2026-03-19T14:20:37.868331
0edc79d7-2288-477e-94d5-fb169d81ae17,CUST000541,Electronics,5,1826.4,9132.0,upi,2026-05-17T18:05:04.946307
70ab399a-fa2f-4288-a1f1-20fdf30d49a1,CUST000631,Electronics,3,566.77,1700.31,cash_on_delivery,2026-07-10T13:03:37.157580
9e4d1ff1-738e-49a9-8a01-4c6eb7253a81,CUST000385,Sports & Outdoors,4,1913.59,7654.36,wallet,2026-04-16T16:26:37.639857
d8612db6-1c03-469f-bf7c-b91f0921d554,CUST000708,Books,2,1594.28,3188.56,debit_card,2026-03-11T03:01:06.021953
784ff2ec-a9f1-4d95-82a5-71d2ab366d03,CUST000524,Electronics,N/A,1691.33,3382.66,wallet,2026-05-18T12:06:50.407009
2acb529a-b971-46af-aeb3-c4e36b4934a8,CUST000198,Groceries,4,1453.99,5815.96,upi,2026-03-29T08:02:47.187297
1fe8e7b5-8b5c-473b-a4d5-ea09610b8858,CUST000196,Fashion,5,855.47,4277.35,debit_card,2026-05-31T02:14:51.714185
e52f6883-8797-4018-b118-b14ea60be6ed,CUST000432,Sports & Outdoors,2,1651.92,3303.84,credit_card,2026-07-02T01:55:43.225744
7ff86373-b9ba-4301-b611-182cdfd95a80,CUST000346,Groceries,4,1124.58,4498.32,debit_card,2026-07-09T01:11:16.146662
e3fe51c2-36f6-4457-be87-9f10ea0c3b33,CUST000055,Electronics,2,1488.62,2977.24,wallet,2026-04-28T18:18:48.948874
ffdbdef9-b3bd-4cb3-9804-7546c3343557,CUST000630,Beauty & Personal Care,2,840.3,1680.6,credit_card,2026-03-09T21:04:56.291888
93b13051-4cec-4168-a81a-1493f5a7417f,CUST000431,Toys,1,672.75,672.75,debit_card,2026-03-01T09:59:19.203394
d89a54c3-8c61-4ca7-8f21-76bcd6d64506,CUST000050,Electronics,2,1325.76,2651.52,cash_on_delivery,2026-05-26T08:53:17.857456
fcf1e415-2fa7-4a0f-850c-d4a13b9b5ec0,CUST000388,Sports & Outdoors,4,486.55,1946.2,credit_card,2026-03-29T03:52:15.549103
8b07f764-95fd-4846-859d-6810a8a2d94a,CUST000643,Electronics,4,285.01,1140.04,credit_card,2026-04-28T19:25:47.795701
f3510e9f-dd61-4c23-9557-2e1a597d4f17,CUST000632,Home & Kitchen,1,63.43,63.43,credit_card,2026-05-08T11:44:43.889431
df867ec9-46fe-42f3-84e8-932a9bd1e735,CUST000039,Home & Kitchen,2,190.91,381.82,wallet,2026-06-06T06:01:24.802680
d2b2a7f7-d9d9-45f3-b6b9-023f69ad0d31,CUST000642,Toys,5,115.98,579.9,upi,2026-03-24T16:37:56.622408
5bf5cd86-c522-4c97-b0a5-965c0eae8ad9,,Home & Kitchen,2,32.52,65.04,credit_card,2026-06-14T17:26:46.266658
8d636ee5-6b0a-4362-a02d-d30ee654ca25,CUST000002,Electronics,1,1161.39,1161.39,cash_on_delivery,2026-06-04T15:43:58.944300
a37f9ac9-aa55-47bc-8eb1-c041a8e28f84,CUST000194,Fashion,5,1381.96,6909.8,cash_on_delivery,2026-08-04T09:31:01.341807
628ed45b-596e-4499-b0c7-87e41b94848f,CUST000540,Fashion,4,1402.09,5608.36,debit_card,2026-02-23T21:57:37.106033
e989a219-5592-47ed-b4a6-cfa2d58eafa0,CUST000012,Books,2,229.48,458.96,debit_card,2026-05-24T20:08:20.860877
3edfca1d-1a10-4877-a8c7-408eddc631c7,CUST000735,Home & Kitchen,1,1322.76,1322.76,upi,2026-07-01T07:42:02.821052
e5b3cdfa-f2b4-4da5-ad5f-f64db5e0c0b0,CUST000644,Books,2,299.81,599.62,credit_card,2026-04-15T06:48:03.048264
f27c4a09-2575-46da-a052-55f3a2a4d507,CUST000348,Books,5,1962.71,9813.55,upi,2026-02-12T16:14:12.092075
305c9421-d21b-4cde-9d9e-2ee6796fde48,CUST000156,Toys,5,1496.73,7483.65,upi,2026-07-03T04:13:38.484138
08974220-ad29-4450-ab35-27a618e850a2,CUST000274,Groceries,4,1780.17,7120.68,credit_card,2026-08-01T19:31:29.762281
8f6d47a2-3432-46b0-8e6a-4df9ea997255,CUST000639,Fashion,2,1954.92,3909.84,upi,2026-07-08T10:10:45.271978
fe3354f2-99f9-4b03-9ef2-242e75749b15,CUST000549,Electronics,4,1695.11,6780.44,debit_card,2026-04-27T23:05:46.011159
c7238860-ab46-4c1f-a091-b3d409838d0f,CUST000480,Fashion,2,1693.84,3387.68,wallet,2026-08-06T01:05:33.170661
75aff316-a2c7-4d3e-875c-c77d6d81db34,CUST000586,Books,1,692.71,692.71,debit_card,2026-06-01T19:47:15.076985
7be05845-f163-4d11-a4fa-dce4395bf60a,,Toys,4,983.15,3932.6,wallet,2026-03-28T13:09:55.368582
e94c6972-7c4d-4b21-83d8-a481cef42af8,CUST000198,Beauty & Personal Care,1,1176.31,1176.31,cash_on_delivery,2026-05-19T11:14:48.362482
1ad2661e-3ec6-4931-89b7-0003eb9d6b93,CUST000450,Electronics,1,718.17,718.17,wallet,2026-05-30T14:26:17.187740
408ea97b-9c41-4f47-a7eb-ba7107bd35ee,CUST000612,Sports & Outdoors,3,1089.11,3267.33,credit_card,2026-02-13T00:01:54.032357
062d1d33-87d7-4094-9c3f-8199bd21bfb5,CUST000397,Beauty & Personal Care,3,1764.47,5293.41,credit_card,2026-06-09T18:37:45.166545
0557fdb1-6c75-483d-a8ec-5fad55966668,CUST000520,Sports & Outdoors,3,111.05,333.15,upi,2026-08-08T19:58:18.010341
09180918-e3b7-4238-a1ab-34980df0344d,CUST000231,Books,1,1375.1,1375.1,cash_on_delivery,2026-05-24T20:45:40.647897
1d03945a-af1f-44a3-bc9a-cdfa0d898b04,CUST000401,Sports & Outdoors,3,319.11,957.33,credit_card,2026-05-10T12:36:45.099773
b5426872-dfdf-4165-b742-c14bda279682,CUST000770,Electronics,5,880.82,4404.1,cash_on_delivery,2026-05-30T21:15:00.356517
f4b186ae-bae8-4307-b6a2-aa5d1b33a9b3,CUST000661,Books,1,1019.43,1019.43,upi,2026-04-07T08:56:13.121634
5cd89e2e-5a58-421d-9c87-88ec8c816da9,CUST000604,Sports & Outdoors,4,747.08,2988.32,debit_card,2026-02-26T14:53:05.441530
ea5afe16-9c28-463a-a97f-9b4f3373796b,CUST000486,Fashion,1,1155.85,1155.85,credit_card,2026-04-03T15:25:39.147770
bb460734-aef8-4d1a-bda3-2b710fe533ca,CUST000301,Groceries,5,808.37,4041.85,upi,2026-04-13T13:07:01.955932
ac7d3294-2711-4600-ae0d-a18efa0ec123,CUST000240,Books,4,1405.93,5623.72,upi,2026-06-14T03:12:02.304389
2de422b6-bf13-48dc-b3d1-a1a2cab2d244,CUST000345,Fashion,1,1413.81,1413.81,cash_on_delivery,2026-07-26T20:34:59.109675
0cf73ad0-b615-47e0-9d47-089f50b4b64c,CUST000705,Fashion,4,742.29,2969.16,credit_card,2026-02-11T18:15:48.950910
25108947-05b0-4271-ba6a-c7ad89fa2b1b,CUST000618,Sports & Outdoors,1,461.66,461.66,credit_card,2026-05-24T17:23:32.583766
a173335c-04f7-459d-8c35-46d742d471e5,CUST000167,Electronics,4,548.98,2195.92,upi,2026-07-28T07:14:15.671192
a2e9cfda-9692-4bdf-aa13-a8aa0b592294,CUST000246,Home & Kitchen,4,276.82,1107.28,credit_card,2026-03-11T19:36:13.457000
2ab9d2e8-fa05-4c6c-a330-598c1b335338,CUST000687,Home & Kitchen,2,505.12,1010.24,wallet,2026-06-27T21:52:08.809791
faa45366-538e-4c7f-b63f-d3176bfaeb0d,CUST000306,Sports & Outdoors,2,859.54,1719.08,wallet,2026-05-03T00:11:49.942669
a768a608-c7b1-40fc-b55c-f2af19503b00,CUST000294,Fashion,1,1190.07,1190.07,wallet,2026-07-22T16:15:53.037069
40f5ab2f-46ac-49a1-ad6a-5a8ca097d11b,CUST000612,Beauty & Personal Care,5,712.77,3563.85,wallet,2026-05-09T08:50:05.310671
96463e3a-d5c6-4b51-bf98-ec1f201bf60b,CUST000634,Fashion,3,176.08,528.24,credit_card,2026-07-17T09:53:58.859854
14976a9d-48a2-40be-be3c-74392522365d,CUST000609,Beauty & Personal Care,1,1167.81,1167.81,wallet,2026-04-08T00:07:44.752599
eebbe2f4-3e61-4fce-984d-6f981d53e290,CUST000503,Electronics,4,198.26,793.04,wallet,2026-04-02T08:15:52.810866
7990b73f-cbf5-4065-8c02-0142ab469b0f,CUST000205,Groceries,2,1435.21,2870.42,credit_card,2026-03-12T22:16:14.948197
dba61da6-df71-41d5-98b8-0815f01eb20e,CUST000406,Sports & Outdoors,3,64.1,192.3,cash_on_delivery,2026-02-15T10:34:52.277119
829d529e-6035-4e10-b80e-ee48f88c2b0e,CUST000743,Electronics,5,1966.0,9830.0,credit_card,2026-05-20T21:24:40.665705
359999de-31e1-4888-a998-42c93d4a33db,CUST000076,Groceries,3,397.77,1193.31,upi,2026-06-11T23:24:09.546407
8bac6777-149c-4158-931d-fec915c61cab,CUST000359,Fashion,4,1038.6,4154.4,debit_card,2026-07-21T09:07:32.764554
3f47634b-24e0-40d2-8f38-862c1827c528,CUST000068,Toys,N/A,857.89,3431.56,credit_card,2026-05-10T00:12:26.902692
e201cf6b-0622-4423-832a-280f1f709e8d,CUST000566,Home & Kitchen,2,296.49,592.98,wallet,2026-06-25T13:24:01.027783
97b10bdf-c90a-4361-af06-9c413c621034,CUST000740,Fashion,5,1803.0,9015.0,credit_card,2026-07-22T01:15:29.373266
3ab39667-f6b6-44ab-9a5d-6990ed77849f,CUST000178,Electronics,4,578.22,2312.88,debit_card,2026-04-20T19:47:09.591012
cd583479-5fe0-47a3-bba4-697a21b81ad0,CUST000289,Toys,3,1600.08,4800.24,cash_on_delivery,2026-02-23T13:01:37.891777
7cd542cb-cded-418b-8187-c9cfa8452d81,CUST000248,Toys,3,73.84,221.52,credit_card,2026-07-01T10:26:06.765954
d52d21cf-9ed9-4f8c-9106-29769740f781,CUST000515,Beauty & Personal Care,5,472.15,2360.75,upi,2026-07-04T06:55:55.771618
64306089-b8db-450c-8780-b5b4819601c3,CUST000030,Electronics,4,1434.66,5738.64,upi,2026-05-08T22:37:00.124439
46361d3d-4a90-40d4-b469-fcc14731f82f,CUST000175,Groceries,3,1655.43,4966.29,cash_on_delivery,2026-04-11T09:02:07.637496
25188bf8-30f0-49c0-aa39-5da94fab145d,CUST000221,Beauty & Personal Care,4,375.41,1501.64,upi,2026-03-30T12:06:20.110324
6cde7837-349d-47ee-aae7-14765eb8882f,CUST000219,Toys,5,160.76,803.8,cash_on_delivery,2026-02-25T19:46:29.691393
c2a7859f-b722-4037-a4aa-4d3bdc8bc8b7,CUST000442,Fashion,2,1274.21,2548.42,debit_card,2026-04-29T20:16:07.915017
39a8dc6d-0868-4376-b65b-14ecd14e1f09,CUST000760,Toys,1,1101.7,1101.7,wallet,2026-07-17T01:18:35.229626
b6133b32-0c1d-4b09-bc9b-f8f49f3208ac,CUST000546,Home & Kitchen,2,1007.63,2015.26,wallet,2026-04-09T03:21:15.182994
0045f896-0beb-48e7-8c1d-1ee2ac0ca270,CUST000468,Electronics,3,475.23,1425.69,wallet,2026-03-07T19:24:46.999185
55615abb-0951-473d-a9ab-21c6252a8558,CUST000225,Toys,3,718.0,2154.0,credit_card,2026-04-22T10:25:32.376870
fd796930-d7db-40b6-aaa2-a9f8b84af91c,CUST000226,Home & Kitchen,2,1873.69,3747.38,upi,2026-07-28T10:08:54.574962
c2b47a5f-b9fa-4f5a-a3b6-16bbe8645143,CUST000139,Books,5,1594.56,7972.8,upi,2026-05-03T16:08:36.318929
e970a1a7-a1ed-4dfe-8159-a374ad5de68a,CUST000328,Books,4,1179.84,4719.36,credit_card,2026-02-12T19:40:12.579912
26690028-c01e-4582-b31f-586c424afc93,CUST000360,Electronics,4,1648.37,6593.48,wallet,2026-03-24T21:35:46.337976
9e29213d-8135-4fdb-87f2-3ee87863e372,CUST000408,Groceries,1,377.01,377.01,credit_card,2026-02-13T22:25:49.092283
99f3b0c5-2dba-4b55-afb9-adaed5734f3f,CUST000409,Books,3,1494.85,4484.55,upi,2026-03-02T08:47:33.159660
0d692a9b-cc46-4671-a71d-5c06f2682ad8,CUST000136,Home & Kitchen,5,1583.15,7915.75,cash_on_delivery,2026-03-12T17:13:04.247492
50735527-0371-4f5c-b15c-859449c6050c,CUST000666,Books,5,852.73,4263.65,debit_card,2026-03-13T08:04:54.759639
d6e5f88e-fa97-44cc-a889-10bd80a4545b,CUST000736,Beauty & Personal Care,4,1079.89,4319.56,credit_card,2026-05-16T02:14:28.370948
159a15e5-e5e0-4e13-bf68-9c976708e0cf,CUST000116,Beauty & Personal Care,4,138.05,552.2,upi,2026-06-12T03:00:07.400821
9abe383d-9552-41c0-86c2-fc8c73935938,CUST000134,Electronics,3,789.82,2369.46,upi,2026-03-30T08:49:26.752509
eb6bcdc6-e1e2-46b2-9e13-5ff2bcb475e5,CUST000046,Home & Kitchen,4,1769.83,7079.32,debit_card,2026-03-09T15:15:17.268891
087333dd-9bcd-4f7a-aa16-904372a1c7e9,CUST000314,Sports & Outdoors,2,960.42,1920.84,credit_card,2026-04-21T10:56:02.018704
c8e8fa13-1b4d-42f2-9fe4-0bd4cf1f4676,CUST000591,Books,4,262.1,1048.4,debit_card,2026-03-26T07:48:29.247058
53637474-44ad-4a02-bc59-661be8b45db1,CUST000044,Toys,5,653.21,3266.05,debit_card,2026-05-01T21:19:28.067662
4858f00e-108a-42ba-89b1-76141e684175,CUST000452,Beauty & Personal Care,2,600.81,1201.62,debit_card,2026-08-09T07:15:44.296573
993bd373-5a66-4fa5-9ca6-2f7ad266689b,CUST000194,Electronics,5,738.89,3694.45,wallet,2026-07-27T18:46:49.177870
75373efe-6414-46ea-8941-b583f7cb769b,,Home & Kitchen,1,236.94,236.94,debit_card,2026-03-04T22:56:32.848018
9d110e61-f7c4-4e2b-b206-b4729d6a36a2,CUST000651,Electronics,4,1761.18,7044.72,debit_card,2026-02-12T16:54:16.099983
5a738b21-7c4e-440e-839f-635e00a0757c,CUST000204,Electronics,1,70.49,70.49,cash_on_delivery,2026-08-03T17:01:20.839359
566f11e1-b99f-44a8-bdab-6a7b8215168e,CUST000484,Sports & Outdoors,1,1433.25,1433.25,credit_card,2026-04-03T21:07:58.413880
428f1695-293f-40c7-81cd-1adbb7535b03,CUST000072,Books,3,1788.86,5366.58,wallet,2026-07-22T12:46:26.575632
b0ce9e57-62be-40b9-91b3-e97fd20bb484,CUST000338,Toys,3,1464.24,4392.72,debit_card,2026-06-24T19:16:41.764630
e63390fd-2f00-41bd-9e35-af59d4519de5,CUST000102,Groceries,3,1315.44,3946.32,wallet,2026-03-05T22:27:41.051999
876014d7-498d-4503-bff4-b905e02f67fd,CUST000575,Toys,2,148.52,297.04,cash_on_delivery,2026-07-04T06:31:50.392165
87462413-8fff-4589-9787-ee3a3bdb61cc,CUST000038,Books,5,1950.23,9751.15,cash_on_delivery,2026-02-22T16:00:52.103696
6d5d2cc3-79ce-4ebb-b7d1-fa5e841aef62,CUST000695,Electronics,4,1190.04,4760.16,wallet,2026-05-06T12:24:32.133191
e20e66dc-7058-46bf-bf7b-16f15cf217e4,,Books,5,73.59,367.95,upi,2026-06-25T02:12:39.498045
11c61b85-fb17-4d02-b5c6-14a163631349,CUST000097,Fashion,4,1276.25,5105.0,credit_card,2026-05-11T07:16:30.486435
ac83574d-5022-40f1-8fc9-e132fae2d422,CUST000544,Fashion,1,1598.19,1598.19,wallet,2026-03-21T03:33:07.650756
a3d892a5-3c7e-41f5-9a65-dc8bedf68685,CUST000755,Electronics,3,668.67,2006.01,debit_card,2026-07-09T04:42:34.042941
505b0c62-8cef-4a62-adfe-ef5e1556f360,CUST000299,Home & Kitchen,1,444.68,444.68,upi,2026-03-23T18:39:14.658034
d43f0f52-af62-4998-98fa-92480d4aec8b,CUST000717,Groceries,4,1334.33,5337.32,debit_card,2026-07-21T13:22:21.436997
81e82d95-7370-4395-a56d-c47125ff34fb,CUST000765,Electronics,4,1952.96,7811.84,debit_card,2026-06-18T17:12:02.848674
96f93d88-9012-4610-b265-ab1dfffefc02,CUST000769,Toys,1,1291.13,1291.13,upi,2026-07-09T09:14:33.773313
620a4a64-bf9f-4978-9536-915e47f9c037,CUST000240,Home & Kitchen,5,920.89,4604.45,cash_on_delivery,2026-07-28T21:10:52.439712
60895d7b-5712-45d4-a61f-26e3c2396f0d,CUST000655,Beauty & Personal Care,5,476.36,2381.8,debit_card,2026-03-13T05:49:05.865906
23395a46-d287-4695-9281-9a1c7b397be8,CUST000405,Books,4,169.3,677.2,upi,2026-07-22T11:12:48.464273
018ed5d4-258d-46fa-9630-36f9edf053ac,CUST000365,Sports & Outdoors,1,1580.76,1580.76,credit_card,2026-08-06T01:44:18.635246
d5314430-c5b5-4a7c-af8c-df2e25d5537c,CUST000747,Beauty & Personal Care,4,660.61,2642.44,wallet,2026-03-22T08:27:19.762362
992ac22e-d3a8-4b5a-883a-47d3b237a2b0,CUST000004,Sports & Outdoors,3,1296.25,3888.75,cash_on_delivery,2026-05-09T21:12:22.838388
656b49bd-04e1-48dc-bef4-72cd215107a5,CUST000359,Electronics,5,187.48,937.4,upi,2026-06-09T17:49:47.553031
17eeb369-11f2-4ecd-b1c7-bf882c65d528,CUST000209,Sports & Outdoors,4,1508.25,6033.0,cash_on_delivery,2026-03-23T10:24:31.579159
362769a4-5b74-4503-badf-19efb223e2b3,CUST000073,Toys,5,1261.6,6308.0,upi,2026-05-10T17:08:58.749543
06a43b3e-9fc4-4cee-9ab5-7aa814ed42eb,CUST000507,Beauty & Personal Care,4,78.85,315.4,cash_on_delivery,2026-07-03T04:05:12.234952
c7f735e4-9ddc-44c3-ba5d-d45ca8b40217,CUST000577,Toys,3,96.13,288.39,credit_card,2026-08-03T10:42:30.049549
84f2c318-cd82-4d1f-a961-d94518f39a6d,CUST000312,Electronics,5,642.04,3210.2,debit_card,2026-07-20T20:41:25.166128
b396bd65-d86c-414b-a669-4c6141e62856,CUST000334,Groceries,4,310.63,1242.52,cash_on_delivery,2026-08-08T00:49:59.707763
343cfe97-c569-4051-a9b7-06eecce3cb70,CUST000138,Beauty & Personal Care,4,428.29,1713.16,debit_card,2026-07-01T07:23:41.155528
5a4735e6-3538-4bb0-9e54-5b510279a994,CUST000713,Fashion,2,1203.88,2407.76,upi,2026-07-03T05:52:26.577647
eba3b567-c35f-40eb-9730-1b77791a1862,CUST000681,Books,3,648.34,1945.02,cash_on_delivery,2026-03-02T02:16:38.697244
4d03a9bc-45bf-4f2d-8a97-7e9cbd065d94,CUST000296,Fashion,3,610.77,1832.31,credit_card,2026-02-20T10:31:11.994929
294f482f-1e7b-4af7-aa93-fbff3d21020a,CUST000352,Books,1,1775.13,1775.13,debit_card,2026-07-21T01:17:44.846731
99043093-aad0-408d-bbfe-9122e581e9dc,CUST000357,Home & Kitchen,5,287.81,1439.05,debit_card,2026-06-02T23:04:08.385843
346143c8-8582-4ab3-8d97-6af6a9272b2e,CUST000043,Books,2,908.66,1817.32,credit_card,2026-02-14T02:00:12.848875
83ee6980-facf-4293-b9f0-1c202c417339,CUST000613,Toys,2,333.81,667.62,wallet,2026-07-28T05:17:55.097494
5f073893-1d44-477c-8dc2-9ed5a359f22e,CUST000411,Sports & Outdoors,2,28.9,57.8,cash_on_delivery,2026-06-07T01:17:56.200166
4f81b1a0-70d9-4cc0-a8e0-96b59ea46988,CUST000416,Beauty & Personal Care,5,247.83,1239.15,cash_on_delivery,2026-07-25T15:07:41.303428
b3ebd1f9-7793-4336-818d-43eac5f01ee9,CUST000536,Sports & Outdoors,1,1735.33,1735.33,credit_card,2026-05-11T07:53:58.757526
17bb4cba-3527-4a7f-946b-bdb2eae7ed8f,CUST000454,Home & Kitchen,1,582.1,582.1,wallet,2026-04-16T02:32:26.755247
b6477f32-50c2-4432-804c-4eb69b7b0c72,CUST000393,Books,2,500.3,1000.6,upi,2026-07-23T19:56:23.670534
be12db52-9fa6-41d1-97ec-32505bfc7649,CUST000299,Toys,3,273.42,820.26,upi,2026-03-08T17:32:35.161082
7a88121e-1f4c-4a21-ae98-3dd1d874f055,CUST000379,Electronics,4,1487.22,5948.88,wallet,2026-07-15T15:45:24.573047
6b4d95d5-303a-4081-a051-0965071d53ab,CUST000777,Toys,1,899.96,899.96,credit_card,2026-06-15T11:43:43.406674
6e230192-c1dd-48ce-a623-5bc1d0985e45,CUST000172,Beauty & Personal Care,5,897.21,4486.05,cash_on_delivery,2026-05-06T09:44:36.192314
e57b7ee6-27f6-4350-af8a-535e5a1b3125,CUST000151,Toys,4,1353.04,5412.16,upi,2026-04-01T10:40:58.204191
6e0c97a8-0e4b-4614-bfe1-e7c0674951d7,CUST000087,Toys,2,1319.47,2638.94,credit_card,2026-07-28T17:51:23.389225
ed008f9c-a311-48c5-9a5d-d31f9ba3478b,CUST000760,Sports & Outdoors,3,771.15,2313.45,wallet,2026-05-19T15:13:56.732923
d3f83146-5c3e-467f-9b46-63f654c1ac46,CUST000482,Groceries,4,1067.31,4269.24,debit_card,2026-03-21T20:53:17.100764
7b9447f4-6372-4682-bc05-eac568a12578,CUST000127,Electronics,3,526.91,1580.73,debit_card,2026-02-21T14:03:41.924926
c7744f13-c14d-48f5-8283-2117aefffe08,CUST000560,Electronics,1,1347.24,1347.24,credit_card,2026-04-02T05:31:55.877811
d0a1ad67-94f1-43e0-bb20-c3d0729315b2,CUST000485,Home & Kitchen,5,1403.78,7018.9,wallet,2026-06-17T14:05:44.263796
703ae3d6-b5bc-4b87-b8b4-4be42e81aed5,CUST000197,Electronics,2,1042.91,2085.82,upi,2026-06-13T18:09:50.487137
eef76e0c-3366-48c6-a9b0-57b29d78c464,CUST000619,Fashion,5,1327.45,6637.25,cash_on_delivery,2026-03-14T08:21:38.924284
f1678b1a-4c7f-4efb-9927-ecfa0b0502ce,CUST000659,Books,1,1695.43,1695.43,wallet,2026-03-09T07:17:29.991608
51e8f771-fc6b-4a43-aafa-73dc8b02756f,CUST000090,Electronics,3,821.87,2465.61,cash_on_delivery,2026-03-25T17:16:11.041576
20a909e5-3086-4190-be28-7955d19bd843,CUST000658,Home & Kitchen,4,123.7,494.8,wallet,2026-08-08T06:21:12.667977
dca2ed20-5e9a-4fcf-9a94-e542f8c7e706,CUST000012,Home & Kitchen,3,1051.5,3154.5,wallet,2026-06-16T22:10:18.125627
689dbfa1-861d-4ba4-94cb-1ef646c5baea,CUST000152,Beauty & Personal Care,3,1682.27,5046.81,cash_on_delivery,2026-03-24T13:29:51.556346
e3322b66-012c-484e-8577-f1e71d53408c,CUST000640,Groceries,5,557.07,2785.35,wallet,2026-08-02T04:56:27.418519
5dea4de2-4b4c-49e2-b0cd-9360bf000fb8,CUST000001,Electronics,2,359.38,718.76,wallet,2026-05-25T16:59:36.131130
dd71e589-4479-4bd3-b2f0-21880c21b8cc,CUST000191,Sports & Outdoors,4,1833.15,7332.6,credit_card,2026-05-01T23:31:26.589638
3fb82012-067b-4d6f-a065-25955f72a524,CUST000129,Electronics,2,1886.82,3773.64,cash_on_delivery,2026-03-21T19:31:50.020098
469c6dcf-11ef-4354-8372-f10464cc2d14,CUST000250,Sports & Outdoors,2,139.14,278.28,upi,2026-06-17T11:29:32.884127
7426eea3-0b71-4c5c-a003-32925882d23c,CUST000055,Electronics,2,1288.58,2577.16,wallet,2026-02-17T11:45:50.330682
ae9e42d8-eea2-46bb-bae1-0d1325da107b,CUST000277,Books,2,1339.81,2679.62,wallet,2026-06-06T01:50:02.613114
83d9a25d-b507-47dd-900b-7253dbc15db8,CUST000755,Electronics,1,402.36,402.36,wallet,2026-03-21T20:08:48.945288
ae79f3b5-5a1e-4fd2-b6ee-d407e9daff5f,CUST000147,Fashion,2,1590.82,3181.64,wallet,2026-04-27T08:14:23.974828
61c94070-ce4e-483a-acbc-8cb5679a56f5,CUST000023,,4,539.89,2159.56,debit_card,2026-03-28T03:29:44.754840
abb66efe-edb8-4f61-97ba-5cdcf1fd4690,CUST000217,Fashion,4,424.61,1698.44,upi,2026-03-13T18:34:13.746453
80b6cd86-b070-4327-b3e3-76a036aa52e6,CUST000411,Home & Kitchen,5,1453.33,7266.65,debit_card,2026-03-28T06:28:48.129195
e9f2689d-49c1-4a10-be72-c219450fd433,CUST000769,Fashion,2,19.84,39.68,upi,2026-06-24T16:10:37.363074
4df564af-0cf8-4ec7-9235-b4dfeb895ee5,CUST000441,Electronics,1,1381.64,1381.64,debit_card,2026-07-21T18:59:41.505461
d7d1ec64-df66-4042-8567-86a8b7262010,CUST000075,Sports & Outdoors,1,1684.68,1684.68,wallet,2026-07-04T18:47:50.550465
00bf0ecf-c30f-41fe-888f-7d174e98550e,CUST000461,Toys,5,120.33,601.65,upi,2026-08-03T08:15:18.600591
5d5f883e-93dd-4057-a9e9-3133ec7ea79e,CUST000553,Toys,1,106.2,106.2,cash_on_delivery,2026-03-31T00:16:29.024473
0edc585e-acf4-40f7-b4b3-f6788773f585,CUST000000,Groceries,3,96.62,289.86,cash_on_delivery,2026-06-26T06:33:51.689080
5218b953-c31e-4a61-9bc6-7e7c8e7a329b,CUST000593,Sports & Outdoors,3,841.04,2523.12,debit_card,2026-06-13T02:18:54.942343
6d717ba7-5ac2-466d-8cbc-698facec2a32,CUST000210,Toys,3,289.1,867.3,upi,2026-03-03T09:48:17.775100
ff036e13-3ed4-4f28-a1e3-ab192a4e35fb,CUST000203,Beauty & Personal Care,1,514.44,514.44,debit_card,2026-08-04T16:04:18.629585
69e3d761-2b65-469b-ab9a-77473f919547,CUST000594,Toys,1,1923.67,1923.67,debit_card,2026-05-11T00:30:07.495914
a0d72f7d-9fc3-4d57-9bdc-ddeea84228ac,CUST000347,Toys,4,1299.25,5197.0,upi,2026-04-14T12:39:15.357864
0e05c9f8-e7fc-481e-8d5b-63d5450ed5b2,CUST000718,Beauty & Personal Care,2,102.93,205.86,wallet,2026-06-27T20:52:21.730705
67d12d27-114d-4d5c-aefa-8eb65562faa9,CUST000181,Toys,5,1263.94,6319.7,cash_on_delivery,2026-03-08T18:14:06.403017
7edb9032-2c5f-43dd-a202-07d440da79d4,CUST000718,Fashion,3,503.11,1509.33,debit_card,2026-03-18T02:39:35.451801
0dda14fc-9b62-421b-945c-89d1b99dcb81,CUST000275,Toys,3,1917.26,5751.78,upi,2026-05-25T11:25:55.938945
4e3f4792-d68c-424b-a96b-c8c39a2ddd30,CUST000414,Home & Kitchen,3,162.83,488.49,debit_card,2026-04-13T18:30:27.432624
bf138a95-0464-453a-8c60-df81401dab6d,CUST000539,Sports & Outdoors,2,807.38,1614.76,upi,2026-06-16T08:59:46.085143
59af52b4-21f5-4c1c-8309-360912d48f12,CUST000135,Beauty & Personal Care,1,134.3,134.3,debit_card,2026-06-04T20:36:06.659546
30ae923d-a9d0-4d97-960b-753822c3c2e1,CUST000697,Groceries,2,1496.08,2992.16,upi,2026-05-12T12:46:08.704363
ee27f823-6193-41b3-af0d-463a8d4a9459,CUST000285,Sports & Outdoors,5,1905.23,9526.15,cash_on_delivery,2026-02-20T00:17:48.743865
bc4aada4-0476-4573-aabe-a62b80f7bc02,CUST000649,Electronics,3,14.4,43.2,debit_card,2026-04-13T21:37:02.468160
b33ba4ec-5aea-4620-b8c7-3477ad42e3c3,CUST000019,Beauty & Personal Care,2,435.23,870.46,wallet,2026-06-03T05:30:51.944243
590825f2-ec14-47e3-9cc4-54fc08b1428e,CUST000561,Home & Kitchen,4,1629.66,6518.64,debit_card,2026-07-01T17:40:03.216891
f373e9e3-3598-4017-abb0-24e58eaf08c3,CUST000591,Sports & Outdoors,3,1600.07,4800.21,credit_card,2026-02-28T08:38:17.364992
cbfad8dd-39cf-47f3-a50d-b4a51bef1a5c,CUST000384,Electronics,2,890.69,1781.38,cash_on_delivery,2026-02-23T23:04:01.349489
7379cffb-92df-42bd-931c-2aa8170497c8,CUST000786,Sports & Outdoors,2,1210.86,2421.72,wallet,2026-02-26T11:45:34.557587
f3ae8f5f-c4a4-489e-a139-5449b4388817,CUST000541,Home & Kitchen,2,991.28,1982.56,credit_card,2026-03-13T14:32:36.418556
7cc24e99-7e67-46c0-86f7-f2271fad747c,CUST000427,Fashion,2,719.48,1438.96,debit_card,2026-07-23T18:43:58.618312
6566e670-c4a8-4662-9d09-796c8e0685f6,CUST000657,Toys,3,799.6,2398.8,upi,2026-06-24T10:16:57.367132
3c69f564-56d5-4f55-9ea4-b186eb05e1b1,CUST000754,Sports & Outdoors,1,217.74,217.74,debit_card,2026-04-10T17:02:20.994019
dc0de157-eaf8-4b29-a848-2812e25706d4,CUST000515,Toys,2,701.88,1403.76,upi,2026-03-09T08:36:01.914960
84ab3e5f-6972-4e57-8699-af88073b9a9f,CUST000305,Toys,3,1603.2,4809.6,wallet,2026-05-07T18:18:02.154840
1fe9d824-049d-4640-b847-909ef0f3e3ca,CUST000501,Sports & Outdoors,2,1501.48,3002.96,cash_on_delivery,2026-07-09T19:23:12.892957
9af7fdd9-694b-4754-8750-00a51c01f166,CUST000062,Toys,4,249.39,997.56,upi,2026-02-16T13:17:03.149578
5e4ababd-9ea3-45e8-855e-6f143fac4cdc,CUST000339,Beauty & Personal Care,2,166.85,333.7,wallet,2026-06-30T05:31:52.397552
3b13aede-88d8-4ff8-95f5-5295008dd953,CUST000462,Toys,2,1747.64,3495.28,upi,2026-05-10T19:48:14.864383
99b985a9-c647-4f16-9be3-bc3811df21ef,CUST000033,Toys,1,529.32,-529.32,cash_on_delivery,2026-03-11T22:19:58.155013
2ac5be98-2626-47ba-8257-bee5d5634955,CUST000152,Electronics,4,1866.12,7464.48,upi,2026-07-13T09:04:45.887966
26f4630e-6278-4e69-9782-5205d810ef03,CUST000268,Groceries,3,1515.72,4547.16,wallet,2026-07-02T00:47:56.549052
f61ba88b-8a7e-416c-8445-9a4ed85554ff,CUST000323,Toys,2,1528.53,3057.06,wallet,2026-02-25T14:41:32.093532
00f906da-0b19-46de-9610-db0e31550f58,CUST000233,Groceries,1,730.3,730.3,cash_on_delivery,2026-07-02T23:02:20.052956
b7d23e63-399d-4303-9f9e-22307daf29fd,CUST000546,Electronics,2,1255.73,2511.46,debit_card,2026-03-11T12:36:44.065939
914bfca4-cd15-46ac-8616-f18513964abf,CUST000600,Fashion,5,119.35,596.75,wallet,2026-06-30T10:27:46.387016
d90e94e9-937e-4b13-86c2-47ead4be4acf,CUST000056,Home & Kitchen,3,733.88,2201.64,credit_card,2026-03-28T06:13:13.564048
59e20f81-94d6-4cae-8063-52cec21226b0,CUST000239,Beauty & Personal Care,5,454.57,2272.85,upi,2026-04-05T23:49:06.770241
0032277e-ecd9-4cb6-8b08-fc3279af3391,CUST000404,Toys,5,306.92,1534.6,cash_on_delivery,2026-02-15T11:48:42.740197
284761da-1d5b-483c-92be-6fa1b8602404,CUST000566,Fashion,1,250.85,250.85,wallet,2026-04-19T00:41:41.542581
8d27979a-1c0a-4ade-88f1-4226792d9676,CUST000342,Toys,5,649.94,3249.7,debit_card,2026-03-17T16:46:58.298574
db0b45a1-ea51-42c6-bf15-d4c9e6bdec01,CUST000749,Sports & Outdoors,4,486.38,1945.52,cash_on_delivery,2026-06-06T19:37:46.039536
dcde9753-8e54-4427-8d7d-a5e0a4fb4858,CUST000616,Books,3,225.12,675.36,wallet,2026-05-27T08:02:38.759169
7bcb3298-bcbc-4b22-857d-061632e5f0d0,CUST000116,Toys,5,1191.98,5959.9,debit_card,2026-07-06T23:45:30.565760
0862f25a-1fed-47df-91f4-5d9f87176c7e,CUST000754,Groceries,2,473.55,947.1,upi,2026-06-11T17:46:39.600637
fd7cfff5-bbcf-4f74-99ce-0551f81caea0,CUST000661,Fashion,3,1950.1,5850.3,credit_card,2026-04-20T10:09:54.793676
e9278493-27e3-41e9-a2cb-8f9e63fd2871,CUST000261,Sports & Outdoors,3,460.97,1382.91,upi,2026-04-16T20:45:27.371350
82fbc0e9-b16b-4899-823c-7bde8ae0d091,CUST000798,Groceries,2,1714.94,3429.88,debit_card,2026-05-17T17:44:40.108243
cbda10ef-e1ef-4c72-a5e8-a153995ac659,CUST000420,Fashion,5,204.52,1022.6,upi,2026-03-14T15:36:48.194762
15c14635-ea11-4c5f-bc1f-cfc86fbbca7d,CUST000203,Home & Kitchen,5,400.24,2001.2,upi,2026-04-07T19:47:11.808471
64a23e36-f853-4d3e-badd-222649286ba7,CUST000595,Beauty & Personal Care,3,1558.71,4676.13,upi,2026-03-14T06:41:26.222672
ec91ee1b-f948-4c84-8526-b847abb83f2f,CUST000414,Toys,5,1114.13,5570.65,debit_card,2026-04-03T05:04:06.828171
dbfc75d0-c431-47fe-abbd-65b1e8333957,CUST000232,Books,5,1496.21,7481.05,wallet,2026-07-11T06:40:26.388823
07eb22ca-8825-4738-98ea-cbd1e71c41ea,,Fashion,5,1069.22,5346.1,debit_card,2026-02-20T22:29:46.687211
975a652e-4fb7-47d7-b41d-56496e1c7447,CUST000652,Sports & Outdoors,1,367.47,367.47,debit_card,2026-06-19T08:17:43.036055
634fc3e8-386f-41bb-9553-c94a8484d5ad,CUST000471,Sports & Outdoors,1,600.21,600.21,credit_card,2026-07-09T23:04:54.115110
71413f1a-9b27-48aa-8510-f243f97f853a,CUST000002,Sports & Outdoors,1,468.02,468.02,debit_card,2026-08-01T16:54:39.691257
d3744339-333a-43c7-a50a-98a352b07516,CUST000503,Home & Kitchen,1,1907.55,1907.55,debit_card,2026-03-09T12:43:23.673838
48e3623b-6221-4c19-9d6d-8d0793f65b44,CUST000235,Fashion,3,76.55,229.65,debit_card,2026-06-07T13:55:55.124664
a4af9e17-bb80-44a1-91a7-a06360e5b54d,CUST000681,Fashion,3,1907.6,5722.8,debit_card,2026-03-17T19:03:53.255001
409aff6d-5296-4ab6-b1ed-d3fcc36e2d73,CUST000467,Electronics,4,1983.72,7934.88,debit_card,2026-06-03T04:23:08.322968
31637256-0584-4e49-abd8-956e3c31f0e1,CUST000329,Fashion,1,887.51,887.51,credit_card,2026-05-02T01:24:17.769417
07acd49c-2149-4441-ad67-11c62cb64cd5,CUST000627,Toys,5,1719.33,8596.65,credit_card,2026-03-06T01:40:09.452102
3fa2d34f-3858-41cb-9e07-4a4976456532,CUST000164,Fashion,3,445.47,1336.41,debit_card,2026-06-27T02:23:23.338429
a06bf306-1dba-45d5-8bc5-e53e6eca4ea2,CUST000721,Sports & Outdoors,3,1166.04,3498.12,credit_card,2026-03-04T11:22:14.299533
bec87ac1-654b-4f69-bddc-7262e5a69fa3,CUST000513,Beauty & Personal Care,5,643.43,3217.15,cash_on_delivery,2026-06-07T15:36:43.363378
76da1969-3d7f-4f16-9d8d-063e1b08c2c5,CUST000344,Home & Kitchen,1,1988.3,1988.3,credit_card,2026-06-22T17:29:20.685903
9572d375-fa13-43b2-a21a-0c37cb5b2b2b,CUST000173,Fashion,3,495.14,1485.42,credit_card,2026-07-09T08:16:22.487707
c7026040-2df6-4555-aced-4733e72733b3,CUST000628,Electronics,2,1761.27,3522.54,upi,2026-03-06T10:54:49.530787
05511034-6c5a-47c3-816e-bcbf9dc5aab8,CUST000460,Beauty & Personal Care,4,853.47,3413.88,cash_on_delivery,2026-02-17T22:54:18.967512
5a860646-cca6-45d9-b648-8885e4099ff7,CUST000124,Fashion,3,1061.63,3184.89,upi,2026-03-29T04:21:10.991758
f128d7d8-b0f3-4c27-9c95-e8eb8fbee8b3,CUST000342,Toys,1,1800.48,1800.48,debit_card,2026-04-16T02:34:32.467541
dfd2d464-c0c6-48b6-96be-1912b27874e0,CUST000744,Home & Kitchen,5,178.62,893.1,cash_on_delivery,2026-07-08T16:12:44.399620
958746ee-a03e-4e6a-847a-bda561837cd1,CUST000530,Fashion,4,1800.96,7203.84,debit_card,2026-08-06T12:14:28.952554
2879ff13-5cb4-4bca-b49b-56e10004e780,CUST000770,Beauty & Personal Care,5,1397.62,6988.1,wallet,2026-07-04T18:51:07.555673
41ec2f33-cbeb-47f1-9fbe-febcd0b20856,CUST000393,Fashion,3,1225.21,3675.63,wallet,2026-02-15T16:33:47.857243
04838492-715a-4cb4-b7d6-ea732a7fef07,CUST000783,Beauty & Personal Care,3,88.85,266.55,debit_card,2026-02-25T19:44:32.687726
1fd41fe6-e09e-4241-824c-d810a4886c73,CUST000177,Home & Kitchen,4,757.51,3030.04,upi,2026-08-06T11:30:56.112835
d656d495-dc91-4f67-a1eb-3dc06020fb09,CUST000196,Sports & Outdoors,1,825.93,825.93,cash_on_delivery,2026-05-05T01:46:16.880176
a65f4026-f13c-4165-b0bf-9656660ce8b9,CUST000284,Home & Kitchen,5,1305.12,6525.6,debit_card,2026-06-04T07:05:56.629374
a31e24c2-a6f3-4484-a9bc-b9328d56db4e,CUST000421,Home & Kitchen,4,569.04,2276.16,upi,2026-03-18T18:44:27.894305
66a70e92-7295-4759-ab97-a824976d7c82,CUST000161,Home & Kitchen,2,34.8,69.6,credit_card,2026-06-14T05:37:52.905542
980a82ef-83e2-4b72-811f-e5ccc4f23219,CUST000622,Electronics,4,1600.39,6401.56,upi,2026-04-28T05:47:36.489489
360a7a4b-b8f2-469f-a298-3e61d6807b8b,CUST000122,Home & Kitchen,3,319.44,958.32,wallet,2026-04-02T10:05:41.774385
33bc7f47-d604-46b8-9379-5ff90b4b5457,CUST000029,Beauty & Personal Care,3,1580.39,4741.17,wallet,2026-04-22T11:06:10.068700
b7dba86a-b508-4f92-8928-e8cfa75107fc,CUST000062,Books,N/A,1289.53,3868.59,credit_card,2026-04-11T08:57:50.899451
71b1b826-db35-4723-aba7-a37cb759bfb9,,Home & Kitchen,5,572.48,2862.4,cash_on_delivery,2026-02-21T14:18:39.491001
9f099b99-d89e-4ac4-af2d-5903e928c751,CUST000159,Fashion,5,1199.51,5997.55,upi,2026-02-17T23:01:25.872392
4be2fd8e-d767-47de-8a70-a496fa3a041c,CUST000533,Home & Kitchen,3,758.53,2275.59,upi,2026-04-29T09:39:03.620417
cb4f0219-4805-48b5-a491-bbd779ba5dfe,CUST000040,Beauty & Personal Care,4,1204.24,4816.96,credit_card,2026-03-26T13:34:33.683568
ca8a2feb-bcd1-4ac3-9ca9-da227b8422af,CUST000352,Electronics,2,1535.93,3071.86,credit_card,2026-02-24T06:38:45.652079
c5850561-8b13-41ca-a12e-8304f9910393,CUST000295,Groceries,3,629.54,1888.62,debit_card,2026-03-24T00:48:43.539662
aebe1230-20d5-4b73-b202-650d570aa69f,CUST000611,Electronics,5,1327.44,6637.2,debit_card,2026-03-28T01:29:19.851849
42fb154a-0a6d-406c-92b2-db26d80ae7d6,CUST000507,Fashion,4,361.7,1446.8,upi,2026-05-07T06:01:06.999224
b70eb8f7-62ac-44b2-807f-ea46908b9f4c,CUST000440,,5,1152.4,5762.0,upi,2026-07-20T06:41:26.685669
ea47476f-f895-40bb-b97a-e2ad19ac3c79,CUST000784,Groceries,3,1615.43,4846.29,wallet,2026-06-22T22:48:46.860562
328911fd-cfce-48d1-a730-6822e40602b7,CUST000641,Home & Kitchen,5,1904.3,9521.5,credit_card,2026-05-20T19:19:39.115005
11585b70-eed9-4d8b-a29a-3151db78b89b,CUST000638,Books,5,1534.42,7672.1,cash_on_delivery,2026-05-09T23:02:42.688804
d0dbd5fb-36e5-40ab-b1f7-45fafd58fa2f,CUST000517,Toys,4,523.22,2092.88,credit_card,2026-06-11T13:53:29.100516
850d2ede-76c2-4083-8060-cf104c3c7020,CUST000310,Sports & Outdoors,4,1382.87,5531.48,upi,2026-06-01T16:05:02.147966
132e3afc-a984-4118-ac1d-abf559b05808,CUST000657,Home & Kitchen,2,1129.51,2259.02,credit_card,2026-08-07T12:59:19.132483
13928d25-15df-47a8-92bb-ba912b492657,CUST000344,Toys,2,1601.7,3203.4,debit_card,2026-05-29T11:06:54.792157
db45ec55-ac4c-48af-af84-f988afd6fc32,CUST000289,Home & Kitchen,3,1930.17,5790.51,debit_card,2026-03-19T13:01:19.776622
5aa2feeb-7241-4c10-8b5e-8929692c067f,CUST000474,Books,5,1147.34,5736.7,wallet,2026-06-30T19:25:05.070917
03faa7ed-520f-46eb-974e-2b8ff7af2c66,CUST000498,Home & Kitchen,4,424.54,1698.16,cash_on_delivery,2026-07-01T03:30:06.261755
9647fe03-8d1f-4bbe-89e4-9321760b879d,CUST000667,Toys,2,680.39,1360.78,debit_card,2026-04-03T05:47:11.679289
d4a627c5-5fdb-4698-bd72-b90d62aed3e9,CUST000467,Books,2,1451.81,2903.62,credit_card,2026-08-06T15:44:48.415309
65721a97-087e-49d3-addc-9923d08d2476,CUST000166,Fashion,4,1014.04,4056.16,cash_on_delivery,2026-08-05T03:40:09.753482
ac2824df-96cb-413f-a69c-35e31be9e4ee,CUST000157,Home & Kitchen,2,1005.93,2011.86,upi,2026-05-18T21:51:13.266111
24140bff-99f4-44b2-9420-7905dbc91ca4,CUST000237,Beauty & Personal Care,4,1337.61,5350.44,cash_on_delivery,2026-06-08T16:07:16.943119
192bbacc-29f6-49dc-815e-8fec5055930d,CUST000519,Toys,3,1030.83,3092.49,upi,2026-04-11T08:50:34.777379
17721c4e-ad47-4d3c-9475-77c7ff6452f8,CUST000512,Beauty & Personal Care,2,1390.3,2780.6,debit_card,2026-07-05T20:44:36.789899
7d7012b9-a369-4338-8671-db9d8662fed3,CUST000366,Beauty & Personal Care,5,329.68,1648.4,debit_card,2026-06-09T03:07:47.206721
e66a59f2-8c93-4f0b-87d6-2c25e0c0f81c,CUST000688,Books,4,104.57,418.28,cash_on_delivery,2026-05-20T12:01:13.413836
8acf845d-e0d9-4ba2-9e70-bc0592d56463,CUST000231,Fashion,2,67.82,135.64,upi,2026-08-05T04:54:03.916719
47e17ab4-d6c4-4e69-9f39-3aacc9b86deb,CUST000139,Toys,3,1525.74,4577.22,wallet,2026-05-10T22:23:21.110821
de00dfb5-87eb-40e8-8c1d-817796beefdf,CUST000296,Fashion,4,292.96,1171.84,debit_card,2026-02-12T20:45:34.006028
1ea6affc-9832-4d98-82f6-55e6a644f1ac,CUST000788,Groceries,2,1042.3,2084.6,upi,2026-04-10T10:27:50.764712
6274b1ea-b6bc-4c6a-a5d0-02a760cf0cb2,CUST000763,Electronics,3,1098.56,3295.68,credit_card,2026-07-11T19:24:41.212389
5e351911-2364-4905-9c0b-41432bc33c13,CUST000654,Home & Kitchen,2,157.07,314.14,credit_card,2026-05-05T20:54:40.949162
987a9375-ace3-4240-a487-2b22325839fa,CUST000185,Groceries,5,1985.14,9925.7,debit_card,2026-04-29T09:57:08.492636
7bde3b89-d75f-4b3c-a8d0-fc1b3493a395,CUST000457,Toys,5,10.36,51.8,debit_card,2026-03-24T19:18:38.210077
8de07dd1-9c6a-47a5-b9ea-c2f1198dfd69,CUST000323,Beauty & Personal Care,5,1033.19,5165.95,cash_on_delivery,2026-03-17T16:47:07.572613
1c3c67d5-c849-48f4-a224-03ff3e65c127,CUST000678,Sports & Outdoors,5,1125.11,5625.55,wallet,2026-03-30T08:40:48.674500
d23457d5-a1fd-4f7d-a857-4934abe279c5,CUST000237,Groceries,5,291.72,1458.6,upi,2026-07-30T12:13:25.455630
d23578e5-d1be-4136-82c8-31173c37c756,CUST000283,Beauty & Personal Care,5,1240.41,6202.05,cash_on_delivery,2026-02-21T00:21:55.489117
2ab2ec60-a2d8-40e4-a439-50bad6c4e8ec,CUST000614,Home & Kitchen,3,1547.52,4642.56,upi,2026-07-03T19:18:05.904144
badf69d1-790a-4e72-bdcf-70fb533cf314,CUST000078,Electronics,5,1029.26,5146.3,cash_on_delivery,2026-07-18T04:27:49.938340
559f7a59-02e8-46c5-b018-abd3eaddba8e,CUST000738,Books,2,956.56,1913.12,upi,2026-02-17T23:10:44.045127
7e375ebe-d4a1-42f0-b4bb-c83884f718d8,CUST000259,Electronics,2,1507.82,3015.64,upi,2026-06-12T20:55:15.743412
8238daa3-d6dd-457a-a376-b907c71d3825,,Home & Kitchen,4,1052.9,4211.6,upi,2026-07-02T05:34:44.300642
923b7287-308a-45d4-b6bb-3b0ecc4e340c,CUST000343,Sports & Outdoors,1,839.45,839.45,upi,2026-06-02T09:53:16.609021
2b107448-d3f7-402b-9568-5eb6101f3673,CUST000264,Beauty & Personal Care,1,359.97,359.97,cash_on_delivery,2026-07-30T12:17:13.884577
e64b6326-76de-4452-b9da-e41b95338441,CUST000263,Fashion,2,797.54,1595.08,debit_card,2026-07-15T14:29:43.755489
42265578-8613-490b-97c9-ca3a0f9bb090,CUST000270,Sports & Outdoors,2,471.87,943.74,wallet,2026-05-01T23:07:14.828896
ff3e65e7-252e-40b1-8dda-396b7ff4c910,CUST000484,Groceries,1,1917.81,1917.81,upi,2026-05-14T14:46:47.280378
0d53fb0f-cabd-43d9-a5c0-bfc1390543ba,CUST000207,Home & Kitchen,2,437.11,874.22,upi,2026-07-13T16:22:52.458046
2c8e89b5-aec2-4be9-9a84-952cfe1031b2,CUST000200,Fashion,1,1832.68,1832.68,credit_card,2026-03-27T14:57:13.887887
34652961-c307-4bbe-9e48-d4c0021bb150,CUST000127,Sports & Outdoors,4,876.72,3506.88,cash_on_delivery,2026-05-01T02:00:58.819372
a6ecb65c-57c5-438c-b750-69a506fdb0be,CUST000142,Fashion,3,1954.6,5863.8,wallet,2026-05-02T16:45:50.060858
29a405fa-92d8-44b6-a798-b9a6bc991b87,CUST000086,Home & Kitchen,1,1958.76,1958.76,wallet,2026-03-13T23:46:01.972604
de9931cb-799a-411c-98a4-d83a9b79bf7e,CUST000507,Electronics,4,1944.72,7778.88,wallet,2026-04-29T06:51:30.427958
dadc17e1-67b2-412f-b7d8-4feba9e00687,CUST000492,Beauty & Personal Care,3,1133.7,3401.1,cash_on_delivery,2026-08-01T09:26:39.893888
5cf92406-b7ce-44a0-bc46-c7cbec88cd33,CUST000030,Electronics,4,997.36,3989.44,cash_on_delivery,2026-03-17T19:56:25.483142
1f931d12-5e8b-4639-8eca-5375b434d367,CUST000311,Electronics,5,410.51,2052.55,credit_card,2026-04-04T01:32:38.373420
92d418fd-2689-443c-9ca0-eda882b39153,CUST000657,Sports & Outdoors,4,804.62,3218.48,wallet,2026-02-11T13:20:11.499002
3e629da0-4fe8-443e-a5f6-57f6fb855d9c,CUST000140,Sports & Outdoors,2,1865.22,3730.44,debit_card,2026-05-07T11:57:27.167210
40459ea8-0623-4708-af35-7bb25b98d939,CUST000076,Fashion,2,749.91,1499.82,wallet,2026-07-24T10:58:51.597488
1bb0ef49-3704-4f98-a4fd-7e35bf25b2c9,CUST000242,Fashion,5,451.55,2257.75,upi,2026-03-05T22:40:55.568686
b2ceae36-813d-4cb0-a034-18ef5e3e5122,CUST000235,Sports & Outdoors,3,1279.06,3837.18,debit_card,2026-06-08T03:33:37.253855
eb34da53-5996-4153-b0a0-20d90dae0a48,CUST000185,Books,4,970.96,3883.84,upi,2026-05-09T11:20:22.697509
e512dea6-9ce7-4621-b737-f7e5553a58be,CUST000485,Books,2,48.52,97.04,debit_card,2026-03-04T22:40:29.124185
145d15d7-a941-4894-9375-9b6868e6eab7,CUST000311,Books,5,894.73,4473.65,debit_card,2026-04-29T01:19:03.702444
861fe319-06e8-4537-a545-77403305eb92,CUST000246,Toys,3,1324.23,3972.69,upi,2026-03-16T16:21:03.983445
4f320d39-63f3-4d6c-9898-ad219b4351ea,CUST000774,Electronics,1,1403.26,1403.26,upi,2026-04-17T22:25:30.781045
2de59b05-209a-4fb0-9f4a-b4cb1aaf9075,CUST000791,Toys,5,1481.33,7406.65,credit_card,2026-02-28T06:56:16.922431
bca5bccb-c30f-4d65-af30-6a420c22e446,CUST000694,Beauty & Personal Care,5,1453.35,7266.75,wallet,2026-05-09T14:07:00.499666
7f0e0ecd-070d-462c-9c5f-0934d25143d8,CUST000098,Home & Kitchen,4,1001.37,4005.48,upi,2026-03-01T06:20:06.289377
783eef4c-6a7b-49ab-8047-e2aa93615a7b,CUST000796,Groceries,4,1827.14,7308.56,wallet,2026-04-10T12:34:57.613800
265f4ea4-b0b3-46b9-87a3-904f7bcaf4fe,CUST000768,Books,4,358.18,1432.72,credit_card,2026-04-15T07:13:34.951991
dd260568-3343-4101-9950-9335616b56c3,CUST000307,Groceries,3,433.57,1300.71,credit_card,2026-04-12T12:54:47.745336
480e1868-25c3-4b67-abb4-7b95e3edf9d1,CUST000434,Books,2,1647.6,3295.2,cash_on_delivery,2026-04-30T22:17:52.127425
ff538afe-02c6-40e9-9c2e-407e2d279983,CUST000316,Fashion,3,1902.58,5707.74,cash_on_delivery,2026-07-31T23:41:13.165047
35f99ccc-bbbd-4d46-ab5e-55f73820de26,CUST000599,Books,5,315.63,1578.15,debit_card,2026-05-27T02:21:25.302891
0a4cd6a3-ba87-4618-9c59-e667a62dd7c5,CUST000186,Electronics,4,1430.73,5722.92,upi,2026-06-06T07:00:09.942721
942cd3ee-712e-4497-86e0-5111ead52558,CUST000108,Groceries,5,1617.03,8085.15,wallet,2026-05-03T23:48:03.202754
e04a3357-67e3-4ba0-93fc-4bd79375d44c,,Toys,2,1182.68,2365.36,cash_on_delivery,2026-04-11T09:43:28.635463
58365001-3524-4855-a088-835ef5facb76,CUST000303,Electronics,4,62.5,250.0,credit_card,2026-04-23T07:38:14.912736
fd9a929b-2be4-45b8-b146-cdda0df631b7,CUST000328,Electronics,3,1567.62,4702.86,credit_card,2026-04-16T03:54:00.557810
50287d6f-4e1a-4aa7-bd39-bb5d6f9f06cf,,Sports & Outdoors,4,1166.67,4666.68,upi,2026-02-13T22:58:17.946288
0c25fee3-de8a-4c2f-9bae-77c97cc00272,CUST000108,Toys,2,1076.79,2153.58,wallet,2026-05-20T18:36:28.457627
8ebac0a6-2c17-4f10-8f62-864cde1f748a,CUST000239,Toys,5,803.33,4016.65,credit_card,2026-03-25T08:32:11.216411
5dc5a602-5022-4067-850c-45509c454cd9,CUST000738,Toys,1,1630.23,1630.23,wallet,2026-05-24T15:27:09.022416
677af3fa-946d-4a7e-ac21-cc3f9d079377,CUST000105,Beauty & Personal Care,1,1433.95,1433.95,wallet,2026-04-06T03:54:08.459499
e10bd28b-3958-42a9-98f2-7816a84d6ecc,CUST000335,Books,5,1161.04,5805.2,debit_card,2026-05-15T13:51:05.833057
425cac55-81c0-4447-b4ab-1a97a3d9d5fc,CUST000446,Home & Kitchen,2,407.47,814.94,credit_card,2026-02-14T03:52:45.306008
25ea05cc-83c4-4f4f-a118-2fcbad6a80e7,CUST000424,Beauty & Personal Care,2,1502.35,3004.7,upi,2026-04-15T11:40:13.465572
7b16bc12-2546-4191-a58e-ccd63aae9299,CUST000717,Electronics,2,599.86,1199.72,debit_card,2026-08-08T07:12:20.980703
35963889-39a3-417c-b67c-7f519ab4d956,CUST000581,Books,3,690.86,2072.58,wallet,2026-03-19T03:42:02.529183
01347458-ab94-4686-b60b-e4da1a59f735,CUST000324,Sports & Outdoors,4,1992.89,7971.56,debit_card,2026-07-12T11:43:57.835045
7b5aae20-92aa-456d-a6db-2a4fd9d7f036,CUST000026,Fashion,4,1000.59,4002.36,wallet,2026-05-14T15:21:50.795216
7fdccd25-db44-496d-93d2-02744b0ee966,CUST000164,Electronics,4,795.8,3183.2,cash_on_delivery,2026-05-21T22:07:44.100138
6fc31a0a-aa99-4536-a884-7d8ecbe0e0c1,CUST000634,Groceries,5,903.42,4517.1,credit_card,2026-07-22T04:01:23.473275
e633bb6b-ecf4-4d0b-b7f8-2217b9e05335,CUST000581,Sports & Outdoors,5,1797.99,8989.95,credit_card,2026-05-04T09:30:25.189787
2142d9e1-f0f0-4279-85c9-cdf1d81254db,CUST000040,Home & Kitchen,4,1736.45,6945.8,upi,2026-05-26T16:21:31.128083
debd218a-de2d-491e-825d-81bbfecf129a,CUST000233,Sports & Outdoors,5,1436.54,7182.7,debit_card,2026-07-21T05:02:19.549475
2acc738d-e348-4522-98f7-2f3cbc3725da,CUST000210,Books,4,168.08,672.32,credit_card,2026-02-13T13:01:08.157887
5b2f345d-2ac0-4491-b78a-76d68d013c0f,CUST000728,Books,4,815.04,3260.16,wallet,2026-03-13T06:52:59.142053
90bb1841-5d08-4254-ad75-dc8c1e9494c1,CUST000608,Books,4,1993.55,7974.2,cash_on_delivery,2026-03-02T07:03:18.647946
b61fcdcc-6cdf-4e11-b423-2dea6cfe369d,CUST000554,Groceries,3,1725.86,5177.58,wallet,2026-05-16T03:58:49.759864
9b12ab12-666c-4bbc-94bd-0421e7fc3376,CUST000321,Electronics,5,1734.22,8671.1,debit_card,2026-04-01T16:53:54.271399
d03789da-8f7f-4025-8aef-26eaa3824b3d,CUST000504,Groceries,3,273.74,821.22,debit_card,2026-04-10T00:56:12.978759
e513303f-2248-4a01-bc6e-4012b37b078c,CUST000171,Sports & Outdoors,1,1329.7,1329.7,upi,2026-05-06T14:10:39.603664
9dec6f4d-6166-4e64-a6da-f9bc4cd4141c,CUST000742,Beauty & Personal Care,2,1757.17,3514.34,wallet,2026-03-12T19:33:47.418577
53512e11-e6f7-4b78-8ab5-0c5bc5346069,CUST000350,Groceries,5,863.02,4315.1,cash_on_delivery,2026-06-28T12:07:34.335605
f9d1d694-8296-4c31-8d71-dccaa5cfcfcb,CUST000073,Sports & Outdoors,3,303.69,911.07,upi,2026-04-02T23:24:20.615565
aed4a842-fdd0-4e9d-aeea-e3c44099619d,CUST000306,Sports & Outdoors,1,1112.58,1112.58,debit_card,2026-04-14T00:44:54.915783
1ed65594-eac9-4916-818b-cad1a04eb1b7,CUST000135,Toys,1,1305.81,1305.81,cash_on_delivery,2026-04-02T13:59:14.601472
acc32bf1-3547-40fc-9bfa-e2a4a1abaef2,CUST000129,Sports & Outdoors,1,996.41,996.41,wallet,2026-02-16T14:44:31.890667
47194a1f-6d42-43c9-99d0-891c150135f0,CUST000669,Books,2,1617.85,3235.7,upi,2026-07-06T15:34:06.888738
8bbdb1ad-7c32-416f-9476-04864dea8a2b,CUST000423,Groceries,3,11.24,33.72,credit_card,2026-08-08T06:05:47.954447
74f48fb0-d047-461a-b35a-05e2172f588f,CUST000690,Toys,4,1406.59,5626.36,credit_card,2026-05-26T21:39:12.095083
e5afff03-7dd8-48f4-b80a-ed5237483782,CUST000187,Sports & Outdoors,3,338.9,1016.7,cash_on_delivery,2026-05-25T22:19:24.075877
833ef319-65b1-49b7-9360-3e354458852f,CUST000747,Home & Kitchen,2,908.01,1816.02,cash_on_delivery,2026-05-11T00:33:38.749050
45faa9c7-7bf9-47e2-bf08-ebdcd25829cf,CUST000607,Books,4,1463.25,5853.0,debit_card,2026-04-09T17:00:02.186334
94f38e80-5684-4679-b374-d53bc101a619,CUST000480,Home & Kitchen,4,704.47,2817.88,cash_on_delivery,2026-04-16T15:27:21.271878
72c46055-5853-4503-b904-f7da340b4866,CUST000705,Home & Kitchen,N/A,1464.62,1464.62,debit_card,2026-04-08T04:32:28.719521
e642e702-1146-4c5f-8ff2-f068aee6ba55,CUST000376,Toys,3,926.05,2778.15,cash_on_delivery,2026-05-13T03:51:18.412294
8c444229-27d6-4a00-bca0-c532411e0918,CUST000454,Beauty & Personal Care,4,1410.85,5643.4,upi,2026-05-24T14:56:28.758421
9e264034-b8ed-4e5a-93c1-b9ad3b757361,CUST000062,Books,2,1519.59,3039.18,wallet,2026-03-13T21:00:11.894569
b4a64c95-940d-4e74-a74c-23a3507023a0,CUST000219,Toys,3,1417.3,4251.9,debit_card,2026-06-21T21:41:53.981150
30a37ae4-44dc-497d-917a-1353fbd8f7f2,CUST000405,Groceries,4,615.47,2461.88,wallet,2026-05-04T07:10:27.259919
395e1f4a-df45-4dac-8a00-9c7469ac29ac,CUST000460,Toys,2,50.38,100.76,wallet,2026-02-21T15:46:48.249335
84484421-4c74-4cce-aa58-0d3419c8b2ae,CUST000683,Beauty & Personal Care,5,1303.08,6515.4,debit_card,2026-06-24T23:25:55.085902
49dfd035-591d-4659-b619-01eb3a5d9c97,CUST000597,Electronics,4,642.04,2568.16,credit_card,2026-04-26T21:34:16.995428
fba0fba4-5a4a-487c-8995-f71f0aaad235,CUST000039,Home & Kitchen,1,33.25,33.25,debit_card,2026-06-14T23:58:30.396729
21a42b11-149a-415f-bcf0-1606819bdb16,CUST000045,Beauty & Personal Care,5,1860.97,9304.85,credit_card,2026-06-06T18:10:13.782476
f84c7911-31f5-4ccc-bd9c-86b2966ce5f2,CUST000668,Groceries,5,1029.11,5145.55,upi,2026-05-20T00:51:28.355325
23b47790-70ee-4a35-8425-382d954a47f5,CUST000152,Groceries,1,972.49,972.49,cash_on_delivery,2026-04-26T21:30:56.048862
7863b659-12bb-4954-934c-2c7ca1a56405,CUST000374,Toys,3,1542.64,4627.92,cash_on_delivery,2026-04-19T01:50:30.885880
9a772210-9889-4546-b933-c2a6bee4beed,CUST000243,Toys,5,1726.35,8631.75,wallet,2026-03-14T22:21:18.618161
078aea1b-64c0-49f4-b892-9ce7860ec77f,CUST000743,Fashion,3,425.66,1276.98,credit_card,2026-06-15T22:17:53.779956
16825a5b-569d-4653-b8a8-d468633e745f,CUST000106,Fashion,3,1529.9,4589.7,debit_card,2026-03-28T18:12:25.070631
176e93f5-c8f4-4bb7-8d7e-134263ddb994,CUST000698,Fashion,1,1460.33,1460.33,upi,2026-03-31T13:34:50.271938
b88fca46-182f-4f1b-95ad-6c0af386dead,CUST000262,Home & Kitchen,1,1442.23,1442.23,cash_on_delivery,2026-07-12T10:40:33.174367
ff1a90af-e1cc-4f3a-95c8-62a9d5344fc6,CUST000660,Books,5,568.52,2842.6,cash_on_delivery,2026-03-09T19:40:26.821897
753fd78e-c3f7-4775-9a96-8a881acde1e4,CUST000232,Groceries,1,354.23,354.23,cash_on_delivery,2026-05-02T19:08:04.553439
e6a4cc19-9019-4350-ad33-fa6dddc65fd3,CUST000043,Fashion,5,483.85,2419.25,cash_on_delivery,2026-03-20T16:18:15.835369
f51a1dd4-ea4c-49ff-8598-2dc66543991f,CUST000321,Sports & Outdoors,3,1307.76,3923.28,wallet,2026-06-06T13:45:39.447647
56bcfee1-84f1-4383-9d6a-4b69bf08b497,CUST000176,Beauty & Personal Care,5,808.93,4044.65,wallet,2026-04-27T03:45:59.197127
304d3eb2-2eb2-4bb9-a72d-6aebf06c17eb,CUST000579,Toys,1,1577.67,1577.67,credit_card,2026-05-26T07:01:42.385733
0fcdaa9c-c38a-4a46-bba0-6834a0569eb2,CUST000767,Electronics,5,1152.4,5762.0,cash_on_delivery,2026-05-18T20:48:38.389713
4527e56f-e854-4cf3-9a6e-a4cc86057ad5,CUST000079,Home & Kitchen,5,128.21,641.05,wallet,2026-04-07T14:09:48.131434
c6f4ec77-9815-4175-8cbd-926bf9dd3b35,CUST000566,Home & Kitchen,4,1578.73,6314.92,upi,2026-04-22T05:10:57.846553
ad679e64-e91e-4828-91cf-1c3de496b04a,CUST000063,Beauty & Personal Care,1,233.38,233.38,cash_on_delivery,2026-02-22T12:40:31.773458
8663ee45-9b89-4cc0-bc28-c14d0ee05678,CUST000402,Fashion,3,1668.04,5004.12,debit_card,2026-06-24T03:58:40.918540
ec8ea313-8d88-45ff-9e83-5bac9a63649f,CUST000357,Electronics,3,1531.56,4594.68,cash_on_delivery,2026-04-28T20:19:02.136626
8c4eee4c-21b5-4aa1-a561-c03f721e2730,CUST000299,Electronics,4,1770.11,7080.44,upi,2026-08-02T19:00:11.103683
cfd3a546-2bb5-49e6-936d-b9a70a9d3d98,CUST000596,Toys,3,1874.17,5622.51,credit_card,2026-08-07T01:18:54.364919
8fb620fa-04cb-48b7-8530-84d697fd472d,CUST000025,Toys,2,143.42,286.84,wallet,2026-07-03T10:54:56.715798
6dfc5067-2740-44b4-941d-46a4840ba0c3,CUST000203,Groceries,4,373.58,1494.32,debit_card,2026-02-28T09:59:31.614322
3834a82c-9c43-44bc-9eae-e46daebeb24f,CUST000008,Sports & Outdoors,5,405.34,2026.7,upi,2026-07-23T04:37:05.982658
59c94e4e-ce2f-439b-b6ce-b36b1b461d40,CUST000328,Beauty & Personal Care,5,830.77,4153.85,wallet,2026-02-16T09:21:13.109407
55c14c02-e0fb-40c8-84ad-294418659311,CUST000720,Home & Kitchen,5,766.53,3832.65,credit_card,2026-02-20T20:39:06.579221
fd0d0b92-f18f-4dd3-b770-20b93e8394ec,CUST000298,Sports & Outdoors,3,1359.09,4077.27,wallet,2026-05-31T23:48:55.268251
7ac91067-4deb-4d77-bd42-6fb24fff6835,CUST000392,Books,5,375.58,1877.9,debit_card,2026-05-14T21:37:50.903822
2a367d64-aeb9-4431-9c52-79b7d2a067dd,CUST000335,Beauty & Personal Care,3,1115.57,3346.71,credit_card,2026-06-08T01:14:14.503897
09b01e3c-1c09-4928-a29b-e6893073f1ef,CUST000094,Books,2,514.05,1028.1,cash_on_delivery,2026-03-04T11:36:02.562226
8cd87ee7-eb2c-4a4d-b525-9857bde47098,CUST000619,Fashion,5,360.25,1801.25,upi,2026-04-22T20:11:25.487724
83b9f1e1-b68a-4f50-a3b3-0985bbea549f,CUST000091,Beauty & Personal Care,1,152.34,-152.34,wallet,2026-06-01T19:50:40.053665
49b751fd-1460-431f-af18-ee4c24954db7,CUST000031,Groceries,3,587.72,1763.16,debit_card,2026-03-06T00:03:28.559657
0bf124ec-04a7-45b6-88cf-ae2efb1bbf5a,CUST000762,Sports & Outdoors,3,523.24,1569.72,wallet,2026-05-21T23:39:28.172773
0875dd59-1475-478c-ac5e-8a5ffa32318d,CUST000364,Fashion,1,1404.15,1404.15,debit_card,2026-07-25T09:01:19.047454
79a3f81c-fb9d-458b-9f87-1d18b2ae4abd,CUST000440,Home & Kitchen,3,26.04,78.12,debit_card,2026-08-07T02:24:29.366748
3205ddc1-c1d4-46ea-b1bc-a0c93ecc1da7,CUST000061,Books,5,1015.69,5078.45,cash_on_delivery,2026-03-11T05:32:35.111980
bfb13858-7847-4d72-b9dc-687347d36537,CUST000413,Books,4,1930.83,7723.32,credit_card,2026-02-18T08:21:46.003222
7a2ed95c-3a3c-45eb-8728-3a7e30207545,CUST000178,Books,4,1512.85,6051.4,credit_card,2026-04-06T21:03:09.912206
8b613b82-dda1-4e61-a56c-ae1fd1b23637,CUST000078,Beauty & Personal Care,5,507.84,2539.2,upi,2026-04-29T06:53:51.468170
f973569b-d26b-4b90-bdfd-8da98547c3fc,CUST000131,Fashion,3,1706.5,5119.5,credit_card,2026-03-12T18:27:54.493398
8316064a-659d-442c-9a88-e1236034ed70,CUST000389,Home & Kitchen,4,1808.22,7232.88,wallet,2026-04-25T19:37:04.479797
66891543-7cd5-4aec-833d-60ce1e7509d3,CUST000152,Books,2,900.06,1800.12,credit_card,2026-06-27T15:47:34.313868
8d7e6821-befe-4b90-b784-8dab3a772896,CUST000661,Books,4,1365.85,5463.4,upi,2026-05-15T11:47:28.594801
9afa68eb-5e15-46aa-aacc-23ec288ca344,CUST000195,Sports & Outdoors,4,1270.41,5081.64,upi,2026-05-27T13:04:50.583115
8ff97541-236b-4ef5-8e8a-36d097638d91,CUST000063,Electronics,1,522.7,522.7,cash_on_delivery,2026-06-29T09:15:05.565094
7bf99028-7775-4dcd-92fa-e23225ef4cba,CUST000274,Books,1,1778.84,1778.84,cash_on_delivery,2026-03-27T10:43:01.606794
2215aa3a-9386-435e-a2ef-11d98c0f7e81,CUST000037,Sports & Outdoors,5,466.58,2332.9,wallet,2026-03-28T17:43:16.626845
f293334c-2eb2-4a65-ada9-131eec5bb43f,CUST000079,Sports & Outdoors,3,1208.36,3625.08,credit_card,2026-07-01T11:31:03.398713
5372014e-9188-4565-9c61-339dc94e9d5f,CUST000157,Beauty & Personal Care,3,648.59,1945.77,credit_card,2026-07-19T16:22:59.483135
5f609e9b-0ca4-4f11-b92a-fa06c4efb37c,CUST000739,Toys,3,641.22,1923.66,credit_card,2026-05-05T21:49:43.612664
9d86eae4-1447-4ade-b0db-10633eb9c919,CUST000780,Electronics,2,127.06,254.12,upi,2026-06-20T10:16:10.911329
9aec43a1-3b3c-404b-95cf-6d8d4c480829,CUST000432,Electronics,1,1047.85,1047.85,cash_on_delivery,2026-04-12T10:57:36.612936
1d07e097-f73a-4bef-b79c-8cc21323ca11,CUST000408,Fashion,3,485.0,1455.0,wallet,2026-02-24T19:18:58.949830
83eefa44-2dc2-4eee-af1e-8f96c671739b,CUST000681,Groceries,3,948.29,2844.87,upi,2026-03-20T09:02:11.105165
5b3c61cf-0890-474a-a90f-c4895c4cf8dc,CUST000738,Beauty & Personal Care,1,1559.04,1559.04,upi,2026-06-06T07:40:30.163213
11a77cb0-a6d6-436a-8c6a-820b297eef8e,CUST000506,Electronics,4,633.22,2532.88,cash_on_delivery,2026-07-26T12:57:19.535378
a447c7c5-827e-40d3-9e3f-17a5a88a6c59,CUST000024,Toys,5,809.81,4049.05,cash_on_delivery,2026-03-12T04:16:20.922301
15e4e178-99ad-4dc4-b23d-6413c0726885,CUST000541,Groceries,3,1433.04,4299.12,debit_card,2026-02-16T15:52:41.990817
77175d8d-5bf8-48dd-b533-a64a9f980e4d,CUST000103,Electronics,2,1663.73,3327.46,cash_on_delivery,2026-06-23T15:09:09.531312
818bef1b-bb18-4c3a-b8f6-eaba83dbd6fc,CUST000188,Fashion,4,99.15,396.6,debit_card,2026-08-04T06:33:48.410970
77cba3ec-1a99-40d0-8e4e-5c46bf4765cf,CUST000525,Fashion,1,1662.94,1662.94,debit_card,2026-07-18T12:39:08.398585
72378704-1551-4723-b184-1b4124b8036e,CUST000673,Electronics,3,1672.76,5018.28,credit_card,2026-06-24T14:27:29.161038
2b9f15f9-c4c9-4739-8a1a-71fc16f9865b,CUST000258,Groceries,3,1024.64,3073.92,credit_card,2026-04-18T12:38:35.880215
d8d57127-cefc-465e-853d-14648beb225b,CUST000474,Toys,4,1371.89,5487.56,cash_on_delivery,2026-07-17T20:42:21.273011
2ba1f019-abfa-441d-b726-5dffc5faf5cb,CUST000410,Books,2,480.96,961.92,wallet,2026-05-14T00:22:48.074479
568da53f-0d87-4c2c-98f6-41f5fc72fb0c,CUST000106,Books,2,428.66,857.32,wallet,2026-06-25T13:56:01.227650
468a629d-e683-445c-8373-7a678806a8f3,CUST000060,Sports & Outdoors,1,367.01,367.01,upi,2026-03-29T10:34:56.745657
d09dd5cf-4790-4f71-bc41-1288d251e82a,CUST000547,Sports & Outdoors,4,1378.43,5513.72,wallet,2026-05-03T10:32:10.802451
2dea5d2a-2289-462b-afea-b3b85090f825,CUST000231,Toys,2,1297.55,2595.1,debit_card,2026-05-08T04:02:12.148956
65fbbee5-80dd-44ce-8478-81ff244fb842,CUST000460,Fashion,2,1045.32,2090.64,wallet,2026-06-17T21:32:05.791636
ecfb3d20-f8f6-46c4-8282-81190cdaad31,CUST000365,Electronics,3,1732.27,5196.81,upi,2026-05-24T10:50:50.405595
5f93644f-29d9-4d51-bd0f-23529ffc4f19,CUST000600,Beauty & Personal Care,1,1835.27,1835.27,credit_card,2026-03-30T09:09:30.537548
8fb551ef-c3b3-43dd-a8f2-8200526a6c14,CUST000243,Electronics,4,1037.26,4149.04,cash_on_delivery,2026-06-30T00:28:54.310208
22a508b0-58f2-4c50-a267-0353f3be6ed7,CUST000315,Beauty & Personal Care,4,722.49,2889.96,cash_on_delivery,2026-07-24T20:46:43.654121
a3c04a33-bfd3-4d5e-ba02-df13680b06a9,CUST000463,Groceries,3,12.42,37.26,credit_card,2026-05-17T20:34:58.805820
6afcd665-31d0-499d-be6d-d38d18a9e6de,CUST000669,Books,2,838.85,1677.7,upi,2026-07-20T13:27:50.976108
904b549e-5690-44af-ba97-5efcb1d0586a,CUST000180,Electronics,4,1927.75,7711.0,credit_card,2026-03-08T08:49:01.237588
68e6eb8f-db54-4ab2-8fce-865013a5fd50,CUST000328,Books,3,60.19,180.57,cash_on_delivery,2026-04-08T06:33:57.467711
0529a35e-e748-4fe4-9e95-8079862b3bd2,CUST000362,Groceries,4,262.76,1051.04,cash_on_delivery,2026-02-26T06:40:19.715408
688c924b-3fa6-4906-9964-08bae54d408c,CUST000762,Home & Kitchen,2,448.6,897.2,debit_card,2026-05-22T20:40:12.466716
08162aa2-b3bb-446a-97f9-5a9ad9aa2b7c,CUST000218,Groceries,2,768.0,1536.0,credit_card,2026-03-01T21:56:51.309290
f69be5b1-77b9-422c-9292-b0995e130808,CUST000153,Home & Kitchen,2,1985.83,3971.66,upi,2026-04-25T17:08:54.080877
5fc25a9f-b3b9-4b76-8d12-235032d8ccd3,CUST000163,Books,2,304.69,609.38,wallet,2026-07-04T16:48:16.672882
9dbe0b3b-a8d0-4fe7-8d02-2edb67ca970a,CUST000790,Beauty & Personal Care,2,1141.12,2282.24,debit_card,2026-06-19T23:43:36.465949
790b26a6-6524-4655-b5bf-fe06dba84770,CUST000204,Books,5,807.59,-4037.95,wallet,2026-06-25T19:02:32.010679
e6c5a405-c94b-490e-996c-bdac0280d1fe,CUST000113,Fashion,1,1096.58,1096.58,cash_on_delivery,2026-03-16T21:07:19.836017
039f4f1a-764a-40f4-9ecf-6e51c3b6bb87,CUST000739,Beauty & Personal Care,3,201.55,604.65,cash_on_delivery,2026-07-24T20:14:52.948369
1a99c535-4e13-4ce2-b2fb-a30385d6291d,CUST000759,Beauty & Personal Care,5,1159.37,5796.85,debit_card,2026-04-26T13:16:10.972432
d0f75531-e33f-4c63-b487-1e9ec2a7ba75,CUST000269,Fashion,2,1414.92,2829.84,credit_card,2026-05-24T10:33:46.265058
1ae79f8b-a13a-47e7-91eb-45af78791889,CUST000235,Electronics,5,933.18,4665.9,upi,2026-05-12T18:05:00.583563
c32d9110-eb07-4269-81b3-943a49b61e4a,CUST000591,Groceries,1,329.5,329.5,credit_card,2026-05-13T12:36:01.694877
a058fa9b-39a1-460d-96e9-dd690a76d3dc,CUST000076,Toys,3,620.23,1860.69,cash_on_delivery,2026-05-15T23:21:42.171094
4e3e5e51-868a-48a3-a952-354106bb25d9,CUST000000,Sports & Outdoors,3,223.85,671.55,credit_card,2026-05-15T13:48:25.662434
dab5d8b3-301b-44ab-9909-7cfb66b9da42,CUST000286,Books,1,123.34,123.34,upi,2026-06-29T11:10:15.700288
b4fd4f21-a79a-490c-9bf9-30638688ef87,CUST000470,Groceries,5,523.62,2618.1,debit_card,2026-07-05T04:38:32.044839
72c8f4a7-244d-413c-ae46-01e64da0eff6,CUST000141,Fashion,4,1657.73,6630.92,credit_card,2026-05-25T04:35:03.458933
d28f4a59-5242-46c6-93bb-9b2ce7e0e037,CUST000372,Sports & Outdoors,4,655.39,2621.56,debit_card,2026-05-08T00:00:25.132645
1524e6d0-efd6-4bd7-b91d-9a3aefb35a35,CUST000172,Beauty & Personal Care,1,544.18,544.18,debit_card,2026-07-14T23:53:53.352418
428c35df-426a-4377-ace8-6a1ff47e4672,CUST000422,Groceries,2,1707.7,3415.4,debit_card,2026-04-18T13:41:25.179255
ca979242-5b91-4a2b-903a-531acb5bd5a1,CUST000161,Sports & Outdoors,5,140.29,701.45,credit_card,2026-06-02T08:05:19.661191
e7bd9f22-049f-472c-9398-f58b009ff87a,CUST000656,Home & Kitchen,3,784.28,2352.84,cash_on_delivery,2026-04-23T21:08:56.304012
a2858252-8deb-48ff-8e0d-0eebd01dad65,CUST000538,Fashion,2,1818.44,3636.88,debit_card,2026-06-19T14:56:30.531980
bc4c32d3-d447-49e6-8ffd-ff83a15a08ba,CUST000664,Beauty & Personal Care,2,795.74,1591.48,credit_card,2026-04-27T15:36:17.444448
b7c10b27-b3cf-4e3e-9572-ffd7d5eacc52,CUST000488,Sports & Outdoors,1,1871.97,1871.97,upi,2026-03-15T14:04:35.431333
9420f5db-46e5-468c-950a-c1def6d88216,CUST000150,Toys,5,1920.89,9604.45,upi,2026-07-19T15:14:41.453354
e9616280-094a-4112-9d31-2f219b8ebe64,CUST000621,Toys,2,1735.27,3470.54,debit_card,2026-07-21T17:39:33.261904
038af7a1-4087-478e-a231-8bf25d9c7fdd,CUST000036,Books,2,452.91,905.82,cash_on_delivery,2026-02-19T21:15:01.498078
8efe0ed8-1bfc-44a4-95a6-9d9047702b84,CUST000664,Sports & Outdoors,5,352.53,1762.65,wallet,2026-05-15T06:09:10.311100
df5a1b2d-57c3-47ee-90e3-d5a8ffa0a0ab,CUST000396,Groceries,1,699.38,699.38,upi,2026-08-09T14:06:24.205162
d47c4c83-bf6d-4167-9b7e-333ef27e235c,CUST000632,Electronics,N/A,192.11,768.44,wallet,2026-06-28T17:47:21.374482
a60757de-f72e-4d6a-9d87-50c03c541e84,CUST000140,Home & Kitchen,4,1812.14,7248.56,upi,2026-05-31T11:23:18.570413
02c386f8-485c-4d97-9925-8a910ecb16e3,CUST000528,Sports & Outdoors,2,897.72,1795.44,upi,2026-03-30T07:42:20.872410
c67a5c5d-6637-4f32-b124-6bffd29d164d,CUST000387,Sports & Outdoors,1,1094.32,1094.32,cash_on_delivery,2026-05-13T02:14:10.665403
89410072-afdb-46a6-b99f-7380f74715d7,CUST000783,Home & Kitchen,5,212.34,1061.7,debit_card,2026-03-15T20:59:33.877477
894b1f25-90ed-4705-8421-1df969ef58bb,CUST000618,Fashion,5,1580.15,7900.75,debit_card,2026-06-22T04:53:12.044450
e3ba2be3-5e78-427a-ae3d-75e3064b723e,CUST000355,Books,2,1968.57,3937.14,credit_card,2026-07-08T16:28:56.036412
b398844a-eebd-4d6e-b13e-3dba828ee069,CUST000153,Electronics,5,263.82,1319.1,debit_card,2026-06-16T09:26:10.268849
b08fa711-27a9-405b-9353-e1e21e3e5a55,CUST000445,Beauty & Personal Care,1,1280.74,1280.74,credit_card,2026-05-30T14:46:53.936714
a670903a-e7ea-4e28-9ccd-4bb3f717baf9,CUST000512,Sports & Outdoors,4,985.45,3941.8,cash_on_delivery,2026-08-08T17:05:33.337642
ee2da25b-5821-4f34-8d12-558066615766,CUST000370,Sports & Outdoors,4,1128.44,4513.76,wallet,2026-03-13T03:31:11.380186
a6146a6a-fc9e-44cc-b3b0-e6fc4b013bf6,CUST000460,Electronics,3,1623.27,4869.81,upi,2026-03-16T01:08:39.483567
4494c190-14a3-4c1b-bd6e-d410e47ffbc8,CUST000089,Fashion,5,1188.87,5944.35,cash_on_delivery,2026-07-10T20:45:39.068267
df25acfe-bdc4-49e0-9c99-d1dd13851b5c,CUST000743,Books,1,1907.79,1907.79,credit_card,2026-05-19T09:58:05.560739
35193746-a46e-47f9-aa61-39319a6973e2,CUST000556,Sports & Outdoors,3,1745.52,5236.56,upi,2026-04-03T18:24:06.406015
d9dca367-d20d-413a-847f-6a9d47257271,CUST000776,Beauty & Personal Care,1,453.14,453.14,credit_card,2026-05-20T13:40:20.516807
33813200-5666-49d4-8adb-07c397791f23,CUST000392,Home & Kitchen,2,581.08,1162.16,wallet,2026-03-13T12:51:31.226031
6502724c-6b64-4707-8b72-f267ee4df582,CUST000641,Groceries,4,1814.16,7256.64,debit_card,2026-03-06T06:48:09.780783
5cf947b5-4351-4f1b-8242-1936e97563a0,CUST000274,Home & Kitchen,4,852.27,3409.08,credit_card,2026-07-01T01:34:04.166096
a9b967b2-301c-48ed-8883-ec306fefbcdf,CUST000476,Home & Kitchen,5,965.08,4825.4,upi,2026-05-20T12:21:04.108598
ab9d0ed0-2a04-4964-a646-f30d85b37b55,CUST000483,Fashion,1,1762.3,1762.3,upi,2026-05-13T08:22:23.942378
b1c7bfa6-3b68-4355-8d22-fb77099277de,CUST000505,Books,5,1984.82,9924.1,credit_card,2026-03-14T01:44:38.976120
36849dc2-e242-4dfa-b143-2db6042b1c54,CUST000275,Groceries,4,1165.42,4661.68,debit_card,2026-04-30T22:18:51.056206
23c3683e-5813-4dfd-9768-ef7fbf7cf627,CUST000548,Toys,4,232.09,928.36,wallet,2026-05-15T08:48:53.493660
8d2f37bb-a9a8-4bf2-8fbd-a1ed1e68e6e4,CUST000458,Electronics,2,596.18,1192.36,cash_on_delivery,2026-05-12T09:14:58.752931
9f95678a-6248-4293-a263-caa9beacb47d,CUST000094,Books,2,1955.96,3911.92,debit_card,2026-05-15T07:41:18.537134
8fe5989a-fd68-435c-aa1d-651bbdf73bca,CUST000289,Beauty & Personal Care,5,657.97,3289.85,cash_on_delivery,2026-08-03T01:26:18.374026
b32d2ccc-c3cf-4c59-aefd-6d13fd38a1db,CUST000190,Books,5,175.96,879.8,upi,2026-05-14T23:17:42.504489
7934116f-d209-4b48-bfa6-6b31550b2cdf,CUST000581,Toys,5,829.34,4146.7,wallet,2026-06-29T02:36:26.359646
f7214555-1a7d-4eee-8f5b-8c7539d0a432,CUST000465,Home & Kitchen,4,297.37,1189.48,cash_on_delivery,2026-05-18T13:18:24.129732
2d9dc294-68ec-433b-9047-da559b57b768,CUST000514,Books,2,1932.7,3865.4,wallet,2026-05-18T22:26:42.834849
36ad3a62-2598-4149-8855-0a0ad12a5fe4,CUST000691,Groceries,1,886.91,886.91,wallet,2026-03-18T10:34:12.963127
755d336e-0d53-4ef8-b752-c640257f8003,CUST000412,Fashion,2,874.31,1748.62,debit_card,2026-07-08T09:33:35.877587
8c7ccd56-f91a-448b-90aa-3bb015d735c2,CUST000778,Books,5,1178.31,5891.55,wallet,2026-03-26T22:02:05.241557
feaddd33-883c-402c-9300-035b9e269e28,CUST000489,Groceries,3,652.0,1956.0,debit_card,2026-03-18T10:37:52.294908
fc5dbe1e-8b02-4782-a4f9-90b419f863e4,CUST000291,Sports & Outdoors,5,40.74,203.7,credit_card,2026-08-09T01:24:53.550494
a2cd54b2-de78-4315-b378-97a69ed161e5,CUST000579,Groceries,3,700.28,2100.84,debit_card,2026-07-11T01:34:42.345987
d0a3e5e9-4251-4ad3-b50d-770888bf9333,CUST000179,Books,2,221.51,443.02,debit_card,2026-03-27T06:22:34.396065
9def9279-d64b-4343-8b5e-06a861fe61d0,CUST000654,Beauty & Personal Care,3,1609.57,4828.71,upi,2026-04-04T14:49:38.707344
df8bf8cd-0ae5-4a6e-a599-893016042736,CUST000408,Fashion,3,1358.03,4074.09,credit_card,2026-06-13T18:52:54.391395
e01fdd3d-38eb-4e98-ab56-11b2cc3d87eb,CUST000188,Beauty & Personal Care,2,805.85,1611.7,upi,2026-04-22T10:13:42.274608
e399cfff-7e83-4d4d-bee2-6c8913db3f86,CUST000729,Home & Kitchen,1,139.43,139.43,upi,2026-06-26T04:07:16.512111
c0f97c3f-a1bb-4ec3-9519-6f62799ab411,CUST000017,Sports & Outdoors,1,665.82,665.82,cash_on_delivery,2026-05-25T06:50:26.059516
4c49d9c6-ef35-41fd-82f9-c0287bb77c75,,Beauty & Personal Care,4,113.11,452.44,upi,2026-07-29T19:42:59.800508
ca189dae-4526-4376-8298-fc8b0e628e19,CUST000679,Home & Kitchen,4,339.03,1356.12,wallet,2026-02-18T16:17:04.932215
a7dc4e08-d4f6-4cc8-89c9-227a322d8a0a,CUST000188,Toys,2,485.73,971.46,upi,2026-03-15T06:12:27.269309
13062f93-fcd5-489d-88a0-d9c1e1fdde48,CUST000428,Fashion,2,828.86,1657.72,cash_on_delivery,2026-03-16T11:49:53.956288
6ec3d66c-c903-4108-8b6e-0d60ee0288c3,CUST000683,Home & Kitchen,5,642.74,3213.7,wallet,2026-04-12T20:20:49.966715
2ee9c97b-3137-4533-b84e-c32bdd4486cd,CUST000032,Books,3,512.66,1537.98,upi,2026-06-30T00:55:12.898869
6bdf9aef-c65b-4a86-adf4-779d0c8c178c,CUST000394,Electronics,2,583.66,1167.32,upi,2026-03-09T11:27:25.792191
9d146dbf-7041-4b99-85fd-c4b9ddd3f5fd,CUST000078,Groceries,3,1916.62,5749.86,debit_card,2026-03-11T12:47:49.198618
72de8364-415e-49dc-96a1-d5a9567f3ed9,CUST000468,Home & Kitchen,4,226.16,904.64,wallet,2026-02-18T15:23:12.639549
bee6379c-4f90-47d2-9fa4-46e65b6972a8,CUST000233,Sports & Outdoors,2,1894.76,3789.52,debit_card,2026-06-13T02:19:48.442031
65e91b53-6c24-4c48-b5ea-23e19d1d87ff,CUST000577,Groceries,3,249.29,747.87,upi,2026-06-16T10:13:59.108218
51309f8d-4fa8-437f-a7b7-41c668c81121,CUST000393,Sports & Outdoors,2,1680.73,3361.46,upi,2026-03-31T02:09:10.509264
16ff5bd5-7f9a-4b1c-a2be-51e973e702df,CUST000124,Groceries,2,1585.17,3170.34,cash_on_delivery,2026-02-27T06:50:17.435338
849fae68-148f-4326-9130-4fa937961b5b,CUST000515,Toys,4,1861.0,7444.0,debit_card,2026-04-06T02:41:40.324062
1610b37c-2283-4601-ac61-1d1526ce4b32,CUST000172,Electronics,1,1958.2,1958.2,wallet,2026-06-14T05:46:44.428031
037293e6-4e5d-4b9f-b381-bc38d6475df4,CUST000591,Groceries,5,177.52,887.6,cash_on_delivery,2026-04-14T11:24:55.200904
9a2ab3f7-dfb3-4963-959c-06740bae1519,CUST000134,Fashion,1,724.29,724.29,cash_on_delivery,2026-08-09T03:00:45.119696
d5c2a2c7-4f11-449a-a761-07869aed3237,CUST000376,Fashion,2,797.38,1594.76,wallet,2026-02-20T03:30:13.100260
f03feb6d-056e-4b8e-895d-b9b0d3693c9d,CUST000128,Groceries,4,1554.01,6216.04,wallet,2026-07-14T00:01:04.247331
4fcec31f-a68c-426b-8642-5d9a72bc07bb,CUST000016,Books,1,60.75,60.75,upi,2026-02-25T21:41:09.125595
a52c521a-5329-4411-842c-432d4d6b66cd,CUST000773,Toys,1,1793.67,1793.67,wallet,2026-05-06T03:41:37.925661
2bd7f4ff-906f-4a86-8629-4fbddf641f35,CUST000483,Electronics,2,577.75,1155.5,debit_card,2026-02-19T09:08:56.340601
76ab5ffd-c2c6-4435-84f6-8311c699cf19,CUST000683,Electronics,5,134.59,672.95,debit_card,2026-04-12T14:30:30.547792
b7a41729-6710-4b12-a8a0-03dfe7760196,,Toys,5,1457.02,7285.1,wallet,2026-06-25T07:08:16.347615
ad4cb1cd-5c88-4b1e-ada7-805feb0b6378,CUST000442,Toys,1,300.8,300.8,credit_card,2026-04-24T03:18:45.908930
19b9b629-f2da-47d5-a0d7-e3fb13987bd3,CUST000186,Beauty & Personal Care,5,1096.32,5481.6,upi,2026-02-20T05:14:52.725047
481711e8-cc49-4910-a587-e1021d968667,CUST000731,Electronics,1,1311.83,1311.83,credit_card,2026-02-27T01:20:23.440732
5730fdb8-2d03-4ea2-9dbc-89cc6b7c4a4e,CUST000675,Fashion,2,1677.45,3354.9,cash_on_delivery,2026-04-22T10:48:58.892812
9193b4f3-02c1-4240-bf05-35ed9c7a7092,CUST000168,Books,1,156.9,156.9,debit_card,2026-02-17T20:12:09.229115
b011c262-fa4e-406f-953b-6f01cf143d6a,CUST000471,Books,3,396.23,1188.69,wallet,2026-07-22T14:25:10.753416
68329312-c306-4a1f-aa98-967f41fe3f7e,CUST000142,Toys,4,1520.55,6082.2,debit_card,2026-02-21T18:05:07.218690
ef0ee0a7-674f-40e4-a3fb-c1640d05aea1,CUST000007,Electronics,5,54.42,272.1,upi,2026-04-30T20:20:51.474327
8569dcc3-c2b9-4946-b269-64fdd2663752,CUST000155,Fashion,5,459.86,2299.3,credit_card,2026-07-12T16:50:34.799722
607e2646-d91f-4dc8-b2bf-f7bfb00f7d15,CUST000741,Fashion,1,505.14,505.14,cash_on_delivery,2026-04-23T04:05:09.793640
4dc3f795-1295-407d-88eb-ee1996b40287,CUST000725,Home & Kitchen,2,1409.64,2819.28,upi,2026-04-03T18:10:02.918341
1791e5f5-5d72-43d2-b306-1ccab831a8bf,CUST000357,Sports & Outdoors,2,1698.26,3396.52,upi,2026-02-18T10:59:43.606651
7b34b6ba-920e-4ec9-81ae-b4ff500fc8a8,CUST000560,Fashion,2,1895.21,3790.42,credit_card,2026-06-15T06:39:55.355376
0c8e0677-4c9b-43d0-9602-ce68235a2600,CUST000427,Home & Kitchen,4,980.76,3923.04,cash_on_delivery,2026-07-05T06:42:51.771447
7f9c1317-f6c9-4a31-a9ec-456e545b35d9,CUST000606,Sports & Outdoors,1,1589.52,1589.52,wallet,2026-02-14T03:41:58.062319
b90bc6a6-84eb-4195-a124-586088dd3dd0,CUST000721,Electronics,2,865.49,1730.98,wallet,2026-02-13T18:30:25.931972
faa90953-4a5e-4dfb-b2a3-ea3e1c879468,CUST000396,Groceries,4,1050.52,4202.08,wallet,2026-04-16T12:18:01.098838
29f93594-5192-4c9c-9a87-9fd1c6d96ac9,CUST000483,Fashion,2,545.43,1090.86,credit_card,2026-05-25T11:28:38.944417
d9a714b8-c32a-4a59-b8a6-25c93af4fbc6,CUST000196,Beauty & Personal Care,1,1964.16,1964.16,cash_on_delivery,2026-06-28T22:11:34.231879
2f3f3306-806e-4265-8439-3e45eb3db556,CUST000167,Books,4,283.38,1133.52,credit_card,2026-03-25T07:00:06.338315
264bf97f-0531-4584-8adc-c53169749482,CUST000140,Sports & Outdoors,5,1608.91,8044.55,cash_on_delivery,2026-07-11T09:07:35.430854
8d0eb93e-ad20-4d1f-bc34-06d559d163c0,CUST000348,Fashion,5,51.73,258.65,wallet,2026-07-31T12:55:59.312522
9e2b7bf2-dcbb-4fb2-85ba-900c70d943f4,CUST000719,Books,4,791.87,3167.48,credit_card,2026-05-03T03:10:55.806573
d7522804-34ff-4042-9ea6-24269ad6a72f,CUST000372,Home & Kitchen,4,1198.11,4792.44,cash_on_delivery,2026-04-16T12:42:44.453180
0526fe54-dfe3-4aa2-8339-4b5f3f463a07,CUST000629,Books,2,1293.85,2587.7,debit_card,2026-05-25T01:04:26.653233
a07112ea-ff73-4010-b96a-4b508d135fd5,CUST000593,Books,2,593.91,1187.82,upi,2026-07-03T05:49:11.193961
3b86cc50-b20e-4d88-bef9-4689b372e82f,CUST000331,Sports & Outdoors,4,1224.51,4898.04,cash_on_delivery,2026-05-05T07:10:48.160778
8615a54e-a107-46aa-9ab4-2e1075d3db9d,CUST000287,Sports & Outdoors,3,1156.55,3469.65,debit_card,2026-05-15T20:00:39.874462
dae4c3c0-9a5c-46d4-a225-8092973c0cba,CUST000070,Books,5,883.88,4419.4,upi,2026-05-20T03:06:51.289909
c35a9fe5-dfd1-4512-9fd0-9c185c58b173,CUST000021,Electronics,2,57.58,115.16,wallet,2026-06-06T00:49:21.518160
f9cdc0e6-08cb-4230-9c24-92383eb8652b,CUST000272,Sports & Outdoors,4,1431.82,5727.28,upi,2026-04-16T18:34:47.315902
4271f625-aa81-4b43-9c3d-d2a96b2a43ee,CUST000775,Beauty & Personal Care,5,1466.35,7331.75,cash_on_delivery,2026-06-20T13:24:26.455069
76c742b5-a2c9-483d-b1e8-9087c8548b0f,CUST000522,Toys,4,1618.34,6473.36,debit_card,2026-05-06T23:43:21.186910
7f67e715-fb7a-4e1b-ae95-e20e44d09bda,CUST000536,Sports & Outdoors,5,140.02,700.1,wallet,2026-05-31T16:24:28.004901
80d64c40-c952-4023-8703-21a87d0d0d61,CUST000711,Electronics,2,1141.49,2282.98,wallet,2026-06-08T07:00:49.653615
557510a5-78a3-4fc6-817a-a8595980a59d,CUST000611,Groceries,3,1203.56,3610.68,debit_card,2026-06-13T19:23:54.875793
d307f15a-4485-48a1-8701-db0a47e4b642,CUST000660,Electronics,5,1255.69,6278.45,credit_card,2026-04-22T22:24:46.033283
9a75b9dc-0602-47f7-8f2e-d1f0c569c1e1,CUST000431,Toys,5,273.27,1366.35,wallet,2026-08-07T04:50:25.360397
bc33a4e6-e925-4b3d-912c-48f55a442af0,CUST000685,Groceries,2,1537.79,3075.58,upi,2026-04-15T20:40:25.710241
38de8019-5cd0-45f0-a6b0-dc4c8507f15b,CUST000302,Fashion,4,515.17,2060.68,debit_card,2026-07-04T14:25:29.129821
fb31c9b2-736f-4f87-9f36-fca23b70dad0,CUST000647,Groceries,5,1172.39,5861.95,upi,2026-05-13T17:12:47.788833
8eb8252b-b965-4912-b09e-05d6d2d441ff,CUST000055,Home & Kitchen,4,1790.44,7161.76,upi,2026-06-21T23:02:56.475168
cec96091-2f9f-41a9-aade-9eda87b394ca,CUST000535,Groceries,5,1961.98,9809.9,cash_on_delivery,2026-02-16T01:02:05.774114
66310294-44c1-4394-aabe-f3fba3427a99,CUST000581,Home & Kitchen,3,1857.27,5571.81,upi,2026-04-15T04:34:02.765168
651398f1-2fe4-47e7-a00a-b93f3bf107d5,CUST000532,Electronics,1,260.08,260.08,upi,2026-04-16T08:34:43.279549
56714b7c-5956-4282-8ccd-b2e13a44d5d1,CUST000184,Sports & Outdoors,1,909.8,909.8,wallet,2026-05-31T05:07:34.095303
b115983e-5f84-4fa7-b8d8-15ef477b4809,CUST000521,Groceries,4,426.49,1705.96,cash_on_delivery,2026-06-02T03:07:05.334806
8bd1b07f-9232-4395-93f9-8facb31778e0,CUST000293,Toys,2,1265.27,2530.54,debit_card,2026-05-21T19:54:37.557379
2a93a0b5-8ecb-43bf-9753-7edb0a9bccd4,CUST000010,Sports & Outdoors,1,1929.88,1929.88,credit_card,2026-07-01T15:09:18.872635
0a05bad6-a40f-4e70-9dcd-6c49cee8b2f9,CUST000490,Sports & Outdoors,4,64.43,257.72,cash_on_delivery,2026-05-03T22:54:11.275406
4534a23f-abc4-427b-af99-f1ac5ddcd4d4,CUST000163,Sports & Outdoors,1,1188.92,1188.92,credit_card,2026-07-17T01:30:30.980443
68d5cd3b-3fe8-440b-88e0-e09261e6f5d3,CUST000760,Home & Kitchen,3,1914.2,5742.6,wallet,2026-03-21T17:40:03.382077
adc1c9fa-30d1-4a52-8320-f2a0bc7b3553,CUST000191,Groceries,1,565.87,565.87,upi,2026-08-07T03:01:41.909395
c72bea9e-91bd-4ec4-94e8-421877ee1d4a,CUST000169,Toys,4,232.9,931.6,upi,2026-04-14T23:20:47.297834
b8e1c789-a320-4b60-9043-fd27850599ca,CUST000289,Beauty & Personal Care,4,1370.4,5481.6,credit_card,2026-05-08T22:17:36.941555
b78bea19-a1dd-4edc-9253-3b30890cb2f7,CUST000209,Toys,2,1165.59,2331.18,credit_card,2026-03-04T08:30:38.317767
f17d2ff3-62e8-44a3-8af8-b3ea8c445225,CUST000792,Books,1,1138.75,1138.75,upi,2026-06-14T09:31:32.965448
15291cf6-4438-4e2c-86eb-0345b7cf4981,CUST000614,Fashion,2,1360.47,2720.94,upi,2026-07-14T11:39:20.106732
cae06750-c444-423a-9254-a94114371519,CUST000039,Fashion,1,1220.66,1220.66,cash_on_delivery,2026-03-01T22:35:16.684874
9ab1c459-0ca8-40be-bd92-dc7d5a3ccbfa,CUST000579,Fashion,4,1473.16,5892.64,upi,2026-05-09T18:22:20.540159
612e2bca-807c-4393-8ef7-762396ee41a4,CUST000226,Books,1,604.5,604.5,wallet,2026-02-25T15:31:02.151173
3b8b6567-2e1c-4b7e-a23d-aac3c4f2b8e6,CUST000275,Fashion,1,1431.82,1431.82,debit_card,2026-04-19T16:00:04.346599
75c04cc7-4d7a-4da9-be1e-ead9a5ac8c3b,CUST000469,Home & Kitchen,2,64.1,128.2,debit_card,2026-05-26T12:48:51.188996
2a9a89d6-e052-4852-997c-ed21712d0644,,Toys,3,1440.12,4320.36,cash_on_delivery,2026-04-29T23:38:13.760498
adedef5e-6e29-4846-9f00-a1c722579d49,CUST000423,Books,3,499.79,1499.37,upi,2026-03-13T22:21:53.012691
88e151ed-136c-4ab4-a24b-9a78fbf618eb,CUST000497,,2,161.5,323.0,wallet,2026-04-27T12:48:00.890351
98f7b11e-3754-454e-8504-d0ff7fb4ba66,CUST000464,Home & Kitchen,5,1060.09,5300.45,debit_card,2026-06-30T16:18:00.394995
87e76c26-9891-42d1-9c71-0520cac8ea13,CUST000003,Beauty & Personal Care,1,699.68,699.68,debit_card,2026-03-17T14:47:42.156849
255a5c57-ed11-4dea-8b81-1cc21b0d57e0,CUST000744,Books,2,601.71,1203.42,credit_card,2026-07-17T01:20:00.310329
273791e6-6173-4f1e-b05c-4079eb8e53b8,,Sports & Outdoors,5,427.42,2137.1,debit_card,2026-07-25T01:55:05.206579
bb959a2c-6432-4e56-89ae-b22450ad0437,CUST000735,Groceries,4,472.34,1889.36,upi,2026-07-26T10:00:51.231883
bd71ff26-944a-4240-a59d-2773c221fa1d,CUST000613,Home & Kitchen,1,728.25,728.25,upi,2026-04-03T09:26:54.488597
64af5796-ca5a-4333-9a59-bfea503b2ed1,CUST000194,Home & Kitchen,2,373.98,747.96,upi,2026-02-13T03:10:03.180131
f2b52aa4-aa89-42b3-bc0f-b16bc7fc7b98,CUST000164,Groceries,3,1897.01,5691.03,credit_card,2026-03-01T15:02:51.954253
14a9d647-083f-450b-9a4c-f3326e4c4fe8,CUST000581,Sports & Outdoors,2,7.91,15.82,debit_card,2026-03-05T06:48:17.682461
41008e94-b42a-4961-a03c-73039feb7499,CUST000170,Beauty & Personal Care,2,715.02,1430.04,wallet,2026-03-11T21:37:25.667400
6663574b-23a4-4454-9d77-5be66e668d86,CUST000032,Books,2,1705.05,3410.1,cash_on_delivery,2026-05-30T17:53:55.100472
35957860-cdc8-43f2-9079-27537565b50f,CUST000395,Sports & Outdoors,4,1947.58,7790.32,cash_on_delivery,2026-06-29T06:36:36.360324
20d53450-2086-4c44-9f92-3951ea4498b3,CUST000567,Home & Kitchen,5,496.4,2482.0,debit_card,2026-04-12T01:52:59.481269
fe8c1daf-232d-454a-9a2b-5ab687f349f0,CUST000135,Electronics,3,565.0,1695.0,credit_card,2026-08-04T22:30:45.921508
75f99eb8-3481-4aa3-82d5-3b672b935315,CUST000516,Books,5,1563.95,7819.75,credit_card,2026-06-01T13:54:26.329962
b9646a4c-978d-480d-9d2e-ed95b1ee8f86,CUST000625,Sports & Outdoors,5,262.78,1313.9,credit_card,2026-06-21T13:46:19.412928
9169ccc8-faa7-453f-adc5-adefb6559804,CUST000596,Fashion,5,808.7,4043.5,wallet,2026-04-21T17:22:56.840997
05929515-8dc6-424f-ade0-ad116cdd658d,CUST000175,Books,5,410.27,2051.35,credit_card,2026-04-23T09:28:29.950897
b906ca73-1174-4768-ab6a-b639ecfbf928,CUST000046,Beauty & Personal Care,5,1304.0,6520.0,cash_on_delivery,2026-04-12T03:05:23.615208
a05cf2e6-618e-421b-973f-b23d88cafac5,CUST000028,Sports & Outdoors,2,1147.55,2295.1,debit_card,2026-05-03T13:37:09.074461
07da0532-a79c-4e00-91bd-4d6780a49725,CUST000612,Fashion,5,708.28,3541.4,wallet,2026-04-16T15:04:45.244220
1386c0e6-2e4b-46c5-addb-c26c047fa760,CUST000346,Fashion,1,583.03,583.03,wallet,2026-06-05T13:09:56.335078
5d669f6b-3206-4802-9913-49876de55dc3,CUST000768,Toys,3,1518.0,4554.0,cash_on_delivery,2026-07-16T22:56:04.935014
9a22cb63-39ed-4469-b453-f59d24b14c3d,CUST000381,Fashion,2,76.56,153.12,cash_on_delivery,2026-05-15T10:22:17.210074
e668a0a7-d4cd-4af4-9eec-bee8ceace92e,CUST000255,Electronics,3,915.62,2746.86,debit_card,2026-05-22T17:39:59.092275
d0d183ed-03a2-4f64-bbd1-d2845c9a454c,CUST000299,Beauty & Personal Care,4,1739.37,6957.48,credit_card,2026-02-12T16:19:56.887525
063cdf1e-d3d1-406b-b43d-e36fdfc38b80,CUST000033,Sports & Outdoors,2,845.7,1691.4,upi,2026-03-20T18:58:38.443945
129649f7-77b9-449d-bf9f-d26cd1a21ea9,CUST000583,Home & Kitchen,2,651.05,1302.1,cash_on_delivery,2026-04-16T11:36:54.268118
311de8f1-25e1-4094-8c2c-29bb19a08a29,CUST000393,Fashion,5,1714.76,8573.8,cash_on_delivery,2026-03-28T21:36:32.175611
e66ff0be-4e2c-4bc6-bf1d-95157b888ff6,CUST000616,Toys,3,266.66,799.98,cash_on_delivery,2026-07-30T04:57:42.819749
170ae43d-2980-4ab5-a2c6-3958900e3870,CUST000551,Toys,2,1067.29,2134.58,cash_on_delivery,2026-07-31T14:34:52.184056
2a2db500-2379-46a7-8fc2-3bb886636291,CUST000210,Electronics,1,1723.18,1723.18,cash_on_delivery,2026-04-15T20:58:33.316537
e3b184d3-a4c7-4728-93fa-5e1c46c8ec53,CUST000453,Home & Kitchen,5,865.29,4326.45,credit_card,2026-04-21T08:24:57.212863
8827b786-d04f-495a-834b-7918d7a2a638,CUST000132,Fashion,5,402.97,2014.85,cash_on_delivery,2026-07-18T10:12:32.428664
b8fe5a97-e92e-44de-bec2-1dfc98656cbe,CUST000698,Electronics,4,1906.24,7624.96,debit_card,2026-04-04T01:00:02.221761
31cc650c-159d-46da-a2c9-3be7a405e1db,CUST000101,Toys,2,1900.18,3800.36,upi,2026-05-14T23:53:59.093758
9eab4d7a-4085-4a55-b2eb-bf460bcb4f87,CUST000090,Toys,1,896.9,896.9,cash_on_delivery,2026-02-17T07:37:25.334954
bc03d49b-08e2-4ea1-8ef0-7b38507a7715,CUST000263,Electronics,1,1759.21,1759.21,wallet,2026-05-27T21:42:38.938289
451f1779-8247-4213-b0bd-b655e3de558c,CUST000552,Groceries,N/A,1753.9,8769.5,debit_card,2026-04-16T13:52:20.890816
9e0b97ff-22ff-46d6-a3d7-e8bccb191b14,CUST000746,Beauty & Personal Care,5,1646.97,8234.85,credit_card,2026-07-08T06:31:25.312924
9d9c525a-0641-49fa-b509-322901cfea99,CUST000041,Sports & Outdoors,5,773.63,3868.15,upi,2026-06-18T21:29:51.831395
d533c6f7-2152-46f5-9886-3786ebef0498,CUST000310,Sports & Outdoors,2,930.24,1860.48,wallet,2026-03-30T03:11:34.752343
656d6a23-4b87-4d37-ace1-974ef63a1ad9,CUST000196,Beauty & Personal Care,1,1635.42,1635.42,credit_card,2026-05-27T12:59:49.528647
33805197-454b-48a2-a692-49000e568864,CUST000385,Fashion,4,520.28,2081.12,cash_on_delivery,2026-03-04T02:58:26.844716
0d4ad30f-b5f8-4ae2-8f5c-a4df9561af61,CUST000197,Beauty & Personal Care,1,351.87,351.87,wallet,2026-07-05T14:31:14.160035
a24835a8-faf2-441e-8b4d-dd30ab3c7340,CUST000334,Sports & Outdoors,4,673.3,2693.2,upi,2026-06-21T00:29:05.815844
3a8ec73b-731b-4adf-a90b-618cdd4e95a5,CUST000565,Groceries,3,980.22,2940.66,credit_card,2026-03-06T13:47:47.662410
8f547951-bf7e-481d-9f37-adccd627dd12,CUST000178,Groceries,2,622.46,1244.92,wallet,2026-05-06T00:39:03.798649
ac4d6af5-b179-4c01-aeab-6908e4da613f,CUST000007,Beauty & Personal Care,3,534.97,1604.91,wallet,2026-04-21T19:33:48.440459
8db34e69-7cf3-4574-8ead-b0184daa100c,CUST000498,,2,717.49,1434.98,credit_card,2026-06-13T05:42:45.538586
335e6b79-ca35-4ec1-b09d-0aba03c37523,CUST000212,Beauty & Personal Care,1,1382.94,1382.94,cash_on_delivery,2026-07-13T05:58:40.964607
ad9f8193-99cc-4fee-b1af-f35d11174ebc,,Fashion,5,1479.67,7398.35,credit_card,2026-02-20T18:07:57.051821
36e76461-8b64-416c-b161-4dc189cd3f46,CUST000774,Beauty & Personal Care,4,335.66,1342.64,cash_on_delivery,2026-04-22T20:13:15.855011
4b4d9392-df8c-4814-aefa-92122094fe23,CUST000197,Beauty & Personal Care,3,1878.4,5635.2,debit_card,2026-07-08T07:14:57.323161
c747baaa-0cf3-402e-ac09-98284b32a151,CUST000251,Groceries,2,1348.5,2697.0,cash_on_delivery,2026-04-29T09:37:28.701338
d47faf2d-5826-42d3-9b77-cd75ab39ae93,CUST000321,Toys,2,1618.06,3236.12,upi,2026-03-21T08:29:30.669868
93908b5e-5e60-48be-92f1-7acd77f2b63d,CUST000152,Home & Kitchen,3,568.54,1705.62,upi,2026-05-15T13:04:39.876327
0345deb1-c2c5-4a14-9f6f-43b5af822f80,CUST000119,Groceries,5,320.86,1604.3,upi,2026-07-13T20:04:47.004558
469ca976-0b8b-4224-bd0f-ea86a967613f,CUST000736,Beauty & Personal Care,3,1017.19,3051.57,debit_card,2026-05-13T19:19:42.186681
dcaa0497-353c-4198-b7f2-258a2501758c,CUST000326,Beauty & Personal Care,3,287.41,862.23,wallet,2026-03-27T03:17:54.998885
88d400f6-ee30-4e18-99ac-b32b75ff9fe6,CUST000198,Groceries,2,921.95,1843.9,upi,2026-07-10T14:06:04.463494
be05eda8-6209-43c0-aeab-72eda52434aa,CUST000601,Toys,4,1515.92,6063.68,wallet,2026-05-31T15:12:52.809186
75fbbbc6-c5ae-4394-99f6-5699d7d9b192,CUST000130,Beauty & Personal Care,5,129.51,647.55,credit_card,2026-03-26T11:16:59.676667
f71c3b8c-094c-4725-9c9f-493fa7381b95,CUST000740,Toys,1,1930.23,1930.23,upi,2026-02-17T12:06:24.772480
6b7d2e81-3a00-41df-87d6-dde4c0fb222d,CUST000785,Electronics,2,1087.78,2175.56,upi,2026-06-18T14:22:10.716907
c8fd92d6-89cd-41b9-8807-b4cccc3c3186,CUST000432,Books,4,1521.85,6087.4,credit_card,2026-02-26T13:35:33.562070
3ac0f7ce-f9f9-4bc6-8020-9245d87de9da,CUST000477,Home & Kitchen,5,831.5,4157.5,credit_card,2026-05-20T01:59:04.184230
7c9f931e-78cb-4bce-99c5-4f00bdd9323a,CUST000538,Beauty & Personal Care,3,222.17,666.51,debit_card,2026-05-12T20:22:22.662660
ab74fd05-14bd-47bd-9231-2f76c2c2d3cc,CUST000727,Toys,2,274.28,548.56,credit_card,2026-04-27T21:41:21.753694
2adadbab-cb1a-4041-89b6-57c0f18b8d5b,CUST000765,Toys,2,830.91,1661.82,credit_card,2026-05-16T04:18:57.507452
2f096e2b-35d5-4c62-870b-080cd5ab61f4,,Home & Kitchen,5,1518.15,7590.75,wallet,2026-07-25T15:53:24.600783
1a31d93f-2368-41e0-9bd4-d0fade2018b6,CUST000109,Sports & Outdoors,2,416.64,833.28,debit_card,2026-03-31T17:05:34.294773
5f278244-15c8-4f12-8874-2f1326de3e8b,CUST000789,Home & Kitchen,4,501.2,2004.8,credit_card,2026-06-25T05:09:13.745399
3db638c6-31bf-4bea-9602-036813815989,CUST000107,Beauty & Personal Care,2,1680.29,3360.58,upi,2026-06-18T20:11:05.483724
022878c4-f0bd-452e-88c2-f989442f9ba6,CUST000779,Sports & Outdoors,3,1522.17,4566.51,cash_on_delivery,2026-04-24T12:20:26.725142
0d4c3346-ae30-4003-a9a9-48a810fdde3d,CUST000197,Groceries,1,416.55,416.55,debit_card,2026-06-03T14:27:31.995182
611d288b-6c5d-4425-babf-746d8d2c9115,CUST000350,Home & Kitchen,3,506.93,1520.79,upi,2026-03-30T13:11:12.365963
8e4f8433-507b-403f-9094-c72129050ba2,CUST000514,Toys,1,1828.39,1828.39,credit_card,2026-03-12T21:17:57.273566
14820bd0-49e1-41f0-83d8-3fd72f52c0da,CUST000535,Home & Kitchen,2,868.53,1737.06,cash_on_delivery,2026-06-23T17:45:40.794322
8391b2ca-8b42-4681-803d-49b48d09c066,CUST000108,Sports & Outdoors,1,487.27,487.27,upi,2026-05-06T05:11:28.697522
8bbdb1ad-7c32-416f-9476-04864dea8a2b,CUST000423,Groceries,3,11.24,33.72,credit_card,2026-08-08T06:05:47.954447
621e8c72-2369-4cb1-a17d-6512db9d261e,CUST000032,Home & Kitchen,1,678.78,678.78,wallet,2026-04-22T06:59:59.799248
7bd6d036-aad4-4102-8a0a-7ad0a15da6a9,CUST000606,Home & Kitchen,4,1439.87,5759.48,credit_card,2026-02-17T23:47:06.365974
1133c6db-64b4-4b1a-883f-cba214781e13,CUST000372,Books,3,370.79,1112.37,upi,2026-05-01T19:53:40.172422
72ce3055-0b61-4932-9591-e8483e46e63e,CUST000692,Sports & Outdoors,4,896.41,3585.64,wallet,2026-08-05T22:08:05.852232
1ae2b2a9-b276-4515-b61f-42dab99c644a,CUST000783,Toys,2,1409.85,2819.7,cash_on_delivery,2026-05-11T08:52:37.809474
34448bef-4de4-488c-89c4-21fc064f09f3,CUST000036,,3,636.14,1908.42,wallet,2026-04-24T13:09:51.001609
c446dc6d-d530-4b41-a82b-4a24f83d93d2,CUST000560,Toys,2,999.4,1998.8,wallet,2026-04-15T18:28:18.886493
b6934b2f-a057-42d0-929c-a16906877cc7,CUST000255,Home & Kitchen,5,286.95,1434.75,cash_on_delivery,2026-05-01T17:31:53.406698
d752392d-7179-4fdb-a252-3b8c9b422d10,CUST000588,Beauty & Personal Care,3,570.35,1711.05,cash_on_delivery,2026-06-23T14:29:10.523580
fa02451f-3027-4dda-8432-ce807f648d8b,CUST000360,Sports & Outdoors,3,1102.41,3307.23,upi,2026-03-18T02:11:02.604968
ec0e6ee2-ff55-479b-a921-525b8b8a3138,CUST000642,Home & Kitchen,5,994.81,4974.05,upi,2026-03-01T21:21:00.535489
6857fd67-8684-428b-b1dc-cb113d2d71fd,CUST000624,Electronics,1,694.96,694.96,cash_on_delivery,2026-03-04T22:41:43.140191
9c96362e-c315-486e-8270-8a3bd2e1f4f1,CUST000055,Home & Kitchen,1,114.11,114.11,upi,2026-04-11T15:35:41.158446
abb5116f-84b8-401b-b2d1-4d3aae0169f9,CUST000460,Books,2,713.84,1427.68,cash_on_delivery,2026-07-01T15:45:19.339022
3b63963d-861b-4024-844c-b2e68a61c7d1,CUST000436,Beauty & Personal Care,3,1819.92,-5459.76,cash_on_delivery,2026-03-15T01:04:05.911494
77eb0155-f8f3-4c44-87a5-50c375758122,CUST000115,Beauty & Personal Care,5,720.79,3603.95,wallet,2026-07-28T08:51:11.779601
77aa2530-77ff-4156-a1aa-3b9427e20f48,CUST000644,Toys,3,1234.55,3703.65,upi,2026-03-10T13:06:42.202660
6e4f54d9-b587-446c-8e02-c4778ef26cfb,CUST000257,Sports & Outdoors,3,842.19,2526.57,upi,2026-06-11T16:18:56.994240
84b5df84-c1bc-4149-9977-ba907534bc16,CUST000329,Beauty & Personal Care,5,764.42,3822.1,upi,2026-06-21T14:28:25.482099
aea70acb-1757-4921-a5f7-8a411123e28b,CUST000449,Groceries,1,1081.82,1081.82,debit_card,2026-04-17T21:34:27.408077
613a1298-6271-442f-b02f-72b0bd2f8229,CUST000255,Sports & Outdoors,2,1817.97,3635.94,credit_card,2026-07-29T12:57:32.814309
10bc9c3b-dbb4-453a-a9d7-10ab2ef6d92a,CUST000385,Sports & Outdoors,2,920.7,1841.4,cash_on_delivery,2026-06-13T07:27:28.074579
e30afb81-7d4a-4899-84b7-fc8495735148,CUST000775,Books,2,469.02,938.04,cash_on_delivery,2026-04-21T00:36:11.291692
bdd0bbf2-f965-48f0-bfd8-c9a6d36f2c0f,CUST000095,Home & Kitchen,4,1424.77,5699.08,upi,2026-06-18T23:20:08.826614
728d9911-2fb7-44fc-8b4d-e5d084bee033,CUST000435,Books,2,1172.48,2344.96,upi,2026-06-09T15:53:59.466986
7143875b-dcb6-4b7f-b851-45fb02b88d23,CUST000138,Beauty & Personal Care,2,676.59,1353.18,wallet,2026-06-23T06:54:32.608563
d2e7627e-ace8-44dc-a63f-e7548b38ca49,CUST000154,Home & Kitchen,4,1414.28,5657.12,cash_on_delivery,2026-07-03T15:45:23.949414
445f9e38-431e-4a56-ba99-11624d5450dd,CUST000317,Fashion,4,1571.35,6285.4,credit_card,2026-03-27T13:06:56.531609
6969535b-119b-419a-a59c-25ba75fac895,CUST000198,Fashion,5,1530.56,7652.8,debit_card,2026-03-12T19:29:40.626564
f30e264a-98e6-4fda-9b76-5ac794bb1a4d,CUST000090,Home & Kitchen,1,840.8,840.8,cash_on_delivery,2026-05-07T23:50:04.141673
c3402846-1601-4f08-8991-59da07f5b6d5,CUST000242,Groceries,5,1881.71,9408.55,upi,2026-05-25T05:14:44.269301
8d077a96-ec57-4199-9eed-a9df1eb9b41b,CUST000193,Books,3,1129.04,3387.12,wallet,2026-05-23T10:45:46.356313
fb836ac7-fe09-46df-aa3d-0878f8b897ee,CUST000016,Groceries,2,1718.73,3437.46,cash_on_delivery,2026-03-21T21:07:57.230568
c6162864-897b-4fb6-a199-78545cdc345b,CUST000139,Sports & Outdoors,5,1910.85,9554.25,credit_card,2026-04-05T13:45:19.608152
23743f88-e8c7-4be7-8531-34a656359e7e,CUST000694,Electronics,3,954.72,2864.16,upi,2026-03-09T01:56:52.501458
177d6030-5628-4431-ad92-d70778accfde,CUST000163,Groceries,1,1131.32,1131.32,wallet,2026-05-16T23:41:05.882617
5cfa5b5e-8ff3-4792-91c5-ee9a39061db6,CUST000100,Fashion,3,472.25,1416.75,wallet,2026-03-14T19:51:29.024590
f60a77cc-0681-430e-8b00-f240ba190af9,CUST000429,Home & Kitchen,5,220.23,1101.15,credit_card,2026-07-14T09:04:24.002266
cec02e33-b75f-44e6-93f5-4c3346694685,CUST000462,Toys,1,1925.05,1925.05,cash_on_delivery,2026-02-27T17:57:21.407464
5872fa25-ce61-4eae-b209-54e5f5f1dfc2,CUST000377,Electronics,1,1392.53,1392.53,upi,2026-03-21T21:57:52.582055
dc5991f5-900f-4055-aa3c-fe57dc2baaf0,CUST000166,Sports & Outdoors,5,433.82,2169.1,credit_card,2026-05-31T05:50:55.612667
3fb50aa3-203a-4376-b7d7-caeecd0e8600,CUST000054,Fashion,2,1080.36,2160.72,debit_card,2026-03-11T07:50:13.058979
7f094e42-be41-4a1f-8e97-7185a9c5e9f2,CUST000750,Home & Kitchen,1,1544.0,1544.0,upi,2026-06-27T16:42:29.999055
be28c21d-ffaf-4f6f-a473-a909a191cefc,CUST000488,Fashion,3,65.22,195.66,debit_card,2026-03-09T09:28:10.555413
3dce2094-260c-4c5c-9af2-9287a0b94f0f,CUST000123,Beauty & Personal Care,3,256.97,770.91,upi,2026-07-18T05:37:43.258389
d6e9f56c-3955-4da2-92bf-aa2604723d84,CUST000643,Beauty & Personal Care,1,1439.69,1439.69,cash_on_delivery,2026-03-20T11:10:02.592347
7164ede8-2ca0-4796-9eba-94353d09754c,CUST000638,Groceries,1,233.84,233.84,debit_card,2026-06-30T00:20:17.403577
494f3ab6-c54a-4a25-86aa-8b60c724da34,CUST000127,Toys,4,1299.58,5198.32,cash_on_delivery,2026-04-24T09:15:33.713026
728d1fe8-74f9-45ab-bd1b-7048d2d70af6,CUST000382,Fashion,3,362.59,1087.77,credit_card,2026-07-13T01:39:24.747083
a65f1852-f43f-472a-87d5-3776616a9ee2,CUST000245,Toys,2,774.84,1549.68,cash_on_delivery,2026-03-26T20:30:29.266412
3950c917-a751-45c1-b280-675346ca550a,CUST000610,Groceries,1,465.67,465.67,upi,2026-05-04T09:30:20.938812
106d2747-8e00-48e0-b268-4ef3843b08f3,CUST000659,Groceries,3,901.44,2704.32,cash_on_delivery,2026-05-03T06:35:24.001362
9e8bfdbc-4107-4ef2-8aef-6cda1f37cc40,CUST000478,Toys,1,440.6,440.6,cash_on_delivery,2026-02-16T16:18:00.314202
61ca1d5a-dfd3-4d11-8df1-29da01001659,CUST000038,Electronics,3,1499.3,4497.9,wallet,2026-04-13T07:09:06.249099
6a9dbb39-5002-4ff0-9aae-0eeda6ea0859,CUST000223,Fashion,2,218.09,436.18,upi,2026-04-24T06:57:03.226390
30294134-52de-4051-9d6e-a89f93c43b17,CUST000500,Beauty & Personal Care,5,1248.74,6243.7,upi,2026-05-04T10:44:14.677129
4c69d7bb-5ce5-449c-b5a5-2572794f68f6,CUST000435,Fashion,3,488.82,1466.46,upi,2026-06-20T09:54:12.606683
a3c3cdd7-7eb1-41f8-97eb-1545dfe08931,CUST000660,Groceries,3,39.49,118.47,cash_on_delivery,2026-04-20T17:55:01.074313
cf8adbe7-0f0b-4a5c-bf8e-22bd756f5332,CUST000378,Toys,4,761.85,3047.4,debit_card,2026-05-03T22:52:57.655426
f4d65540-f892-4ac1-9e75-0d34592a67aa,CUST000578,Books,5,367.54,1837.7,wallet,2026-08-09T01:19:53.083710
2a4ebcd3-8b63-4643-9efb-2a5245c78a34,CUST000445,Beauty & Personal Care,3,1441.29,4323.87,wallet,2026-07-09T10:33:41.011001
2cff9c11-1de0-433b-bce4-b36b96320e0d,CUST000105,Beauty & Personal Care,2,335.48,670.96,cash_on_delivery,2026-03-13T22:51:44.609610
6229bb7d-190f-4ae1-a2b9-76e3ecc5d316,CUST000295,Toys,3,1040.38,3121.14,debit_card,2026-06-23T18:58:26.415893
566a2f05-31b1-4ccb-b101-21ee752de99e,CUST000214,Toys,5,902.69,4513.45,credit_card,2026-07-30T14:47:30.477140
9d2f9697-360a-4168-8daa-a061e0237444,CUST000368,Toys,4,897.76,3591.04,credit_card,2026-03-27T00:11:21.214669
cc97e1db-64e5-45fb-934b-86f7b903e032,CUST000331,Home & Kitchen,4,229.5,918.0,cash_on_delivery,2026-02-11T22:12:49.237703
4d831e8a-f637-4260-9154-71ec88955246,CUST000335,Electronics,3,439.84,1319.52,credit_card,2026-03-28T13:43:09.304921
1f447ff3-9625-4023-9cbb-4112bdb80c83,CUST000236,Beauty & Personal Care,2,1633.05,3266.1,debit_card,2026-07-22T23:16:57.209795
1b9cbdae-bedc-4a53-a4e4-4dd1d0a52c59,CUST000120,Beauty & Personal Care,4,1551.05,6204.2,debit_card,2026-03-05T05:14:36.709579
4ce5a24e-be5b-4d98-ae5e-32003b25678c,CUST000052,Electronics,1,945.06,945.06,debit_card,2026-04-27T16:52:58.018940
994e0939-c9cb-4acb-80b1-e1261cd468d9,CUST000046,Electronics,3,1919.8,5759.4,debit_card,2026-06-04T13:42:43.184033
b3364849-ed86-4e79-a10f-51688d55977d,CUST000546,Electronics,1,678.09,678.09,credit_card,2026-07-11T20:45:01.177365
5fe248ff-71c6-418b-bf87-bdf27cfb1cb4,CUST000074,Toys,4,428.97,1715.88,upi,2026-02-22T23:41:14.458201
a2465434-ce89-44a4-b4cf-f1fe8ccd8973,CUST000728,Beauty & Personal Care,1,596.05,596.05,wallet,2026-05-04T18:20:43.788627
c8987341-0627-4ef0-9a17-75518c0680d5,CUST000034,Electronics,3,1138.46,3415.38,credit_card,2026-06-20T12:55:16.284589
061cd4e7-2320-4fd0-958f-89e956fe6972,CUST000431,Toys,2,1102.5,2205.0,upi,2026-04-13T07:14:49.144283
00fce974-e95f-4507-b11d-ef93c2c433ba,CUST000570,Beauty & Personal Care,5,474.26,2371.3,wallet,2026-06-29T15:36:54.815573
57a17d3c-7ccf-4047-8d9d-2349dee60fd9,CUST000653,Sports & Outdoors,2,971.04,1942.08,upi,2026-02-22T04:14:50.195154
6d705fc3-c6a5-446f-843c-c5ec6c9c4582,CUST000779,Sports & Outdoors,1,251.61,-251.61,wallet,2026-06-29T20:02:28.868701
8bd8e07a-59d4-4e40-9d31-8c60f6bbe126,CUST000585,Beauty & Personal Care,1,1555.59,1555.59,cash_on_delivery,2026-02-23T05:24:03.665974
01a52599-50d7-4d23-8031-eeec8d3b793b,CUST000441,Sports & Outdoors,2,732.21,1464.42,upi,2026-06-06T23:25:06.546682
24ae5b76-3b0d-4519-8341-d747fe66e777,CUST000724,Fashion,5,23.24,116.2,cash_on_delivery,2026-02-16T09:09:46.908088
98f98c8f-067c-4653-87cd-8f9e6e9d9fe4,CUST000223,Fashion,5,342.89,1714.45,debit_card,2026-07-19T13:34:32.489162
182d2d83-91e5-4eb2-8fb9-bdda14cf6d33,CUST000206,Home & Kitchen,2,167.02,334.04,wallet,2026-04-21T03:15:57.084091
dd371d19-df38-46d0-a2f9-84df0301e76e,CUST000487,Electronics,2,1803.38,3606.76,cash_on_delivery,2026-03-03T12:52:36.202163
e61919fb-3651-4dee-9eaa-43fc018bac39,CUST000442,Beauty & Personal Care,4,292.25,1169.0,cash_on_delivery,2026-04-26T09:46:00.030599
c7f9e832-3a16-4f1a-b592-ef7e904c41bf,CUST000394,Groceries,2,390.27,780.54,wallet,2026-06-24T04:50:44.993799
5cef7e6d-bece-424f-9f87-3d4beb58a84d,CUST000760,Sports & Outdoors,1,1091.81,1091.81,cash_on_delivery,2026-06-09T11:17:28.291704
188789c3-4991-4554-b441-b443ba9debbe,CUST000712,Beauty & Personal Care,4,1174.45,4697.8,wallet,2026-02-12T06:04:37.997565
477c071a-d2a1-4986-9bd5-9467f05a261a,CUST000264,Home & Kitchen,4,1581.28,6325.12,credit_card,2026-07-11T21:22:22.073502
fab9e428-d548-416b-8d70-281505fce574,CUST000377,Home & Kitchen,3,1607.56,4822.68,wallet,2026-02-16T12:05:08.315245
289c63ea-be0e-42a1-8005-ad5092adb424,CUST000779,Books,5,981.47,4907.35,upi,2026-08-01T22:04:28.503776
c2459a5f-4c2d-4ed0-abe6-c3da3ac63227,CUST000484,Sports & Outdoors,4,442.26,1769.04,wallet,2026-04-28T15:43:58.805743
fa2c790a-b160-498a-9a1b-4560d221c3f5,CUST000580,Home & Kitchen,5,1850.23,9251.15,credit_card,2026-06-16T20:53:09.210072
8766395b-ffd2-450a-947c-b8c8ee22abf8,CUST000193,Beauty & Personal Care,1,1762.22,1762.22,credit_card,2026-05-17T12:27:46.456702
0be9a844-4827-42c4-a152-b5b0499f6e15,CUST000646,Toys,3,1124.84,3374.52,credit_card,2026-05-22T21:58:43.261324
f2927ec1-96ae-46ae-84b9-9b3ff9de8137,CUST000426,Toys,3,30.87,92.61,debit_card,2026-05-29T11:15:30.624881
4480ecda-e475-4393-81a6-e8560fc4c8b2,CUST000086,Electronics,5,561.79,2808.95,cash_on_delivery,2026-04-27T03:57:46.091549
721eaf2b-a6fb-43f4-9dd1-cb162eb827db,CUST000682,Toys,4,1520.69,6082.76,credit_card,2026-03-10T20:31:03.409570
ee8fb292-59d3-4ead-9ba2-182a4b6e1c5e,CUST000007,Sports & Outdoors,5,381.2,1906.0,cash_on_delivery,2026-03-28T16:13:00.280488
487b05ef-eeff-43ff-9630-eab68d8b93da,CUST000797,Electronics,5,940.39,4701.95,cash_on_delivery,2026-02-11T23:52:14.129305
eedc0cb4-900f-4d7b-adb3-c91a41f5c810,CUST000621,Home & Kitchen,1,1937.58,1937.58,cash_on_delivery,2026-07-31T02:26:44.618728
ea4241a9-2317-4944-8cf9-caa30100b8ee,CUST000357,Toys,2,1659.85,3319.7,credit_card,2026-04-29T16:22:35.027489
f60c3009-82ef-4056-b3d9-3c203e7d5b38,CUST000155,Sports & Outdoors,5,1809.71,9048.55,credit_card,2026-07-03T21:13:57.555979
51e9e28a-dad0-42dc-9248-9d82d3afcb26,CUST000139,Books,2,97.01,194.02,upi,2026-02-16T09:44:17.421532
f8dde900-6938-46b9-b534-dc4351bd5e9f,CUST000781,Electronics,1,268.7,268.7,upi,2026-04-26T07:03:28.425454
cec7621f-a1bc-4de6-8d61-bb65d3837db5,CUST000767,Books,5,151.98,759.9,upi,2026-02-19T13:05:02.135473
876dfe95-622c-4a0a-afc5-48a09421bbb0,CUST000541,Sports & Outdoors,3,480.31,1440.93,debit_card,2026-02-28T00:59:32.409648
26055ca1-33e2-499d-b4b0-2840be21fce1,CUST000791,Groceries,5,1466.26,7331.3,debit_card,2026-07-28T20:26:31.876199
ab647acf-68b9-49d7-9cd0-86b40861ba18,CUST000438,Electronics,3,1015.43,3046.29,credit_card,2026-03-04T01:17:25.355513
ffb422f3-a5fa-4c7a-9e53-acc6353149ac,CUST000373,Books,2,562.86,1125.72,wallet,2026-06-29T20:00:02.280522
9261ef43-71da-4814-b89f-f59887a49097,CUST000665,Home & Kitchen,3,688.07,2064.21,debit_card,2026-05-13T07:31:47.245489
1da2e1b8-806a-46c5-adf5-12dd010075a3,CUST000764,Groceries,4,762.7,3050.8,cash_on_delivery,2026-04-23T11:01:49.987724
8950d403-e9e1-414d-aacd-13dd6082b2d0,CUST000163,Electronics,2,1686.33,3372.66,cash_on_delivery,2026-05-30T02:22:36.747956
0bccc34e-3a07-4e7a-a576-698692e34f4a,CUST000329,Toys,5,1419.19,7095.95,wallet,2026-08-06T07:07:59.332083
28fc66a4-07f7-4656-9198-7125c4547b56,CUST000233,Groceries,4,975.64,3902.56,cash_on_delivery,2026-03-28T14:09:12.374230
42fb91ac-02fa-40ea-bcd4-b117529478aa,CUST000730,Toys,5,574.5,-2872.5,wallet,2026-04-04T18:31:43.568443
07bf7edf-ea75-4457-83f4-06bdd956f85f,CUST000592,Fashion,2,1368.23,2736.46,upi,2026-07-17T12:42:13.924082
5dbe3ae6-40b4-4ab9-9a9a-67a23ae5f03f,CUST000551,Home & Kitchen,3,553.83,1661.49,wallet,2026-03-16T00:50:09.521916
bff24b4f-40fa-49f9-91b1-dfa8784b2115,CUST000652,Fashion,4,685.31,2741.24,wallet,2026-06-28T03:50:59.200656
272f1b1c-84f1-4ddb-985b-b1501dcdd93c,CUST000030,Books,2,1840.3,3680.6,wallet,2026-02-26T03:09:35.372822
dca1f353-d9d2-4251-b4e9-6a981084a623,CUST000510,Groceries,3,1037.95,3113.85,cash_on_delivery,2026-04-22T18:32:44.027990
8e05df5e-89ff-4e05-af82-879ce81b3e85,CUST000085,Toys,5,398.81,1994.05,wallet,2026-05-19T12:44:30.571840
6df39f8e-92bd-4c8f-9dba-17c1e0bd7393,CUST000388,Beauty & Personal Care,5,495.97,2479.85,credit_card,2026-03-18T21:31:34.066658
3e31aca6-4919-4ce6-9529-63471a0d0d2d,CUST000339,Groceries,3,1613.86,4841.58,debit_card,2026-04-24T00:37:39.934661
2e2802c9-70eb-497d-a2a0-dabff9b1b72c,CUST000435,Electronics,2,418.62,837.24,debit_card,2026-02-18T17:41:02.688117
8a7cb739-dda4-41c9-9da6-e29a37374849,CUST000438,Electronics,4,765.41,3061.64,wallet,2026-05-30T08:20:16.994100
33315e79-e1b7-45a3-89f8-209dcea89fd5,CUST000106,Books,5,1316.76,6583.8,upi,2026-03-06T22:22:45.560333
e36bb40b-df65-4401-8f25-d5f686cdaa9b,CUST000236,Home & Kitchen,2,1151.08,2302.16,cash_on_delivery,2026-07-04T18:06:18.311508
c1e104eb-ced2-4e4b-8180-ae263b6aa195,CUST000272,Books,5,1067.74,5338.7,debit_card,2026-03-16T14:30:31.381951
589c0c61-7d5d-45fc-b3c0-f674337a0061,CUST000249,Groceries,1,603.45,603.45,credit_card,2026-07-31T16:20:00.523957
6add6ee2-208c-47dd-84de-a6ef13ed894b,CUST000218,Home & Kitchen,3,1025.78,3077.34,wallet,2026-07-26T20:10:41.101489
f4a5a38b-323d-485e-a076-8fdb1873c7b8,CUST000626,Books,4,56.11,224.44,wallet,2026-06-24T23:40:10.520783
3af08b58-58c9-444c-94bf-d38ff6430b86,CUST000025,Fashion,4,1577.59,6310.36,debit_card,2026-07-05T14:35:54.396884
6650f743-80ca-4091-b192-2e34e4256a16,CUST000394,,4,432.91,1731.64,cash_on_delivery,2026-05-25T02:09:56.370741
cf3c179e-243f-4332-999e-e2f06f1bf7d1,CUST000037,Groceries,2,1492.69,2985.38,cash_on_delivery,2026-02-20T21:26:40.918954
68a1de0f-7316-4143-bfe1-901fcd6e4fc0,CUST000204,Home & Kitchen,3,781.23,2343.69,upi,2026-08-01T03:43:41.334364
57bdafc4-b3af-4b49-86d5-e38f6e4d39ee,CUST000470,Sports & Outdoors,5,296.95,1484.75,credit_card,2026-02-11T23:14:59.411529
eb63172c-abe4-4117-a148-48d0b47a9683,CUST000652,Toys,1,1548.06,1548.06,debit_card,2026-07-18T16:32:39.780132
db125209-c39a-4bfa-ada3-813c4bfcb3fc,CUST000148,Sports & Outdoors,3,953.07,2859.21,upi,2026-05-03T14:55:14.734405
075eef28-cba7-48f6-a413-8bb9aaeda367,CUST000185,Fashion,4,15.62,62.48,upi,2026-06-01T05:51:30.154083
cc941194-9d68-40bb-9dab-2183d5c3f0a1,CUST000640,Fashion,1,1844.25,-1844.25,wallet,2026-03-18T21:38:33.078475
d9b517e3-d0ad-46d4-9eb0-48676273214c,CUST000527,Toys,5,1640.53,8202.65,debit_card,2026-03-06T11:53:28.201035
d54aafc3-959b-4eb9-94c1-65a8380f484c,CUST000698,Fashion,1,941.31,941.31,cash_on_delivery,2026-03-26T08:19:10.965525
5026fa6c-db64-438b-bcd9-825be3655e8b,CUST000153,Fashion,2,942.18,1884.36,wallet,2026-04-09T07:57:12.049227
263472e9-7485-4200-9551-6bc823b17606,CUST000610,Fashion,3,649.58,1948.74,wallet,2026-07-17T17:08:09.446895
2f6e7ca5-aac4-4330-8b9f-86d0cc78a604,CUST000181,Fashion,4,1800.2,7200.8,cash_on_delivery,2026-03-26T09:26:12.306531
89d7fbc8-e5de-4593-abd4-562331820197,CUST000785,Toys,1,811.03,811.03,cash_on_delivery,2026-05-16T03:23:09.509970
3dce9339-076d-43e1-8718-9f9c08a22174,CUST000711,Electronics,1,705.77,705.77,cash_on_delivery,2026-06-11T14:49:13.482589
4add4a0e-1f86-4750-9506-dbf901831dbe,CUST000445,Beauty & Personal Care,4,1633.05,6532.2,cash_on_delivery,2026-05-26T20:02:50.046477
2195d9b2-968c-47fd-8630-becce47bbbca,CUST000369,Beauty & Personal Care,2,986.61,1973.22,cash_on_delivery,2026-04-15T17:52:08.728250
4a0ad573-408f-4bba-aaa7-285db2d972c9,CUST000787,Groceries,5,1813.08,9065.4,upi,2026-05-18T09:00:26.781268
43838ef3-5901-4c00-a64c-bc2410658537,CUST000717,Home & Kitchen,1,1263.52,1263.52,cash_on_delivery,2026-03-16T17:15:43.870462
08362c35-5a2a-462c-a4af-744ec966c6eb,CUST000260,Fashion,1,875.49,875.49,wallet,2026-04-28T20:04:20.421118
cd4a9e78-1f1a-444b-86d8-e01b8b781689,CUST000237,Electronics,2,1826.89,3653.78,cash_on_delivery,2026-05-26T12:27:28.456872
11b26eae-2d01-4fa9-bba4-3e4b507b09bc,CUST000316,Groceries,5,66.6,333.0,wallet,2026-04-24T19:11:56.395779
1a70db4c-01c8-4c1e-8840-82f7a601b839,CUST000476,Books,4,1774.66,7098.64,credit_card,2026-04-08T14:34:38.148275
0b2e5803-37e2-426f-a1e1-fa97c7b36c50,CUST000127,Fashion,2,1446.15,2892.3,credit_card,2026-07-31T19:29:27.956803
49790f76-1701-463a-ae82-5768c0e9f632,CUST000372,Electronics,2,950.13,1900.26,credit_card,2026-04-28T11:15:53.353362
ec7755d6-57c5-4bcc-8e11-1b46a31edf80,CUST000188,Sports & Outdoors,2,1679.85,3359.7,credit_card,2026-03-28T05:04:55.789086
2e99e12e-4b9d-44d7-9b0e-e11451b86d86,CUST000023,Toys,1,551.08,551.08,wallet,2026-06-05T20:15:52.699097
bdcfc30b-5d41-4098-9faf-5b873ac9f4bd,CUST000205,Books,4,360.99,1443.96,credit_card,2026-03-20T12:18:59.860211
baf4581b-ec29-42df-9bf0-e1cc48ecb90f,CUST000556,Sports & Outdoors,3,819.81,2459.43,debit_card,2026-05-03T05:01:06.830882
d61fbab9-c8a6-44b5-a830-1d5cf8122ba7,CUST000202,Beauty & Personal Care,5,292.07,1460.35,wallet,2026-02-27T13:12:58.348141
4cd288a8-c162-44cf-9a95-4b8a97837f7b,CUST000620,Beauty & Personal Care,4,1570.62,6282.48,wallet,2026-03-12T13:10:49.037346
32515243-7531-438d-a207-a0eb683782f5,CUST000131,Groceries,1,633.85,633.85,credit_card,2026-04-06T03:14:41.572046
24b90821-72a0-43ba-9c80-3bf4345256b2,CUST000315,Fashion,5,206.29,1031.45,wallet,2026-02-23T18:11:45.911098
cafe468a-f2ab-4e37-9332-603a74aaba7d,CUST000202,Books,1,747.62,747.62,wallet,2026-03-06T21:14:04.248968
86fd062c-38ec-438f-b3ac-8648f24ebd55,CUST000332,Groceries,4,337.09,1348.36,credit_card,2026-07-17T04:04:02.598410
057c5fb9-1dda-4755-9938-e31374c1b2b4,CUST000210,Groceries,1,842.53,842.53,debit_card,2026-08-09T01:13:24.281356
d1b3c8c3-175a-422f-804d-220c279b4705,CUST000544,Home & Kitchen,5,376.9,1884.5,cash_on_delivery,2026-02-13T18:53:33.047516
39b2eebf-bf69-40c7-a750-1a2b8ffc3086,CUST000260,Sports & Outdoors,4,714.81,2859.24,wallet,2026-04-25T12:59:28.015821
accfe06c-e5c7-4027-88ce-498391124f60,CUST000277,Sports & Outdoors,2,1995.67,3991.34,wallet,2026-05-18T03:08:56.997505
df991c84-c510-4051-892b-8e000ff10d0b,CUST000299,Groceries,4,201.82,807.28,debit_card,2026-06-15T21:11:45.228654
b7d129ab-ed54-49c5-92dd-63b17862a740,CUST000016,Sports & Outdoors,3,1513.2,4539.6,upi,2026-04-11T23:11:55.750848
1dbb1444-e0a4-4ec3-a456-513a7968a0fc,CUST000485,Fashion,5,1625.11,8125.55,credit_card,2026-03-26T07:11:54.452369
ec8c3657-fa23-4f30-847c-e3e2169205e8,CUST000466,Sports & Outdoors,1,1497.64,1497.64,debit_card,2026-04-16T14:45:46.455366
3a7eacbd-da9e-4ace-8167-c8abf76cf9a4,CUST000476,Home & Kitchen,1,176.22,176.22,cash_on_delivery,2026-07-03T15:12:44.835653
914aea8b-fc94-4c26-86d8-0c82c84c22eb,CUST000770,Home & Kitchen,3,448.06,1344.18,cash_on_delivery,2026-08-02T01:53:56.174129
ed5d019d-fc6d-4f46-8353-b833818347a0,CUST000762,Groceries,2,651.34,1302.68,upi,2026-04-26T08:28:23.226345
5bb96983-354c-4c9a-a874-94c1143b205b,CUST000032,Fashion,5,1744.72,8723.6,credit_card,2026-06-14T04:23:21.779482
3f3e9fdf-d18a-4acb-b317-aa69ada46a9d,CUST000121,Fashion,4,1950.29,7801.16,upi,2026-06-05T18:54:25.338752
f96d75dd-f5a2-4400-98e7-0fc42ab2f1f6,CUST000259,Books,1,398.1,398.1,upi,2026-05-30T19:12:44.710922
bfb6e494-6da7-40a2-9721-5d34ba167c4b,CUST000083,Books,4,1426.29,5705.16,debit_card,2026-02-16T15:18:22.286662
60bd89d5-e75f-4c4f-bd37-903012699d4b,CUST000649,Beauty & Personal Care,4,953.19,3812.76,upi,2026-07-13T01:25:00.777600
ed21caf0-e79f-4d9d-b036-e0a46761d4a2,CUST000604,Fashion,1,1473.23,1473.23,upi,2026-06-23T12:07:02.764201
0937150b-cbf2-4029-93c7-d30a02ca407e,CUST000643,Sports & Outdoors,5,1402.32,7011.6,credit_card,2026-06-07T14:28:53.202100
dadc0f88-6689-4b85-a1fa-eda95b53391a,CUST000782,Books,1,1944.82,1944.82,cash_on_delivery,2026-07-10T13:12:40.351756
c9ec6c72-0883-4705-88bc-42d22a726d4d,CUST000460,,2,1498.47,2996.94,cash_on_delivery,2026-03-22T02:50:28.512619
bbf93c30-3422-49d3-8c3c-fe09d5e668bd,CUST000171,Groceries,2,39.28,78.56,wallet,2026-04-27T05:07:01.457695
6156cec6-f1eb-480c-8eff-e07978c3d2ab,CUST000508,Home & Kitchen,5,1268.88,6344.4,wallet,2026-02-21T03:35:11.126710
b6e6b83a-b6ee-4940-98f2-48dad314e087,CUST000379,Sports & Outdoors,3,37.3,111.9,wallet,2026-06-18T11:58:31.283363
be85981e-2638-466b-a4ad-fb72b9c0ee9f,CUST000111,Toys,5,604.14,3020.7,cash_on_delivery,2026-03-26T15:17:28.621016
6ba81263-c95d-462a-beca-d5d323a549ef,,Fashion,2,1742.47,3484.94,credit_card,2026-03-04T12:15:26.796159
013bb7d0-754d-4899-b92c-9fc25fc01830,CUST000769,Beauty & Personal Care,4,1115.1,4460.4,debit_card,2026-05-13T17:49:11.666814
1daf91c9-e0de-47df-8cf6-54e223e54135,,Beauty & Personal Care,3,1228.01,3684.03,wallet,2026-03-07T03:57:01.103386
92b61586-2e9f-40d4-ac12-57a421b80d11,CUST000223,Beauty & Personal Care,5,1919.0,9595.0,credit_card,2026-06-01T03:43:46.651867
1fb2148a-0344-45f6-ae12-dbca110febcc,CUST000781,Sports & Outdoors,3,348.55,1045.65,credit_card,2026-04-20T21:16:27.823098
26690028-c01e-4582-b31f-586c424afc93,CUST000360,Electronics,4,1648.37,6593.48,wallet,2026-03-24T21:35:46.337976
25429fc3-55d1-4169-b93b-85c04e86227c,CUST000757,Home & Kitchen,4,1842.85,7371.4,credit_card,2026-06-24T22:04:04.378350
a54e0b64-3aaa-440a-b874-6355986886f0,CUST000428,Toys,2,1147.57,2295.14,cash_on_delivery,2026-02-20T00:29:23.527952
94e4ff19-adf2-477e-af07-36f4625ef7e6,CUST000710,Books,4,1569.71,6278.84,wallet,2026-02-26T21:47:20.230168
546ddc95-149c-4f71-aef8-33ed9565e07a,CUST000426,Home & Kitchen,4,496.08,1984.32,credit_card,2026-02-27T21:49:44.559937
73e103b1-8f53-4362-9c96-462543fc8447,CUST000038,Groceries,1,1462.66,1462.66,upi,2026-08-01T17:35:26.937348
380d738e-b7ad-4d88-901e-f0f611c491dd,CUST000328,Home & Kitchen,4,1398.96,5595.84,debit_card,2026-07-31T11:59:50.408824
647d6e13-6b26-4bba-904c-df92a40b7191,CUST000450,Books,5,512.34,2561.7,credit_card,2026-06-25T17:46:54.658444
f2d286d9-e0ea-4255-9bd3-b4d593bb7e9c,CUST000325,Electronics,1,227.17,227.17,cash_on_delivery,2026-02-11T23:08:15.221578
f7ceb391-f393-41bb-b2fe-00f9466a2443,CUST000102,Fashion,5,1857.15,9285.75,wallet,2026-05-13T19:56:46.538366
d1748906-415a-46ba-a0d3-309cb3c2140b,CUST000495,Home & Kitchen,5,543.53,2717.65,credit_card,2026-06-08T13:47:35.588949
b089baf7-8aef-4fa0-9f43-a55c0fc6f5b5,CUST000202,Fashion,1,593.52,593.52,cash_on_delivery,2026-02-13T01:08:04.067637
7718150e-f511-4a4b-bea7-5e4d240bbad6,CUST000063,Electronics,5,904.95,4524.75,cash_on_delivery,2026-02-12T17:13:11.439205
a110555a-b667-487e-a469-38ed516f670b,CUST000334,Fashion,3,1016.59,3049.77,cash_on_delivery,2026-07-01T00:37:31.109464
cb954f35-a4d6-4ac8-ab1b-becb1ba7b626,CUST000649,Electronics,5,815.22,4076.1,upi,2026-07-13T09:07:22.027131
f11320e0-5f74-48d4-827a-9d136b48328d,CUST000090,Fashion,3,1232.34,3697.02,debit_card,2026-03-08T13:21:50.016564
c41f13f0-e818-4a99-ac15-8ce1d6973e3c,CUST000455,Books,5,237.97,1189.85,credit_card,2026-05-25T20:12:18.186008
79467882-dabd-40fe-a62a-d9580681d968,CUST000554,Home & Kitchen,5,532.24,2661.2,wallet,2026-07-04T04:40:14.353909
f5e5f29c-6d3a-4378-b63f-81963a53df44,CUST000722,Toys,4,875.68,3502.72,credit_card,2026-02-20T02:21:23.701557
311eaecb-b87a-45c6-90d1-1f7adb851214,CUST000574,Beauty & Personal Care,5,969.28,4846.4,wallet,2026-04-01T20:16:27.689786
86017a55-e523-45f7-9f48-36f4d46ef638,CUST000509,Books,5,320.84,1604.2,upi,2026-04-28T08:44:59.099879
74e43ae0-bf99-4f0b-b211-d3cf6a17d295,CUST000580,Sports & Outdoors,3,670.21,2010.63,cash_on_delivery,2026-04-06T06:52:21.256326
9d45424f-e8f8-41c9-8af9-247fb3d9c65e,CUST000102,Beauty & Personal Care,5,1938.68,9693.4,cash_on_delivery,2026-04-09T11:46:25.099179
68c3fc3b-9871-488e-8a24-74f5ec34691f,CUST000041,Fashion,5,1166.17,5830.85,debit_card,2026-06-18T13:08:39.910365
16fd5ce3-9b65-4a1c-a3d4-0c2b1817c480,CUST000135,Groceries,2,1664.12,3328.24,wallet,2026-02-27T04:34:54.172343
48a4af76-8dca-4e48-a63b-df727af2bef8,CUST000485,Sports & Outdoors,2,577.08,1154.16,credit_card,2026-02-12T22:45:54.176707
da2ee656-6716-4db7-867a-72bb0bb4823d,CUST000718,Home & Kitchen,1,1990.75,1990.75,credit_card,2026-07-18T07:24:56.008862
7c3e1105-c217-409d-b16c-8b8ab5de6056,CUST000774,Toys,4,576.14,2304.56,debit_card,2026-07-02T15:16:38.515559
d1507c2f-7c50-49e0-9688-4bb9e752f046,CUST000050,Toys,2,879.9,1759.8,debit_card,2026-03-14T19:33:42.127614
ee3e959a-8972-4802-b7ee-94f0874e597f,CUST000304,Toys,5,685.53,3427.65,wallet,2026-06-14T23:00:50.609250
a6144f06-f146-4911-b1ea-f85cd62b9313,CUST000192,Toys,4,179.18,716.72,debit_card,2026-06-09T02:12:20.634339
5aea52a3-c6c2-401b-98ff-8f80a370c8ae,CUST000132,Home & Kitchen,4,1390.47,5561.88,cash_on_delivery,2026-03-10T17:51:53.144836
5d9baa72-59ed-4704-b59c-7b8e3ee0a934,CUST000184,Books,2,1235.96,2471.92,debit_card,2026-06-06T14:09:23.581254
11f30988-bba5-4a5b-a517-00ad1d886ddc,CUST000358,Toys,1,405.3,405.3,cash_on_delivery,2026-04-24T19:52:25.934072
a2cf56d0-e34a-4dfd-a3f8-eab8cb48e738,CUST000464,Home & Kitchen,2,1378.78,2757.56,cash_on_delivery,2026-07-25T21:47:13.260921
07f7d4f3-9d37-4e2f-8c8e-4aad03092da6,CUST000414,Beauty & Personal Care,3,501.29,1503.87,debit_card,2026-04-08T14:14:56.480300
6dc50bfd-eedb-4b86-a2d6-caa695c41af6,CUST000210,Sports & Outdoors,3,318.28,954.84,cash_on_delivery,2026-03-26T04:06:31.463172
0a7c5b65-2191-4a5c-9fca-3d2296e63e3a,CUST000014,Home & Kitchen,3,1993.78,5981.34,debit_card,2026-06-22T19:15:11.445497
36ff8967-6c33-4fbb-9350-2f7b31c9b25e,CUST000538,Sports & Outdoors,5,1854.58,9272.9,wallet,2026-04-05T15:30:42.186762
e83846fc-77bb-4c92-8aed-f1661403d195,CUST000650,Toys,2,1729.66,3459.32,credit_card,2026-07-05T04:47:22.947035
e9a939a9-af96-4477-849a-6eafaaf3f52d,CUST000545,Books,5,923.25,4616.25,upi,2026-02-13T01:52:13.453591
9c4de9a9-6d53-4c02-a26d-1b791589a81a,CUST000415,Books,4,312.32,1249.28,credit_card,2026-02-24T21:21:21.772888
67017a20-de67-4d13-b2d7-e5d87b493041,CUST000593,Groceries,1,265.68,265.68,credit_card,2026-02-26T05:21:14.164621
22404163-1c07-419f-93d0-5a8fd1f4cb3e,CUST000721,Fashion,2,1972.48,3944.96,cash_on_delivery,2026-06-04T11:15:43.241861
0d2f7598-1dca-4e08-9d65-729d6a532fc6,CUST000014,Sports & Outdoors,4,574.4,2297.6,cash_on_delivery,2026-03-03T09:09:05.603185
d4febe1c-703c-4f3a-bbc4-24ad21e99e4e,CUST000549,Sports & Outdoors,3,451.56,1354.68,debit_card,2026-07-07T19:52:53.334947
a23c8fa0-9f93-4888-85f2-f56e03158a43,CUST000348,Beauty & Personal Care,1,1957.9,1957.9,credit_card,2026-07-27T08:30:54.412914
f9d93cd3-05a8-4d17-89d9-f4a2bab94e03,CUST000611,Groceries,3,63.46,190.38,credit_card,2026-06-02T23:02:21.031033
1396e9c8-9534-476a-9092-92e9440c0b30,CUST000190,Sports & Outdoors,2,494.41,988.82,upi,2026-04-01T08:16:15.337391
5946f411-12ed-4240-98e0-d056fe89a0bb,CUST000385,Electronics,5,1526.04,-7630.2,cash_on_delivery,2026-05-04T04:04:23.481661
eb059adb-a09f-42e6-872a-cf40e3b30ccb,CUST000259,Beauty & Personal Care,2,756.59,1513.18,credit_card,2026-05-10T22:16:00.995302
bc75143f-314b-4dbb-a380-c7600139dab4,CUST000689,Groceries,2,701.91,1403.82,cash_on_delivery,2026-06-15T21:15:23.684803
540553b1-9fd6-499e-bd98-f80e11be6a39,CUST000681,Toys,1,1903.25,1903.25,debit_card,2026-03-08T08:31:02.820535
6587458c-d6b8-4db3-9291-c450b6a0702a,CUST000134,Electronics,3,961.64,2884.92,upi,2026-05-09T00:08:45.915219
ed7553b1-75f6-4167-8c85-a6f1ec3481ba,CUST000141,Electronics,1,665.04,665.04,cash_on_delivery,2026-02-21T05:59:34.701374
e910630f-c50c-4e26-84c6-68ddd01a7909,CUST000412,Home & Kitchen,1,1530.4,1530.4,debit_card,2026-03-11T05:24:09.203171
300c871b-4d6f-4b6a-8f02-c261be2fac26,CUST000753,Fashion,2,1185.03,2370.06,wallet,2026-05-24T04:05:24.437717
9e1152a0-13f4-4eeb-a5a9-74d90f669934,CUST000307,Toys,4,1945.66,7782.64,credit_card,2026-05-18T16:41:19.732508
035e4809-e003-4806-944a-710bd5d8b0cf,CUST000141,Toys,5,1389.8,6949.0,upi,2026-08-07T11:18:11.753550
f17dd980-4e7d-4853-abaf-a6e200076870,CUST000482,Fashion,1,1551.16,1551.16,credit_card,2026-05-11T15:11:42.875196
645fd8ca-ab75-46af-a823-73e32ffc4998,,Fashion,5,951.16,4755.8,cash_on_delivery,2026-07-15T23:20:07.674371
9b5632a1-3e2f-4012-a21b-1fb4a85a2fef,CUST000659,Fashion,5,1176.34,5881.7,upi,2026-07-27T22:18:34.364517
16166610-ec22-4a66-9a84-ac700f5244fc,CUST000083,Home & Kitchen,2,129.08,258.16,cash_on_delivery,2026-03-10T06:12:54.262047
a9ba1162-2ca0-4335-8943-1a19584b7e58,CUST000523,Groceries,2,1948.76,3897.52,wallet,2026-04-13T00:16:02.823007
19af1eba-959e-4741-87cf-0245883b740a,CUST000646,Groceries,4,992.58,3970.32,credit_card,2026-04-13T02:42:52.656437
0ca6092c-3edf-4e6e-9a5b-c5c96e1875c4,CUST000402,Toys,2,919.66,1839.32,upi,2026-06-14T23:30:33.341127
94922496-3c65-4144-8097-1d24733d268a,CUST000493,Electronics,4,777.31,3109.24,debit_card,2026-06-02T22:34:40.056754
e77c953e-c9dc-4e9c-95e2-b6ab9476cd4a,CUST000436,Beauty & Personal Care,4,737.71,2950.84,upi,2026-07-07T18:17:55.253651
826a1b18-310c-4755-b2b3-29b021807691,CUST000694,Books,2,1415.04,2830.08,cash_on_delivery,2026-06-11T09:08:30.129966
0f2adf5f-d441-4b24-a2e7-a7680b299c1c,CUST000397,Books,3,1176.07,3528.21,upi,2026-05-25T06:12:20.707825
f680a5e5-130f-4db2-8e07-bf049f940999,CUST000637,Home & Kitchen,2,1173.98,2347.96,cash_on_delivery,2026-05-14T10:17:49.746346
d9c35a39-7984-4904-9aa3-f466872dae2e,CUST000208,Electronics,1,1620.97,1620.97,upi,2026-04-29T20:04:09.657513
64081e35-5a5b-452b-854b-cfa1592e3edd,CUST000326,Toys,3,1343.89,4031.67,debit_card,2026-04-20T04:32:58.840923
19705327-4842-4b9a-8f43-d6907b5c1c1c,CUST000141,Fashion,4,1446.15,5784.6,debit_card,2026-02-14T03:29:57.030537
751c7b24-6704-4711-97f3-a743ebc28038,CUST000385,Toys,2,1213.65,2427.3,wallet,2026-06-22T19:48:05.602684
c69e5828-74b6-4bb7-a03e-12c85b074fa6,CUST000093,Fashion,5,1611.82,8059.1,cash_on_delivery,2026-04-12T13:34:47.735847
ad347122-5509-4036-ac5f-ee874a5dea3d,CUST000175,Sports & Outdoors,2,1184.39,2368.78,wallet,2026-02-12T02:22:37.450330
2e6bb00c-513c-498d-ba71-28b93195e05a,CUST000321,Sports & Outdoors,4,171.56,686.24,wallet,2026-06-15T01:39:17.904867
77dcb48f-6a96-4837-9309-3c31017e60a6,CUST000545,Books,4,1174.23,4696.92,credit_card,2026-05-29T06:10:41.518115
da01536f-f91a-41c6-969e-b433e59d2864,CUST000372,Books,1,1693.74,1693.74,debit_card,2026-08-05T12:46:23.946372
8709a838-30b6-47f9-9bef-2840e9c3ecc3,CUST000155,Electronics,3,68.44,205.32,debit_card,2026-04-03T23:15:25.206465
4128a263-5573-4977-bd69-29c1359e58d5,CUST000585,Fashion,2,1372.21,2744.42,debit_card,2026-03-18T19:24:21.559094
39cbf86b-edb2-40e7-811a-defb4d330777,CUST000404,,4,330.72,1322.88,cash_on_delivery,2026-04-11T05:22:18.076842
c33ecc74-8525-4398-9e3e-ec538252852b,CUST000668,Electronics,1,1958.61,1958.61,wallet,2026-06-08T19:31:15.321944
bfa2b7b5-fcfb-40d9-9033-9f74e838a3fd,CUST000071,Toys,3,1878.47,5635.41,debit_card,2026-05-19T12:51:15.343911
24089866-e7d8-4315-934c-ff32b1da6ca4,CUST000397,Fashion,5,1670.47,8352.35,upi,2026-06-05T05:37:21.168814
1c74ef36-cf9d-4ee5-be26-e9112490a264,CUST000706,Fashion,4,929.84,3719.36,credit_card,2026-02-25T15:50:22.577210
a98e60aa-bad1-4792-ba00-5073dadf91f1,CUST000719,Groceries,5,1592.14,7960.7,debit_card,2026-04-02T06:53:47.093240
91d05c8e-d06c-4db2-95c4-9616811afed6,CUST000322,Toys,1,401.41,401.41,debit_card,2026-05-06T21:56:22.205464
d716545f-cafe-4f5f-bc26-b4c0656e91ca,CUST000791,Fashion,3,584.45,1753.35,credit_card,2026-02-18T14:42:15.380194
14e6ee00-c260-4c8d-9a21-d158a625feef,CUST000423,Toys,5,361.55,1807.75,wallet,2026-03-06T17:09:05.468132
c17619f7-c239-454b-b62c-1ec311afa07d,CUST000196,Groceries,2,1999.95,3999.9,credit_card,2026-04-13T06:55:09.431486
03edcbb4-d149-4e2b-b201-2aea47186d7b,CUST000001,Fashion,2,983.38,1966.76,credit_card,2026-02-17T01:14:04.633243
6163ba52-54c5-49a4-8372-0055cb42a458,CUST000120,Toys,5,112.09,560.45,wallet,2026-06-20T16:13:32.415898
cbb364c7-34c5-4789-9e02-c150f53006e0,CUST000038,Sports & Outdoors,5,1753.4,8767.0,debit_card,2026-03-17T08:05:53.393949
4a952367-73d8-4e5b-a84b-7907cb6b57be,CUST000569,Home & Kitchen,5,1585.9,7929.5,cash_on_delivery,2026-05-22T00:48:39.221105
1c2e8e47-137c-4907-a95a-bc6862d761c0,CUST000601,Fashion,1,1283.66,1283.66,wallet,2026-03-24T11:47:42.563062
405d36ff-f6ec-4fc8-9259-b3804d95e6e0,CUST000353,Toys,5,975.02,4875.1,credit_card,2026-06-04T03:12:00.479201
b447b3e5-010b-4ae1-b4f3-4f5a9f565eb8,CUST000328,Fashion,2,898.57,1797.14,upi,2026-03-09T02:12:55.673010
e9cbf4bc-54b2-413a-80ba-9016500953c4,CUST000608,Home & Kitchen,2,223.19,446.38,upi,2026-04-16T20:16:54.431955
2bce5e3a-3c6b-466f-b616-b200f78e3ecf,CUST000782,Home & Kitchen,4,1139.87,4559.48,wallet,2026-03-20T13:18:33.262356
e1bf6867-7a3c-49f8-b8e0-d273cc81413d,CUST000648,Sports & Outdoors,4,370.24,1480.96,upi,2026-08-01T19:36:13.646540
a0f2b63c-0366-4927-9a0a-9130f9582118,CUST000096,Books,1,217.3,217.3,wallet,2026-07-22T01:02:49.609550
898f7aab-533b-4594-bc93-fb731dbb523d,CUST000544,Groceries,5,685.58,3427.9,wallet,2026-04-04T14:52:36.402711
8cb481f3-1608-46bc-8f15-4ab59ac0924b,CUST000368,Beauty & Personal Care,4,1502.2,6008.8,debit_card,2026-02-25T01:58:09.892194
da57bc48-b658-431d-a5d1-57557dcdc639,CUST000067,Electronics,2,1611.7,3223.4,wallet,2026-07-30T21:47:52.652150
4a08018c-11a7-4552-a0f8-204215391a06,CUST000006,Electronics,3,1425.67,4277.01,wallet,2026-06-29T05:34:50.364244
2a2e9100-4fa0-48d8-9be8-279281f3266a,CUST000547,Toys,3,185.43,556.29,debit_card,2026-07-31T11:35:15.006026
8133a067-7d08-4d18-9976-791a4ecea57a,CUST000346,Sports & Outdoors,1,1382.58,1382.58,cash_on_delivery,2026-05-11T10:34:42.099512
a39d42a6-66f7-4070-b18e-d9dfbae9279d,CUST000281,Beauty & Personal Care,3,927.57,2782.71,credit_card,2026-02-21T22:37:02.477908
16e7cf10-593e-4fb4-abb1-0e482583bbf3,CUST000409,Sports & Outdoors,2,32.83,65.66,debit_card,2026-07-24T04:35:09.248843
1afed12c-dbb1-49d3-86df-8bf256eda4f1,CUST000033,Beauty & Personal Care,5,521.8,2609.0,credit_card,2026-03-16T01:36:04.121109
451c9ccd-1828-41ac-a470-4c3714580511,CUST000773,Home & Kitchen,5,1949.45,9747.25,wallet,2026-03-25T20:35:20.420567
b2a22ff9-92a8-43e4-bc32-d61142f499cf,CUST000473,Groceries,1,667.62,667.62,upi,2026-06-13T22:51:38.197504
e3386b85-0782-47a0-a37b-ae45a3e0d74e,CUST000115,Toys,2,392.02,784.04,credit_card,2026-03-31T20:30:06.222182
20052b0b-1f5a-4c91-a1a1-fe5ff1e11a66,CUST000006,Groceries,5,1814.16,9070.8,cash_on_delivery,2026-06-05T18:53:04.361125
96b2a207-855a-40e3-90e9-167f7407aca2,CUST000438,Home & Kitchen,3,211.73,635.19,wallet,2026-08-06T19:09:14.088050
cf39b400-cd01-4738-9921-86e434f466dc,CUST000271,Sports & Outdoors,4,1776.55,7106.2,wallet,2026-07-20T09:47:58.884833
13ab8043-699a-4386-a651-9fb9899d1b76,CUST000736,Books,3,1789.41,5368.23,debit_card,2026-05-29T02:54:49.491652
4243c384-9a2a-463b-92eb-d6c336b7e38e,CUST000555,Sports & Outdoors,1,1706.18,1706.18,debit_card,2026-03-23T17:29:26.422129
a20ea767-dfd5-48b6-bd79-78298884ed70,CUST000640,Books,5,1112.75,5563.75,cash_on_delivery,2026-05-21T03:43:44.156588
6c958fd3-e245-4818-b410-cb2129666d70,CUST000662,Books,N/A,535.63,535.63,wallet,2026-06-28T10:05:37.224456
9624d56c-8190-4cb3-a8d3-e1922237009d,CUST000318,Toys,3,941.63,2824.89,debit_card,2026-07-27T13:56:24.561792
ad322dbd-4646-431c-a3d8-f62f6b54bc9e,CUST000092,Toys,4,1726.09,6904.36,debit_card,2026-05-31T14:08:26.114516
b1e6df16-b94b-4668-921f-3c89140f14b3,CUST000071,Toys,5,119.62,598.1,credit_card,2026-07-14T05:21:30.951402
e692bd23-5e4b-4f5e-9c06-8973e22edc2c,CUST000101,Books,4,434.15,1736.6,credit_card,2026-07-12T04:32:24.043001
54ce8dff-71b9-4218-9f9c-e8793b52c826,CUST000740,Groceries,1,11.38,11.38,cash_on_delivery,2026-05-09T15:19:33.427782
fd90217e-9c82-4169-ab66-614879648db5,CUST000117,Sports & Outdoors,5,343.71,1718.55,upi,2026-07-05T18:08:18.552895
150139bf-d10f-4a67-8f78-4e4903982f29,CUST000712,Toys,5,133.11,665.55,wallet,2026-05-16T23:13:08.090947
49574e19-5112-4c0f-9ce6-49d77dd81a5b,CUST000321,Fashion,3,1929.33,5787.99,upi,2026-08-07T08:38:17.106760
1e5fadc8-cfdb-49a0-863c-e3b9ca54fc1b,CUST000131,Fashion,2,1536.72,3073.44,cash_on_delivery,2026-04-23T03:19:00.070993
9293da7b-f6b8-4c55-86c9-ce915c65ae83,CUST000334,Books,2,1533.79,3067.58,upi,2026-05-23T22:53:22.035109
e5ed7cd2-db57-4404-93cc-b36a7344b1cf,CUST000719,Books,1,808.55,808.55,cash_on_delivery,2026-02-10T19:28:50.404410
8e549284-35b0-41f3-98af-4ffceb832b33,CUST000553,Books,2,1422.39,2844.78,upi,2026-06-22T18:19:43.775042
9811e60d-67a8-4016-b9fa-ade7a8bc6e6e,CUST000292,Electronics,1,1816.33,1816.33,wallet,2026-03-01T10:27:48.467355
7d769d18-3523-4504-b0af-2a9d27e4d599,CUST000019,Books,5,1154.92,5774.6,credit_card,2026-06-06T19:23:47.076458
ec82b277-4b69-4f1c-91c7-f7967cc9d626,CUST000427,Beauty & Personal Care,1,622.1,622.1,wallet,2026-04-18T16:18:13.147703
f5a386a0-6b45-471a-adfe-9a47765c52db,CUST000191,Electronics,4,1526.26,6105.04,debit_card,2026-03-19T16:54:24.188414
0139c8c6-05ce-4146-85f6-a0b813cf9b7a,CUST000779,Electronics,3,335.19,1005.57,wallet,2026-07-11T01:36:31.809466
3843d3b1-7330-4b11-9cab-5c1dcdd8e4bb,CUST000236,Beauty & Personal Care,2,1485.11,2970.22,credit_card,2026-02-28T22:52:06.583366
110a39eb-fc8d-4398-867b-591932b164cc,CUST000628,Fashion,5,1256.9,6284.5,credit_card,2026-08-04T19:06:44.672827
303a1c8c-4304-44e6-8dad-b1158f995e0b,CUST000528,Beauty & Personal Care,4,1994.08,7976.32,cash_on_delivery,2026-04-04T21:43:59.842729
d50df8d5-41f5-4dd9-b96b-134c12f97889,CUST000504,Sports & Outdoors,3,1022.87,3068.61,wallet,2026-08-04T13:31:45.886202
1e019f43-f9e7-42d2-902e-1849bd15ef80,CUST000233,Toys,3,351.06,1053.18,cash_on_delivery,2026-03-12T10:25:32.204356
8e77f969-87d9-4495-b2ae-dab0aa9f1642,CUST000367,Toys,5,904.28,4521.4,debit_card,2026-06-11T07:34:32.145555
6be2beaf-016a-48ee-ac9a-be2c7453d987,CUST000105,Books,1,1636.02,1636.02,upi,2026-04-29T08:28:01.432459
ccd3a5cf-866d-46e5-a0bc-5a7efa89e2c0,CUST000125,Electronics,2,261.99,523.98,debit_card,2026-04-16T00:07:18.908397
ef0d86fd-1b36-457d-b289-a80c04d07a97,CUST000066,Groceries,4,1805.48,7221.92,debit_card,2026-04-17T14:47:41.853787
55ce5ae4-f5e2-417d-b422-39f80b624ee7,CUST000674,,3,365.0,1095.0,upi,2026-03-07T02:12:20.951717
939d16be-7b40-4d9d-a436-3ef939952c4c,CUST000783,Toys,2,1486.99,2973.98,credit_card,2026-04-10T22:27:01.167018
bd037b4b-ba8a-4edf-a876-686cb3eaaed8,CUST000297,Beauty & Personal Care,3,344.55,1033.65,cash_on_delivery,2026-06-02T06:25:53.622683
9a88ea66-b4b1-43a3-b988-59679faeacae,CUST000228,Toys,5,667.29,3336.45,wallet,2026-07-17T18:55:52.736570
4e86750c-b5fb-41a2-8348-9feeab1b88cc,CUST000626,Beauty & Personal Care,4,1389.49,5557.96,debit_card,2026-02-25T20:58:33.949782
180b45ff-fcbe-4572-9a5d-dd2dec7118df,CUST000603,Home & Kitchen,3,853.85,2561.55,cash_on_delivery,2026-07-21T05:11:48.228359
b928a0e2-fdda-449b-9a91-ab3e4a53455d,CUST000091,Home & Kitchen,3,210.89,632.67,upi,2026-06-29T13:27:07.879492
79957cbb-c652-461d-9f4b-c7735e84cba4,CUST000396,Home & Kitchen,2,1486.91,2973.82,debit_card,2026-05-29T19:41:45.110251
9fb267d6-110e-48be-9217-f592c45d603b,CUST000363,Beauty & Personal Care,5,1173.21,5866.05,credit_card,2026-06-12T15:52:03.835797
745d4af5-47d8-4060-a4c0-8c55548d672d,CUST000612,Home & Kitchen,4,1775.6,7102.4,debit_card,2026-06-18T18:37:52.121171
980378df-88e7-420a-9eec-e3fad05db20a,CUST000697,Beauty & Personal Care,1,748.83,748.83,upi,2026-04-14T14:24:04.445657
01cb1e26-b527-4163-9f04-22748e89bf3d,CUST000772,Toys,1,1922.56,1922.56,upi,2026-05-03T09:30:45.434280
7a6c125e-4450-45ad-b2d3-1c2beea3b67a,CUST000143,Fashion,1,250.22,250.22,credit_card,2026-07-22T10:31:08.908510
0818a518-755e-4fd7-ae62-fed13404a600,CUST000080,Toys,2,1684.75,3369.5,debit_card,2026-06-07T05:59:49.216618
b19a896d-f792-4df5-90a6-7a093ae42ebc,CUST000483,Books,2,1663.54,3327.08,credit_card,2026-05-13T23:44:53.969160
b6f0ebd0-7895-450f-81d8-6186cb67da07,CUST000270,Home & Kitchen,5,982.32,4911.6,upi,2026-05-21T08:34:23.867119
438231a8-6635-402c-8639-e9345f47cef3,CUST000167,Books,1,1366.27,1366.27,cash_on_delivery,2026-07-26T14:11:02.320215
d46e374b-4084-4c03-84b5-ff9dfd0b4042,CUST000189,Fashion,4,381.78,1527.12,debit_card,2026-05-23T08:10:50.935247
534f39fb-c3f7-4505-aeaf-f72241c427f4,CUST000263,Toys,4,510.81,2043.24,credit_card,2026-07-31T05:20:40.408776
cbc4e740-410f-4ef6-962a-672138c5a5d4,CUST000007,Books,5,779.11,3895.55,credit_card,2026-03-04T18:29:47.814662
76970ccf-3cec-436f-90ba-1b2aa7aceab7,CUST000716,Fashion,5,535.95,-2679.75,wallet,2026-03-18T15:05:33.436279
118d97dd-490b-43e5-b0dd-f04e57ddb3c9,CUST000440,Home & Kitchen,4,1441.36,5765.44,debit_card,2026-04-14T16:03:22.691806
1933bb25-52b7-4a87-b9c6-9fee53145ee6,CUST000652,Beauty & Personal Care,5,1780.77,8903.85,debit_card,2026-03-16T07:30:06.499659
063fdbdc-4586-4853-8645-4cd01fcb85c0,CUST000592,Toys,5,573.75,2868.75,upi,2026-07-11T09:23:15.910753
0cb504c7-219a-4347-aa89-291a2fd1a232,CUST000791,Toys,5,1854.86,9274.3,credit_card,2026-04-21T19:38:48.282912
8d7278a4-825d-41bd-80ea-2ef5811f27c7,CUST000769,Books,3,185.24,555.72,cash_on_delivery,2026-07-07T01:56:07.034859
2b5b1589-94c8-4649-9525-75be571c8a18,CUST000361,Beauty & Personal Care,5,1421.76,7108.8,wallet,2026-07-22T16:52:09.686897
0426cc55-a355-49ad-b9ca-241d1d111184,CUST000254,Beauty & Personal Care,3,190.55,571.65,credit_card,2026-02-22T21:19:56.121737
9ccd50be-e56e-41d9-bfac-3bbf52856b21,CUST000734,Electronics,5,1212.06,6060.3,credit_card,2026-06-21T18:35:26.933929
e7ffc673-ccb0-4089-9cfa-78a3e14049c0,CUST000710,,5,1932.28,9661.4,cash_on_delivery,2026-06-09T14:41:22.409597
ea1de538-3b6d-4b69-8065-d9c1df9467e1,CUST000772,Toys,2,1065.46,2130.92,cash_on_delivery,2026-05-24T03:16:19.030548
b5e1581d-9e74-43ab-9b1e-47ae55a408cb,CUST000079,Toys,2,1690.02,3380.04,cash_on_delivery,2026-02-19T17:07:41.018258
4eceac10-7b20-473c-91a8-5c3a8d5e7391,CUST000525,Sports & Outdoors,4,269.05,1076.2,wallet,2026-07-28T19:26:30.566059
3ba6c3f1-556a-4ad6-bb41-7a6f63536a99,CUST000211,Electronics,5,1142.3,5711.5,upi,2026-07-31T07:45:45.743664
eb6e5567-e4f7-443a-b3d6-24f170ac3aa0,CUST000000,Electronics,3,1322.56,3967.68,debit_card,2026-05-21T12:24:04.547382
00746aa4-9146-47b3-a654-af82618ce438,CUST000145,Groceries,4,190.91,763.64,upi,2026-03-29T12:50:17.385526
98b18410-fc36-423c-b841-224bce2c856a,CUST000533,,3,49.85,149.55,debit_card,2026-03-16T05:01:22.979365
779a7120-f2e1-4389-b4e9-de74c36469c7,CUST000572,Sports & Outdoors,3,1843.92,5531.76,debit_card,2026-03-04T05:17:41.656951
59110ed4-91bd-4ad4-bac1-45263b6eef76,CUST000032,Groceries,2,218.58,437.16,credit_card,2026-07-05T06:48:12.102545
a92e87ef-f5b6-432f-8e77-41c137300ed4,CUST000419,Beauty & Personal Care,5,1209.74,6048.7,upi,2026-06-19T01:40:28.071004
0fbd3f4c-ba1c-4deb-9ff7-7cce93a7fd89,CUST000755,Beauty & Personal Care,5,1773.76,8868.8,wallet,2026-07-01T20:29:27.409846
900db7df-0af2-41c4-94b9-d23c4b1233ef,CUST000708,Home & Kitchen,2,1539.63,3079.26,cash_on_delivery,2026-05-25T02:40:25.923952
3b74e50b-9990-493d-acab-a2505ba8948b,CUST000011,Electronics,5,1477.09,7385.45,wallet,2026-03-02T17:29:10.788221
2dd80745-809c-4f5a-b2da-6ff1ccf20eeb,CUST000064,Electronics,3,1855.51,5566.53,upi,2026-05-19T10:21:34.558098
fdf6f47e-1d60-443f-bfed-f61d112b027e,CUST000715,Books,2,1905.64,3811.28,upi,2026-07-03T09:06:55.596918
eb36fad3-366b-4380-8091-50f641084102,CUST000495,Books,3,615.27,1845.81,credit_card,2026-02-18T01:14:57.134757
13db3ee8-6f98-468d-8894-66bedee30530,CUST000004,Sports & Outdoors,3,1828.65,5485.95,debit_card,2026-05-19T02:09:59.302469
1de7b8fa-55f5-4642-9006-2040416cc401,CUST000672,Toys,4,1117.13,4468.52,cash_on_delivery,2026-04-30T01:44:16.080330
e3719b94-6f80-4dd7-b737-8536d180b31b,CUST000621,Books,1,1924.82,1924.82,upi,2026-05-11T21:28:37.954005
53c9f937-521f-4263-8e69-5d27a857f831,CUST000348,Toys,4,461.32,1845.28,credit_card,2026-07-22T03:37:06.491344
ccc4af18-8b7d-4195-b3a6-33af1cd6cf84,CUST000447,Fashion,5,425.82,2129.1,wallet,2026-04-28T12:57:51.633538
a8081c4c-70f2-44a4-9026-edb5cec83887,CUST000392,Groceries,3,896.24,2688.72,upi,2026-03-07T01:11:55.342765
5183bdb7-fe72-4d3e-9da7-e7d52dfb14bc,CUST000339,Books,2,435.15,870.3,credit_card,2026-07-09T12:50:48.979499
89bf283d-aa7a-4ff7-a651-9800c93569a4,CUST000411,Groceries,1,1425.41,1425.41,upi,2026-03-31T01:43:55.766719
5f4d5d4d-13d6-4075-a6e2-a670ad1723d7,CUST000049,Groceries,1,485.99,485.99,debit_card,2026-05-19T15:04:34.704675
614e3e8e-c5b9-40f8-bb5f-4d33492766d3,CUST000168,Electronics,2,1559.98,3119.96,wallet,2026-07-25T06:03:21.417725
7a532399-39cd-4aa1-90fa-1f4d2910a546,CUST000023,Beauty & Personal Care,2,1370.17,2740.34,cash_on_delivery,2026-07-07T22:06:27.580974
48a30455-24dd-4f17-b621-5a71f09b1da7,CUST000360,Toys,5,1734.93,8674.65,credit_card,2026-05-18T12:02:00.668467
e91894f9-7f60-412d-a1bf-ae9e5da08bcb,CUST000742,Fashion,5,1043.34,5216.7,upi,2026-03-21T14:38:42.179820
81598c0c-b0c0-4c30-8112-5e5f84222b32,CUST000714,Home & Kitchen,4,930.61,3722.44,debit_card,2026-02-11T14:48:22.427646
ce0ced30-b860-45d6-a57e-6dc98f9a8235,CUST000406,Sports & Outdoors,4,28.37,113.48,cash_on_delivery,2026-06-04T21:42:46.244596
dab642cc-2bdf-4bc1-8096-edaf875208de,CUST000091,Books,4,777.53,3110.12,upi,2026-07-27T05:01:38.835638
d653c3d0-64e1-41be-853b-0d3c0f77639c,CUST000557,Toys,4,1396.45,5585.8,debit_card,2026-05-27T12:02:45.104192
94d545f5-39b7-4a53-9917-1d630e7b7581,CUST000362,Home & Kitchen,2,1489.83,2979.66,credit_card,2026-05-31T19:33:05.757759
a93d481e-ca5a-42e2-9741-b3071ed6f8b1,CUST000321,Home & Kitchen,4,167.6,670.4,wallet,2026-02-12T12:25:12.040811
a880a79c-d809-41f3-8edc-570059413c41,CUST000606,Beauty & Personal Care,3,238.47,715.41,cash_on_delivery,2026-04-28T02:51:15.094473
e74cd824-cabd-4e68-8328-e6655fead8a2,CUST000172,Beauty & Personal Care,5,1128.68,5643.4,debit_card,2026-04-29T00:54:47.590627
530ee7d9-270e-41b3-a65c-839038e8024c,CUST000429,Fashion,3,1147.18,3441.54,cash_on_delivery,2026-05-20T19:40:00.349822
273d1ff7-eb99-4ad2-9f7d-8b3ce07d8530,CUST000735,Toys,4,1920.9,7683.6,debit_card,2026-04-26T05:18:36.079949
f13846b1-2e9f-4e9b-8a4c-81fabaf9381e,CUST000438,Toys,5,1272.26,6361.3,credit_card,2026-03-14T06:47:09.004531
1ef2c7cb-2e76-45ff-a5cf-7d4826a420cd,CUST000363,Books,5,1646.92,8234.6,wallet,2026-05-01T06:51:04.533016
3afa9e15-ee95-4888-8718-43c724c66986,CUST000566,Sports & Outdoors,1,243.91,243.91,upi,2026-02-26T21:30:32.158922
524a94a1-0f1c-47b5-a5b8-1938fde48687,CUST000382,Books,3,1174.1,3522.3,upi,2026-06-19T05:21:08.394043
903c67cf-7979-426b-9cfa-f783ea4ca816,CUST000116,Groceries,5,1186.49,5932.45,debit_card,2026-05-20T18:37:23.637716
e55ed6bf-4414-4066-aedd-24c9ddcc4cdf,CUST000165,Groceries,3,238.25,714.75,wallet,2026-07-04T16:29:08.654302
a6a9911b-b3f7-4ef5-ae96-3438cd186ba9,CUST000257,Fashion,3,703.69,2111.07,wallet,2026-05-06T18:37:28.500779
bb993ebf-c9d3-4a05-a0c4-73d66264d587,CUST000095,Electronics,1,655.07,655.07,upi,2026-05-27T02:14:02.790073
b53ef7d7-6635-404d-92cf-ecffcd179733,CUST000632,Beauty & Personal Care,2,1390.42,2780.84,wallet,2026-04-26T21:05:34.415275
47fdb8fb-2fa4-4213-a74e-6f3b5b7196a0,CUST000764,Home & Kitchen,5,1533.74,7668.7,upi,2026-05-21T08:56:29.436208
1d5aceed-fe44-4f3e-be2d-5cf6d305c2b0,CUST000457,Sports & Outdoors,4,498.56,1994.24,credit_card,2026-05-16T05:50:56.168025
92e697fd-8927-4a00-9577-b84c00ca444f,CUST000587,Beauty & Personal Care,2,369.65,739.3,cash_on_delivery,2026-05-02T03:15:39.462298
ed661614-817c-4f7c-a78b-98cc99734809,CUST000211,Toys,1,699.86,699.86,cash_on_delivery,2026-05-24T18:52:26.235476
37173065-8e46-4a54-b9c0-f608c0841d1d,CUST000111,Sports & Outdoors,3,1629.38,4888.14,debit_card,2026-02-16T01:13:35.418266
e7cd54e8-dcca-4d4f-8bcf-6bc409c01030,CUST000293,Books,5,261.97,1309.85,debit_card,2026-03-31T14:34:17.131899
80b3495b-4814-4698-888a-bcf9378b4653,CUST000045,Groceries,2,415.43,830.86,cash_on_delivery,2026-05-13T20:40:54.599112
2fc4f6a8-dc0f-4b4a-9326-170b348ffd82,CUST000302,Fashion,5,140.98,704.9,upi,2026-06-02T01:27:06.286735
5423ea4f-719c-49e5-953b-56ba11cf9a8d,CUST000536,Beauty & Personal Care,4,1818.3,7273.2,wallet,2026-05-05T02:54:15.280522
ad0f10a2-0627-49ec-9823-538740b29a5d,CUST000504,Beauty & Personal Care,3,1324.86,3974.58,upi,2026-04-17T00:44:00.677387
cfaa6682-0b92-4237-8a51-f609c844ce4a,CUST000076,Groceries,5,1707.12,8535.6,wallet,2026-02-14T05:15:15.849534
ae88e7c4-2325-4ffb-ac24-3090c77bf101,CUST000783,Beauty & Personal Care,N/A,1742.98,5228.94,credit_card,2026-02-17T14:05:07.760465
6724d014-e47e-4ae2-be01-6abad302cca2,CUST000130,Sports & Outdoors,5,1564.28,7821.4,debit_card,2026-05-15T08:00:24.221575
b9aae59e-7bcf-4a6d-a9f6-b423a78edce7,CUST000719,Sports & Outdoors,2,1931.72,3863.44,debit_card,2026-03-09T09:45:16.427610
bae5020e-06b8-4868-92d0-3a500413ad88,CUST000729,Sports & Outdoors,4,1053.32,4213.28,cash_on_delivery,2026-07-12T23:12:49.872416
d692ae69-6675-4a8a-8925-532c0d7f7383,CUST000564,Beauty & Personal Care,1,1216.9,1216.9,debit_card,2026-04-14T04:51:19.059074
428ff0d3-cf94-4a96-a943-7cec87b7c595,CUST000140,Sports & Outdoors,4,649.29,2597.16,credit_card,2026-07-02T06:30:21.623238
4c184d68-e35d-4a28-907e-522e66abd95b,CUST000412,Electronics,5,928.3,4641.5,cash_on_delivery,2026-02-25T07:44:27.933682
40dcbdd0-de0f-4629-ba5d-49c225719bb4,CUST000560,Home & Kitchen,5,679.21,3396.05,cash_on_delivery,2026-05-07T06:10:17.715169
34994898-00e0-4de1-8ef3-76e8e1ba3e5f,CUST000238,Groceries,4,44.76,179.04,credit_card,2026-05-30T05:16:31.816470
c00c0343-f291-4b94-a139-464786f89b16,CUST000535,Beauty & Personal Care,4,555.24,2220.96,credit_card,2026-05-23T21:09:45.830517
70226428-87f0-4c56-81a4-8a0d446d9e83,CUST000645,Home & Kitchen,3,1415.09,4245.27,credit_card,2026-05-31T19:42:14.136571
1c2587d9-07b2-49a0-b14c-df38c2cfce5c,CUST000665,Sports & Outdoors,2,1188.82,2377.64,cash_on_delivery,2026-05-27T06:13:39.145645
c578ffdb-c663-480e-808f-3f017aa2ba2b,CUST000050,Toys,2,1860.24,3720.48,wallet,2026-05-01T10:15:15.859944
5d12c729-a706-45d2-8c9b-c852d0a7b9e2,CUST000033,Sports & Outdoors,2,1422.96,2845.92,wallet,2026-05-02T06:21:56.721403
1af3025c-b29b-4de3-a156-ee551f708d9c,CUST000384,Groceries,5,1171.64,5858.2,debit_card,2026-02-23T06:26:13.181755
69f757e2-d3d3-409f-b90f-c802a3f41fbe,CUST000423,Books,5,1559.44,7797.2,debit_card,2026-08-09T12:42:43.774270
03daed3b-1d54-4e70-9523-25122329b908,CUST000250,Books,4,39.34,157.36,cash_on_delivery,2026-05-13T00:34:12.974173
87a53690-5d63-4a29-b090-345a87ff893c,CUST000449,Sports & Outdoors,5,119.21,596.05,credit_card,2026-03-25T06:00:28.709208
1445ece8-1d7c-4afd-9fa9-96c9e6e926a1,CUST000361,Home & Kitchen,4,146.91,587.64,upi,2026-06-13T07:44:49.648693
1b41b799-c70d-46e7-b31f-0dd242725a73,CUST000585,Sports & Outdoors,2,1956.45,3912.9,upi,2026-04-19T09:58:20.517210
14fd69c3-9428-4c77-ab18-2c5ac31480b3,CUST000492,Groceries,5,978.28,4891.4,debit_card,2026-07-08T00:22:40.405613
85eae436-dd6c-4a95-a914-58083505e009,CUST000251,Books,3,971.26,2913.78,wallet,2026-05-10T10:56:51.953609
8f0facb2-a337-4097-974c-f67cf1756954,CUST000546,Groceries,4,622.39,2489.56,debit_card,2026-07-02T15:18:52.940938
553870bf-9dcf-429d-a235-6ea5c18f0097,CUST000663,Home & Kitchen,1,298.84,298.84,credit_card,2026-04-04T23:38:51.256111
9a385827-4b9a-4230-8a97-1e35477272b1,CUST000558,Fashion,2,1897.32,3794.64,debit_card,2026-06-14T01:11:46.725999
101bbc09-008d-4921-b2b9-bae93719dd82,CUST000405,Electronics,2,1476.09,2952.18,cash_on_delivery,2026-04-23T10:41:12.020949
990f2b5d-558b-4262-af80-e5e0d5cc70d5,CUST000789,Toys,5,1018.63,5093.15,cash_on_delivery,2026-06-18T05:40:32.717009
1299818a-2185-4f80-b6b6-542517cb4cfb,CUST000418,Toys,5,1255.54,6277.7,credit_card,2026-03-24T16:10:04.613425
a135c599-4200-4534-bfd0-6b270d415c98,CUST000159,Beauty & Personal Care,2,1613.35,3226.7,debit_card,2026-05-25T14:38:37.619952
1509a9cc-e710-42b2-957a-69c461abe043,CUST000498,Home & Kitchen,4,1186.37,4745.48,upi,2026-05-29T05:20:58.683825
a86f428c-a696-4676-b0e7-6f50d344ecc7,CUST000605,Toys,3,1277.23,3831.69,cash_on_delivery,2026-03-07T16:32:55.113211
38bf2dcc-df02-4a9b-ba4d-80d18d252e0b,CUST000011,Home & Kitchen,5,1043.64,5218.2,credit_card,2026-06-11T13:15:36.477324
eb270373-4432-4f13-bd57-3837ec301656,CUST000394,Fashion,1,870.51,870.51,credit_card,2026-05-12T20:31:57.459791
d63f4d99-0f62-4c72-948f-77143fea1000,CUST000793,Home & Kitchen,5,1158.35,5791.75,cash_on_delivery,2026-07-05T08:27:35.424021
d5aabf16-e34b-4a78-97ce-70c61675667f,CUST000304,Electronics,3,1797.55,5392.65,debit_card,2026-03-14T07:48:24.589160
25098c06-aa23-450b-b9ca-a6da23c14c2f,CUST000136,Fashion,5,828.43,4142.15,upi,2026-07-06T08:42:41.434435
7634c634-26ee-44f6-908f-97d15abbf58c,CUST000405,Fashion,1,656.59,656.59,upi,2026-05-25T18:05:18.732860
ea5afe16-9c28-463a-a97f-9b4f3373796b,CUST000486,Fashion,1,1155.85,1155.85,credit_card,2026-04-03T15:25:39.147770
7db8b475-edc2-48a2-a1fe-3cff37b973b6,CUST000381,Beauty & Personal Care,4,1136.06,4544.24,debit_card,2026-02-20T20:45:40.550579
f770b089-b426-4fb3-becc-93cfd48d871a,CUST000372,Groceries,5,680.57,3402.85,cash_on_delivery,2026-06-27T13:51:12.243637
397d8af9-22ac-4c55-940a-0c388805e715,CUST000619,Fashion,3,751.85,-2255.55,debit_card,2026-04-12T01:31:54.331133
1ef15883-d8a0-4809-93c2-41a46c913684,CUST000788,Groceries,4,1516.16,6064.64,cash_on_delivery,2026-06-01T11:06:13.718513
5f8e5df2-ee81-41b7-8852-9258a1dcba4f,CUST000783,Beauty & Personal Care,5,622.44,3112.2,wallet,2026-07-16T08:09:26.234914
460c5028-7b2c-460b-994c-97e77bf8ced3,CUST000093,Groceries,4,1936.96,7747.84,wallet,2026-07-12T11:44:45.708790
728a8573-8c22-4a41-b318-a8278f594089,CUST000791,Books,2,92.53,185.06,debit_card,2026-06-13T11:07:28.358407
c9886380-198d-41a0-bca3-a663d3c5f4b7,CUST000593,Beauty & Personal Care,5,543.78,2718.9,cash_on_delivery,2026-07-28T07:30:43.684161
60c81c5a-ec92-485d-b3e8-4ec81aeabdd8,CUST000312,Beauty & Personal Care,4,435.09,1740.36,credit_card,2026-04-07T14:34:03.961312
e47632d1-92d0-4236-8121-79beea25fcda,CUST000154,Fashion,3,1984.73,5954.19,cash_on_delivery,2026-05-19T13:13:12.518922
e6a4b9b5-823b-4da8-ab7d-fdcd1bb69b85,CUST000366,Toys,3,744.03,2232.09,cash_on_delivery,2026-04-28T23:43:35.825148
e7e2e1fa-3c00-410f-919a-fde8a7225495,CUST000088,Sports & Outdoors,N/A,424.32,1272.96,credit_card,2026-06-29T10:43:14.178328
123748c3-9204-4a74-a06d-4e2beaff086d,CUST000498,Toys,1,585.12,585.12,debit_card,2026-07-19T13:36:02.635603
6702ac18-ba5b-4278-b6fd-a6f853938877,CUST000664,Home & Kitchen,4,1079.61,4318.44,credit_card,2026-02-11T05:43:53.405818
438faea4-386b-434f-8c5b-fed876b9ac07,CUST000526,Home & Kitchen,3,1685.91,5057.73,debit_card,2026-04-22T12:41:01.548648
b47e76a1-d82c-45e9-81b2-9fc88cd9dd9f,CUST000347,Groceries,3,1004.22,3012.66,upi,2026-07-02T09:43:00.492148
d11e18e8-2c8f-4b9d-8c80-9caf019e40ea,CUST000734,Groceries,5,1851.96,9259.8,debit_card,2026-03-17T01:33:04.460886
7c43d945-6416-47b7-84b4-227c86a5eb06,CUST000382,Home & Kitchen,2,1674.77,3349.54,credit_card,2026-02-24T19:19:50.997897
5231ac5a-5a71-43f3-b73f-d887c8525858,CUST000774,Groceries,5,718.71,3593.55,debit_card,2026-05-30T18:50:49.359020
f5edef0f-be3e-442a-9b94-02b7eb590448,CUST000468,Toys,2,229.42,458.84,credit_card,2026-06-21T10:54:19.028692
93b9437a-8db7-4fe2-9cc6-c8ff9d091557,CUST000642,Toys,N/A,844.33,2532.99,upi,2026-05-11T14:47:28.464611
d9033a00-a092-4d60-bf2a-8139b7d0fb2c,CUST000684,Fashion,1,791.51,791.51,wallet,2026-04-02T20:21:20.997619
d13c0bb0-8b08-4bb8-bcc8-cd18595f1ba4,CUST000489,Electronics,4,808.31,3233.24,debit_card,2026-02-17T00:22:45.455453
694255b2-d580-43f2-9977-20ec718952c3,CUST000133,Books,2,1919.44,3838.88,debit_card,2026-06-04T07:03:07.662796
39c27316-ca4d-41a3-9cc4-c58f8e8dd118,CUST000421,Electronics,4,839.69,3358.76,upi,2026-05-11T08:42:19.827322
3382101b-19d6-471d-b192-8892c9a1bb07,CUST000116,Books,1,529.29,529.29,cash_on_delivery,2026-05-14T17:55:18.056728
8da89319-0716-42d8-a1a4-94f97a03605e,CUST000386,Toys,5,922.06,4610.3,cash_on_delivery,2026-05-22T23:34:44.155838
d9d990d5-ec6c-4f65-aeee-6f0b97277dc3,CUST000657,Books,2,1752.33,3504.66,credit_card,2026-02-24T06:50:37.818337
3a4d00e7-6318-46ac-90d8-eb9591df40d9,CUST000754,Sports & Outdoors,5,1582.58,7912.9,debit_card,2026-06-14T00:27:51.272793
bce34b58-6374-405d-a55c-4769e0d49e61,CUST000222,Fashion,1,1775.09,1775.09,debit_card,2026-04-26T06:17:42.205034
480a7448-2f8f-4264-a600-133dc8e79a6b,CUST000555,Fashion,2,417.48,834.96,wallet,2026-07-26T00:36:23.629027
f3be83ed-1716-4b9b-b091-19e398a7c58f,CUST000424,Fashion,3,1304.31,3912.93,upi,2026-06-21T21:56:40.983213
bfc5dd5f-199a-4664-83ae-da43ca0b0928,CUST000225,Home & Kitchen,3,1317.63,3952.89,wallet,2026-07-06T10:48:20.842606
f9878715-8ec8-4590-ac4c-acb3b53e923c,CUST000360,Books,5,1206.22,6031.1,upi,2026-07-13T19:05:40.241225
bb74d017-cfa6-4eaf-8efe-fcc7d6766b52,CUST000274,Home & Kitchen,3,748.38,2245.14,debit_card,2026-05-07T09:39:28.869207
efe1ba73-2925-4c4f-9d34-e7748d10da0d,CUST000087,Fashion,5,1125.31,5626.55,debit_card,2026-03-26T15:10:48.966844
b0c9e367-fd2c-4c86-b5fa-b018d9b83e83,CUST000472,Electronics,1,1825.55,1825.55,cash_on_delivery,2026-08-07T08:57:37.227500
2a7c1f4c-558f-49ad-8d75-f9cf81de4d3e,CUST000387,Beauty & Personal Care,2,889.61,1779.22,debit_card,2026-05-17T12:38:05.225256
70ec4fc5-4e3d-4cbf-842f-c813f7c31dcf,CUST000722,Beauty & Personal Care,1,1469.1,1469.1,debit_card,2026-04-05T19:28:37.973620
46c38e9b-948d-4081-a660-e46479133802,CUST000668,Fashion,4,6.08,24.32,upi,2026-06-03T17:34:38.617241
5aca1ea8-d62d-41e8-bf52-bd820b77b31c,CUST000348,Toys,5,1466.22,7331.1,upi,2026-07-01T19:33:48.657424
b04aa8af-f7e2-42ad-bce0-a79d86c4777d,CUST000344,Beauty & Personal Care,3,1282.99,3848.97,upi,2026-08-02T02:19:59.185600
8b0df92e-b609-4390-b3b7-ba41d0f86956,CUST000571,Toys,1,1984.84,1984.84,wallet,2026-03-29T04:48:48.235807
43e65062-323c-4708-98cf-c59fac6ac2dc,CUST000488,Beauty & Personal Care,2,92.96,185.92,cash_on_delivery,2026-04-14T17:07:25.491198
613e5c4a-5fbe-475a-b655-9ee485b020fd,CUST000233,Fashion,5,730.42,3652.1,cash_on_delivery,2026-02-24T08:01:23.013434
f6b6da87-7823-420d-ac5c-c23a3dc6807b,CUST000422,Books,3,64.79,194.37,cash_on_delivery,2026-07-11T05:42:21.782975
8d352686-9f32-4d55-94f4-f691c7b0dc10,CUST000129,Beauty & Personal Care,5,1191.12,5955.6,wallet,2026-06-07T16:46:18.137421
ae67826f-4d0d-4a57-ba1d-df09fb2db6ec,CUST000400,Home & Kitchen,2,170.59,341.18,credit_card,2026-06-28T06:30:03.980566
4d0a638c-50bc-4649-a1e9-7177a3d0707d,CUST000728,Groceries,1,339.73,339.73,credit_card,2026-06-21T14:43:49.895213
8a7c4de9-1304-43a5-86f1-cd45d713a1c1,CUST000035,Sports & Outdoors,3,1721.44,5164.32,cash_on_delivery,2026-03-23T08:07:26.416404
2df87a2a-0529-4328-92f9-360051537393,CUST000227,Groceries,3,432.83,1298.49,cash_on_delivery,2026-05-07T20:11:52.354440
72f9925b-bccf-477a-8a55-a79aa592c3dd,CUST000325,Books,4,362.56,1450.24,credit_card,2026-05-22T23:54:44.161206
9fd39495-3b93-43fc-8385-3e7a4a245d6b,CUST000563,Books,4,1778.14,7112.56,wallet,2026-05-21T17:42:16.417487
909f8724-8c5f-407c-8264-f186d8f1846d,CUST000316,Electronics,3,1961.18,5883.54,cash_on_delivery,2026-02-28T19:31:00.574214
84deb358-a90e-4938-9abe-01640a0b6400,CUST000382,Toys,5,1865.35,9326.75,debit_card,2026-07-24T09:31:28.585801
50460c31-00ed-4801-8e57-792841cd790b,CUST000154,Fashion,3,1649.59,4948.77,wallet,2026-04-23T00:31:38.686189
6c756cc0-78e9-4069-a5ba-ac596f791608,CUST000418,Fashion,5,884.45,4422.25,wallet,2026-07-18T23:43:57.087788
ccaa6a88-8786-43bb-a03f-f6fae68d3234,CUST000516,Beauty & Personal Care,5,1087.16,5435.8,wallet,2026-07-15T23:20:16.575737
c99bdc94-b63c-4172-a345-10bc87525695,CUST000086,Sports & Outdoors,2,633.04,1266.08,cash_on_delivery,2026-05-20T02:53:39.951501
5f22ba9d-bb04-4032-a3c5-0ffae2385685,CUST000103,Toys,5,1549.35,7746.75,wallet,2026-02-26T14:53:13.603603
c24d43c4-5073-43fa-ab57-4edfb616155b,CUST000700,Fashion,4,968.74,3874.96,credit_card,2026-06-29T03:31:39.099500
708c7710-bcae-4ffa-bd07-c910a173eb6b,,Home & Kitchen,5,813.92,4069.6,debit_card,2026-07-02T10:33:43.134722
f993352b-bd0e-4e31-8ee1-694cde8814ea,CUST000076,Home & Kitchen,2,1810.03,3620.06,cash_on_delivery,2026-08-03T09:21:23.867889
ce6f52c2-c28b-414c-be8c-7b6a8d7b0114,CUST000773,Electronics,3,210.4,631.2,wallet,2026-04-04T23:26:28.429230
e55cbace-7902-47a3-bff6-b9278249bbc4,CUST000214,Groceries,5,1943.63,9718.15,credit_card,2026-02-22T14:06:03.080301
b4ea6a3e-0bd0-43f5-aa98-7cb53a465528,CUST000307,Home & Kitchen,1,793.63,793.63,debit_card,2026-07-15T11:04:11.340356
97870fb4-c5a9-40c0-b6a3-6aa4e6e122bf,CUST000224,Groceries,1,618.89,618.89,credit_card,2026-03-03T06:24:37.337377
0787ed8f-1335-4319-9343-3ad32344f0a7,CUST000233,Toys,5,358.97,1794.85,upi,2026-05-16T08:20:32.084859
b8907922-20e4-49c7-b7fe-006114a797ec,CUST000676,Beauty & Personal Care,5,191.53,957.65,cash_on_delivery,2026-02-21T06:29:29.980202
d1655e94-cf83-45a9-ace7-e565a391b79f,CUST000634,Home & Kitchen,3,124.55,373.65,cash_on_delivery,2026-06-21T04:10:36.534577
e15c889a-e8a7-4fde-bf04-4c99fb40d8be,CUST000321,Home & Kitchen,2,226.1,452.2,wallet,2026-08-04T00:57:03.677339
78637403-eaa5-4927-912b-503302eb82b2,CUST000116,Electronics,1,1622.46,1622.46,debit_card,2026-05-15T20:44:54.806603
2aacb310-8be4-48b3-ae7c-adf29153f2a0,CUST000460,Fashion,4,1632.48,6529.92,upi,2026-03-28T01:45:02.299548
28a329fb-4d26-43eb-9158-62684db3616e,CUST000251,Beauty & Personal Care,5,931.0,4655.0,cash_on_delivery,2026-03-27T08:04:19.316833
eeaccdad-4767-4180-8a42-e40a3ef611ba,CUST000243,Toys,3,1479.81,4439.43,debit_card,2026-04-20T16:01:36.228598
588638c7-5d50-4a1b-9b43-c9dca9563966,CUST000093,Sports & Outdoors,2,1847.68,3695.36,wallet,2026-05-04T15:25:59.217644
d26b4637-12b8-47da-81cc-84ec980a28e6,CUST000531,Beauty & Personal Care,5,1912.74,9563.7,upi,2026-07-26T17:07:13.513882
aa8bb807-fe5f-46e9-86a4-d14b91102c8b,CUST000149,Sports & Outdoors,4,1067.99,4271.96,debit_card,2026-06-06T03:03:29.041574
552b11e9-d657-48ae-9fd5-30c41ee16293,CUST000171,Electronics,5,1391.63,6958.15,upi,2026-07-12T06:24:19.390298
7aefa091-4ab2-4c18-850c-3a5536ee462b,CUST000778,Sports & Outdoors,5,1369.07,6845.35,credit_card,2026-07-12T15:46:20.913419
ae77491a-8545-4890-bf33-c91e6dd3ba27,CUST000430,Beauty & Personal Care,4,1572.52,6290.08,upi,2026-02-17T21:28:51.563027
046c9d35-43ba-41a9-9257-2a6c209fb212,CUST000018,Electronics,1,1981.47,1981.47,cash_on_delivery,2026-02-26T10:24:07.709212
005a4dd7-d4c1-44db-9188-1aec7944a8c6,CUST000554,Beauty & Personal Care,1,1567.78,1567.78,debit_card,2026-07-30T13:53:54.637918
fd29afea-27cb-4704-862d-bf339be3e570,CUST000463,Sports & Outdoors,3,1903.65,5710.95,upi,2026-04-22T23:00:09.217210
04443c32-0a4b-437c-9c6e-888a63d19eae,CUST000271,Toys,2,307.11,614.22,cash_on_delivery,2026-07-21T07:03:03.088744
cc3ca00e-4bdc-45d1-a5dd-27b28b193ea0,CUST000696,Books,1,557.9,557.9,upi,2026-07-04T08:56:26.019708
1599384c-1901-4230-8bcf-d4b7fbf353a7,CUST000397,Fashion,1,171.8,171.8,debit_card,2026-07-22T10:58:28.355997
7aafeefb-3055-4226-a387-ea6979394f05,CUST000359,Electronics,2,1324.17,2648.34,debit_card,2026-07-02T01:11:04.468663
15650376-d369-4027-a1cf-4d528505a201,CUST000150,Sports & Outdoors,3,1132.85,3398.55,credit_card,2026-03-22T12:09:28.739043
33cc6309-c447-426b-8812-87c1f30c0f86,CUST000522,Sports & Outdoors,1,1943.17,1943.17,cash_on_delivery,2026-02-11T23:01:51.657353
950f0882-0ad4-4598-9cd3-80955178f007,CUST000360,Sports & Outdoors,5,390.99,1954.95,debit_card,2026-07-15T07:21:50.831051
cd2d3e9b-7460-4d84-ad47-4c5daea50fe1,CUST000137,Books,3,800.01,2400.03,upi,2026-04-18T01:01:32.287041
cf82221a-558d-436f-a6c0-bf5699d68d32,CUST000151,Toys,5,577.93,2889.65,credit_card,2026-05-27T00:31:33.566919
55113dbc-693f-4ce1-987e-5757fed20a96,CUST000425,Toys,2,1515.91,3031.82,debit_card,2026-07-20T05:15:00.077133
7303c2f8-2cad-4717-b6a3-e1003439a54d,CUST000388,Fashion,4,1640.2,6560.8,upi,2026-06-07T01:47:38.651323
bee1ece9-b60c-4001-99cd-f1c6000daa98,CUST000014,Home & Kitchen,2,176.76,353.52,cash_on_delivery,2026-07-13T21:05:15.880012
bdc492d7-bea1-42e9-815f-a3c3cd48fe1e,CUST000232,Home & Kitchen,3,886.51,2659.53,cash_on_delivery,2026-02-21T03:34:15.428808
8456fc29-ffb7-415e-a06d-8dbae8680c5b,CUST000729,Books,5,482.03,2410.15,wallet,2026-05-24T17:46:33.425347
3ec49b2a-5cde-4f95-b21b-2ed69370d3b2,CUST000068,Electronics,2,1511.56,3023.12,debit_card,2026-07-14T00:56:16.056064
9310327d-0007-467c-847e-77581effa848,CUST000072,Books,3,955.16,2865.48,wallet,2026-03-18T18:26:41.088157
00841bd0-c4dc-4741-8aa2-290cf78f06c0,CUST000270,Fashion,2,975.78,1951.56,cash_on_delivery,2026-02-23T10:49:00.511614
da78fbc2-6cc5-4eac-893b-4314b06fb389,CUST000763,Home & Kitchen,3,479.8,1439.4,debit_card,2026-04-09T02:41:07.053921
9fcaec46-923e-438d-8f21-b2f7e6ed3411,CUST000232,Sports & Outdoors,2,1702.41,3404.82,cash_on_delivery,2026-06-09T18:30:13.560112
1ab077ef-3024-487a-ad7b-78e69821f8ce,CUST000053,Sports & Outdoors,2,863.47,1726.94,credit_card,2026-06-11T23:19:10.371408
4bcc1575-5c49-4d25-b3d1-c9b557c01750,CUST000674,Fashion,3,1924.94,5774.82,debit_card,2026-02-13T01:20:53.637693
782b787f-627c-49e2-b644-ef79fb974da5,CUST000469,Sports & Outdoors,2,501.04,1002.08,wallet,2026-05-16T12:49:47.111548
35a9f1da-5609-4508-8c14-269dcf439b45,CUST000156,Sports & Outdoors,4,1616.36,6465.44,debit_card,2026-05-16T08:49:27.517536
7098e285-2103-4690-afb0-3748f2cf5801,CUST000347,Home & Kitchen,3,363.86,1091.58,wallet,2026-06-03T07:33:40.846787
55776ef6-9524-426f-90d7-81838fa01f7b,CUST000183,Home & Kitchen,5,1559.22,7796.1,upi,2026-04-17T11:46:20.841816
3a33522d-1894-4a66-a9b4-1690cd088288,CUST000065,Beauty & Personal Care,N/A,1457.69,7288.45,cash_on_delivery,2026-03-19T11:55:10.048437
8573621a-bde8-490d-94f7-f86998371676,CUST000014,Electronics,5,736.95,3684.75,upi,2026-04-18T15:52:35.787749
533e6679-2097-4859-a6a5-2ab546ae85c9,CUST000568,Electronics,5,1539.47,7697.35,credit_card,2026-05-22T16:48:20.644054
f5aa4825-9e60-47af-ad69-95915c802a0d,CUST000663,Home & Kitchen,3,1065.49,3196.47,cash_on_delivery,2026-06-16T12:35:06.009944
6d68b34a-e4ab-4214-a7d7-eda5f3b6c445,CUST000306,Beauty & Personal Care,1,1851.25,1851.25,upi,2026-05-30T14:52:41.318275
acb43a33-d6ec-4cac-a080-b1bb8b75bbdc,CUST000135,Electronics,5,1184.92,5924.6,cash_on_delivery,2026-04-26T07:57:09.786630
a3daf2f7-011e-4aaf-a7a2-876317c0aeb9,CUST000098,Groceries,5,1106.57,5532.85,debit_card,2026-08-06T11:00:51.739977
5ff18518-0860-4524-9656-773cf714446b,CUST000723,Home & Kitchen,2,1039.48,2078.96,cash_on_delivery,2026-03-31T10:55:03.769527
a537f691-a86a-4113-af14-ab351e0b5b8e,CUST000220,Beauty & Personal Care,1,881.96,881.96,upi,2026-07-31T11:04:59.597843
b68f7b0e-90a0-4665-8ee0-1da842f7fda6,CUST000314,Fashion,1,423.63,423.63,cash_on_delivery,2026-06-08T07:53:48.917052
5e5c7321-3646-40d7-acf6-5f2385d8c553,CUST000179,Electronics,1,1155.64,1155.64,credit_card,2026-07-01T21:20:25.294141
da3a2463-a365-4579-b0ff-ea922d53ec07,CUST000503,Books,4,1178.9,4715.6,cash_on_delivery,2026-05-05T06:02:40.359612
178126eb-0626-4532-a2bb-a40559850d8f,CUST000163,Books,2,785.04,1570.08,debit_card,2026-03-15T21:29:02.824758
23bde3ed-18a1-45c5-88bf-ca09d49bbf75,CUST000176,Electronics,5,514.77,2573.85,wallet,2026-06-22T03:45:32.053305
37c4ad24-5de7-4f16-adfa-ddc8530fa656,CUST000211,,2,409.52,819.04,wallet,2026-07-17T18:35:35.521414
42c67038-3f75-4f6e-8cf4-70c00c4b115f,CUST000773,Books,2,609.2,1218.4,wallet,2026-07-07T13:39:35.405964
c2f1b693-3642-4df8-9a7e-b0d27759fd5c,CUST000629,Home & Kitchen,4,1935.43,7741.72,upi,2026-02-26T23:47:38.077976
01034c6d-36dc-4d5e-8d8a-e487fdab3b78,CUST000278,Toys,1,379.64,379.64,debit_card,2026-07-10T01:40:14.547664
91f0ab58-eed7-49db-a592-9ec3f86f9d95,CUST000083,Toys,3,1688.32,5064.96,cash_on_delivery,2026-06-04T01:02:26.994329
8fdaeebb-4af7-491c-831f-e66eb915c079,CUST000542,Fashion,5,813.34,4066.7,credit_card,2026-06-14T16:33:06.493519
8637d18b-cd12-4fc4-b9ac-4574f5984dc5,CUST000482,Beauty & Personal Care,2,1683.92,3367.84,credit_card,2026-03-04T15:18:49.029599
80f0c77a-c30e-417d-8280-9a36d3f4786b,CUST000138,Books,2,1991.39,3982.78,wallet,2026-03-26T03:37:15.280140
2e979712-c00a-4c7b-b1c9-a1a7132ccf35,CUST000587,Sports & Outdoors,2,755.08,1510.16,debit_card,2026-07-23T05:22:14.263591
c2a3462d-3433-4226-918f-f078986a8131,CUST000626,Sports & Outdoors,4,382.99,1531.96,cash_on_delivery,2026-07-05T20:18:11.990675
d15aefcf-3586-4e41-8f74-b91f7a6b96b0,CUST000257,Books,2,1945.48,3890.96,wallet,2026-05-22T08:38:22.038829
a1b83d3e-cd73-44d0-8681-4cee66223ed8,CUST000721,Groceries,4,1382.03,5528.12,upi,2026-05-13T03:33:54.501474
96d2e008-c2a6-4466-ba79-9982fc8df1af,CUST000154,Home & Kitchen,3,175.99,527.97,wallet,2026-05-25T21:38:40.814772
f13762e3-6210-4492-80a3-3341f91a45bc,CUST000667,Groceries,1,1435.89,1435.89,cash_on_delivery,2026-06-15T16:23:22.738353
b0c6b749-6535-4bcf-a42e-3ae61f20d143,CUST000289,Groceries,5,1403.71,7018.55,cash_on_delivery,2026-06-17T14:55:25.506621
daae7ec1-c613-41aa-9af9-cc9c8185e34a,CUST000654,Groceries,5,1233.74,6168.7,credit_card,2026-05-20T08:06:19.825336
f70a360c-34c9-478b-aeb8-775d6342a033,CUST000481,Toys,3,1305.54,3916.62,wallet,2026-06-29T13:18:54.257226
329441c4-8e71-44bc-872b-edf6881542cc,CUST000381,Fashion,5,1408.4,7042.0,cash_on_delivery,2026-03-04T10:37:33.941750
c5e943bd-2003-47bd-9a18-efc54082e30e,CUST000526,Home & Kitchen,1,253.09,253.09,wallet,2026-03-08T15:29:42.755713
7e339740-3f51-4724-8071-e0ba3564d28b,CUST000545,Electronics,1,1322.5,1322.5,wallet,2026-06-01T23:05:26.597016
1c3ed1f3-1f6d-4365-adb7-558cd65df352,CUST000281,,2,142.41,284.82,cash_on_delivery,2026-04-02T17:27:04.639834
7333fa2c-e25e-4080-840c-c741bfbddc68,CUST000494,Toys,5,831.98,4159.9,wallet,2026-06-30T05:37:43.785651
13b385cb-7ad4-4e6b-90ed-9a18eb047c7e,,Electronics,2,1386.25,2772.5,debit_card,2026-07-20T01:21:16.788924
7c63b089-8c97-458c-a5f5-e016be3f2ed8,CUST000747,Home & Kitchen,5,788.03,3940.15,debit_card,2026-03-03T00:45:52.560048
f4f43aae-a3c1-44f9-b753-90f36145a644,CUST000361,Fashion,4,962.44,3849.76,debit_card,2026-06-11T17:11:58.999975
336b13e1-bf17-4b03-b52b-9294a3f96865,CUST000040,Fashion,1,1082.45,1082.45,upi,2026-06-14T06:20:37.123174
60d73419-a73d-4c92-8d4d-31abe3c0386d,CUST000722,Toys,4,1345.08,5380.32,credit_card,2026-04-27T01:21:44.994096
180ce84b-f43a-460e-b970-f20b3ff7193e,CUST000295,Home & Kitchen,3,223.18,669.54,credit_card,2026-04-22T23:33:05.144648
5664bee0-7958-4de9-ac1a-4e1b562c026c,CUST000751,Toys,4,669.97,2679.88,upi,2026-06-06T20:59:18.723448
4ee9ef50-6480-4235-b542-4d0f39ac4cd9,CUST000229,Sports & Outdoors,3,1447.12,4341.36,credit_card,2026-04-09T03:21:55.152763
44a7448f-a1c0-4a6c-be2c-d015931ba5ff,CUST000377,Toys,2,1552.71,3105.42,cash_on_delivery,2026-03-19T10:35:31.818862
180d0e0c-be8e-48c4-ab8e-8591c987e74b,CUST000288,Books,1,1499.12,1499.12,wallet,2026-06-22T05:02:12.421246
dc5af2b6-e9af-44f6-af9f-12b665de6397,CUST000714,Fashion,4,526.35,2105.4,debit_card,2026-04-13T16:51:46.630972
5ce40b87-86b7-417f-9d61-23fd2cd38658,CUST000328,Toys,3,459.23,1377.69,upi,2026-02-28T01:10:02.416255
85c90303-75cd-4c00-9c18-dc8b7e7af93c,CUST000301,Fashion,2,1252.42,2504.84,debit_card,2026-04-11T11:39:46.440021
e126e849-3af7-42ea-903f-6dd8afee1e49,CUST000080,Home & Kitchen,2,403.39,806.78,cash_on_delivery,2026-07-08T01:36:30.917890
001042bd-7693-4062-9b00-ad492b2494ac,CUST000271,Groceries,5,9.46,47.3,cash_on_delivery,2026-07-19T11:53:05.278417
5b1a7787-01a2-4db5-9323-a0c01cc60feb,CUST000093,Home & Kitchen,3,1413.92,4241.76,credit_card,2026-08-05T01:37:23.724131
83cca341-80a7-4879-8eb3-659e60d31ac4,CUST000226,Groceries,5,1563.61,7818.05,credit_card,2026-07-09T03:44:05.061973
80f60365-adb4-418d-a4db-1ea447de2b42,CUST000794,Sports & Outdoors,1,290.87,290.87,wallet,2026-05-02T21:00:44.628903
268a91ed-3b64-4039-be06-8abdb43637b8,CUST000609,Books,2,1262.28,2524.56,upi,2026-03-22T10:36:41.330065
69897133-e996-4b7c-a18e-1c5d614e0e6e,CUST000737,Sports & Outdoors,1,546.16,546.16,wallet,2026-07-30T22:41:53.851321
5ec02296-ee87-4feb-a285-642cb2b43e2d,CUST000024,Fashion,2,177.32,354.64,debit_card,2026-06-16T23:42:58.725743
a49e2f98-c75b-43b6-9e33-660418c35f9d,CUST000152,Electronics,5,658.12,3290.6,cash_on_delivery,2026-04-02T13:22:13.288379
447548ad-5b11-4d72-920b-8dc7b8ae116c,CUST000138,Electronics,2,1902.88,3805.76,wallet,2026-06-10T19:03:58.826425
40c81e4e-daf4-4fbf-a925-932cb102fc69,CUST000033,Fashion,3,1888.42,5665.26,credit_card,2026-04-10T14:11:48.607828
1cfb1f1a-f5e2-476f-b948-3896bdb2388d,CUST000006,Electronics,1,362.93,362.93,wallet,2026-05-23T03:44:49.984414
ae9cb203-fcf5-46bb-a505-5b8d04abafd4,CUST000359,Electronics,4,515.29,2061.16,cash_on_delivery,2026-05-22T07:55:12.846549
ec16492d-6df9-436b-a85f-09d2830751bb,CUST000437,Fashion,1,1852.34,1852.34,upi,2026-06-17T14:14:23.125736
e9df1bc5-49f9-4006-a14d-e4bfe3ff1dbf,CUST000556,Fashion,4,193.69,774.76,credit_card,2026-02-12T18:48:16.031228
5ec78efd-e96c-4a76-aedd-74d848c428fd,CUST000473,Toys,5,1780.41,8902.05,debit_card,2026-02-17T04:14:49.917788
30acb69e-fe70-4d8c-a840-e05a8acb07ed,CUST000596,,2,1285.94,2571.88,credit_card,2026-05-22T07:01:29.961162
f47a475e-12d3-4a07-8ffc-a1854d350adf,CUST000307,Beauty & Personal Care,5,1700.76,8503.8,wallet,2026-05-08T06:20:04.801564
6696c0f2-c0b7-4c40-acb7-fe11cdd99cf9,CUST000722,Sports & Outdoors,2,1795.79,3591.58,cash_on_delivery,2026-06-17T02:42:22.477410
b45fbcb4-29bd-4a6f-ba9d-6ecab6880061,CUST000470,,3,1178.06,3534.18,debit_card,2026-06-02T11:00:07.457076
1a2c7315-43e1-431d-a1c7-57298c91ddd7,CUST000223,Home & Kitchen,3,1137.39,3412.17,cash_on_delivery,2026-05-26T21:22:22.443329
4654d99b-2fa3-4851-a508-e71ca408e1cf,CUST000309,Fashion,4,1307.33,5229.32,credit_card,2026-04-09T20:16:53.034408
4ac0c9dd-8705-411a-bc7f-c26995e0be2b,CUST000358,,1,455.38,455.38,wallet,2026-05-24T00:02:02.677088
9e47299e-0f9f-47f7-b799-5a967d584ed9,CUST000432,Sports & Outdoors,5,1324.1,6620.5,credit_card,2026-07-04T04:41:01.836894
c0a5d181-f770-455d-a7da-729b229cd01e,CUST000350,Beauty & Personal Care,2,186.06,372.12,upi,2026-07-01T08:54:27.442617
767de825-3569-490a-bb4f-fe75d05e83e0,CUST000605,Beauty & Personal Care,3,1604.34,4813.02,credit_card,2026-08-06T01:31:38.964973
2adf1a70-7faf-49fb-a5d9-79ca79739f31,CUST000766,Beauty & Personal Care,5,1685.02,8425.1,credit_card,2026-03-08T23:26:30.117703
784f85b0-467d-45b6-a70c-ac70c701eae0,CUST000747,Groceries,2,987.84,1975.68,credit_card,2026-03-27T18:11:12.423578
503db3da-8197-491a-ab0e-bd8b22e41abe,CUST000280,Toys,2,880.64,1761.28,upi,2026-03-06T15:05:08.033631
3d88efbb-4d12-4d63-924e-b9d520cd1997,CUST000693,Sports & Outdoors,2,1773.34,3546.68,wallet,2026-06-23T03:13:47.862133
919529cd-f5b6-434a-85a7-8b9553e2f092,CUST000776,Sports & Outdoors,4,1015.15,4060.6,cash_on_delivery,2026-02-28T03:31:51.969419
209ae602-59d3-43ca-95ec-e02312f8cd6f,CUST000782,Toys,4,1150.32,4601.28,cash_on_delivery,2026-04-01T07:34:24.569681
ee0262f2-2bae-4465-9e76-7c81943d7da2,CUST000291,Books,5,774.72,3873.6,cash_on_delivery,2026-03-30T00:53:09.651799
3b8a98a3-b1d5-4b27-a875-2ba863880229,CUST000322,Books,4,1102.5,4410.0,upi,2026-08-07T16:59:28.522116
1e7936f6-a800-4f3b-8ff1-2bca37107ae8,CUST000555,Fashion,5,5.68,28.4,debit_card,2026-03-10T03:05:24.131345
dca57745-1645-4f58-a37b-cf4928646d9d,CUST000010,Books,2,1355.68,2711.36,cash_on_delivery,2026-04-14T20:42:51.029827
91365ca7-4479-4249-8ead-777401b87446,CUST000367,Sports & Outdoors,2,7.97,15.94,debit_card,2026-07-24T01:38:53.913352
80b283be-8466-494a-9008-c5602f4d343a,CUST000241,Books,3,302.8,908.4,wallet,2026-03-10T16:12:02.688687
94b64c50-e445-43a8-bfd9-74117cad09f8,CUST000669,Fashion,3,854.29,2562.87,upi,2026-06-19T08:46:36.298116
6eff71f5-1007-4727-8d26-4733efc8dcc1,CUST000514,Home & Kitchen,3,583.22,1749.66,wallet,2026-03-22T12:42:15.379993
86defe01-439a-4dde-89a2-cc8b3812d32f,CUST000084,Beauty & Personal Care,5,1685.99,8429.95,wallet,2026-02-21T23:41:51.093462
60bcc557-c537-4f88-b68e-a184c8f15991,,Toys,1,328.18,328.18,credit_card,2026-05-25T18:32:50.988763
f8e9d798-63fb-42ee-8c8e-17db679b4d93,CUST000518,Books,4,1585.63,6342.52,wallet,2026-06-12T00:44:23.289332
1197d206-8108-4988-8f69-1e25419a54d4,CUST000539,Sports & Outdoors,1,1505.77,1505.77,credit_card,2026-07-26T18:56:14.765590
aa638f60-eeb0-43aa-953f-9ac3e2a687b4,CUST000542,Electronics,3,814.23,2442.69,wallet,2026-07-15T11:16:40.299387
1edd3513-bff2-47c6-a6a3-2c464a3b1ac0,CUST000157,Sports & Outdoors,5,1195.78,5978.9,upi,2026-02-12T00:08:30.034631
ab507a8d-bbe0-4c95-bf54-f176e8ae14bd,CUST000148,Home & Kitchen,1,957.99,957.99,wallet,2026-04-13T08:02:41.238504
6e4f6a19-544e-47fb-9bd9-ab313663a769,CUST000012,Groceries,3,1955.9,5867.7,wallet,2026-03-24T13:49:36.538285
819e9c29-b6bb-4b4a-91ab-2b817d0d882b,CUST000308,Home & Kitchen,4,1841.27,7365.08,cash_on_delivery,2026-03-03T06:55:15.704407
721bb1a9-d8b7-40c6-9466-d41be0c8abeb,CUST000796,Beauty & Personal Care,2,296.93,593.86,upi,2026-03-01T12:23:30.343833
68aeb9d1-c3ba-4ba3-a7ec-2f53af294279,CUST000168,Toys,5,491.07,2455.35,credit_card,2026-06-10T10:06:47.333681
4acd70a7-e735-437d-afa0-c04dc846e308,CUST000471,Home & Kitchen,2,256.95,513.9,wallet,2026-08-01T04:05:12.636291
5e3a0fca-4662-4a81-853e-e0a4e7b5f5bb,CUST000509,Groceries,2,1258.6,2517.2,credit_card,2026-06-08T10:29:50.315415
cf4ab88a-2e65-49d7-a452-51f1662d24c0,CUST000410,Groceries,2,1813.7,3627.4,credit_card,2026-03-22T10:41:13.886426
0956bbbd-f4ec-458e-811a-1bd1656d8c1b,CUST000124,Books,4,1792.04,7168.16,upi,2026-07-17T23:25:38.531980
01db740b-1c26-4f57-b8f6-8a692e2a7475,CUST000125,Beauty & Personal Care,3,965.05,2895.15,debit_card,2026-04-06T08:24:28.174616
45caf0bb-4bc5-4d66-821b-9e654ffe313d,CUST000477,Toys,3,1163.95,3491.85,credit_card,2026-04-28T05:21:27.826061
4c84a902-2024-4ab2-8004-4551d66d09b6,CUST000554,Groceries,2,1096.59,2193.18,upi,2026-03-20T13:10:03.183013
4d7a2e36-ac06-4fee-bb6c-156eb1c52335,CUST000797,Groceries,2,218.01,436.02,credit_card,2026-02-24T23:59:55.279802
2b975369-3011-4645-8e7b-45a2b1965f9a,CUST000206,Beauty & Personal Care,3,1866.38,5599.14,debit_card,2026-04-18T23:18:06.724192
6b00c46b-23d1-456a-9ba0-484616226a0a,CUST000306,,4,1148.21,4592.84,debit_card,2026-04-25T02:05:41.093249
282eec04-8263-4d5e-87d7-1566bb06ee51,CUST000630,Beauty & Personal Care,3,1126.96,3380.88,debit_card,2026-06-01T02:36:26.381311
88dae966-19f9-467f-bba6-dd19251b2215,CUST000552,Electronics,4,1794.45,7177.8,wallet,2026-06-22T01:09:58.292601
50d98dac-2909-4661-b8fc-9cc35f06458f,CUST000737,Fashion,1,205.23,205.23,upi,2026-05-22T17:06:39.659417
c0107db0-c524-48a3-be21-a19f3fbbd423,CUST000510,Books,2,522.86,1045.72,cash_on_delivery,2026-02-20T13:22:53.663027
530a49cb-103b-4793-8226-a660f0b3def4,CUST000091,Sports & Outdoors,5,1490.3,7451.5,credit_card,2026-02-24T09:43:14.860363
ca922644-a796-49f4-abd5-44498a86d6d0,CUST000553,Groceries,4,11.6,46.4,credit_card,2026-03-07T19:53:21.716173
fdfe5d25-515d-4d11-962e-09cccf9c6fab,CUST000630,Books,3,831.01,2493.03,upi,2026-06-12T15:25:35.789314
29dddf1f-6ebe-4ab6-811e-d16b799b128d,CUST000302,Home & Kitchen,5,1017.84,5089.2,wallet,2026-06-28T16:25:49.341650
6240ef1a-0521-4575-bdf8-8efa655fd829,CUST000673,Sports & Outdoors,1,541.75,541.75,debit_card,2026-06-28T15:11:25.851847
85d2c783-2bc1-4601-bcd3-c34313003b7b,CUST000115,Toys,5,792.24,3961.2,debit_card,2026-07-29T07:05:07.515755
ba803b4f-83fc-4355-a93b-b5bc4dc5e812,CUST000716,Beauty & Personal Care,2,1381.48,2762.96,credit_card,2026-07-08T14:39:57.079017
85c6d1da-cdd2-43ad-8239-fe3f50867e49,CUST000463,Books,1,1108.83,1108.83,wallet,2026-03-08T05:22:14.367524
afcc421b-9305-4c1d-9b5c-f410340b3978,CUST000790,Home & Kitchen,3,1308.14,3924.42,debit_card,2026-06-06T18:31:26.222152
4e5d0783-e3ae-4847-8e23-1072e536210b,CUST000716,Groceries,4,447.44,1789.76,cash_on_delivery,2026-02-20T09:59:46.909858
b08a9a8f-34f0-4fe8-912e-536d89fcf235,CUST000487,Books,5,1975.11,9875.55,upi,2026-04-28T07:18:13.688137
ded62749-1831-4ac7-bfe3-3bdb32eff08a,CUST000464,Groceries,2,182.93,365.86,upi,2026-05-20T18:29:10.936105
c5e05e07-a128-4dfa-9eb6-85f1ed6a8fca,CUST000024,Toys,1,1435.15,1435.15,credit_card,2026-07-20T13:56:15.590677
40e9f9f7-01c6-40d6-9953-2f96410266e2,CUST000524,,1,727.29,727.29,upi,2026-05-16T07:04:09.726982
a2756560-b3ab-4cdb-a35a-ff9b673d1f0a,CUST000447,Groceries,3,1073.38,3220.14,wallet,2026-05-05T00:30:22.612136
87de7dc7-a725-4593-a7bd-ce5deed15422,CUST000254,Fashion,4,1706.4,6825.6,upi,2026-06-15T09:01:56.640615
938949ec-749f-44f0-99ac-31d9f0c26118,CUST000163,Books,1,1102.94,1102.94,debit_card,2026-07-26T05:22:23.254526
4b4cdb31-9d6e-4c07-a092-2e4dccbe54dd,CUST000607,Home & Kitchen,3,111.12,333.36,credit_card,2026-05-26T05:35:17.462559
a93fb315-7a22-4655-afdf-76cb50a92f25,CUST000631,Home & Kitchen,1,1769.4,1769.4,wallet,2026-06-08T21:18:45.174704
03745129-4603-4232-a40c-0e4145f8713b,CUST000099,Books,3,693.56,2080.68,cash_on_delivery,2026-06-01T16:24:31.459012
576d2f5f-b02b-4302-9955-efe94259d1ca,CUST000261,Books,2,924.91,1849.82,wallet,2026-07-01T12:45:53.396075
e66ef3ad-768c-4b49-a24d-42f2c9a24e68,CUST000602,Sports & Outdoors,5,1397.66,6988.3,credit_card,2026-07-18T05:52:35.524984
eab068e2-6703-4314-93e8-fd6a3282b6cd,CUST000224,Groceries,2,744.62,1489.24,wallet,2026-07-19T17:45:30.851042
7277c888-92fd-4d59-b19f-d2e51397c967,CUST000734,Fashion,3,361.38,1084.14,cash_on_delivery,2026-06-28T08:57:56.669092
c102b506-71ee-4f6d-b55a-b51b69d0fb09,CUST000581,Beauty & Personal Care,2,1190.88,2381.76,debit_card,2026-04-02T00:24:01.654601
6b4c62bf-9a51-4ba5-9f94-1461d803a712,CUST000606,Books,1,1179.76,1179.76,upi,2026-02-23T00:11:16.804010
14cfd377-fb19-43a0-87dc-e52dc1e8fdd3,CUST000473,Electronics,5,1852.83,9264.15,wallet,2026-02-26T07:49:28.889375
c14f80da-e59a-465d-b7bb-56bca976ee5c,CUST000155,Books,3,1096.38,3289.14,debit_card,2026-07-06T13:54:14.988957
23210783-1fe5-4183-a608-a678da3cc51e,CUST000670,Toys,3,1900.96,5702.88,credit_card,2026-06-25T14:19:45.788810
515d3908-672c-430c-a636-df5ba1b6e2e4,CUST000007,Books,4,1607.81,6431.24,credit_card,2026-05-02T23:29:54.322547
7bc53301-3a72-48d9-af87-764382434446,CUST000216,Electronics,4,1905.53,7622.12,upi,2026-04-05T20:42:39.919792
0dcab0a0-3cee-4cc4-ad5b-d33a79dc4d43,CUST000516,Books,5,840.24,4201.2,debit_card,2026-05-12T12:50:03.498509
91dd95f8-6c78-4c80-9e67-269a5931b7d7,CUST000710,Groceries,5,1433.82,7169.1,credit_card,2026-05-26T16:54:12.921468
bab5cd61-ead1-4010-970c-ab52671499df,CUST000202,Toys,2,681.0,1362.0,credit_card,2026-05-03T08:13:59.906550
b1cd485b-0d39-445f-aa0c-3bb57f7904f5,CUST000745,Groceries,1,1614.38,1614.38,credit_card,2026-05-09T23:49:58.718973
6655f728-15c9-4a00-a083-8fef2a28d7cd,CUST000238,Beauty & Personal Care,1,1623.09,1623.09,wallet,2026-06-23T21:40:55.297942
e53925f8-1336-4bf0-85ff-0822bd1ee145,CUST000018,Fashion,3,544.77,1634.31,upi,2026-05-16T16:57:19.469645
414c1e64-00a6-4893-a21e-23ea0865f495,CUST000437,Electronics,3,1708.45,5125.35,cash_on_delivery,2026-03-27T11:07:57.027572
b2f40f8a-a7fa-496f-b19a-6381a6068603,CUST000303,Fashion,1,798.95,798.95,debit_card,2026-07-02T04:41:14.062827
e17f8abf-db7d-4409-9a70-f88c94d8c469,CUST000784,Books,4,752.05,3008.2,cash_on_delivery,2026-06-08T19:23:42.228257
e4f885d4-dbcc-481a-a18b-3237ba7291fb,CUST000234,Electronics,4,447.49,1789.96,debit_card,2026-04-21T22:46:16.227070
0d7335ed-d5b0-47ca-a79c-c652e7bfe2f4,CUST000784,Home & Kitchen,4,583.68,2334.72,upi,2026-04-26T07:11:54.033029
33b3a74a-089d-446c-b988-1fb17d612000,CUST000585,Sports & Outdoors,1,722.24,722.24,cash_on_delivery,2026-04-20T01:45:52.311783
c2d4f5cc-adfc-44f5-8d39-803b718bac97,CUST000748,Fashion,4,595.59,2382.36,wallet,2026-06-11T15:46:32.984053
e572e2f4-fd6e-431a-8ba7-42981c54e0ec,CUST000415,Electronics,3,266.51,799.53,credit_card,2026-07-10T11:01:59.924050
82f69c6e-4394-4e80-a7ca-684ff0d2b379,CUST000216,Sports & Outdoors,4,904.46,3617.84,upi,2026-07-25T21:13:04.287364
e2f4ce08-81a5-4b19-be8b-02f23d5c6e17,CUST000619,Groceries,2,1649.15,3298.3,wallet,2026-05-18T06:36:31.262961
e5b3115d-48df-4427-9c95-28d9d4345bee,CUST000779,Fashion,3,436.53,1309.59,credit_card,2026-05-14T04:00:37.747406
44d5149a-caec-4b6a-b0a0-01b6eb3fa6e3,CUST000498,Electronics,2,596.39,1192.78,upi,2026-06-10T23:28:17.657349
8c21afbe-c978-46e9-b6d8-9cadfdf67961,CUST000697,Fashion,2,1538.81,3077.62,wallet,2026-07-18T19:08:08.687049
440ddf79-0ea5-4ba1-9606-c2d803636e54,CUST000046,Electronics,2,1747.15,3494.3,credit_card,2026-02-19T11:00:39.598267
31dd36ce-aa2e-46f4-8b57-404fec2e4c30,CUST000180,Electronics,4,1994.36,7977.44,cash_on_delivery,2026-06-26T23:29:18.664025
3aa099bd-46d3-4a0e-9d45-09fcf8d22955,CUST000779,Toys,4,1215.13,4860.52,wallet,2026-06-02T13:21:57.987142
0b66402e-dbce-470f-a9d4-d129a4c87ab1,CUST000691,Home & Kitchen,1,1853.01,1853.01,cash_on_delivery,2026-04-29T22:49:49.981075
48fc5972-5fa2-4c96-bee8-29d8494321c4,CUST000245,Sports & Outdoors,5,1554.95,7774.75,credit_card,2026-03-01T08:02:23.203772
26940fc6-1a65-4732-99c7-08f4f85dd4f4,CUST000102,Electronics,1,1992.65,1992.65,credit_card,2026-07-24T01:11:28.093334
f921a987-1e93-416a-b20f-d03830be6c4a,CUST000654,Toys,3,1845.78,5537.34,cash_on_delivery,2026-06-28T22:44:41.701303
a896880c-377a-4047-a969-b33f324e9597,CUST000789,Electronics,3,609.39,1828.17,credit_card,2026-03-14T18:47:11.098853
2529bcc9-bde2-49ae-8c3e-8055d61c78ef,CUST000143,Toys,5,372.18,1860.9,credit_card,2026-05-14T03:10:01.774713
1eaabe75-d8ad-42f9-8065-75a5837acd10,CUST000394,Beauty & Personal Care,3,916.61,2749.83,cash_on_delivery,2026-05-24T20:45:36.966957
7b97a9f3-307e-4f34-a907-5c50ee5e054c,CUST000799,Beauty & Personal Care,5,713.44,3567.2,cash_on_delivery,2026-03-14T07:12:39.343859
1e06b49d-4efc-46dd-8c70-3e6872731487,CUST000586,Beauty & Personal Care,3,1355.28,4065.84,wallet,2026-08-07T01:40:22.128024
cea6f905-2eae-43c6-b2e4-32817129298e,CUST000137,Toys,1,1004.74,1004.74,cash_on_delivery,2026-05-01T07:23:12.274963
8bb9d8f7-0251-4744-86a5-486538b700fd,CUST000268,Sports & Outdoors,4,1810.14,7240.56,debit_card,2026-03-21T03:47:49.536535
1bbc9621-c559-44f2-99ad-0394c7089fd7,CUST000432,Fashion,2,958.01,1916.02,cash_on_delivery,2026-07-31T12:21:28.672948
c40a3dff-2d01-4775-b2c9-16a04307c9dd,CUST000717,Sports & Outdoors,3,1989.16,5967.48,cash_on_delivery,2026-05-05T11:15:58.647767
5f8b00b9-f2c6-4068-b00b-53204a353d12,CUST000785,Fashion,1,1631.88,1631.88,cash_on_delivery,2026-05-03T14:39:27.503752
f20e4fcc-e6d1-44a1-98ac-923510cd090a,CUST000552,Home & Kitchen,5,1299.83,6499.15,debit_card,2026-04-28T12:33:04.654084
d18d36f3-7f5e-47a0-bc99-b82e1450b72f,CUST000747,Fashion,2,1466.45,2932.9,wallet,2026-02-17T08:59:26.922290
1ccc2985-8974-4975-a4af-ed04e3f4d5ae,CUST000108,Home & Kitchen,4,1906.14,7624.56,wallet,2026-07-24T14:12:15.467017
0f1fd167-1313-407a-a062-0fbac31a1d98,CUST000485,Sports & Outdoors,1,843.16,843.16,upi,2026-05-02T16:47:58.576890
1f018ca4-7b5e-4ddf-b991-e77abdfc0193,CUST000038,Books,4,1627.26,6509.04,credit_card,2026-04-03T02:25:40.861568
9c454347-9750-42de-8625-d4b4be131b7c,CUST000384,Fashion,2,1514.99,3029.98,wallet,2026-02-13T23:23:53.491859
45c3ed70-0cb4-4b45-91ca-399e924bcac6,CUST000287,Sports & Outdoors,N/A,1852.84,5558.52,upi,2026-02-27T13:51:51.439343
26aa54bd-9b72-46b1-8bdc-0ca321d8afe1,CUST000461,Sports & Outdoors,4,1861.29,-7445.16,credit_card,2026-06-02T00:31:53.351355
c4c95c67-a655-42d6-9705-e82a8daaed41,CUST000625,Toys,3,561.95,1685.85,wallet,2026-06-10T15:47:22.607512
6bcc0be1-de3e-4791-8112-e43ed0cccb1c,CUST000263,Home & Kitchen,3,1423.09,4269.27,debit_card,2026-06-05T18:16:38.907556
fccb4519-674d-4426-9101-dc665557a5b3,CUST000129,Books,4,119.87,479.48,upi,2026-03-02T21:16:31.564782
8464b5bc-40d4-434f-8f03-b31bbcd2ec87,CUST000574,Electronics,5,84.31,421.55,upi,2026-06-20T18:30:29.206723
652892cf-f6f7-4ea9-a4da-ca0ed7d42606,CUST000255,Electronics,4,1463.85,5855.4,debit_card,2026-07-04T18:27:31.461456
49e5a987-56dd-42e4-8a14-15daec0b3fd0,CUST000340,Beauty & Personal Care,1,1223.0,1223.0,cash_on_delivery,2026-07-05T05:09:38.893168
84f1a2c6-cff8-4dea-bbb0-b8a5c3500a2c,CUST000178,Fashion,3,1320.02,3960.06,debit_card,2026-06-07T23:06:53.221318
53adfb24-2bfc-4889-a474-b8c2be3f79ad,CUST000275,Beauty & Personal Care,N/A,540.47,1080.94,credit_card,2026-03-07T04:58:56.352545
b93b71a6-29f6-4aaa-afca-22766dd23e84,CUST000534,Groceries,4,1268.67,5074.68,wallet,2026-06-24T22:23:47.471523
a7ffe5df-230b-47ff-9971-74f123101f91,CUST000450,Home & Kitchen,5,1491.2,7456.0,upi,2026-08-03T13:00:50.598509
add89d35-ebc3-4c09-a573-761496e5221c,CUST000425,Books,2,188.43,376.86,debit_card,2026-03-30T20:03:03.772949
16f81119-b919-40f2-ba67-6f1b102e571f,CUST000433,Beauty & Personal Care,3,1247.7,3743.1,cash_on_delivery,2026-05-29T06:08:06.865971
ed36e560-5035-440d-9a82-b3ef762c40b4,CUST000157,Books,4,252.07,1008.28,credit_card,2026-06-27T06:14:51.589430
ac41a5a4-69c4-459a-8c69-c02525460d6f,CUST000481,Electronics,4,854.27,3417.08,cash_on_delivery,2026-02-28T08:22:01.380067
7911e61a-5acc-49c1-b4e9-b215808e4108,CUST000721,Electronics,2,929.59,1859.18,wallet,2026-06-24T18:24:12.474465
4583c882-d4a0-4e95-ab65-0da9f2252e8e,CUST000334,Beauty & Personal Care,5,1375.74,6878.7,credit_card,2026-02-15T06:18:44.790423
5a1579db-7e0f-4d84-922b-68a33c5b4850,CUST000744,Beauty & Personal Care,4,127.53,510.12,wallet,2026-04-20T03:45:36.597999
a7ffe5df-230b-47ff-9971-74f123101f91,CUST000450,Home & Kitchen,5,1491.2,7456.0,upi,2026-08-03T13:00:50.598509
3a8806f1-6127-4d3d-9b16-88ea18c870d7,CUST000536,Beauty & Personal Care,4,500.21,2000.84,cash_on_delivery,2026-05-31T21:57:36.288880
b5b0e72d-d5ba-470b-b5dc-6df7e2e6b61d,CUST000561,Home & Kitchen,1,1099.84,1099.84,credit_card,2026-04-27T14:06:04.715369
c4ff1be8-8cf0-4d9a-bbac-4e9be0a7ee5b,CUST000506,Beauty & Personal Care,5,1256.27,6281.35,cash_on_delivery,2026-04-14T10:54:08.557896
9a7eca54-8177-4f99-a005-d9a52ffe03f1,CUST000492,Fashion,2,1181.01,2362.02,cash_on_delivery,2026-03-24T07:47:08.524623
7898dfaf-7879-46df-945a-a72e1addc16f,CUST000730,Fashion,4,1694.69,6778.76,upi,2026-07-09T05:58:38.616035
1c2cbbab-54bd-4ce1-b1eb-721f8a87bdfc,CUST000334,Sports & Outdoors,2,1126.3,2252.6,wallet,2026-02-24T06:34:48.634145
6922e457-f15d-47fc-8706-4747a7f1e8cb,CUST000526,Electronics,5,1294.38,6471.9,upi,2026-05-11T10:40:25.098490
6cc4b803-333c-4b3e-8776-c15e0428ddb5,CUST000448,Groceries,5,1017.73,5088.65,upi,2026-04-03T01:29:36.437218
9101e15d-913b-4eba-839c-cd690da8826c,CUST000067,Beauty & Personal Care,3,1850.68,5552.04,cash_on_delivery,2026-03-25T00:12:10.719309
d0b2ca3d-e80c-4f7a-bf3c-e6e5840fc3cd,CUST000354,Fashion,1,554.92,554.92,credit_card,2026-08-01T22:37:25.019593
a4175d9e-e2d5-4060-ac01-a5ae2d54bc7f,CUST000299,Home & Kitchen,5,1118.13,5590.65,debit_card,2026-06-09T16:43:05.672350
7b61ef71-ffa8-4cd1-ab77-77c066bc0921,CUST000027,Beauty & Personal Care,2,972.1,1944.2,wallet,2026-05-01T00:23:54.874876
cf9e4220-d8d1-4744-8214-598a0882ec73,CUST000369,Groceries,5,875.99,4379.95,cash_on_delivery,2026-04-21T13:00:59.930897
3c70f0ca-8011-4847-9655-d60d9f47e884,CUST000711,Books,5,685.97,3429.85,debit_card,2026-07-08T17:47:24.380979
b776081e-7e11-4abf-aa8e-7ef1b749d4ba,CUST000741,Beauty & Personal Care,2,1279.0,2558.0,wallet,2026-02-24T21:42:06.729678
a9d7b8bb-4435-492b-bcbe-316f24d04842,CUST000756,Sports & Outdoors,5,1881.97,9409.85,upi,2026-07-23T16:02:40.611290
842ccafb-8c2f-45ac-8e2a-26e9b0bcb133,CUST000045,Electronics,1,1331.89,1331.89,wallet,2026-05-05T06:04:53.512121
cfd9c0bf-c69d-4cba-a158-229b1ebc747f,CUST000475,Fashion,5,1852.47,9262.35,wallet,2026-04-10T07:01:32.138463
16cc58cf-b66b-498b-8f43-3d41f85e688a,CUST000421,Beauty & Personal Care,2,1482.32,2964.64,credit_card,2026-02-26T14:52:52.889198
646fabc6-efed-4a19-a409-488448f78278,CUST000152,Fashion,5,659.29,3296.45,upi,2026-05-11T17:53:52.064239
dadd73b1-447e-485a-9f3d-b170fc50a8ea,CUST000355,Toys,2,1735.82,3471.64,credit_card,2026-06-21T17:06:47.310723
4deb502b-5124-4525-ba4e-56e5a9d99062,CUST000027,Electronics,3,1174.25,3522.75,cash_on_delivery,2026-03-11T15:19:08.698288
7d0ec109-aa28-44a8-916c-16712e66592c,CUST000178,Fashion,4,665.32,2661.28,cash_on_delivery,2026-07-19T22:34:48.741172
fb52607a-9f02-4759-b53f-dcaa75d089cd,CUST000308,Groceries,5,1328.25,6641.25,cash_on_delivery,2026-04-04T05:55:46.598502
3a5649ea-2759-4991-9699-9f51a480e5a6,CUST000768,Beauty & Personal Care,4,1090.25,4361.0,credit_card,2026-04-06T06:51:10.245517
9d7926b0-1f98-4f19-aca6-6139f680c397,CUST000145,Beauty & Personal Care,5,883.61,4418.05,upi,2026-02-12T12:05:06.641801
69284cce-cf5f-473a-a59e-8314f203f696,CUST000127,Beauty & Personal Care,5,730.3,3651.5,debit_card,2026-07-07T09:04:40.285161
b69d9b6a-b6f9-4978-9e06-b5dfbb35da67,CUST000566,Sports & Outdoors,3,1123.95,3371.85,debit_card,2026-06-22T17:00:39.471705
e69011be-daed-4768-8aa5-8a1af8c409a9,CUST000697,Electronics,2,140.36,280.72,credit_card,2026-05-22T08:01:33.894500
fee0a7a9-7268-405f-8e63-243d17d19870,CUST000155,Home & Kitchen,2,1899.76,3799.52,credit_card,2026-07-27T13:23:38.352077
333ce8e2-0a12-4ffb-9295-48b355b8b7b8,CUST000275,Home & Kitchen,4,1978.79,7915.16,debit_card,2026-07-04T15:09:21.886643
40ca7f15-fdd3-4798-bd93-6388a618f947,CUST000236,,3,1062.13,3186.39,credit_card,2026-06-22T20:02:13.194857
2351f8a0-b5f2-4645-b08b-184f7714e6cb,CUST000147,Toys,1,974.28,974.28,upi,2026-04-22T02:23:02.283867
9d182590-cee3-4b1e-b982-9862f2cad854,CUST000477,Groceries,4,590.66,2362.64,cash_on_delivery,2026-03-30T01:59:50.375175
ba09d79b-1e23-4834-b79b-ad9c4d38d9d7,CUST000785,Fashion,2,1578.53,3157.06,upi,2026-05-04T02:33:04.262267
f2575d4b-924d-4c9c-89d0-499c1101f33a,,Electronics,2,1216.71,2433.42,wallet,2026-02-19T10:37:57.262668
a9a498b4-1466-45cc-a5a1-9d6df8d465ca,CUST000247,Fashion,3,1661.68,4985.04,upi,2026-03-27T21:38:35.941597
d2cef067-e0d1-4b86-ae00-c3fe7c438d16,CUST000277,Electronics,4,212.6,-850.4,wallet,2026-07-03T08:37:29.515274
69e33c56-7ec9-42e1-9e05-9689615ed4b0,CUST000749,,5,1236.88,6184.4,upi,2026-04-08T14:24:37.491228
89073035-7d57-40df-9e79-895bb3b952a3,CUST000683,Beauty & Personal Care,2,389.13,778.26,debit_card,2026-03-27T18:58:43.863491
11273bfe-0e51-48e7-9f38-b19a0504104c,CUST000336,Groceries,3,1007.25,3021.75,wallet,2026-07-23T14:59:15.760432
78c32964-c342-45b8-a610-f74a4297441b,CUST000090,Books,2,788.2,1576.4,debit_card,2026-08-02T14:19:22.658334
d386e5fa-9368-4feb-a931-cc2efc480643,CUST000319,Books,5,1239.2,6196.0,credit_card,2026-03-23T03:42:13.842410
fb1c8e35-ef75-4f7f-8949-32482ee3f4a6,CUST000272,Fashion,5,214.95,1074.75,upi,2026-02-20T16:30:42.363797
615dc77f-f0cc-4028-b039-acb90032f2d3,CUST000791,Beauty & Personal Care,4,1220.78,4883.12,credit_card,2026-04-05T07:03:32.823801
00281fa0-a7da-4ebe-b05b-e638eb0eceec,CUST000662,Books,1,49.78,-49.78,debit_card,2026-02-23T22:07:23.187037
96f3cbf4-6113-4a51-875f-76077164a1f2,CUST000604,Home & Kitchen,3,1345.86,4037.58,credit_card,2026-04-08T20:11:42.331002
822cb1f0-2d17-4701-a0d3-7dc75d638982,CUST000328,Beauty & Personal Care,3,1494.92,4484.76,wallet,2026-03-30T16:51:58.274465
be83d865-2aae-4154-9f1a-06f1378a0c38,CUST000242,Toys,1,527.51,527.51,wallet,2026-05-28T23:23:09.716684
874d56ff-e8e6-4cd2-b065-6eb11d1cc15a,CUST000320,Books,2,1655.37,3310.74,credit_card,2026-06-16T20:24:57.314920
69edce2a-f0dd-47ac-85ed-4c2a22f85cdc,,Electronics,4,751.64,3006.56,credit_card,2026-06-15T03:58:28.541527
6191eb91-242c-4fea-80ed-c2675b9cd74e,CUST000781,Toys,1,1314.1,1314.1,cash_on_delivery,2026-08-03T15:02:06.137420
09448393-9292-4879-8974-4ca3e7f976cc,CUST000580,Groceries,2,493.16,986.32,debit_card,2026-06-18T03:49:11.642807
9fce34b3-fef6-401b-8484-25d3ce43dab0,CUST000515,Toys,2,1479.49,2958.98,debit_card,2026-03-13T08:58:40.599485
801769c6-10d7-43e5-96cc-e8ee452fc96a,CUST000629,Electronics,2,1643.75,3287.5,debit_card,2026-02-25T00:23:56.695930
bbb96bfa-f87e-42ce-a5aa-2830abb2ceb7,CUST000669,Electronics,1,101.23,101.23,cash_on_delivery,2026-06-24T03:17:04.469460
c8c46328-ebc5-4f6d-84f2-c07e261db682,CUST000414,Home & Kitchen,4,600.18,2400.72,cash_on_delivery,2026-06-30T02:26:56.559816
6b05b996-6c68-4f6a-8f0d-fa5c1a770adc,CUST000046,Electronics,2,1589.81,3179.62,cash_on_delivery,2026-02-28T05:37:08.229632
d8da550a-78db-4e31-b1c7-c1cf732e8ee9,CUST000586,Fashion,4,580.04,2320.16,cash_on_delivery,2026-04-28T02:04:07.676151
e7128540-1fee-45be-bd91-7cd433c3a686,CUST000799,Beauty & Personal Care,5,1661.41,8307.05,wallet,2026-06-03T02:11:16.967142
b2462e62-7ae7-4ecb-b1aa-47c6d2a83263,CUST000207,Fashion,5,333.25,1666.25,cash_on_delivery,2026-04-23T10:57:48.514029
ff9bf8db-8dd0-4c39-b45e-c2d39f5e0a92,CUST000750,Groceries,1,866.94,866.94,upi,2026-03-04T08:14:25.455140
89e39edb-b55b-4dd6-b50e-75eab8776d54,CUST000324,,1,518.07,518.07,credit_card,2026-04-14T04:24:06.145662
2bf5ef81-b659-4f95-98fa-6a1d20deb5ee,CUST000794,Home & Kitchen,4,138.71,554.84,credit_card,2026-05-03T15:11:40.102661
e147b62d-453c-4a55-8cde-6cfaf6385d94,CUST000600,Groceries,1,1037.9,1037.9,credit_card,2026-03-24T02:47:03.566685
6fed9f5b-5137-459f-9825-7e899843e71b,CUST000660,Electronics,2,577.1,1154.2,credit_card,2026-07-06T02:21:36.751719
c90d7d6e-d3cc-4d6e-9528-76d159b016a0,CUST000041,Books,3,1676.77,5030.31,credit_card,2026-06-25T23:08:10.294143
6acc03d4-24fa-4961-8ace-6a625de807e8,CUST000062,Electronics,3,407.98,1223.94,upi,2026-04-03T13:26:06.502816
942d92a2-d32c-43b3-a9c1-c6bd26c63850,CUST000578,Electronics,4,577.3,2309.2,credit_card,2026-03-13T00:36:54.867962
c4005c3e-cf59-4126-940f-eac2039bb690,CUST000783,Beauty & Personal Care,4,1513.82,6055.28,upi,2026-03-22T02:44:12.173277
9d9d8a5f-05ad-47f4-b673-c09d5e452616,CUST000282,Beauty & Personal Care,2,1989.88,3979.76,cash_on_delivery,2026-06-04T18:14:09.266629
b998b07d-6329-40ed-8730-59176f1bc81b,CUST000775,Fashion,2,895.21,1790.42,wallet,2026-06-19T19:43:16.210042
a1e0abf0-755e-40e5-9f9d-723f9b3501fd,CUST000235,Beauty & Personal Care,1,28.57,28.57,wallet,2026-07-21T18:07:57.339807
807cacbf-2d91-4fa9-b5a5-cfbccbfe1cf7,CUST000388,Beauty & Personal Care,2,1398.84,2797.68,wallet,2026-06-08T21:04:20.100637
090d2e72-480e-4b0d-aa98-e6a9ea9bb3be,CUST000293,Electronics,4,1006.92,4027.68,debit_card,2026-03-05T11:56:57.337949
f1041251-667b-4897-9c55-fdef3443875d,CUST000232,Toys,4,509.58,2038.32,cash_on_delivery,2026-03-06T23:33:11.639851
36377913-b727-4972-a858-d1a08443c431,CUST000602,Books,3,1271.37,3814.11,wallet,2026-05-19T04:29:56.303762
a1873ce1-2628-45c4-abbf-df1994b0b146,CUST000053,Books,1,1792.36,1792.36,upi,2026-05-21T06:32:23.680259
b09c94f2-b42e-4a01-88ac-95b3a7a76336,CUST000272,Electronics,3,1469.93,4409.79,credit_card,2026-02-19T00:07:34.647002
0eb1f4d2-155f-4389-aeae-2d71fcb4e8ea,CUST000634,Fashion,3,273.27,819.81,cash_on_delivery,2026-03-16T16:19:22.913660
8f9dedbf-40e7-478e-abfa-07d390001aa9,CUST000145,Fashion,3,244.3,732.9,upi,2026-07-20T02:45:38.533375
837316be-8319-430d-b9b6-f15f961e0f3a,CUST000743,Books,4,1527.12,6108.48,debit_card,2026-05-25T13:23:26.024724
5fdd337e-1da3-4ce7-9fb8-f715fec8a7a4,CUST000095,Books,5,761.63,3808.15,cash_on_delivery,2026-02-16T14:32:24.558532
685fb55f-36a0-4bbf-8f56-8b7db473d391,CUST000616,Home & Kitchen,5,852.7,4263.5,credit_card,2026-08-07T05:57:49.383568
30884e87-4072-4f95-8054-685e26123f97,CUST000170,Beauty & Personal Care,2,1394.93,2789.86,upi,2026-05-08T05:39:15.237149
4e957686-dce1-4d8e-9203-9ec5f2d4b3a0,CUST000054,Sports & Outdoors,2,434.54,869.08,cash_on_delivery,2026-02-21T02:52:33.113835
c9b5a3f7-6586-4853-a4fd-1c911f3454ea,CUST000779,Books,2,499.26,998.52,wallet,2026-04-12T14:34:55.486224
c3fe41a4-6eac-4995-9bea-3e0e701741d4,CUST000456,Electronics,3,138.66,415.98,debit_card,2026-05-30T17:49:44.897514
8b4d06f3-8291-4371-ae57-90475833a673,CUST000343,Fashion,2,328.44,656.88,debit_card,2026-03-24T03:13:36.562915
4ab2118d-5aec-4da4-b4ad-6e3c0787ef0e,,Fashion,4,1941.29,7765.16,cash_on_delivery,2026-03-07T19:10:33.447226
3168f2a6-a58a-4b84-998c-d77c2a5cb925,CUST000264,Toys,3,910.95,2732.85,cash_on_delivery,2026-05-31T15:55:59.554033
98997771-8b22-4119-9781-ebcfea225c9d,CUST000704,Beauty & Personal Care,5,1228.69,6143.45,debit_card,2026-05-01T02:24:25.913843
6c84fe1a-fb78-42f0-b85a-3a4c486613cc,CUST000359,Groceries,5,1155.82,5779.1,debit_card,2026-06-23T02:45:06.724210
4d1e877a-2780-45cf-95fc-75ef659191da,CUST000420,Sports & Outdoors,4,1002.92,4011.68,debit_card,2026-03-28T00:05:58.058663
9f58e13b-484e-4c97-9763-33480be32a85,CUST000381,Sports & Outdoors,4,10.46,41.84,wallet,2026-07-29T09:35:03.026818
022aa710-e40f-4427-91d0-7411d2679ff0,CUST000609,Electronics,5,1861.85,9309.25,upi,2026-07-06T05:06:38.557803
8c7eeefb-781c-442e-8d6f-aa6c671c75c0,CUST000796,Toys,4,1730.47,6921.88,upi,2026-08-05T10:21:13.161340
193821fa-2bbf-4b06-b9a8-bc40795b25d1,CUST000361,Home & Kitchen,2,1051.61,2103.22,cash_on_delivery,2026-08-09T18:25:38.406270
0d2795a0-73ed-4d93-8b5d-d2d82da77b68,CUST000332,Fashion,2,537.2,1074.4,upi,2026-05-27T03:46:10.952640
46bfefb1-300d-4822-8cef-71c2a149773f,CUST000756,Toys,4,1927.91,7711.64,credit_card,2026-06-22T04:16:30.283630
efc15b12-81a0-4a46-a96d-7d3d02971dd8,CUST000362,Electronics,5,691.9,3459.5,credit_card,2026-03-10T12:01:08.775848
095596c1-a476-4941-9956-b8a1ec2fd4b2,CUST000128,Toys,5,1279.64,6398.2,credit_card,2026-04-19T01:55:39.581148
c628281b-0a34-40b0-9f18-b61542efecf9,CUST000122,Electronics,5,531.02,-2655.1,upi,2026-03-31T15:30:15.822957
e49d8f15-fa32-4220-9d6f-19898cd2263b,CUST000281,Books,5,1561.59,7807.95,credit_card,2026-07-20T21:49:01.481895
b684db1c-3a80-44a7-846c-63d97fe11864,CUST000295,Home & Kitchen,2,196.2,392.4,credit_card,2026-06-15T03:10:04.376234
e01390c8-205a-460a-9dfa-abedba073063,CUST000339,Beauty & Personal Care,1,1733.13,1733.13,wallet,2026-05-21T17:00:03.943537
0e85547a-ee27-402f-92a1-bbc546b2351c,CUST000109,Fashion,1,1187.53,1187.53,upi,2026-05-09T23:08:43.612963
93812e9d-0d00-4b74-ab45-e719bb27f33a,CUST000594,Sports & Outdoors,5,258.91,1294.55,wallet,2026-07-16T00:10:38.606779
a60457d1-6499-4133-b67a-9cd2899722ab,CUST000004,Beauty & Personal Care,5,354.19,1770.95,credit_card,2026-07-18T07:32:05.531748
1e164996-ed4a-49ec-8045-fd037435b01d,CUST000263,Books,1,207.35,207.35,debit_card,2026-07-14T16:49:55.452228
9a130c4f-b3ce-4f3e-9602-c9205dc984e8,CUST000285,Toys,2,1974.87,3949.74,debit_card,2026-07-04T00:25:02.100515
0d9b409b-475d-4cb5-ae8c-b6517429734c,CUST000777,Electronics,1,1843.57,1843.57,cash_on_delivery,2026-04-22T18:05:55.070323
ebc5552d-e9f7-4fb2-9758-ee211e423a64,CUST000329,Groceries,4,1527.36,6109.44,cash_on_delivery,2026-06-24T18:42:13.283480
c947265e-e410-4e49-abb8-cb6ad5223aa1,CUST000561,Electronics,4,57.6,230.4,wallet,2026-04-05T18:09:13.865459
9fd985cf-394b-4db3-abe9-cff2f35a372c,CUST000689,Home & Kitchen,1,870.43,870.43,credit_card,2026-03-21T03:02:06.380539
c980b436-d874-4f13-9e3a-96a9018b2cfb,CUST000752,Electronics,2,608.91,1217.82,cash_on_delivery,2026-07-26T19:11:45.446229
72abc71b-8992-4e01-ad9f-f211cdacc3f4,CUST000415,Toys,1,988.55,988.55,credit_card,2026-04-06T12:13:17.753634
5cc9546e-96c6-420e-a117-24855465ec33,CUST000240,Groceries,1,1115.88,1115.88,upi,2026-05-31T00:33:34.677138
03f99ccc-292d-42eb-9b72-1077a8839034,CUST000600,Beauty & Personal Care,3,660.26,1980.78,upi,2026-05-10T09:53:57.155201
99da0283-4a64-4038-a80f-94d40243abe5,CUST000411,Toys,2,784.04,1568.08,wallet,2026-03-10T21:01:05.717892
e8cd2cc2-a372-41d5-941d-0c07b1d5a55c,CUST000541,Groceries,1,176.61,176.61,credit_card,2026-05-16T02:49:25.594325
9c90f46a-0d95-4018-a19a-3ea21c035c2e,CUST000218,Home & Kitchen,2,716.37,1432.74,credit_card,2026-03-18T08:55:01.236287
f5423a71-ccd9-46ba-ac85-d10f4fc86c1b,CUST000067,Sports & Outdoors,3,1282.15,3846.45,upi,2026-06-05T21:54:34.610331
9fc4d718-4c66-4523-bde9-e5180ec9e34b,CUST000704,Fashion,4,1994.57,7978.28,upi,2026-05-28T07:29:27.121423
f3609f21-e3d3-487b-8a34-b93b849ef828,CUST000711,Toys,2,181.33,362.66,credit_card,2026-05-14T16:43:25.437476
2507bba3-52fd-4451-81bc-b71aa34ca5d8,CUST000532,Home & Kitchen,4,947.59,3790.36,wallet,2026-05-11T12:46:12.117160
38a8c2cf-1a89-42a1-b0a6-8c2657cb9b3e,CUST000239,Home & Kitchen,5,1020.54,5102.7,debit_card,2026-08-08T02:30:34.267313
9ba05af2-0511-4898-89f9-d694b74d32cd,CUST000193,Home & Kitchen,1,1407.22,1407.22,debit_card,2026-06-09T11:12:41.888812
95e4e5a3-175d-4eb7-8c9f-4c2e521f270e,CUST000440,Groceries,4,1228.45,4913.8,debit_card,2026-06-19T11:10:03.511379
ffcd83d5-459b-4f2a-a5ff-46456d20d019,CUST000356,Books,4,1878.47,7513.88,credit_card,2026-04-09T00:24:51.935675
47a7217d-b5ac-41b7-a2d4-343fec8a1155,CUST000460,Books,3,1555.98,4667.94,debit_card,2026-03-01T23:04:30.182222
7d6f209a-b136-454b-a9bd-9fa20328a2a4,CUST000541,Beauty & Personal Care,2,1115.92,2231.84,wallet,2026-07-20T11:13:06.065578
095e5998-b8db-4a91-9c26-eea053e397fb,CUST000198,Books,2,1437.77,2875.54,wallet,2026-03-10T11:33:47.507877
3c4f3f29-293f-43ec-a1bb-ac34c264fe04,CUST000383,Beauty & Personal Care,5,506.16,2530.8,cash_on_delivery,2026-05-09T15:59:22.547504
72389e6d-ad9a-4a2b-99e0-4357dcf46a30,CUST000342,Beauty & Personal Care,1,227.5,227.5,wallet,2026-06-09T16:25:06.427472
73d7d8f2-e674-4b1d-b61c-d5d59ce5a22d,CUST000574,Groceries,3,281.12,843.36,debit_card,2026-04-11T08:30:39.123163
9e75df24-9ec1-4f99-ba50-f73c1aad8564,CUST000635,Books,5,254.58,1272.9,wallet,2026-05-16T07:56:09.876256
8bbda043-5c22-4a19-8e5a-0f57cdd554c6,CUST000278,Electronics,2,1710.0,3420.0,cash_on_delivery,2026-03-21T15:19:25.783214
c3192d71-41f7-4dca-9a1c-48045e145977,CUST000058,Home & Kitchen,5,1488.1,7440.5,cash_on_delivery,2026-06-15T13:09:22.338948
87dd455b-c189-456b-b1cf-9a69b62539aa,CUST000741,Fashion,1,1454.9,1454.9,wallet,2026-06-11T01:00:19.536456
f622e1e0-614f-4423-bb7d-dc32ced590ee,CUST000170,Electronics,1,1848.04,1848.04,debit_card,2026-03-23T10:17:38.086099
91ba176c-4ff6-492a-8a67-059898653e83,CUST000679,Sports & Outdoors,3,665.48,1996.44,debit_card,2026-04-11T02:37:00.717120
e2248af5-c9b9-46f2-a927-156e0e4a8ec7,CUST000445,Toys,1,1584.97,1584.97,upi,2026-06-12T02:25:15.173501
f4fa0402-e41a-4564-91f7-3abf3b6d44f0,CUST000617,Beauty & Personal Care,1,665.57,665.57,credit_card,2026-06-09T05:40:02.907930
8c956f92-1639-4488-9422-b594ac796f28,CUST000230,Books,4,854.31,3417.24,wallet,2026-03-02T09:23:53.509989
3731d9c5-522f-43de-92f2-6f5ca7471838,CUST000277,Electronics,3,1848.7,5546.1,wallet,2026-05-01T16:27:11.825259
9572d375-fa13-43b2-a21a-0c37cb5b2b2b,CUST000173,Fashion,3,495.14,1485.42,credit_card,2026-07-09T08:16:22.487707
3183fea1-5e5c-4aa2-aa6f-89a21a1d1d5c,CUST000059,Home & Kitchen,5,1144.88,5724.4,credit_card,2026-07-08T12:56:01.934834
5f6fc2b4-c517-4032-b98e-ad40db57dacf,CUST000488,Beauty & Personal Care,1,1295.8,1295.8,debit_card,2026-06-15T13:21:33.457658
ae6d4a7f-78c0-4c69-ae47-6d9888c7a0a9,CUST000756,Home & Kitchen,1,194.52,-194.52,credit_card,2026-06-08T07:07:56.789851
8f65310b-2810-4116-be3f-c42e3c6c2989,CUST000180,Fashion,4,1572.06,6288.24,wallet,2026-04-19T02:49:55.518504
e3e769e1-350e-4c1e-bc27-51069c2a9787,CUST000571,Fashion,4,1413.64,5654.56,cash_on_delivery,2026-04-15T18:55:57.315778
71e61c98-3f74-4875-95a8-ae94c6fe21c4,CUST000619,Fashion,5,941.07,4705.35,credit_card,2026-05-17T10:24:46.585085
1176eee4-75b3-4bf2-9e14-1414e82b415b,CUST000119,Home & Kitchen,4,1290.57,5162.28,cash_on_delivery,2026-04-09T15:57:59.919125
6f1c5cf5-9932-4995-8ebc-6e2ec41be966,CUST000611,Beauty & Personal Care,2,1591.03,3182.06,credit_card,2026-04-23T21:25:16.836056
06a35087-12e4-4778-9ecc-d344613adc14,CUST000335,Sports & Outdoors,4,1650.55,6602.2,wallet,2026-05-27T03:26:05.115265
54e30211-63d2-468b-a01c-3d059682a96d,CUST000115,Electronics,5,489.88,2449.4,debit_card,2026-03-22T03:30:16.346011
5a34fe26-77ed-42ea-9147-eff3d1e0bb7a,CUST000445,Fashion,5,10.76,53.8,debit_card,2026-03-08T22:39:10.920990
cc6f56f5-1bca-4475-9c3c-2d477faeab2f,CUST000489,Beauty & Personal Care,4,1019.93,4079.72,credit_card,2026-04-25T03:36:32.971167
dd0ed88d-e5aa-4e76-b9a7-fab5efbc579d,CUST000272,Toys,1,813.11,813.11,debit_card,2026-07-01T09:46:46.748935
95fe3372-6548-4754-9269-8b3d457dab50,CUST000421,Sports & Outdoors,N/A,204.69,1023.45,wallet,2026-04-22T09:53:51.446325
37928bb8-f630-4d5b-ab9a-506ecf556528,CUST000489,Groceries,3,1035.57,3106.71,upi,2026-04-10T15:05:05.936475
0e8304b3-46d6-4b89-8155-f25383d155b1,CUST000080,Sports & Outdoors,4,1918.8,7675.2,wallet,2026-04-16T23:07:33.859715
46a00c43-4d1b-416e-a5a7-10a8ce4405b2,CUST000601,Books,3,244.95,734.85,wallet,2026-02-16T11:44:23.712323
7b96b640-3c57-4a6c-9e43-d1974e0c2abb,CUST000611,Groceries,5,1903.23,9516.15,debit_card,2026-03-27T11:01:37.647982
b4224a88-b74a-4fba-9de1-110a6f629db1,CUST000013,Beauty & Personal Care,4,895.0,3580.0,upi,2026-08-06T20:47:02.170936
46418715-9685-42ed-b719-eaa0e9b80fbe,CUST000240,Fashion,5,1179.88,5899.4,cash_on_delivery,2026-06-17T06:55:11.908033
c3635e0e-3656-4755-b27c-ff19f9340635,CUST000523,Toys,1,44.45,44.45,cash_on_delivery,2026-04-27T09:35:49.340455
b74f2990-8d1d-46d1-a41f-cc202e5bcdbe,CUST000365,Groceries,2,1332.74,2665.48,cash_on_delivery,2026-03-09T14:03:33.215493
a3d42947-884a-486d-b825-b753feeaf50d,CUST000160,Home & Kitchen,4,262.63,1050.52,cash_on_delivery,2026-07-06T03:27:15.061592
7b7a3b18-f294-4a0b-9a48-911987ffe05e,CUST000404,Beauty & Personal Care,5,1205.1,6025.5,upi,2026-05-18T20:21:03.659412
b1f0608f-fe8c-4d91-ba4a-aea3b484fb4a,CUST000725,Beauty & Personal Care,3,263.2,789.6,wallet,2026-03-23T12:06:12.341968
90043632-989d-4b0b-9c03-20d40734f172,CUST000587,Books,4,1610.8,6443.2,cash_on_delivery,2026-05-18T22:02:26.520661
45fcffad-aa74-43ca-abd2-454c4d3dda11,CUST000420,Books,1,1647.56,1647.56,debit_card,2026-07-28T06:16:27.410668
177a10a8-81c0-46ce-97a0-e567b8ad0389,CUST000460,Beauty & Personal Care,1,1770.2,1770.2,cash_on_delivery,2026-03-25T17:16:50.937905
4de2041c-2244-42c5-afb3-1083afc9acd1,CUST000120,Sports & Outdoors,3,706.82,2120.46,cash_on_delivery,2026-02-19T09:49:27.763059
1fe61208-1276-46dc-9350-5dc0049951c3,CUST000620,Fashion,1,840.56,840.56,wallet,2026-03-23T09:32:13.442972
eadbec60-3141-47c6-9ce5-89ef7d889d7d,CUST000397,Sports & Outdoors,2,1870.74,3741.48,debit_card,2026-04-18T22:51:08.526524
ab468117-930d-4aa0-ac47-c7412fbb7750,CUST000697,Home & Kitchen,5,364.91,1824.55,credit_card,2026-07-31T19:14:06.893814
c0d54dbf-765e-44f7-acd4-e9e3bb2c7dd3,CUST000551,Fashion,5,1740.11,8700.55,cash_on_delivery,2026-02-16T19:11:27.096351
17bf311c-0b48-41e4-a44a-4a78005c1fb0,CUST000442,Groceries,5,1875.58,9377.9,upi,2026-07-06T11:35:45.802630
69eeaafd-23c1-431a-9275-10f6be2d3cec,CUST000164,Beauty & Personal Care,2,368.65,737.3,debit_card,2026-05-25T16:46:42.621699
f17f76df-5f4d-4e1e-ade8-933ab8dd4e46,CUST000260,Home & Kitchen,5,619.01,3095.05,wallet,2026-04-20T20:51:04.321417
ff029840-2cf1-423b-8ab8-086913757f7d,CUST000228,Electronics,1,1908.39,1908.39,cash_on_delivery,2026-04-27T00:58:39.528344
82c01f18-2a43-4a43-8a64-28b0c71d9198,CUST000290,Books,4,1388.54,5554.16,debit_card,2026-06-06T21:10:13.283158
844cd256-eb9a-4865-bb04-b49c23356a2b,CUST000422,Home & Kitchen,5,931.99,4659.95,upi,2026-06-06T06:14:40.261736
502e78e6-2c41-49bf-bca2-93bfef3fc5b4,CUST000390,Books,4,607.66,2430.64,debit_card,2026-04-11T18:26:50.244859
d5dc2f55-4af5-4134-aff7-11e59bdb91d7,CUST000710,Toys,N/A,1974.89,1974.89,upi,2026-03-03T19:43:06.390865
16fc955c-ae85-424e-abee-af3554cc31bb,CUST000570,Books,3,835.09,2505.27,wallet,2026-03-10T08:26:55.249468
221c6608-ee89-49b5-9e80-7d4de907e874,CUST000724,Fashion,2,237.57,475.14,cash_on_delivery,2026-05-06T08:15:03.438770
4d891b3d-1738-4dfe-9f79-666b5d54bb64,CUST000040,Books,3,1323.16,3969.48,cash_on_delivery,2026-04-27T22:32:53.957978
31c20a6f-c3b2-4cf4-8a8b-28d872dcaad8,CUST000301,Electronics,2,910.45,1820.9,upi,2026-06-04T23:13:46.157276
905b58e3-cbc6-4181-b681-3834565f8b12,CUST000167,Sports & Outdoors,2,1514.94,3029.88,cash_on_delivery,2026-05-28T15:33:05.098980
489bb9e0-2c2d-493a-91c6-a91175758624,CUST000676,Books,1,1231.77,1231.77,debit_card,2026-04-12T19:16:25.645004
1de02233-5b61-4a59-b7f2-0076fdb8461d,CUST000428,Sports & Outdoors,3,715.88,2147.64,cash_on_delivery,2026-03-16T02:22:44.113624
67be75c2-c3e2-4b02-9ff6-5999801c26c5,CUST000065,Books,2,1211.67,2423.34,wallet,2026-07-14T23:01:55.513911
98022241-99f0-4d31-9d18-2d4bfe0d14ae,CUST000148,Groceries,2,1959.46,3918.92,debit_card,2026-06-27T06:56:04.399718
2427009f-dcfa-4518-8353-d7a0620039c1,CUST000111,Home & Kitchen,2,792.84,1585.68,credit_card,2026-04-19T13:48:17.625551
008f3354-a56e-4d62-b461-409e300cdbec,CUST000602,Toys,1,1334.74,1334.74,upi,2026-03-23T09:09:10.113507
e10ca276-1bc2-4125-9abf-24025447b537,CUST000241,Groceries,5,239.43,1197.15,credit_card,2026-03-01T20:18:57.666578
93e279f7-9d60-4697-b96d-39478ba3e037,CUST000211,Books,2,709.59,1419.18,cash_on_delivery,2026-03-31T03:56:48.130604
17535a1f-6e4f-4c65-9da3-bf25047bb0bd,CUST000029,Groceries,2,545.35,1090.7,credit_card,2026-08-03T23:57:41.282485
e063dc7f-ee7d-4df4-9c1c-479cfcce2eb3,CUST000062,Beauty & Personal Care,1,1504.84,1504.84,wallet,2026-05-17T20:10:28.108470
fa730e71-8c46-4a31-a7ed-e4ced582b038,CUST000544,Home & Kitchen,5,554.54,2772.7,cash_on_delivery,2026-05-07T09:48:41.857387
ce76efc8-eaef-45ea-b51d-05979e1aad97,CUST000471,Sports & Outdoors,1,1574.11,1574.11,wallet,2026-04-12T16:37:08.448664
12b0f23b-60de-4399-ab4b-54d40469943d,CUST000646,Fashion,1,1623.94,1623.94,cash_on_delivery,2026-07-01T23:06:53.966154
d761a4bf-2183-48cb-a560-18e9db062449,CUST000098,Electronics,1,646.92,646.92,upi,2026-05-26T02:37:49.500214
ff1e5a46-03d9-426e-a8a1-50cdd4199523,CUST000422,Books,3,1653.18,4959.54,wallet,2026-03-24T04:18:57.671603
d4488ae1-7759-421b-a4b8-6b7b547b675b,CUST000175,Electronics,5,1122.12,5610.6,credit_card,2026-06-03T13:37:44.900664
3be1bad7-72cb-44b5-89bd-2eebf58552d8,CUST000740,Groceries,5,951.5,4757.5,wallet,2026-04-10T12:02:32.397663
7e4c7928-d8e9-498a-adae-b7c41e44e404,CUST000775,Electronics,5,1914.8,9574.0,debit_card,2026-06-09T05:25:18.311575
faa070a8-8caf-4a8a-9fdc-50cb44a81e12,CUST000291,Beauty & Personal Care,5,572.99,2864.95,upi,2026-05-24T09:43:38.681155
f6628b68-c449-49d5-877e-f76eaa0e6662,CUST000691,Electronics,4,1871.4,7485.6,credit_card,2026-03-27T19:14:48.478882
65887d28-ed6d-4e8f-a790-221bd9ef3682,CUST000189,Toys,2,384.32,768.64,wallet,2026-03-06T20:36:21.217413
1507a00a-d1b0-4f2b-96d8-23650677f95e,CUST000708,Books,3,1089.57,3268.71,wallet,2026-03-14T02:42:31.383612
211bb4e1-9d2e-46b7-870a-9f06bc642e04,CUST000440,Books,1,1101.34,1101.34,cash_on_delivery,2026-05-28T16:23:15.103590
e082af5f-db86-441f-a4f2-d108e940088f,CUST000771,Home & Kitchen,3,1445.38,4336.14,cash_on_delivery,2026-02-24T04:20:29.795366
ef8dfc27-1c61-4dca-904c-4adc136d3599,CUST000287,Fashion,2,1783.14,3566.28,upi,2026-07-09T22:56:22.087162
cfcb851e-5d6b-496f-90a6-4eeeb4b6bfca,CUST000479,Groceries,4,1505.06,6020.24,upi,2026-06-14T03:35:09.406309
c6a946ab-bb5b-4c2c-b93b-fb789c76caa8,CUST000247,Toys,2,1221.17,2442.34,debit_card,2026-05-16T09:48:45.622367
8fc78c83-f966-446d-a34f-3da78da9b93a,CUST000495,Beauty & Personal Care,5,1977.07,9885.35,upi,2026-07-15T15:04:24.909689
3a93e463-1d06-4433-be1d-2a233269f6f1,CUST000112,Sports & Outdoors,4,279.02,1116.08,debit_card,2026-06-15T16:58:26.952659
a6631c25-a0d9-4bd7-bec8-5324d2a2a5be,,Beauty & Personal Care,5,1069.15,5345.75,cash_on_delivery,2026-05-04T00:26:43.393526
4edfc0e1-d796-4027-8c23-b69bc85cf01f,CUST000399,Books,1,1769.66,1769.66,credit_card,2026-06-28T14:36:24.653369
8241447a-a76e-4345-885a-5f3fe5d75c41,CUST000212,Books,1,1878.15,1878.15,debit_card,2026-08-09T06:22:22.499181
b9623d32-5c23-43ab-9650-8d764b90bb8e,CUST000204,Toys,4,893.66,3574.64,cash_on_delivery,2026-02-26T20:32:44.971615
944c08c8-3324-4886-ad8c-4ef8437d93d6,CUST000763,Toys,4,874.94,3499.76,debit_card,2026-05-07T02:44:07.755944
0db93cb3-fa1a-4f70-8fce-48953f36c391,CUST000197,Beauty & Personal Care,1,78.89,78.89,wallet,2026-07-03T04:42:14.401307
934bee2e-e728-4781-bc1a-6a143d648ef9,CUST000485,Books,5,1858.45,9292.25,wallet,2026-03-01T11:36:22.539345
20d572ce-771d-46a8-b996-ba5e8edbb570,CUST000619,Home & Kitchen,1,594.76,594.76,debit_card,2026-05-23T10:00:39.535822
0a032cea-7ce2-47b1-b66e-3c6c6843a5ce,CUST000471,Fashion,3,1466.88,4400.64,debit_card,2026-04-24T21:27:49.520407
c9b8b42b-b80c-4b53-8bb5-1045739563d1,CUST000216,Electronics,3,1514.26,4542.78,debit_card,2026-03-09T17:05:25.354285
097d359f-5305-4993-8cfc-ab93d9545831,CUST000224,,1,507.53,507.53,credit_card,2026-04-17T11:30:09.637571
cde59eb2-554d-430d-ab3e-2feac7915e06,CUST000508,Home & Kitchen,2,1854.26,3708.52,debit_card,2026-04-23T10:33:21.899992
9c6b12d2-57a3-4223-8481-361065c27de6,CUST000399,Sports & Outdoors,2,140.57,281.14,upi,2026-07-06T22:30:41.343498
a52ef2ef-98b8-45d7-b51f-d993442c1f42,CUST000698,Sports & Outdoors,3,135.5,406.5,wallet,2026-07-21T08:31:47.831432
2494ccd1-05e3-4dc4-99f0-401941bb4266,CUST000786,Fashion,3,1895.84,5687.52,debit_card,2026-06-11T12:03:56.611746
46f38e9b-3ef8-44ee-89bb-040834a4cb85,CUST000779,Fashion,2,1154.68,2309.36,cash_on_delivery,2026-06-29T22:16:24.440945
67a5d988-fc9e-4248-99c1-52036052cdbf,CUST000490,Fashion,5,341.24,1706.2,wallet,2026-07-15T21:47:35.146066
d6c1f242-e49f-4369-9d24-b15472ee7c6e,CUST000561,Electronics,2,1867.46,3734.92,debit_card,2026-04-17T05:51:45.818535
693df299-39e6-41b7-a774-5db149179aa1,CUST000619,Beauty & Personal Care,4,1777.87,7111.48,upi,2026-05-16T07:46:37.832597
22dd7d49-ff33-4bd7-bb70-6fd6583d57a1,CUST000020,Sports & Outdoors,3,525.77,1577.31,wallet,2026-05-01T01:26:15.171032
f068c273-cccd-4cdc-b0e6-e13eda6875cc,CUST000411,Toys,4,64.33,257.32,debit_card,2026-04-18T07:37:09.173283
5ffd249f-f774-4875-abfe-2096c0f7b299,CUST000590,Toys,4,429.84,1719.36,upi,2026-02-21T10:45:02.107310
4d4b0dce-f0e1-41dc-a8ac-5f5637d76daa,CUST000752,Home & Kitchen,5,1132.79,5663.95,credit_card,2026-06-04T02:08:17.253779
8e05df5e-89ff-4e05-af82-879ce81b3e85,CUST000085,Toys,5,398.81,1994.05,wallet,2026-05-19T12:44:30.571840
43e22c08-0ff5-48c3-af25-c9bcd75c5458,CUST000640,Fashion,5,1119.05,5595.25,cash_on_delivery,2026-02-13T16:42:19.900372
e433a837-b42c-4f50-a9b3-61c11b5801b8,CUST000382,Home & Kitchen,2,679.23,1358.46,wallet,2026-03-12T17:13:03.463918
ce41d653-161e-4ab7-a9cf-c1024eaca218,CUST000465,Toys,2,1779.07,3558.14,wallet,2026-04-12T17:09:34.959211
77571e9b-19be-4b8e-9d0c-c7a4210f2782,CUST000376,Beauty & Personal Care,4,927.5,3710.0,debit_card,2026-06-14T06:12:25.257624
e8274650-d808-45c7-86cb-d94fb58856ca,CUST000742,Fashion,1,934.04,934.04,upi,2026-02-17T21:13:33.816311
97f65ccb-bdc3-4ba1-b895-f1a4cb332a58,CUST000013,Home & Kitchen,3,1625.61,4876.83,cash_on_delivery,2026-04-06T15:55:20.836751
f1b6b3e7-dfbe-4304-9dde-52a94eb98404,CUST000790,Books,4,123.7,494.8,cash_on_delivery,2026-02-13T15:27:13.917600
bfab2ae4-b635-49c8-be0f-fe146770de55,CUST000339,Sports & Outdoors,3,524.82,1574.46,cash_on_delivery,2026-07-28T23:36:44.773741
1c749a41-7f29-4d1e-8ac9-f4db8c51521d,CUST000200,Groceries,3,652.81,1958.43,upi,2026-02-13T10:14:48.818701
4860377f-7b43-4fa4-82e1-20609b62c577,CUST000201,Beauty & Personal Care,2,1211.3,2422.6,debit_card,2026-02-17T12:10:55.600729
59ea97f0-ed3e-4a1b-a586-ce7cab2277dd,CUST000615,Electronics,5,493.2,2466.0,upi,2026-06-13T23:22:03.818347
